aquifer_idx,Study_area,lat_idx,lon_idx,lat,lon
0,Central Parana Basin and Torres Syncline (Guarani Aquifer System),109,254,-30.25,-52.75
0,Central Parana Basin and Torres Syncline (Guarani Aquifer System),109,255,-30.25,-52.25
0,Central Parana Basin and Torres Syncline (Guarani Aquifer System),110,251,-29.75,-54.25
0,Central Parana Basin and Torres Syncline (Guarani Aquifer System),110,252,-29.75,-53.75
0,Central Parana Basin and Torres Syncline (Guarani Aquifer System),110,253,-29.75,-53.25
0,Central Parana Basin and Torres Syncline (Guarani Aquifer System),110,254,-29.75,-52.75
0,Central Parana Basin and Torres Syncline (Guarani Aquifer System),110,255,-29.75,-52.25
0,Central Parana Basin and Torres Syncline (Guarani Aquifer System),110,256,-29.75,-51.75
0,Central Parana Basin and Torres Syncline (Guarani Aquifer System),110,257,-29.75,-51.25
0,Central Parana Basin and Torres Syncline (Guarani Aquifer System),110,258,-29.75,-50.75
0,Central Parana Basin and Torres Syncline (Guarani Aquifer System),110,259,-29.75,-50.25
0,Central Parana Basin and Torres Syncline (Guarani Aquifer System),111,250,-29.25,-54.75
0,Central Parana Basin and Torres Syncline (Guarani Aquifer System),111,251,-29.25,-54.25
0,Central Parana Basin and Torres Syncline (Guarani Aquifer System),111,252,-29.25,-53.75
0,Central Parana Basin and Torres Syncline (Guarani Aquifer System),111,253,-29.25,-53.25
0,Central Parana Basin and Torres Syncline (Guarani Aquifer System),111,254,-29.25,-52.75
0,Central Parana Basin and Torres Syncline (Guarani Aquifer System),111,255,-29.25,-52.25
0,Central Parana Basin and Torres Syncline (Guarani Aquifer System),111,256,-29.25,-51.75
0,Central Parana Basin and Torres Syncline (Guarani Aquifer System),111,257,-29.25,-51.25
0,Central Parana Basin and Torres Syncline (Guarani Aquifer System),111,258,-29.25,-50.75
0,Central Parana Basin and Torres Syncline (Guarani Aquifer System),111,259,-29.25,-50.25
0,Central Parana Basin and Torres Syncline (Guarani Aquifer System),112,249,-28.75,-55.25
0,Central Parana Basin and Torres Syncline (Guarani Aquifer System),112,250,-28.75,-54.75
0,Central Parana Basin and Torres Syncline (Guarani Aquifer System),112,251,-28.75,-54.25
0,Central Parana Basin and Torres Syncline (Guarani Aquifer System),112,252,-28.75,-53.75
0,Central Parana Basin and Torres Syncline (Guarani Aquifer System),112,253,-28.75,-53.25
0,Central Parana Basin and Torres Syncline (Guarani Aquifer System),112,254,-28.75,-52.75
0,Central Parana Basin and Torres Syncline (Guarani Aquifer System),112,255,-28.75,-52.25
0,Central Parana Basin and Torres Syncline (Guarani Aquifer System),112,256,-28.75,-51.75
0,Central Parana Basin and Torres Syncline (Guarani Aquifer System),112,257,-28.75,-51.25
0,Central Parana Basin and Torres Syncline (Guarani Aquifer System),112,258,-28.75,-50.75
0,Central Parana Basin and Torres Syncline (Guarani Aquifer System),112,259,-28.75,-50.25
0,Central Parana Basin and Torres Syncline (Guarani Aquifer System),113,248,-28.25,-55.75
0,Central Parana Basin and Torres Syncline (Guarani Aquifer System),113,249,-28.25,-55.25
0,Central Parana Basin and Torres Syncline (Guarani Aquifer System),113,250,-28.25,-54.75
0,Central Parana Basin and Torres Syncline (Guarani Aquifer System),113,251,-28.25,-54.25
0,Central Parana Basin and Torres Syncline (Guarani Aquifer System),113,252,-28.25,-53.75
0,Central Parana Basin and Torres Syncline (Guarani Aquifer System),113,253,-28.25,-53.25
0,Central Parana Basin and Torres Syncline (Guarani Aquifer System),113,254,-28.25,-52.75
0,Central Parana Basin and Torres Syncline (Guarani Aquifer System),113,255,-28.25,-52.25
0,Central Parana Basin and Torres Syncline (Guarani Aquifer System),113,256,-28.25,-51.75
0,Central Parana Basin and Torres Syncline (Guarani Aquifer System),113,257,-28.25,-51.25
0,Central Parana Basin and Torres Syncline (Guarani Aquifer System),113,258,-28.25,-50.75
0,Central Parana Basin and Torres Syncline (Guarani Aquifer System),113,259,-28.25,-50.25
0,Central Parana Basin and Torres Syncline (Guarani Aquifer System),113,260,-28.25,-49.75
0,Central Parana Basin and Torres Syncline (Guarani Aquifer System),114,248,-27.75,-55.75
0,Central Parana Basin and Torres Syncline (Guarani Aquifer System),114,249,-27.75,-55.25
0,Central Parana Basin and Torres Syncline (Guarani Aquifer System),114,250,-27.75,-54.75
0,Central Parana Basin and Torres Syncline (Guarani Aquifer System),114,251,-27.75,-54.25
0,Central Parana Basin and Torres Syncline (Guarani Aquifer System),114,252,-27.75,-53.75
0,Central Parana Basin and Torres Syncline (Guarani Aquifer System),114,253,-27.75,-53.25
0,Central Parana Basin and Torres Syncline (Guarani Aquifer System),114,254,-27.75,-52.75
0,Central Parana Basin and Torres Syncline (Guarani Aquifer System),114,255,-27.75,-52.25
0,Central Parana Basin and Torres Syncline (Guarani Aquifer System),114,256,-27.75,-51.75
0,Central Parana Basin and Torres Syncline (Guarani Aquifer System),114,257,-27.75,-51.25
0,Central Parana Basin and Torres Syncline (Guarani Aquifer System),114,258,-27.75,-50.75
0,Central Parana Basin and Torres Syncline (Guarani Aquifer System),115,248,-27.25,-55.75
0,Central Parana Basin and Torres Syncline (Guarani Aquifer System),115,249,-27.25,-55.25
0,Central Parana Basin and Torres Syncline (Guarani Aquifer System),115,250,-27.25,-54.75
0,Central Parana Basin and Torres Syncline (Guarani Aquifer System),115,251,-27.25,-54.25
0,Central Parana Basin and Torres Syncline (Guarani Aquifer System),115,252,-27.25,-53.75
0,Central Parana Basin and Torres Syncline (Guarani Aquifer System),115,253,-27.25,-53.25
0,Central Parana Basin and Torres Syncline (Guarani Aquifer System),115,254,-27.25,-52.75
0,Central Parana Basin and Torres Syncline (Guarani Aquifer System),115,255,-27.25,-52.25
0,Central Parana Basin and Torres Syncline (Guarani Aquifer System),115,256,-27.25,-51.75
0,Central Parana Basin and Torres Syncline (Guarani Aquifer System),115,257,-27.25,-51.25
0,Central Parana Basin and Torres Syncline (Guarani Aquifer System),115,258,-27.25,-50.75
0,Central Parana Basin and Torres Syncline (Guarani Aquifer System),116,248,-26.75,-55.75
0,Central Parana Basin and Torres Syncline (Guarani Aquifer System),116,249,-26.75,-55.25
0,Central Parana Basin and Torres Syncline (Guarani Aquifer System),116,250,-26.75,-54.75
0,Central Parana Basin and Torres Syncline (Guarani Aquifer System),116,251,-26.75,-54.25
0,Central Parana Basin and Torres Syncline (Guarani Aquifer System),116,252,-26.75,-53.75
0,Central Parana Basin and Torres Syncline (Guarani Aquifer System),116,253,-26.75,-53.25
0,Central Parana Basin and Torres Syncline (Guarani Aquifer System),116,254,-26.75,-52.75
0,Central Parana Basin and Torres Syncline (Guarani Aquifer System),116,255,-26.75,-52.25
0,Central Parana Basin and Torres Syncline (Guarani Aquifer System),116,256,-26.75,-51.75
0,Central Parana Basin and Torres Syncline (Guarani Aquifer System),116,257,-26.75,-51.25
0,Central Parana Basin and Torres Syncline (Guarani Aquifer System),116,258,-26.75,-50.75
0,Central Parana Basin and Torres Syncline (Guarani Aquifer System),117,248,-26.25,-55.75
0,Central Parana Basin and Torres Syncline (Guarani Aquifer System),117,249,-26.25,-55.25
0,Central Parana Basin and Torres Syncline (Guarani Aquifer System),117,250,-26.25,-54.75
0,Central Parana Basin and Torres Syncline (Guarani Aquifer System),117,251,-26.25,-54.25
0,Central Parana Basin and Torres Syncline (Guarani Aquifer System),117,252,-26.25,-53.75
0,Central Parana Basin and Torres Syncline (Guarani Aquifer System),117,253,-26.25,-53.25
0,Central Parana Basin and Torres Syncline (Guarani Aquifer System),117,254,-26.25,-52.75
0,Central Parana Basin and Torres Syncline (Guarani Aquifer System),117,255,-26.25,-52.25
0,Central Parana Basin and Torres Syncline (Guarani Aquifer System),117,256,-26.25,-51.75
0,Central Parana Basin and Torres Syncline (Guarani Aquifer System),117,257,-26.25,-51.25
0,Central Parana Basin and Torres Syncline (Guarani Aquifer System),118,248,-25.75,-55.75
0,Central Parana Basin and Torres Syncline (Guarani Aquifer System),118,249,-25.75,-55.25
0,Central Parana Basin and Torres Syncline (Guarani Aquifer System),118,250,-25.75,-54.75
0,Central Parana Basin and Torres Syncline (Guarani Aquifer System),118,251,-25.75,-54.25
0,Central Parana Basin and Torres Syncline (Guarani Aquifer System),118,252,-25.75,-53.75
0,Central Parana Basin and Torres Syncline (Guarani Aquifer System),118,253,-25.75,-53.25
0,Central Parana Basin and Torres Syncline (Guarani Aquifer System),118,254,-25.75,-52.75
0,Central Parana Basin and Torres Syncline (Guarani Aquifer System),118,255,-25.75,-52.25
0,Central Parana Basin and Torres Syncline (Guarani Aquifer System),118,256,-25.75,-51.75
0,Central Parana Basin and Torres Syncline (Guarani Aquifer System),118,257,-25.75,-51.25
0,Central Parana Basin and Torres Syncline (Guarani Aquifer System),119,248,-25.25,-55.75
0,Central Parana Basin and Torres Syncline (Guarani Aquifer System),119,249,-25.25,-55.25
0,Central Parana Basin and Torres Syncline (Guarani Aquifer System),119,250,-25.25,-54.75
0,Central Parana Basin and Torres Syncline (Guarani Aquifer System),119,251,-25.25,-54.25
0,Central Parana Basin and Torres Syncline (Guarani Aquifer System),119,252,-25.25,-53.75
0,Central Parana Basin and Torres Syncline (Guarani Aquifer System),119,253,-25.25,-53.25
0,Central Parana Basin and Torres Syncline (Guarani Aquifer System),119,254,-25.25,-52.75
0,Central Parana Basin and Torres Syncline (Guarani Aquifer System),119,255,-25.25,-52.25
0,Central Parana Basin and Torres Syncline (Guarani Aquifer System),119,256,-25.25,-51.75
0,Central Parana Basin and Torres Syncline (Guarani Aquifer System),119,257,-25.25,-51.25
0,Central Parana Basin and Torres Syncline (Guarani Aquifer System),120,248,-24.75,-55.75
0,Central Parana Basin and Torres Syncline (Guarani Aquifer System),120,249,-24.75,-55.25
0,Central Parana Basin and Torres Syncline (Guarani Aquifer System),120,250,-24.75,-54.75
0,Central Parana Basin and Torres Syncline (Guarani Aquifer System),120,251,-24.75,-54.25
0,Central Parana Basin and Torres Syncline (Guarani Aquifer System),120,252,-24.75,-53.75
0,Central Parana Basin and Torres Syncline (Guarani Aquifer System),120,253,-24.75,-53.25
0,Central Parana Basin and Torres Syncline (Guarani Aquifer System),120,254,-24.75,-52.75
0,Central Parana Basin and Torres Syncline (Guarani Aquifer System),120,255,-24.75,-52.25
0,Central Parana Basin and Torres Syncline (Guarani Aquifer System),120,256,-24.75,-51.75
0,Central Parana Basin and Torres Syncline (Guarani Aquifer System),121,247,-24.25,-56.25
0,Central Parana Basin and Torres Syncline (Guarani Aquifer System),121,248,-24.25,-55.75
0,Central Parana Basin and Torres Syncline (Guarani Aquifer System),121,249,-24.25,-55.25
0,Central Parana Basin and Torres Syncline (Guarani Aquifer System),121,250,-24.25,-54.75
0,Central Parana Basin and Torres Syncline (Guarani Aquifer System),121,251,-24.25,-54.25
0,Central Parana Basin and Torres Syncline (Guarani Aquifer System),121,252,-24.25,-53.75
0,Central Parana Basin and Torres Syncline (Guarani Aquifer System),121,253,-24.25,-53.25
0,Central Parana Basin and Torres Syncline (Guarani Aquifer System),121,254,-24.25,-52.75
0,Central Parana Basin and Torres Syncline (Guarani Aquifer System),121,255,-24.25,-52.25
0,Central Parana Basin and Torres Syncline (Guarani Aquifer System),121,256,-24.25,-51.75
0,Central Parana Basin and Torres Syncline (Guarani Aquifer System),122,247,-23.75,-56.25
0,Central Parana Basin and Torres Syncline (Guarani Aquifer System),122,248,-23.75,-55.75
0,Central Parana Basin and Torres Syncline (Guarani Aquifer System),122,249,-23.75,-55.25
0,Central Parana Basin and Torres Syncline (Guarani Aquifer System),122,250,-23.75,-54.75
0,Central Parana Basin and Torres Syncline (Guarani Aquifer System),122,251,-23.75,-54.25
0,Central Parana Basin and Torres Syncline (Guarani Aquifer System),122,252,-23.75,-53.75
0,Central Parana Basin and Torres Syncline (Guarani Aquifer System),122,253,-23.75,-53.25
0,Central Parana Basin and Torres Syncline (Guarani Aquifer System),122,254,-23.75,-52.75
0,Central Parana Basin and Torres Syncline (Guarani Aquifer System),122,255,-23.75,-52.25
0,Central Parana Basin and Torres Syncline (Guarani Aquifer System),122,256,-23.75,-51.75
0,Central Parana Basin and Torres Syncline (Guarani Aquifer System),122,257,-23.75,-51.25
0,Central Parana Basin and Torres Syncline (Guarani Aquifer System),123,247,-23.25,-56.25
0,Central Parana Basin and Torres Syncline (Guarani Aquifer System),123,248,-23.25,-55.75
0,Central Parana Basin and Torres Syncline (Guarani Aquifer System),123,249,-23.25,-55.25
0,Central Parana Basin and Torres Syncline (Guarani Aquifer System),123,250,-23.25,-54.75
0,Central Parana Basin and Torres Syncline (Guarani Aquifer System),123,251,-23.25,-54.25
0,Central Parana Basin and Torres Syncline (Guarani Aquifer System),123,252,-23.25,-53.75
0,Central Parana Basin and Torres Syncline (Guarani Aquifer System),123,253,-23.25,-53.25
0,Central Parana Basin and Torres Syncline (Guarani Aquifer System),123,254,-23.25,-52.75
0,Central Parana Basin and Torres Syncline (Guarani Aquifer System),123,255,-23.25,-52.25
0,Central Parana Basin and Torres Syncline (Guarani Aquifer System),123,256,-23.25,-51.75
0,Central Parana Basin and Torres Syncline (Guarani Aquifer System),123,257,-23.25,-51.25
0,Central Parana Basin and Torres Syncline (Guarani Aquifer System),123,258,-23.25,-50.75
0,Central Parana Basin and Torres Syncline (Guarani Aquifer System),123,259,-23.25,-50.25
0,Central Parana Basin and Torres Syncline (Guarani Aquifer System),124,248,-22.75,-55.75
0,Central Parana Basin and Torres Syncline (Guarani Aquifer System),124,249,-22.75,-55.25
0,Central Parana Basin and Torres Syncline (Guarani Aquifer System),124,250,-22.75,-54.75
0,Central Parana Basin and Torres Syncline (Guarani Aquifer System),124,251,-22.75,-54.25
0,Central Parana Basin and Torres Syncline (Guarani Aquifer System),124,252,-22.75,-53.75
0,Central Parana Basin and Torres Syncline (Guarani Aquifer System),124,253,-22.75,-53.25
0,Central Parana Basin and Torres Syncline (Guarani Aquifer System),124,254,-22.75,-52.75
0,Central Parana Basin and Torres Syncline (Guarani Aquifer System),124,255,-22.75,-52.25
0,Central Parana Basin and Torres Syncline (Guarani Aquifer System),124,256,-22.75,-51.75
0,Central Parana Basin and Torres Syncline (Guarani Aquifer System),124,257,-22.75,-51.25
0,Central Parana Basin and Torres Syncline (Guarani Aquifer System),125,248,-22.25,-55.75
0,Central Parana Basin and Torres Syncline (Guarani Aquifer System),125,249,-22.25,-55.25
0,Central Parana Basin and Torres Syncline (Guarani Aquifer System),125,250,-22.25,-54.75
0,Central Parana Basin and Torres Syncline (Guarani Aquifer System),125,251,-22.25,-54.25
0,Central Parana Basin and Torres Syncline (Guarani Aquifer System),125,252,-22.25,-53.75
0,Central Parana Basin and Torres Syncline (Guarani Aquifer System),125,253,-22.25,-53.25
0,Central Parana Basin and Torres Syncline (Guarani Aquifer System),125,254,-22.25,-52.75
0,Central Parana Basin and Torres Syncline (Guarani Aquifer System),126,248,-21.75,-55.75
0,Central Parana Basin and Torres Syncline (Guarani Aquifer System),126,249,-21.75,-55.25
0,Central Parana Basin and Torres Syncline (Guarani Aquifer System),126,250,-21.75,-54.75
0,Central Parana Basin and Torres Syncline (Guarani Aquifer System),126,251,-21.75,-54.25
0,Central Parana Basin and Torres Syncline (Guarani Aquifer System),126,252,-21.75,-53.75
0,Central Parana Basin and Torres Syncline (Guarani Aquifer System),126,253,-21.75,-53.25
0,Central Parana Basin and Torres Syncline (Guarani Aquifer System),126,254,-21.75,-52.75
0,Central Parana Basin and Torres Syncline (Guarani Aquifer System),126,255,-21.75,-52.25
0,Central Parana Basin and Torres Syncline (Guarani Aquifer System),127,248,-21.25,-55.75
0,Central Parana Basin and Torres Syncline (Guarani Aquifer System),127,249,-21.25,-55.25
0,Central Parana Basin and Torres Syncline (Guarani Aquifer System),127,250,-21.25,-54.75
0,Central Parana Basin and Torres Syncline (Guarani Aquifer System),128,249,-20.75,-55.25
0,Central Parana Basin and Torres Syncline (Guarani Aquifer System),128,250,-20.75,-54.75
1,Northern Guarani Aquifer (Guarani Aquifer System),123,261,-23.25,-49.25
1,Northern Guarani Aquifer (Guarani Aquifer System),124,258,-22.75,-50.75
1,Northern Guarani Aquifer (Guarani Aquifer System),124,259,-22.75,-50.25
1,Northern Guarani Aquifer (Guarani Aquifer System),124,260,-22.75,-49.75
1,Northern Guarani Aquifer (Guarani Aquifer System),124,261,-22.75,-49.25
1,Northern Guarani Aquifer (Guarani Aquifer System),124,262,-22.75,-48.75
1,Northern Guarani Aquifer (Guarani Aquifer System),124,263,-22.75,-48.25
1,Northern Guarani Aquifer (Guarani Aquifer System),124,264,-22.75,-47.75
1,Northern Guarani Aquifer (Guarani Aquifer System),125,255,-22.25,-52.25
1,Northern Guarani Aquifer (Guarani Aquifer System),125,256,-22.25,-51.75
1,Northern Guarani Aquifer (Guarani Aquifer System),125,257,-22.25,-51.25
1,Northern Guarani Aquifer (Guarani Aquifer System),125,258,-22.25,-50.75
1,Northern Guarani Aquifer (Guarani Aquifer System),125,259,-22.25,-50.25
1,Northern Guarani Aquifer (Guarani Aquifer System),125,260,-22.25,-49.75
1,Northern Guarani Aquifer (Guarani Aquifer System),125,261,-22.25,-49.25
1,Northern Guarani Aquifer (Guarani Aquifer System),125,262,-22.25,-48.75
1,Northern Guarani Aquifer (Guarani Aquifer System),125,263,-22.25,-48.25
1,Northern Guarani Aquifer (Guarani Aquifer System),125,264,-22.25,-47.75
1,Northern Guarani Aquifer (Guarani Aquifer System),126,256,-21.75,-51.75
1,Northern Guarani Aquifer (Guarani Aquifer System),126,257,-21.75,-51.25
1,Northern Guarani Aquifer (Guarani Aquifer System),126,258,-21.75,-50.75
1,Northern Guarani Aquifer (Guarani Aquifer System),126,259,-21.75,-50.25
1,Northern Guarani Aquifer (Guarani Aquifer System),126,260,-21.75,-49.75
1,Northern Guarani Aquifer (Guarani Aquifer System),126,261,-21.75,-49.25
1,Northern Guarani Aquifer (Guarani Aquifer System),126,262,-21.75,-48.75
1,Northern Guarani Aquifer (Guarani Aquifer System),126,263,-21.75,-48.25
1,Northern Guarani Aquifer (Guarani Aquifer System),126,264,-21.75,-47.75
1,Northern Guarani Aquifer (Guarani Aquifer System),126,265,-21.75,-47.25
1,Northern Guarani Aquifer (Guarani Aquifer System),127,251,-21.25,-54.25
1,Northern Guarani Aquifer (Guarani Aquifer System),127,252,-21.25,-53.75
1,Northern Guarani Aquifer (Guarani Aquifer System),127,253,-21.25,-53.25
1,Northern Guarani Aquifer (Guarani Aquifer System),127,254,-21.25,-52.75
1,Northern Guarani Aquifer (Guarani Aquifer System),127,255,-21.25,-52.25
1,Northern Guarani Aquifer (Guarani Aquifer System),127,256,-21.25,-51.75
1,Northern Guarani Aquifer (Guarani Aquifer System),127,257,-21.25,-51.25
1,Northern Guarani Aquifer (Guarani Aquifer System),127,258,-21.25,-50.75
1,Northern Guarani Aquifer (Guarani Aquifer System),127,259,-21.25,-50.25
1,Northern Guarani Aquifer (Guarani Aquifer System),127,260,-21.25,-49.75
1,Northern Guarani Aquifer (Guarani Aquifer System),127,261,-21.25,-49.25
1,Northern Guarani Aquifer (Guarani Aquifer System),127,262,-21.25,-48.75
1,Northern Guarani Aquifer (Guarani Aquifer System),127,263,-21.25,-48.25
1,Northern Guarani Aquifer (Guarani Aquifer System),127,264,-21.25,-47.75
1,Northern Guarani Aquifer (Guarani Aquifer System),127,265,-21.25,-47.25
1,Northern Guarani Aquifer (Guarani Aquifer System),128,251,-20.75,-54.25
1,Northern Guarani Aquifer (Guarani Aquifer System),128,252,-20.75,-53.75
1,Northern Guarani Aquifer (Guarani Aquifer System),128,253,-20.75,-53.25
1,Northern Guarani Aquifer (Guarani Aquifer System),128,254,-20.75,-52.75
1,Northern Guarani Aquifer (Guarani Aquifer System),128,255,-20.75,-52.25
1,Northern Guarani Aquifer (Guarani Aquifer System),128,256,-20.75,-51.75
1,Northern Guarani Aquifer (Guarani Aquifer System),128,257,-20.75,-51.25
1,Northern Guarani Aquifer (Guarani Aquifer System),128,258,-20.75,-50.75
1,Northern Guarani Aquifer (Guarani Aquifer System),128,259,-20.75,-50.25
1,Northern Guarani Aquifer (Guarani Aquifer System),128,260,-20.75,-49.75
1,Northern Guarani Aquifer (Guarani Aquifer System),128,261,-20.75,-49.25
1,Northern Guarani Aquifer (Guarani Aquifer System),128,262,-20.75,-48.75
1,Northern Guarani Aquifer (Guarani Aquifer System),128,263,-20.75,-48.25
1,Northern Guarani Aquifer (Guarani Aquifer System),128,264,-20.75,-47.75
1,Northern Guarani Aquifer (Guarani Aquifer System),128,265,-20.75,-47.25
1,Northern Guarani Aquifer (Guarani Aquifer System),129,250,-20.25,-54.75
1,Northern Guarani Aquifer (Guarani Aquifer System),129,251,-20.25,-54.25
1,Northern Guarani Aquifer (Guarani Aquifer System),129,252,-20.25,-53.75
1,Northern Guarani Aquifer (Guarani Aquifer System),129,253,-20.25,-53.25
1,Northern Guarani Aquifer (Guarani Aquifer System),129,254,-20.25,-52.75
1,Northern Guarani Aquifer (Guarani Aquifer System),129,255,-20.25,-52.25
1,Northern Guarani Aquifer (Guarani Aquifer System),129,256,-20.25,-51.75
1,Northern Guarani Aquifer (Guarani Aquifer System),129,257,-20.25,-51.25
1,Northern Guarani Aquifer (Guarani Aquifer System),129,258,-20.25,-50.75
1,Northern Guarani Aquifer (Guarani Aquifer System),129,259,-20.25,-50.25
1,Northern Guarani Aquifer (Guarani Aquifer System),129,260,-20.25,-49.75
1,Northern Guarani Aquifer (Guarani Aquifer System),129,261,-20.25,-49.25
1,Northern Guarani Aquifer (Guarani Aquifer System),129,262,-20.25,-48.75
1,Northern Guarani Aquifer (Guarani Aquifer System),129,263,-20.25,-48.25
1,Northern Guarani Aquifer (Guarani Aquifer System),129,264,-20.25,-47.75
1,Northern Guarani Aquifer (Guarani Aquifer System),130,251,-19.75,-54.25
1,Northern Guarani Aquifer (Guarani Aquifer System),130,252,-19.75,-53.75
1,Northern Guarani Aquifer (Guarani Aquifer System),130,253,-19.75,-53.25
1,Northern Guarani Aquifer (Guarani Aquifer System),130,254,-19.75,-52.75
1,Northern Guarani Aquifer (Guarani Aquifer System),130,255,-19.75,-52.25
1,Northern Guarani Aquifer (Guarani Aquifer System),130,256,-19.75,-51.75
1,Northern Guarani Aquifer (Guarani Aquifer System),130,257,-19.75,-51.25
1,Northern Guarani Aquifer (Guarani Aquifer System),130,258,-19.75,-50.75
1,Northern Guarani Aquifer (Guarani Aquifer System),130,259,-19.75,-50.25
1,Northern Guarani Aquifer (Guarani Aquifer System),130,260,-19.75,-49.75
1,Northern Guarani Aquifer (Guarani Aquifer System),130,261,-19.75,-49.25
1,Northern Guarani Aquifer (Guarani Aquifer System),130,262,-19.75,-48.75
1,Northern Guarani Aquifer (Guarani Aquifer System),130,263,-19.75,-48.25
1,Northern Guarani Aquifer (Guarani Aquifer System),130,264,-19.75,-47.75
1,Northern Guarani Aquifer (Guarani Aquifer System),131,251,-19.25,-54.25
1,Northern Guarani Aquifer (Guarani Aquifer System),131,252,-19.25,-53.75
1,Northern Guarani Aquifer (Guarani Aquifer System),131,253,-19.25,-53.25
1,Northern Guarani Aquifer (Guarani Aquifer System),131,254,-19.25,-52.75
1,Northern Guarani Aquifer (Guarani Aquifer System),131,255,-19.25,-52.25
1,Northern Guarani Aquifer (Guarani Aquifer System),131,256,-19.25,-51.75
1,Northern Guarani Aquifer (Guarani Aquifer System),131,257,-19.25,-51.25
1,Northern Guarani Aquifer (Guarani Aquifer System),131,258,-19.25,-50.75
1,Northern Guarani Aquifer (Guarani Aquifer System),131,259,-19.25,-50.25
1,Northern Guarani Aquifer (Guarani Aquifer System),131,260,-19.25,-49.75
1,Northern Guarani Aquifer (Guarani Aquifer System),131,261,-19.25,-49.25
1,Northern Guarani Aquifer (Guarani Aquifer System),131,262,-19.25,-48.75
1,Northern Guarani Aquifer (Guarani Aquifer System),131,263,-19.25,-48.25
1,Northern Guarani Aquifer (Guarani Aquifer System),131,264,-19.25,-47.75
1,Northern Guarani Aquifer (Guarani Aquifer System),132,251,-18.75,-54.25
1,Northern Guarani Aquifer (Guarani Aquifer System),132,252,-18.75,-53.75
1,Northern Guarani Aquifer (Guarani Aquifer System),132,253,-18.75,-53.25
1,Northern Guarani Aquifer (Guarani Aquifer System),132,254,-18.75,-52.75
1,Northern Guarani Aquifer (Guarani Aquifer System),132,255,-18.75,-52.25
1,Northern Guarani Aquifer (Guarani Aquifer System),132,256,-18.75,-51.75
1,Northern Guarani Aquifer (Guarani Aquifer System),132,257,-18.75,-51.25
1,Northern Guarani Aquifer (Guarani Aquifer System),132,258,-18.75,-50.75
1,Northern Guarani Aquifer (Guarani Aquifer System),132,259,-18.75,-50.25
1,Northern Guarani Aquifer (Guarani Aquifer System),132,260,-18.75,-49.75
1,Northern Guarani Aquifer (Guarani Aquifer System),132,261,-18.75,-49.25
1,Northern Guarani Aquifer (Guarani Aquifer System),132,262,-18.75,-48.75
1,Northern Guarani Aquifer (Guarani Aquifer System),132,263,-18.75,-48.25
1,Northern Guarani Aquifer (Guarani Aquifer System),132,264,-18.75,-47.75
1,Northern Guarani Aquifer (Guarani Aquifer System),133,252,-18.25,-53.75
1,Northern Guarani Aquifer (Guarani Aquifer System),133,253,-18.25,-53.25
1,Northern Guarani Aquifer (Guarani Aquifer System),133,254,-18.25,-52.75
1,Northern Guarani Aquifer (Guarani Aquifer System),133,255,-18.25,-52.25
1,Northern Guarani Aquifer (Guarani Aquifer System),133,256,-18.25,-51.75
1,Northern Guarani Aquifer (Guarani Aquifer System),133,257,-18.25,-51.25
1,Northern Guarani Aquifer (Guarani Aquifer System),133,258,-18.25,-50.75
1,Northern Guarani Aquifer (Guarani Aquifer System),133,259,-18.25,-50.25
1,Northern Guarani Aquifer (Guarani Aquifer System),133,260,-18.25,-49.75
1,Northern Guarani Aquifer (Guarani Aquifer System),133,261,-18.25,-49.25
1,Northern Guarani Aquifer (Guarani Aquifer System),134,252,-17.75,-53.75
1,Northern Guarani Aquifer (Guarani Aquifer System),134,253,-17.75,-53.25
1,Northern Guarani Aquifer (Guarani Aquifer System),134,254,-17.75,-52.75
1,Northern Guarani Aquifer (Guarani Aquifer System),134,255,-17.75,-52.25
1,Northern Guarani Aquifer (Guarani Aquifer System),134,256,-17.75,-51.75
1,Northern Guarani Aquifer (Guarani Aquifer System),134,257,-17.75,-51.25
1,Northern Guarani Aquifer (Guarani Aquifer System),134,258,-17.75,-50.75
1,Northern Guarani Aquifer (Guarani Aquifer System),134,259,-17.75,-50.25
1,Northern Guarani Aquifer (Guarani Aquifer System),134,260,-17.75,-49.75
1,Northern Guarani Aquifer (Guarani Aquifer System),135,252,-17.25,-53.75
1,Northern Guarani Aquifer (Guarani Aquifer System),135,253,-17.25,-53.25
1,Northern Guarani Aquifer (Guarani Aquifer System),135,254,-17.25,-52.75
1,Northern Guarani Aquifer (Guarani Aquifer System),135,256,-17.25,-51.75
1,Northern Guarani Aquifer (Guarani Aquifer System),135,257,-17.25,-51.25
1,Northern Guarani Aquifer (Guarani Aquifer System),135,258,-17.25,-50.75
1,Northern Guarani Aquifer (Guarani Aquifer System),136,253,-16.75,-53.25
2,Southwestern Chaco-Lower Parana Basin (Guarani Aquifer System),105,246,-32.25,-56.75
2,Southwestern Chaco-Lower Parana Basin (Guarani Aquifer System),105,247,-32.25,-56.25
2,Southwestern Chaco-Lower Parana Basin (Guarani Aquifer System),106,244,-31.75,-57.75
2,Southwestern Chaco-Lower Parana Basin (Guarani Aquifer System),106,245,-31.75,-57.25
2,Southwestern Chaco-Lower Parana Basin (Guarani Aquifer System),106,246,-31.75,-56.75
2,Southwestern Chaco-Lower Parana Basin (Guarani Aquifer System),106,247,-31.75,-56.25
2,Southwestern Chaco-Lower Parana Basin (Guarani Aquifer System),106,248,-31.75,-55.75
2,Southwestern Chaco-Lower Parana Basin (Guarani Aquifer System),107,243,-31.25,-58.25
2,Southwestern Chaco-Lower Parana Basin (Guarani Aquifer System),107,244,-31.25,-57.75
2,Southwestern Chaco-Lower Parana Basin (Guarani Aquifer System),107,245,-31.25,-57.25
2,Southwestern Chaco-Lower Parana Basin (Guarani Aquifer System),107,246,-31.25,-56.75
2,Southwestern Chaco-Lower Parana Basin (Guarani Aquifer System),107,247,-31.25,-56.25
2,Southwestern Chaco-Lower Parana Basin (Guarani Aquifer System),107,248,-31.25,-55.75
2,Southwestern Chaco-Lower Parana Basin (Guarani Aquifer System),108,242,-30.75,-58.75
2,Southwestern Chaco-Lower Parana Basin (Guarani Aquifer System),108,243,-30.75,-58.25
2,Southwestern Chaco-Lower Parana Basin (Guarani Aquifer System),108,244,-30.75,-57.75
2,Southwestern Chaco-Lower Parana Basin (Guarani Aquifer System),108,245,-30.75,-57.25
2,Southwestern Chaco-Lower Parana Basin (Guarani Aquifer System),108,246,-30.75,-56.75
2,Southwestern Chaco-Lower Parana Basin (Guarani Aquifer System),108,247,-30.75,-56.25
2,Southwestern Chaco-Lower Parana Basin (Guarani Aquifer System),108,248,-30.75,-55.75
2,Southwestern Chaco-Lower Parana Basin (Guarani Aquifer System),108,249,-30.75,-55.25
2,Southwestern Chaco-Lower Parana Basin (Guarani Aquifer System),109,240,-30.25,-59.75
2,Southwestern Chaco-Lower Parana Basin (Guarani Aquifer System),109,241,-30.25,-59.25
2,Southwestern Chaco-Lower Parana Basin (Guarani Aquifer System),109,242,-30.25,-58.75
2,Southwestern Chaco-Lower Parana Basin (Guarani Aquifer System),109,243,-30.25,-58.25
2,Southwestern Chaco-Lower Parana Basin (Guarani Aquifer System),109,244,-30.25,-57.75
2,Southwestern Chaco-Lower Parana Basin (Guarani Aquifer System),109,245,-30.25,-57.25
2,Southwestern Chaco-Lower Parana Basin (Guarani Aquifer System),109,246,-30.25,-56.75
2,Southwestern Chaco-Lower Parana Basin (Guarani Aquifer System),109,247,-30.25,-56.25
2,Southwestern Chaco-Lower Parana Basin (Guarani Aquifer System),109,248,-30.25,-55.75
2,Southwestern Chaco-Lower Parana Basin (Guarani Aquifer System),109,249,-30.25,-55.25
2,Southwestern Chaco-Lower Parana Basin (Guarani Aquifer System),110,238,-29.75,-60.75
2,Southwestern Chaco-Lower Parana Basin (Guarani Aquifer System),110,239,-29.75,-60.25
2,Southwestern Chaco-Lower Parana Basin (Guarani Aquifer System),110,240,-29.75,-59.75
2,Southwestern Chaco-Lower Parana Basin (Guarani Aquifer System),110,241,-29.75,-59.25
2,Southwestern Chaco-Lower Parana Basin (Guarani Aquifer System),110,242,-29.75,-58.75
2,Southwestern Chaco-Lower Parana Basin (Guarani Aquifer System),110,243,-29.75,-58.25
2,Southwestern Chaco-Lower Parana Basin (Guarani Aquifer System),110,244,-29.75,-57.75
2,Southwestern Chaco-Lower Parana Basin (Guarani Aquifer System),110,245,-29.75,-57.25
2,Southwestern Chaco-Lower Parana Basin (Guarani Aquifer System),110,246,-29.75,-56.75
2,Southwestern Chaco-Lower Parana Basin (Guarani Aquifer System),110,247,-29.75,-56.25
2,Southwestern Chaco-Lower Parana Basin (Guarani Aquifer System),110,248,-29.75,-55.75
2,Southwestern Chaco-Lower Parana Basin (Guarani Aquifer System),110,249,-29.75,-55.25
2,Southwestern Chaco-Lower Parana Basin (Guarani Aquifer System),110,250,-29.75,-54.75
2,Southwestern Chaco-Lower Parana Basin (Guarani Aquifer System),111,237,-29.25,-61.25
2,Southwestern Chaco-Lower Parana Basin (Guarani Aquifer System),111,238,-29.25,-60.75
2,Southwestern Chaco-Lower Parana Basin (Guarani Aquifer System),111,239,-29.25,-60.25
2,Southwestern Chaco-Lower Parana Basin (Guarani Aquifer System),111,240,-29.25,-59.75
2,Southwestern Chaco-Lower Parana Basin (Guarani Aquifer System),111,241,-29.25,-59.25
2,Southwestern Chaco-Lower Parana Basin (Guarani Aquifer System),111,242,-29.25,-58.75
2,Southwestern Chaco-Lower Parana Basin (Guarani Aquifer System),111,243,-29.25,-58.25
2,Southwestern Chaco-Lower Parana Basin (Guarani Aquifer System),111,244,-29.25,-57.75
2,Southwestern Chaco-Lower Parana Basin (Guarani Aquifer System),111,245,-29.25,-57.25
2,Southwestern Chaco-Lower Parana Basin (Guarani Aquifer System),111,246,-29.25,-56.75
2,Southwestern Chaco-Lower Parana Basin (Guarani Aquifer System),111,247,-29.25,-56.25
2,Southwestern Chaco-Lower Parana Basin (Guarani Aquifer System),111,248,-29.25,-55.75
2,Southwestern Chaco-Lower Parana Basin (Guarani Aquifer System),111,249,-29.25,-55.25
2,Southwestern Chaco-Lower Parana Basin (Guarani Aquifer System),112,237,-28.75,-61.25
2,Southwestern Chaco-Lower Parana Basin (Guarani Aquifer System),112,238,-28.75,-60.75
2,Southwestern Chaco-Lower Parana Basin (Guarani Aquifer System),112,239,-28.75,-60.25
2,Southwestern Chaco-Lower Parana Basin (Guarani Aquifer System),112,240,-28.75,-59.75
2,Southwestern Chaco-Lower Parana Basin (Guarani Aquifer System),112,241,-28.75,-59.25
2,Southwestern Chaco-Lower Parana Basin (Guarani Aquifer System),112,242,-28.75,-58.75
2,Southwestern Chaco-Lower Parana Basin (Guarani Aquifer System),112,243,-28.75,-58.25
2,Southwestern Chaco-Lower Parana Basin (Guarani Aquifer System),112,244,-28.75,-57.75
2,Southwestern Chaco-Lower Parana Basin (Guarani Aquifer System),112,245,-28.75,-57.25
2,Southwestern Chaco-Lower Parana Basin (Guarani Aquifer System),112,246,-28.75,-56.75
2,Southwestern Chaco-Lower Parana Basin (Guarani Aquifer System),112,247,-28.75,-56.25
2,Southwestern Chaco-Lower Parana Basin (Guarani Aquifer System),112,248,-28.75,-55.75
2,Southwestern Chaco-Lower Parana Basin (Guarani Aquifer System),113,236,-28.25,-61.75
2,Southwestern Chaco-Lower Parana Basin (Guarani Aquifer System),113,237,-28.25,-61.25
2,Southwestern Chaco-Lower Parana Basin (Guarani Aquifer System),113,238,-28.25,-60.75
2,Southwestern Chaco-Lower Parana Basin (Guarani Aquifer System),113,239,-28.25,-60.25
2,Southwestern Chaco-Lower Parana Basin (Guarani Aquifer System),113,240,-28.25,-59.75
2,Southwestern Chaco-Lower Parana Basin (Guarani Aquifer System),113,241,-28.25,-59.25
2,Southwestern Chaco-Lower Parana Basin (Guarani Aquifer System),113,242,-28.25,-58.75
2,Southwestern Chaco-Lower Parana Basin (Guarani Aquifer System),113,243,-28.25,-58.25
2,Southwestern Chaco-Lower Parana Basin (Guarani Aquifer System),113,244,-28.25,-57.75
2,Southwestern Chaco-Lower Parana Basin (Guarani Aquifer System),113,245,-28.25,-57.25
2,Southwestern Chaco-Lower Parana Basin (Guarani Aquifer System),113,246,-28.25,-56.75
2,Southwestern Chaco-Lower Parana Basin (Guarani Aquifer System),113,247,-28.25,-56.25
2,Southwestern Chaco-Lower Parana Basin (Guarani Aquifer System),114,237,-27.75,-61.25
2,Southwestern Chaco-Lower Parana Basin (Guarani Aquifer System),114,238,-27.75,-60.75
2,Southwestern Chaco-Lower Parana Basin (Guarani Aquifer System),114,239,-27.75,-60.25
2,Southwestern Chaco-Lower Parana Basin (Guarani Aquifer System),114,240,-27.75,-59.75
2,Southwestern Chaco-Lower Parana Basin (Guarani Aquifer System),114,241,-27.75,-59.25
2,Southwestern Chaco-Lower Parana Basin (Guarani Aquifer System),114,242,-27.75,-58.75
2,Southwestern Chaco-Lower Parana Basin (Guarani Aquifer System),114,243,-27.75,-58.25
2,Southwestern Chaco-Lower Parana Basin (Guarani Aquifer System),114,244,-27.75,-57.75
2,Southwestern Chaco-Lower Parana Basin (Guarani Aquifer System),114,245,-27.75,-57.25
2,Southwestern Chaco-Lower Parana Basin (Guarani Aquifer System),114,246,-27.75,-56.75
2,Southwestern Chaco-Lower Parana Basin (Guarani Aquifer System),114,247,-27.75,-56.25
2,Southwestern Chaco-Lower Parana Basin (Guarani Aquifer System),115,237,-27.25,-61.25
2,Southwestern Chaco-Lower Parana Basin (Guarani Aquifer System),115,238,-27.25,-60.75
2,Southwestern Chaco-Lower Parana Basin (Guarani Aquifer System),115,239,-27.25,-60.25
2,Southwestern Chaco-Lower Parana Basin (Guarani Aquifer System),115,240,-27.25,-59.75
2,Southwestern Chaco-Lower Parana Basin (Guarani Aquifer System),115,241,-27.25,-59.25
2,Southwestern Chaco-Lower Parana Basin (Guarani Aquifer System),115,242,-27.25,-58.75
2,Southwestern Chaco-Lower Parana Basin (Guarani Aquifer System),115,243,-27.25,-58.25
2,Southwestern Chaco-Lower Parana Basin (Guarani Aquifer System),115,244,-27.25,-57.75
2,Southwestern Chaco-Lower Parana Basin (Guarani Aquifer System),115,245,-27.25,-57.25
2,Southwestern Chaco-Lower Parana Basin (Guarani Aquifer System),115,246,-27.25,-56.75
2,Southwestern Chaco-Lower Parana Basin (Guarani Aquifer System),115,247,-27.25,-56.25
2,Southwestern Chaco-Lower Parana Basin (Guarani Aquifer System),116,237,-26.75,-61.25
2,Southwestern Chaco-Lower Parana Basin (Guarani Aquifer System),116,238,-26.75,-60.75
2,Southwestern Chaco-Lower Parana Basin (Guarani Aquifer System),116,239,-26.75,-60.25
2,Southwestern Chaco-Lower Parana Basin (Guarani Aquifer System),116,240,-26.75,-59.75
2,Southwestern Chaco-Lower Parana Basin (Guarani Aquifer System),116,241,-26.75,-59.25
2,Southwestern Chaco-Lower Parana Basin (Guarani Aquifer System),116,242,-26.75,-58.75
2,Southwestern Chaco-Lower Parana Basin (Guarani Aquifer System),116,243,-26.75,-58.25
2,Southwestern Chaco-Lower Parana Basin (Guarani Aquifer System),116,244,-26.75,-57.75
2,Southwestern Chaco-Lower Parana Basin (Guarani Aquifer System),116,245,-26.75,-57.25
2,Southwestern Chaco-Lower Parana Basin (Guarani Aquifer System),117,238,-26.25,-60.75
2,Southwestern Chaco-Lower Parana Basin (Guarani Aquifer System),117,239,-26.25,-60.25
2,Southwestern Chaco-Lower Parana Basin (Guarani Aquifer System),117,240,-26.25,-59.75
2,Southwestern Chaco-Lower Parana Basin (Guarani Aquifer System),117,241,-26.25,-59.25
2,Southwestern Chaco-Lower Parana Basin (Guarani Aquifer System),117,242,-26.25,-58.75
2,Southwestern Chaco-Lower Parana Basin (Guarani Aquifer System),117,243,-26.25,-58.25
2,Southwestern Chaco-Lower Parana Basin (Guarani Aquifer System),118,240,-25.75,-59.75
2,Southwestern Chaco-Lower Parana Basin (Guarani Aquifer System),118,241,-25.75,-59.25
2,Southwestern Chaco-Lower Parana Basin (Guarani Aquifer System),118,242,-25.75,-58.75
2,Southwestern Chaco-Lower Parana Basin (Guarani Aquifer System),118,243,-25.75,-58.25
3,Amazonas Basin and Alter de Chao Aquifer System (Amazon Aquifer System),158,240,-5.75,-59.75
3,Amazonas Basin and Alter de Chao Aquifer System (Amazon Aquifer System),159,241,-5.25,-59.25
3,Amazonas Basin and Alter de Chao Aquifer System (Amazon Aquifer System),159,242,-5.25,-58.75
3,Amazonas Basin and Alter de Chao Aquifer System (Amazon Aquifer System),159,243,-5.25,-58.25
3,Amazonas Basin and Alter de Chao Aquifer System (Amazon Aquifer System),160,241,-4.75,-59.25
3,Amazonas Basin and Alter de Chao Aquifer System (Amazon Aquifer System),160,242,-4.75,-58.75
3,Amazonas Basin and Alter de Chao Aquifer System (Amazon Aquifer System),160,243,-4.75,-58.25
3,Amazonas Basin and Alter de Chao Aquifer System (Amazon Aquifer System),161,242,-4.25,-58.75
3,Amazonas Basin and Alter de Chao Aquifer System (Amazon Aquifer System),161,243,-4.25,-58.25
3,Amazonas Basin and Alter de Chao Aquifer System (Amazon Aquifer System),161,244,-4.25,-57.75
3,Amazonas Basin and Alter de Chao Aquifer System (Amazon Aquifer System),161,245,-4.25,-57.25
3,Amazonas Basin and Alter de Chao Aquifer System (Amazon Aquifer System),161,246,-4.25,-56.75
3,Amazonas Basin and Alter de Chao Aquifer System (Amazon Aquifer System),162,243,-3.75,-58.25
3,Amazonas Basin and Alter de Chao Aquifer System (Amazon Aquifer System),162,244,-3.75,-57.75
3,Amazonas Basin and Alter de Chao Aquifer System (Amazon Aquifer System),162,245,-3.75,-57.25
3,Amazonas Basin and Alter de Chao Aquifer System (Amazon Aquifer System),162,246,-3.75,-56.75
3,Amazonas Basin and Alter de Chao Aquifer System (Amazon Aquifer System),162,247,-3.75,-56.25
3,Amazonas Basin and Alter de Chao Aquifer System (Amazon Aquifer System),162,248,-3.75,-55.75
3,Amazonas Basin and Alter de Chao Aquifer System (Amazon Aquifer System),162,249,-3.75,-55.25
3,Amazonas Basin and Alter de Chao Aquifer System (Amazon Aquifer System),162,250,-3.75,-54.75
3,Amazonas Basin and Alter de Chao Aquifer System (Amazon Aquifer System),162,251,-3.75,-54.25
3,Amazonas Basin and Alter de Chao Aquifer System (Amazon Aquifer System),162,252,-3.75,-53.75
3,Amazonas Basin and Alter de Chao Aquifer System (Amazon Aquifer System),163,239,-3.25,-60.25
3,Amazonas Basin and Alter de Chao Aquifer System (Amazon Aquifer System),163,240,-3.25,-59.75
3,Amazonas Basin and Alter de Chao Aquifer System (Amazon Aquifer System),163,241,-3.25,-59.25
3,Amazonas Basin and Alter de Chao Aquifer System (Amazon Aquifer System),163,242,-3.25,-58.75
3,Amazonas Basin and Alter de Chao Aquifer System (Amazon Aquifer System),163,243,-3.25,-58.25
3,Amazonas Basin and Alter de Chao Aquifer System (Amazon Aquifer System),163,244,-3.25,-57.75
3,Amazonas Basin and Alter de Chao Aquifer System (Amazon Aquifer System),163,245,-3.25,-57.25
3,Amazonas Basin and Alter de Chao Aquifer System (Amazon Aquifer System),163,246,-3.25,-56.75
3,Amazonas Basin and Alter de Chao Aquifer System (Amazon Aquifer System),163,247,-3.25,-56.25
3,Amazonas Basin and Alter de Chao Aquifer System (Amazon Aquifer System),163,248,-3.25,-55.75
3,Amazonas Basin and Alter de Chao Aquifer System (Amazon Aquifer System),163,249,-3.25,-55.25
3,Amazonas Basin and Alter de Chao Aquifer System (Amazon Aquifer System),163,250,-3.25,-54.75
3,Amazonas Basin and Alter de Chao Aquifer System (Amazon Aquifer System),163,251,-3.25,-54.25
3,Amazonas Basin and Alter de Chao Aquifer System (Amazon Aquifer System),163,252,-3.25,-53.75
3,Amazonas Basin and Alter de Chao Aquifer System (Amazon Aquifer System),163,253,-3.25,-53.25
3,Amazonas Basin and Alter de Chao Aquifer System (Amazon Aquifer System),163,254,-3.25,-52.75
3,Amazonas Basin and Alter de Chao Aquifer System (Amazon Aquifer System),163,255,-3.25,-52.25
3,Amazonas Basin and Alter de Chao Aquifer System (Amazon Aquifer System),163,259,-3.25,-50.25
3,Amazonas Basin and Alter de Chao Aquifer System (Amazon Aquifer System),164,237,-2.75,-61.25
3,Amazonas Basin and Alter de Chao Aquifer System (Amazon Aquifer System),164,238,-2.75,-60.75
3,Amazonas Basin and Alter de Chao Aquifer System (Amazon Aquifer System),164,239,-2.75,-60.25
3,Amazonas Basin and Alter de Chao Aquifer System (Amazon Aquifer System),164,240,-2.75,-59.75
3,Amazonas Basin and Alter de Chao Aquifer System (Amazon Aquifer System),164,241,-2.75,-59.25
3,Amazonas Basin and Alter de Chao Aquifer System (Amazon Aquifer System),164,242,-2.75,-58.75
3,Amazonas Basin and Alter de Chao Aquifer System (Amazon Aquifer System),164,243,-2.75,-58.25
3,Amazonas Basin and Alter de Chao Aquifer System (Amazon Aquifer System),164,244,-2.75,-57.75
3,Amazonas Basin and Alter de Chao Aquifer System (Amazon Aquifer System),164,245,-2.75,-57.25
3,Amazonas Basin and Alter de Chao Aquifer System (Amazon Aquifer System),164,246,-2.75,-56.75
3,Amazonas Basin and Alter de Chao Aquifer System (Amazon Aquifer System),164,247,-2.75,-56.25
3,Amazonas Basin and Alter de Chao Aquifer System (Amazon Aquifer System),164,248,-2.75,-55.75
3,Amazonas Basin and Alter de Chao Aquifer System (Amazon Aquifer System),164,249,-2.75,-55.25
3,Amazonas Basin and Alter de Chao Aquifer System (Amazon Aquifer System),164,250,-2.75,-54.75
3,Amazonas Basin and Alter de Chao Aquifer System (Amazon Aquifer System),164,251,-2.75,-54.25
3,Amazonas Basin and Alter de Chao Aquifer System (Amazon Aquifer System),164,252,-2.75,-53.75
3,Amazonas Basin and Alter de Chao Aquifer System (Amazon Aquifer System),164,253,-2.75,-53.25
3,Amazonas Basin and Alter de Chao Aquifer System (Amazon Aquifer System),164,254,-2.75,-52.75
3,Amazonas Basin and Alter de Chao Aquifer System (Amazon Aquifer System),164,255,-2.75,-52.25
3,Amazonas Basin and Alter de Chao Aquifer System (Amazon Aquifer System),164,256,-2.75,-51.75
3,Amazonas Basin and Alter de Chao Aquifer System (Amazon Aquifer System),164,257,-2.75,-51.25
3,Amazonas Basin and Alter de Chao Aquifer System (Amazon Aquifer System),164,258,-2.75,-50.75
3,Amazonas Basin and Alter de Chao Aquifer System (Amazon Aquifer System),164,259,-2.75,-50.25
3,Amazonas Basin and Alter de Chao Aquifer System (Amazon Aquifer System),165,236,-2.25,-61.75
3,Amazonas Basin and Alter de Chao Aquifer System (Amazon Aquifer System),165,237,-2.25,-61.25
3,Amazonas Basin and Alter de Chao Aquifer System (Amazon Aquifer System),165,239,-2.25,-60.25
3,Amazonas Basin and Alter de Chao Aquifer System (Amazon Aquifer System),165,240,-2.25,-59.75
3,Amazonas Basin and Alter de Chao Aquifer System (Amazon Aquifer System),165,241,-2.25,-59.25
3,Amazonas Basin and Alter de Chao Aquifer System (Amazon Aquifer System),165,242,-2.25,-58.75
3,Amazonas Basin and Alter de Chao Aquifer System (Amazon Aquifer System),165,243,-2.25,-58.25
3,Amazonas Basin and Alter de Chao Aquifer System (Amazon Aquifer System),165,244,-2.25,-57.75
3,Amazonas Basin and Alter de Chao Aquifer System (Amazon Aquifer System),165,245,-2.25,-57.25
3,Amazonas Basin and Alter de Chao Aquifer System (Amazon Aquifer System),165,246,-2.25,-56.75
3,Amazonas Basin and Alter de Chao Aquifer System (Amazon Aquifer System),165,247,-2.25,-56.25
3,Amazonas Basin and Alter de Chao Aquifer System (Amazon Aquifer System),165,248,-2.25,-55.75
3,Amazonas Basin and Alter de Chao Aquifer System (Amazon Aquifer System),165,249,-2.25,-55.25
3,Amazonas Basin and Alter de Chao Aquifer System (Amazon Aquifer System),165,250,-2.25,-54.75
3,Amazonas Basin and Alter de Chao Aquifer System (Amazon Aquifer System),165,251,-2.25,-54.25
3,Amazonas Basin and Alter de Chao Aquifer System (Amazon Aquifer System),165,252,-2.25,-53.75
3,Amazonas Basin and Alter de Chao Aquifer System (Amazon Aquifer System),165,253,-2.25,-53.25
3,Amazonas Basin and Alter de Chao Aquifer System (Amazon Aquifer System),165,254,-2.25,-52.75
3,Amazonas Basin and Alter de Chao Aquifer System (Amazon Aquifer System),165,255,-2.25,-52.25
3,Amazonas Basin and Alter de Chao Aquifer System (Amazon Aquifer System),165,256,-2.25,-51.75
3,Amazonas Basin and Alter de Chao Aquifer System (Amazon Aquifer System),165,257,-2.25,-51.25
3,Amazonas Basin and Alter de Chao Aquifer System (Amazon Aquifer System),166,243,-1.75,-58.25
3,Amazonas Basin and Alter de Chao Aquifer System (Amazon Aquifer System),166,244,-1.75,-57.75
3,Amazonas Basin and Alter de Chao Aquifer System (Amazon Aquifer System),166,245,-1.75,-57.25
3,Amazonas Basin and Alter de Chao Aquifer System (Amazon Aquifer System),166,246,-1.75,-56.75
3,Amazonas Basin and Alter de Chao Aquifer System (Amazon Aquifer System),166,247,-1.75,-56.25
3,Amazonas Basin and Alter de Chao Aquifer System (Amazon Aquifer System),166,248,-1.75,-55.75
3,Amazonas Basin and Alter de Chao Aquifer System (Amazon Aquifer System),166,249,-1.75,-55.25
3,Amazonas Basin and Alter de Chao Aquifer System (Amazon Aquifer System),166,252,-1.75,-53.75
3,Amazonas Basin and Alter de Chao Aquifer System (Amazon Aquifer System),166,253,-1.75,-53.25
3,Amazonas Basin and Alter de Chao Aquifer System (Amazon Aquifer System),166,254,-1.75,-52.75
3,Amazonas Basin and Alter de Chao Aquifer System (Amazon Aquifer System),166,255,-1.75,-52.25
3,Amazonas Basin and Alter de Chao Aquifer System (Amazon Aquifer System),166,256,-1.75,-51.75
3,Amazonas Basin and Alter de Chao Aquifer System (Amazon Aquifer System),167,253,-1.25,-53.25
3,Amazonas Basin and Alter de Chao Aquifer System (Amazon Aquifer System),167,254,-1.25,-52.75
3,Amazonas Basin and Alter de Chao Aquifer System (Amazon Aquifer System),167,255,-1.25,-52.25
3,Amazonas Basin and Alter de Chao Aquifer System (Amazon Aquifer System),168,255,-0.75,-52.25
3,Amazonas Basin and Alter de Chao Aquifer System (Amazon Aquifer System),168,256,-0.75,-51.75
4,Poolowanna Trough and Western Eromanga Basin (Great Artesian Basin),110,635,-29.75,137.75
4,Poolowanna Trough and Western Eromanga Basin (Great Artesian Basin),110,637,-29.75,138.75
4,Poolowanna Trough and Western Eromanga Basin (Great Artesian Basin),110,638,-29.75,139.25
4,Poolowanna Trough and Western Eromanga Basin (Great Artesian Basin),110,639,-29.75,139.75
4,Poolowanna Trough and Western Eromanga Basin (Great Artesian Basin),111,633,-29.25,136.75
4,Poolowanna Trough and Western Eromanga Basin (Great Artesian Basin),111,634,-29.25,137.25
4,Poolowanna Trough and Western Eromanga Basin (Great Artesian Basin),111,635,-29.25,137.75
4,Poolowanna Trough and Western Eromanga Basin (Great Artesian Basin),111,636,-29.25,138.25
4,Poolowanna Trough and Western Eromanga Basin (Great Artesian Basin),111,637,-29.25,138.75
4,Poolowanna Trough and Western Eromanga Basin (Great Artesian Basin),111,638,-29.25,139.25
4,Poolowanna Trough and Western Eromanga Basin (Great Artesian Basin),111,639,-29.25,139.75
4,Poolowanna Trough and Western Eromanga Basin (Great Artesian Basin),112,632,-28.75,136.25
4,Poolowanna Trough and Western Eromanga Basin (Great Artesian Basin),112,633,-28.75,136.75
4,Poolowanna Trough and Western Eromanga Basin (Great Artesian Basin),112,634,-28.75,137.25
4,Poolowanna Trough and Western Eromanga Basin (Great Artesian Basin),112,635,-28.75,137.75
4,Poolowanna Trough and Western Eromanga Basin (Great Artesian Basin),112,636,-28.75,138.25
4,Poolowanna Trough and Western Eromanga Basin (Great Artesian Basin),112,637,-28.75,138.75
4,Poolowanna Trough and Western Eromanga Basin (Great Artesian Basin),113,632,-28.25,136.25
4,Poolowanna Trough and Western Eromanga Basin (Great Artesian Basin),113,633,-28.25,136.75
4,Poolowanna Trough and Western Eromanga Basin (Great Artesian Basin),113,634,-28.25,137.25
4,Poolowanna Trough and Western Eromanga Basin (Great Artesian Basin),113,635,-28.25,137.75
4,Poolowanna Trough and Western Eromanga Basin (Great Artesian Basin),113,636,-28.25,138.25
4,Poolowanna Trough and Western Eromanga Basin (Great Artesian Basin),113,637,-28.25,138.75
4,Poolowanna Trough and Western Eromanga Basin (Great Artesian Basin),114,631,-27.75,135.75
4,Poolowanna Trough and Western Eromanga Basin (Great Artesian Basin),114,632,-27.75,136.25
4,Poolowanna Trough and Western Eromanga Basin (Great Artesian Basin),114,633,-27.75,136.75
4,Poolowanna Trough and Western Eromanga Basin (Great Artesian Basin),114,634,-27.75,137.25
4,Poolowanna Trough and Western Eromanga Basin (Great Artesian Basin),114,635,-27.75,137.75
4,Poolowanna Trough and Western Eromanga Basin (Great Artesian Basin),114,636,-27.75,138.25
4,Poolowanna Trough and Western Eromanga Basin (Great Artesian Basin),114,637,-27.75,138.75
4,Poolowanna Trough and Western Eromanga Basin (Great Artesian Basin),114,638,-27.75,139.25
4,Poolowanna Trough and Western Eromanga Basin (Great Artesian Basin),115,630,-27.25,135.25
4,Poolowanna Trough and Western Eromanga Basin (Great Artesian Basin),115,631,-27.25,135.75
4,Poolowanna Trough and Western Eromanga Basin (Great Artesian Basin),115,632,-27.25,136.25
4,Poolowanna Trough and Western Eromanga Basin (Great Artesian Basin),115,633,-27.25,136.75
4,Poolowanna Trough and Western Eromanga Basin (Great Artesian Basin),115,634,-27.25,137.25
4,Poolowanna Trough and Western Eromanga Basin (Great Artesian Basin),115,635,-27.25,137.75
4,Poolowanna Trough and Western Eromanga Basin (Great Artesian Basin),115,636,-27.25,138.25
4,Poolowanna Trough and Western Eromanga Basin (Great Artesian Basin),115,637,-27.25,138.75
4,Poolowanna Trough and Western Eromanga Basin (Great Artesian Basin),115,638,-27.25,139.25
4,Poolowanna Trough and Western Eromanga Basin (Great Artesian Basin),116,627,-26.75,133.75
4,Poolowanna Trough and Western Eromanga Basin (Great Artesian Basin),116,628,-26.75,134.25
4,Poolowanna Trough and Western Eromanga Basin (Great Artesian Basin),116,629,-26.75,134.75
4,Poolowanna Trough and Western Eromanga Basin (Great Artesian Basin),116,630,-26.75,135.25
4,Poolowanna Trough and Western Eromanga Basin (Great Artesian Basin),116,631,-26.75,135.75
4,Poolowanna Trough and Western Eromanga Basin (Great Artesian Basin),116,632,-26.75,136.25
4,Poolowanna Trough and Western Eromanga Basin (Great Artesian Basin),116,633,-26.75,136.75
4,Poolowanna Trough and Western Eromanga Basin (Great Artesian Basin),116,634,-26.75,137.25
4,Poolowanna Trough and Western Eromanga Basin (Great Artesian Basin),116,635,-26.75,137.75
4,Poolowanna Trough and Western Eromanga Basin (Great Artesian Basin),116,636,-26.75,138.25
4,Poolowanna Trough and Western Eromanga Basin (Great Artesian Basin),116,637,-26.75,138.75
4,Poolowanna Trough and Western Eromanga Basin (Great Artesian Basin),116,638,-26.75,139.25
4,Poolowanna Trough and Western Eromanga Basin (Great Artesian Basin),117,628,-26.25,134.25
4,Poolowanna Trough and Western Eromanga Basin (Great Artesian Basin),117,629,-26.25,134.75
4,Poolowanna Trough and Western Eromanga Basin (Great Artesian Basin),117,630,-26.25,135.25
4,Poolowanna Trough and Western Eromanga Basin (Great Artesian Basin),117,631,-26.25,135.75
4,Poolowanna Trough and Western Eromanga Basin (Great Artesian Basin),117,632,-26.25,136.25
4,Poolowanna Trough and Western Eromanga Basin (Great Artesian Basin),117,633,-26.25,136.75
4,Poolowanna Trough and Western Eromanga Basin (Great Artesian Basin),117,634,-26.25,137.25
4,Poolowanna Trough and Western Eromanga Basin (Great Artesian Basin),117,635,-26.25,137.75
4,Poolowanna Trough and Western Eromanga Basin (Great Artesian Basin),117,636,-26.25,138.25
4,Poolowanna Trough and Western Eromanga Basin (Great Artesian Basin),117,637,-26.25,138.75
4,Poolowanna Trough and Western Eromanga Basin (Great Artesian Basin),117,638,-26.25,139.25
4,Poolowanna Trough and Western Eromanga Basin (Great Artesian Basin),118,628,-25.75,134.25
4,Poolowanna Trough and Western Eromanga Basin (Great Artesian Basin),118,629,-25.75,134.75
4,Poolowanna Trough and Western Eromanga Basin (Great Artesian Basin),118,630,-25.75,135.25
4,Poolowanna Trough and Western Eromanga Basin (Great Artesian Basin),118,631,-25.75,135.75
4,Poolowanna Trough and Western Eromanga Basin (Great Artesian Basin),118,632,-25.75,136.25
4,Poolowanna Trough and Western Eromanga Basin (Great Artesian Basin),118,633,-25.75,136.75
4,Poolowanna Trough and Western Eromanga Basin (Great Artesian Basin),118,634,-25.75,137.25
4,Poolowanna Trough and Western Eromanga Basin (Great Artesian Basin),118,635,-25.75,137.75
4,Poolowanna Trough and Western Eromanga Basin (Great Artesian Basin),118,636,-25.75,138.25
4,Poolowanna Trough and Western Eromanga Basin (Great Artesian Basin),118,637,-25.75,138.75
4,Poolowanna Trough and Western Eromanga Basin (Great Artesian Basin),118,638,-25.75,139.25
4,Poolowanna Trough and Western Eromanga Basin (Great Artesian Basin),119,629,-25.25,134.75
4,Poolowanna Trough and Western Eromanga Basin (Great Artesian Basin),119,630,-25.25,135.25
4,Poolowanna Trough and Western Eromanga Basin (Great Artesian Basin),119,631,-25.25,135.75
4,Poolowanna Trough and Western Eromanga Basin (Great Artesian Basin),119,632,-25.25,136.25
4,Poolowanna Trough and Western Eromanga Basin (Great Artesian Basin),119,633,-25.25,136.75
4,Poolowanna Trough and Western Eromanga Basin (Great Artesian Basin),119,634,-25.25,137.25
4,Poolowanna Trough and Western Eromanga Basin (Great Artesian Basin),119,635,-25.25,137.75
4,Poolowanna Trough and Western Eromanga Basin (Great Artesian Basin),119,636,-25.25,138.25
4,Poolowanna Trough and Western Eromanga Basin (Great Artesian Basin),119,637,-25.25,138.75
4,Poolowanna Trough and Western Eromanga Basin (Great Artesian Basin),119,638,-25.25,139.25
4,Poolowanna Trough and Western Eromanga Basin (Great Artesian Basin),120,631,-24.75,135.75
4,Poolowanna Trough and Western Eromanga Basin (Great Artesian Basin),120,632,-24.75,136.25
4,Poolowanna Trough and Western Eromanga Basin (Great Artesian Basin),120,633,-24.75,136.75
4,Poolowanna Trough and Western Eromanga Basin (Great Artesian Basin),120,634,-24.75,137.25
4,Poolowanna Trough and Western Eromanga Basin (Great Artesian Basin),120,635,-24.75,137.75
4,Poolowanna Trough and Western Eromanga Basin (Great Artesian Basin),120,636,-24.75,138.25
4,Poolowanna Trough and Western Eromanga Basin (Great Artesian Basin),120,637,-24.75,138.75
4,Poolowanna Trough and Western Eromanga Basin (Great Artesian Basin),121,631,-24.25,135.75
4,Poolowanna Trough and Western Eromanga Basin (Great Artesian Basin),121,632,-24.25,136.25
4,Poolowanna Trough and Western Eromanga Basin (Great Artesian Basin),121,633,-24.25,136.75
4,Poolowanna Trough and Western Eromanga Basin (Great Artesian Basin),121,634,-24.25,137.25
4,Poolowanna Trough and Western Eromanga Basin (Great Artesian Basin),121,635,-24.25,137.75
4,Poolowanna Trough and Western Eromanga Basin (Great Artesian Basin),121,636,-24.25,138.25
4,Poolowanna Trough and Western Eromanga Basin (Great Artesian Basin),121,637,-24.25,138.75
4,Poolowanna Trough and Western Eromanga Basin (Great Artesian Basin),122,632,-23.75,136.25
4,Poolowanna Trough and Western Eromanga Basin (Great Artesian Basin),122,633,-23.75,136.75
4,Poolowanna Trough and Western Eromanga Basin (Great Artesian Basin),122,634,-23.75,137.25
4,Poolowanna Trough and Western Eromanga Basin (Great Artesian Basin),122,635,-23.75,137.75
4,Poolowanna Trough and Western Eromanga Basin (Great Artesian Basin),122,636,-23.75,138.25
4,Poolowanna Trough and Western Eromanga Basin (Great Artesian Basin),122,637,-23.75,138.75
4,Poolowanna Trough and Western Eromanga Basin (Great Artesian Basin),123,636,-23.25,138.25
5,Eastern Eromanga Basin (Great Artesian Basin),107,646,-31.25,143.25
5,Eastern Eromanga Basin (Great Artesian Basin),108,646,-30.75,143.25
5,Eastern Eromanga Basin (Great Artesian Basin),109,643,-30.25,141.75
5,Eastern Eromanga Basin (Great Artesian Basin),109,644,-30.25,142.25
5,Eastern Eromanga Basin (Great Artesian Basin),109,645,-30.25,142.75
5,Eastern Eromanga Basin (Great Artesian Basin),109,646,-30.25,143.25
5,Eastern Eromanga Basin (Great Artesian Basin),109,647,-30.25,143.75
5,Eastern Eromanga Basin (Great Artesian Basin),109,648,-30.25,144.25
5,Eastern Eromanga Basin (Great Artesian Basin),109,649,-30.25,144.75
5,Eastern Eromanga Basin (Great Artesian Basin),109,650,-30.25,145.25
5,Eastern Eromanga Basin (Great Artesian Basin),110,643,-29.75,141.75
5,Eastern Eromanga Basin (Great Artesian Basin),110,644,-29.75,142.25
5,Eastern Eromanga Basin (Great Artesian Basin),110,645,-29.75,142.75
5,Eastern Eromanga Basin (Great Artesian Basin),110,646,-29.75,143.25
5,Eastern Eromanga Basin (Great Artesian Basin),110,647,-29.75,143.75
5,Eastern Eromanga Basin (Great Artesian Basin),110,648,-29.75,144.25
5,Eastern Eromanga Basin (Great Artesian Basin),110,649,-29.75,144.75
5,Eastern Eromanga Basin (Great Artesian Basin),110,650,-29.75,145.25
5,Eastern Eromanga Basin (Great Artesian Basin),110,651,-29.75,145.75
5,Eastern Eromanga Basin (Great Artesian Basin),110,652,-29.75,146.25
5,Eastern Eromanga Basin (Great Artesian Basin),110,653,-29.75,146.75
5,Eastern Eromanga Basin (Great Artesian Basin),111,644,-29.25,142.25
5,Eastern Eromanga Basin (Great Artesian Basin),111,645,-29.25,142.75
5,Eastern Eromanga Basin (Great Artesian Basin),111,646,-29.25,143.25
5,Eastern Eromanga Basin (Great Artesian Basin),111,647,-29.25,143.75
5,Eastern Eromanga Basin (Great Artesian Basin),111,648,-29.25,144.25
5,Eastern Eromanga Basin (Great Artesian Basin),111,649,-29.25,144.75
5,Eastern Eromanga Basin (Great Artesian Basin),111,650,-29.25,145.25
5,Eastern Eromanga Basin (Great Artesian Basin),111,651,-29.25,145.75
5,Eastern Eromanga Basin (Great Artesian Basin),111,652,-29.25,146.25
5,Eastern Eromanga Basin (Great Artesian Basin),112,644,-28.75,142.25
5,Eastern Eromanga Basin (Great Artesian Basin),112,645,-28.75,142.75
5,Eastern Eromanga Basin (Great Artesian Basin),112,646,-28.75,143.25
5,Eastern Eromanga Basin (Great Artesian Basin),112,647,-28.75,143.75
5,Eastern Eromanga Basin (Great Artesian Basin),112,648,-28.75,144.25
5,Eastern Eromanga Basin (Great Artesian Basin),112,649,-28.75,144.75
5,Eastern Eromanga Basin (Great Artesian Basin),112,650,-28.75,145.25
5,Eastern Eromanga Basin (Great Artesian Basin),112,651,-28.75,145.75
5,Eastern Eromanga Basin (Great Artesian Basin),112,652,-28.75,146.25
5,Eastern Eromanga Basin (Great Artesian Basin),113,644,-28.25,142.25
5,Eastern Eromanga Basin (Great Artesian Basin),113,645,-28.25,142.75
5,Eastern Eromanga Basin (Great Artesian Basin),113,646,-28.25,143.25
5,Eastern Eromanga Basin (Great Artesian Basin),113,647,-28.25,143.75
5,Eastern Eromanga Basin (Great Artesian Basin),113,648,-28.25,144.25
5,Eastern Eromanga Basin (Great Artesian Basin),113,649,-28.25,144.75
5,Eastern Eromanga Basin (Great Artesian Basin),113,650,-28.25,145.25
5,Eastern Eromanga Basin (Great Artesian Basin),113,651,-28.25,145.75
5,Eastern Eromanga Basin (Great Artesian Basin),113,652,-28.25,146.25
5,Eastern Eromanga Basin (Great Artesian Basin),113,653,-28.25,146.75
5,Eastern Eromanga Basin (Great Artesian Basin),114,646,-27.75,143.25
5,Eastern Eromanga Basin (Great Artesian Basin),114,647,-27.75,143.75
5,Eastern Eromanga Basin (Great Artesian Basin),114,648,-27.75,144.25
5,Eastern Eromanga Basin (Great Artesian Basin),114,649,-27.75,144.75
5,Eastern Eromanga Basin (Great Artesian Basin),114,650,-27.75,145.25
5,Eastern Eromanga Basin (Great Artesian Basin),114,651,-27.75,145.75
5,Eastern Eromanga Basin (Great Artesian Basin),114,652,-27.75,146.25
5,Eastern Eromanga Basin (Great Artesian Basin),114,653,-27.75,146.75
5,Eastern Eromanga Basin (Great Artesian Basin),115,646,-27.25,143.25
5,Eastern Eromanga Basin (Great Artesian Basin),115,647,-27.25,143.75
5,Eastern Eromanga Basin (Great Artesian Basin),115,648,-27.25,144.25
5,Eastern Eromanga Basin (Great Artesian Basin),115,649,-27.25,144.75
5,Eastern Eromanga Basin (Great Artesian Basin),115,650,-27.25,145.25
5,Eastern Eromanga Basin (Great Artesian Basin),115,651,-27.25,145.75
5,Eastern Eromanga Basin (Great Artesian Basin),115,652,-27.25,146.25
5,Eastern Eromanga Basin (Great Artesian Basin),115,653,-27.25,146.75
5,Eastern Eromanga Basin (Great Artesian Basin),116,647,-26.75,143.75
5,Eastern Eromanga Basin (Great Artesian Basin),116,648,-26.75,144.25
5,Eastern Eromanga Basin (Great Artesian Basin),116,649,-26.75,144.75
5,Eastern Eromanga Basin (Great Artesian Basin),116,650,-26.75,145.25
5,Eastern Eromanga Basin (Great Artesian Basin),116,651,-26.75,145.75
5,Eastern Eromanga Basin (Great Artesian Basin),116,652,-26.75,146.25
5,Eastern Eromanga Basin (Great Artesian Basin),116,653,-26.75,146.75
5,Eastern Eromanga Basin (Great Artesian Basin),117,648,-26.25,144.25
5,Eastern Eromanga Basin (Great Artesian Basin),117,649,-26.25,144.75
5,Eastern Eromanga Basin (Great Artesian Basin),117,650,-26.25,145.25
5,Eastern Eromanga Basin (Great Artesian Basin),117,651,-26.25,145.75
5,Eastern Eromanga Basin (Great Artesian Basin),117,652,-26.25,146.25
5,Eastern Eromanga Basin (Great Artesian Basin),117,653,-26.25,146.75
5,Eastern Eromanga Basin (Great Artesian Basin),117,654,-26.25,147.25
5,Eastern Eromanga Basin (Great Artesian Basin),118,648,-25.75,144.25
5,Eastern Eromanga Basin (Great Artesian Basin),118,649,-25.75,144.75
5,Eastern Eromanga Basin (Great Artesian Basin),118,650,-25.75,145.25
5,Eastern Eromanga Basin (Great Artesian Basin),118,651,-25.75,145.75
5,Eastern Eromanga Basin (Great Artesian Basin),118,652,-25.75,146.25
5,Eastern Eromanga Basin (Great Artesian Basin),118,653,-25.75,146.75
5,Eastern Eromanga Basin (Great Artesian Basin),118,654,-25.75,147.25
5,Eastern Eromanga Basin (Great Artesian Basin),118,655,-25.75,147.75
5,Eastern Eromanga Basin (Great Artesian Basin),119,648,-25.25,144.25
5,Eastern Eromanga Basin (Great Artesian Basin),119,649,-25.25,144.75
5,Eastern Eromanga Basin (Great Artesian Basin),119,650,-25.25,145.25
5,Eastern Eromanga Basin (Great Artesian Basin),119,651,-25.25,145.75
5,Eastern Eromanga Basin (Great Artesian Basin),119,652,-25.25,146.25
5,Eastern Eromanga Basin (Great Artesian Basin),119,653,-25.25,146.75
5,Eastern Eromanga Basin (Great Artesian Basin),119,654,-25.25,147.25
5,Eastern Eromanga Basin (Great Artesian Basin),120,648,-24.75,144.25
5,Eastern Eromanga Basin (Great Artesian Basin),120,649,-24.75,144.75
5,Eastern Eromanga Basin (Great Artesian Basin),120,650,-24.75,145.25
5,Eastern Eromanga Basin (Great Artesian Basin),120,651,-24.75,145.75
5,Eastern Eromanga Basin (Great Artesian Basin),120,652,-24.75,146.25
5,Eastern Eromanga Basin (Great Artesian Basin),120,653,-24.75,146.75
5,Eastern Eromanga Basin (Great Artesian Basin),120,655,-24.75,147.75
5,Eastern Eromanga Basin (Great Artesian Basin),121,649,-24.25,144.75
5,Eastern Eromanga Basin (Great Artesian Basin),121,650,-24.25,145.25
5,Eastern Eromanga Basin (Great Artesian Basin),121,651,-24.25,145.75
5,Eastern Eromanga Basin (Great Artesian Basin),121,652,-24.25,146.25
5,Eastern Eromanga Basin (Great Artesian Basin),122,650,-23.75,145.25
6,Northern Eromanga Basin (Great Artesian Basin),120,638,-24.75,139.25
6,Northern Eromanga Basin (Great Artesian Basin),121,638,-24.25,139.25
6,Northern Eromanga Basin (Great Artesian Basin),121,639,-24.25,139.75
6,Northern Eromanga Basin (Great Artesian Basin),121,640,-24.25,140.25
6,Northern Eromanga Basin (Great Artesian Basin),121,641,-24.25,140.75
6,Northern Eromanga Basin (Great Artesian Basin),121,643,-24.25,141.75
6,Northern Eromanga Basin (Great Artesian Basin),121,644,-24.25,142.25
6,Northern Eromanga Basin (Great Artesian Basin),121,645,-24.25,142.75
6,Northern Eromanga Basin (Great Artesian Basin),121,648,-24.25,144.25
6,Northern Eromanga Basin (Great Artesian Basin),122,638,-23.75,139.25
6,Northern Eromanga Basin (Great Artesian Basin),122,639,-23.75,139.75
6,Northern Eromanga Basin (Great Artesian Basin),122,640,-23.75,140.25
6,Northern Eromanga Basin (Great Artesian Basin),122,641,-23.75,140.75
6,Northern Eromanga Basin (Great Artesian Basin),122,642,-23.75,141.25
6,Northern Eromanga Basin (Great Artesian Basin),122,643,-23.75,141.75
6,Northern Eromanga Basin (Great Artesian Basin),122,644,-23.75,142.25
6,Northern Eromanga Basin (Great Artesian Basin),122,645,-23.75,142.75
6,Northern Eromanga Basin (Great Artesian Basin),122,646,-23.75,143.25
6,Northern Eromanga Basin (Great Artesian Basin),122,647,-23.75,143.75
6,Northern Eromanga Basin (Great Artesian Basin),122,648,-23.75,144.25
6,Northern Eromanga Basin (Great Artesian Basin),122,649,-23.75,144.75
6,Northern Eromanga Basin (Great Artesian Basin),122,651,-23.75,145.75
6,Northern Eromanga Basin (Great Artesian Basin),123,637,-23.25,138.75
6,Northern Eromanga Basin (Great Artesian Basin),123,638,-23.25,139.25
6,Northern Eromanga Basin (Great Artesian Basin),123,639,-23.25,139.75
6,Northern Eromanga Basin (Great Artesian Basin),123,640,-23.25,140.25
6,Northern Eromanga Basin (Great Artesian Basin),123,641,-23.25,140.75
6,Northern Eromanga Basin (Great Artesian Basin),123,642,-23.25,141.25
6,Northern Eromanga Basin (Great Artesian Basin),123,643,-23.25,141.75
6,Northern Eromanga Basin (Great Artesian Basin),123,644,-23.25,142.25
6,Northern Eromanga Basin (Great Artesian Basin),123,645,-23.25,142.75
6,Northern Eromanga Basin (Great Artesian Basin),123,646,-23.25,143.25
6,Northern Eromanga Basin (Great Artesian Basin),123,647,-23.25,143.75
6,Northern Eromanga Basin (Great Artesian Basin),123,648,-23.25,144.25
6,Northern Eromanga Basin (Great Artesian Basin),123,649,-23.25,144.75
6,Northern Eromanga Basin (Great Artesian Basin),123,650,-23.25,145.25
6,Northern Eromanga Basin (Great Artesian Basin),123,651,-23.25,145.75
6,Northern Eromanga Basin (Great Artesian Basin),124,639,-22.75,139.75
6,Northern Eromanga Basin (Great Artesian Basin),124,640,-22.75,140.25
6,Northern Eromanga Basin (Great Artesian Basin),124,641,-22.75,140.75
6,Northern Eromanga Basin (Great Artesian Basin),124,642,-22.75,141.25
6,Northern Eromanga Basin (Great Artesian Basin),124,643,-22.75,141.75
6,Northern Eromanga Basin (Great Artesian Basin),124,644,-22.75,142.25
6,Northern Eromanga Basin (Great Artesian Basin),124,645,-22.75,142.75
6,Northern Eromanga Basin (Great Artesian Basin),124,646,-22.75,143.25
6,Northern Eromanga Basin (Great Artesian Basin),124,647,-22.75,143.75
6,Northern Eromanga Basin (Great Artesian Basin),124,648,-22.75,144.25
6,Northern Eromanga Basin (Great Artesian Basin),124,649,-22.75,144.75
6,Northern Eromanga Basin (Great Artesian Basin),124,650,-22.75,145.25
6,Northern Eromanga Basin (Great Artesian Basin),124,651,-22.75,145.75
6,Northern Eromanga Basin (Great Artesian Basin),125,638,-22.25,139.25
6,Northern Eromanga Basin (Great Artesian Basin),125,639,-22.25,139.75
6,Northern Eromanga Basin (Great Artesian Basin),125,641,-22.25,140.75
6,Northern Eromanga Basin (Great Artesian Basin),125,642,-22.25,141.25
6,Northern Eromanga Basin (Great Artesian Basin),125,643,-22.25,141.75
6,Northern Eromanga Basin (Great Artesian Basin),125,644,-22.25,142.25
6,Northern Eromanga Basin (Great Artesian Basin),125,645,-22.25,142.75
6,Northern Eromanga Basin (Great Artesian Basin),125,646,-22.25,143.25
6,Northern Eromanga Basin (Great Artesian Basin),125,647,-22.25,143.75
6,Northern Eromanga Basin (Great Artesian Basin),125,648,-22.25,144.25
6,Northern Eromanga Basin (Great Artesian Basin),125,649,-22.25,144.75
6,Northern Eromanga Basin (Great Artesian Basin),125,650,-22.25,145.25
6,Northern Eromanga Basin (Great Artesian Basin),126,642,-21.75,141.25
6,Northern Eromanga Basin (Great Artesian Basin),126,643,-21.75,141.75
6,Northern Eromanga Basin (Great Artesian Basin),126,644,-21.75,142.25
6,Northern Eromanga Basin (Great Artesian Basin),126,645,-21.75,142.75
6,Northern Eromanga Basin (Great Artesian Basin),126,646,-21.75,143.25
6,Northern Eromanga Basin (Great Artesian Basin),126,647,-21.75,143.75
6,Northern Eromanga Basin (Great Artesian Basin),126,648,-21.75,144.25
6,Northern Eromanga Basin (Great Artesian Basin),126,649,-21.75,144.75
6,Northern Eromanga Basin (Great Artesian Basin),126,650,-21.75,145.25
6,Northern Eromanga Basin (Great Artesian Basin),126,651,-21.75,145.75
6,Northern Eromanga Basin (Great Artesian Basin),127,642,-21.25,141.25
6,Northern Eromanga Basin (Great Artesian Basin),127,643,-21.25,141.75
6,Northern Eromanga Basin (Great Artesian Basin),127,644,-21.25,142.25
6,Northern Eromanga Basin (Great Artesian Basin),127,645,-21.25,142.75
6,Northern Eromanga Basin (Great Artesian Basin),127,646,-21.25,143.25
6,Northern Eromanga Basin (Great Artesian Basin),127,647,-21.25,143.75
6,Northern Eromanga Basin (Great Artesian Basin),127,648,-21.25,144.25
6,Northern Eromanga Basin (Great Artesian Basin),127,649,-21.25,144.75
6,Northern Eromanga Basin (Great Artesian Basin),127,650,-21.25,145.25
6,Northern Eromanga Basin (Great Artesian Basin),128,642,-20.75,141.25
6,Northern Eromanga Basin (Great Artesian Basin),128,643,-20.75,141.75
6,Northern Eromanga Basin (Great Artesian Basin),128,644,-20.75,142.25
6,Northern Eromanga Basin (Great Artesian Basin),128,645,-20.75,142.75
6,Northern Eromanga Basin (Great Artesian Basin),128,646,-20.75,143.25
6,Northern Eromanga Basin (Great Artesian Basin),128,647,-20.75,143.75
6,Northern Eromanga Basin (Great Artesian Basin),128,648,-20.75,144.25
6,Northern Eromanga Basin (Great Artesian Basin),128,649,-20.75,144.75
6,Northern Eromanga Basin (Great Artesian Basin),129,644,-20.25,142.25
6,Northern Eromanga Basin (Great Artesian Basin),129,645,-20.25,142.75
6,Northern Eromanga Basin (Great Artesian Basin),129,646,-20.25,143.25
6,Northern Eromanga Basin (Great Artesian Basin),129,647,-20.25,143.75
6,Northern Eromanga Basin (Great Artesian Basin),129,648,-20.25,144.25
6,Northern Eromanga Basin (Great Artesian Basin),130,645,-19.75,142.75
6,Northern Eromanga Basin (Great Artesian Basin),130,646,-19.75,143.25
6,Northern Eromanga Basin (Great Artesian Basin),130,647,-19.75,143.75
6,Northern Eromanga Basin (Great Artesian Basin),130,648,-19.75,144.25
6,Northern Eromanga Basin (Great Artesian Basin),131,646,-19.25,143.25
7,Northern High Plains (High Plains),248,153,39.25,-103.25
7,Northern High Plains (High Plains),248,154,39.25,-102.75
7,Northern High Plains (High Plains),248,155,39.25,-102.25
7,Northern High Plains (High Plains),248,156,39.25,-101.75
7,Northern High Plains (High Plains),248,157,39.25,-101.25
7,Northern High Plains (High Plains),248,158,39.25,-100.75
7,Northern High Plains (High Plains),248,159,39.25,-100.25
7,Northern High Plains (High Plains),248,160,39.25,-99.75
7,Northern High Plains (High Plains),248,161,39.25,-99.25
7,Northern High Plains (High Plains),249,153,39.75,-103.25
7,Northern High Plains (High Plains),249,154,39.75,-102.75
7,Northern High Plains (High Plains),249,155,39.75,-102.25
7,Northern High Plains (High Plains),249,156,39.75,-101.75
7,Northern High Plains (High Plains),249,157,39.75,-101.25
7,Northern High Plains (High Plains),249,158,39.75,-100.75
7,Northern High Plains (High Plains),249,159,39.75,-100.25
7,Northern High Plains (High Plains),249,160,39.75,-99.75
7,Northern High Plains (High Plains),250,153,40.25,-103.25
7,Northern High Plains (High Plains),250,154,40.25,-102.75
7,Northern High Plains (High Plains),250,155,40.25,-102.25
7,Northern High Plains (High Plains),250,156,40.25,-101.75
7,Northern High Plains (High Plains),250,157,40.25,-101.25
7,Northern High Plains (High Plains),250,158,40.25,-100.75
7,Northern High Plains (High Plains),250,159,40.25,-100.25
7,Northern High Plains (High Plains),250,160,40.25,-99.75
7,Northern High Plains (High Plains),250,161,40.25,-99.25
7,Northern High Plains (High Plains),250,162,40.25,-98.75
7,Northern High Plains (High Plains),250,163,40.25,-98.25
7,Northern High Plains (High Plains),250,164,40.25,-97.75
7,Northern High Plains (High Plains),250,165,40.25,-97.25
7,Northern High Plains (High Plains),251,152,40.75,-103.75
7,Northern High Plains (High Plains),251,154,40.75,-102.75
7,Northern High Plains (High Plains),251,155,40.75,-102.25
7,Northern High Plains (High Plains),251,156,40.75,-101.75
7,Northern High Plains (High Plains),251,157,40.75,-101.25
7,Northern High Plains (High Plains),251,158,40.75,-100.75
7,Northern High Plains (High Plains),251,159,40.75,-100.25
7,Northern High Plains (High Plains),251,160,40.75,-99.75
7,Northern High Plains (High Plains),251,161,40.75,-99.25
7,Northern High Plains (High Plains),251,162,40.75,-98.75
7,Northern High Plains (High Plains),251,163,40.75,-98.25
7,Northern High Plains (High Plains),251,164,40.75,-97.75
7,Northern High Plains (High Plains),251,165,40.75,-97.25
7,Northern High Plains (High Plains),252,150,41.25,-104.75
7,Northern High Plains (High Plains),252,151,41.25,-104.25
7,Northern High Plains (High Plains),252,152,41.25,-103.75
7,Northern High Plains (High Plains),252,153,41.25,-103.25
7,Northern High Plains (High Plains),252,154,41.25,-102.75
7,Northern High Plains (High Plains),252,155,41.25,-102.25
7,Northern High Plains (High Plains),252,156,41.25,-101.75
7,Northern High Plains (High Plains),252,157,41.25,-101.25
7,Northern High Plains (High Plains),252,158,41.25,-100.75
7,Northern High Plains (High Plains),252,159,41.25,-100.25
7,Northern High Plains (High Plains),252,160,41.25,-99.75
7,Northern High Plains (High Plains),252,161,41.25,-99.25
7,Northern High Plains (High Plains),252,162,41.25,-98.75
7,Northern High Plains (High Plains),252,163,41.25,-98.25
7,Northern High Plains (High Plains),252,164,41.25,-97.75
7,Northern High Plains (High Plains),252,165,41.25,-97.25
7,Northern High Plains (High Plains),253,150,41.75,-104.75
7,Northern High Plains (High Plains),253,151,41.75,-104.25
7,Northern High Plains (High Plains),253,152,41.75,-103.75
7,Northern High Plains (High Plains),253,153,41.75,-103.25
7,Northern High Plains (High Plains),253,154,41.75,-102.75
7,Northern High Plains (High Plains),253,155,41.75,-102.25
7,Northern High Plains (High Plains),253,156,41.75,-101.75
7,Northern High Plains (High Plains),253,157,41.75,-101.25
7,Northern High Plains (High Plains),253,158,41.75,-100.75
7,Northern High Plains (High Plains),253,159,41.75,-100.25
7,Northern High Plains (High Plains),253,160,41.75,-99.75
7,Northern High Plains (High Plains),253,161,41.75,-99.25
7,Northern High Plains (High Plains),253,162,41.75,-98.75
7,Northern High Plains (High Plains),253,163,41.75,-98.25
7,Northern High Plains (High Plains),253,164,41.75,-97.75
7,Northern High Plains (High Plains),253,165,41.75,-97.25
7,Northern High Plains (High Plains),253,166,41.75,-96.75
7,Northern High Plains (High Plains),254,150,42.25,-104.75
7,Northern High Plains (High Plains),254,151,42.25,-104.25
7,Northern High Plains (High Plains),254,152,42.25,-103.75
7,Northern High Plains (High Plains),254,153,42.25,-103.25
7,Northern High Plains (High Plains),254,154,42.25,-102.75
7,Northern High Plains (High Plains),254,155,42.25,-102.25
7,Northern High Plains (High Plains),254,156,42.25,-101.75
7,Northern High Plains (High Plains),254,157,42.25,-101.25
7,Northern High Plains (High Plains),254,158,42.25,-100.75
7,Northern High Plains (High Plains),254,159,42.25,-100.25
7,Northern High Plains (High Plains),254,160,42.25,-99.75
7,Northern High Plains (High Plains),254,161,42.25,-99.25
7,Northern High Plains (High Plains),254,162,42.25,-98.75
7,Northern High Plains (High Plains),254,163,42.25,-98.25
7,Northern High Plains (High Plains),254,164,42.25,-97.75
7,Northern High Plains (High Plains),254,165,42.25,-97.25
7,Northern High Plains (High Plains),255,150,42.75,-104.75
7,Northern High Plains (High Plains),255,151,42.75,-104.25
7,Northern High Plains (High Plains),255,152,42.75,-103.75
7,Northern High Plains (High Plains),255,154,42.75,-102.75
7,Northern High Plains (High Plains),255,155,42.75,-102.25
7,Northern High Plains (High Plains),255,156,42.75,-101.75
7,Northern High Plains (High Plains),255,157,42.75,-101.25
7,Northern High Plains (High Plains),255,158,42.75,-100.75
7,Northern High Plains (High Plains),255,159,42.75,-100.25
7,Northern High Plains (High Plains),255,160,42.75,-99.75
7,Northern High Plains (High Plains),255,161,42.75,-99.25
7,Northern High Plains (High Plains),255,162,42.75,-98.75
7,Northern High Plains (High Plains),256,154,43.25,-102.75
7,Northern High Plains (High Plains),256,155,43.25,-102.25
7,Northern High Plains (High Plains),256,156,43.25,-101.75
7,Northern High Plains (High Plains),256,157,43.25,-101.25
7,Northern High Plains (High Plains),256,158,43.25,-100.75
7,Northern High Plains (High Plains),256,159,43.25,-100.25
7,Northern High Plains (High Plains),256,160,43.25,-99.75
8,Williston Basin (Northern Great Plains),259,154,44.75,-102.75
8,Williston Basin (Northern Great Plains),259,155,44.75,-102.25
8,Williston Basin (Northern Great Plains),259,156,44.75,-101.75
8,Williston Basin (Northern Great Plains),260,152,45.25,-103.75
8,Williston Basin (Northern Great Plains),260,153,45.25,-103.25
8,Williston Basin (Northern Great Plains),260,154,45.25,-102.75
8,Williston Basin (Northern Great Plains),260,155,45.25,-102.25
8,Williston Basin (Northern Great Plains),260,156,45.25,-101.75
8,Williston Basin (Northern Great Plains),260,157,45.25,-101.25
8,Williston Basin (Northern Great Plains),261,150,45.75,-104.75
8,Williston Basin (Northern Great Plains),261,151,45.75,-104.25
8,Williston Basin (Northern Great Plains),261,152,45.75,-103.75
8,Williston Basin (Northern Great Plains),261,153,45.75,-103.25
8,Williston Basin (Northern Great Plains),261,154,45.75,-102.75
8,Williston Basin (Northern Great Plains),261,155,45.75,-102.25
8,Williston Basin (Northern Great Plains),261,156,45.75,-101.75
8,Williston Basin (Northern Great Plains),261,157,45.75,-101.25
8,Williston Basin (Northern Great Plains),262,148,46.25,-105.75
8,Williston Basin (Northern Great Plains),262,149,46.25,-105.25
8,Williston Basin (Northern Great Plains),262,150,46.25,-104.75
8,Williston Basin (Northern Great Plains),262,151,46.25,-104.25
8,Williston Basin (Northern Great Plains),262,152,46.25,-103.75
8,Williston Basin (Northern Great Plains),262,153,46.25,-103.25
8,Williston Basin (Northern Great Plains),262,154,46.25,-102.75
8,Williston Basin (Northern Great Plains),262,155,46.25,-102.25
8,Williston Basin (Northern Great Plains),262,156,46.25,-101.75
8,Williston Basin (Northern Great Plains),262,157,46.25,-101.25
8,Williston Basin (Northern Great Plains),262,158,46.25,-100.75
8,Williston Basin (Northern Great Plains),263,147,46.75,-106.25
8,Williston Basin (Northern Great Plains),263,148,46.75,-105.75
8,Williston Basin (Northern Great Plains),263,149,46.75,-105.25
8,Williston Basin (Northern Great Plains),263,150,46.75,-104.75
8,Williston Basin (Northern Great Plains),263,151,46.75,-104.25
8,Williston Basin (Northern Great Plains),263,152,46.75,-103.75
8,Williston Basin (Northern Great Plains),263,153,46.75,-103.25
8,Williston Basin (Northern Great Plains),263,154,46.75,-102.75
8,Williston Basin (Northern Great Plains),263,155,46.75,-102.25
8,Williston Basin (Northern Great Plains),263,156,46.75,-101.75
8,Williston Basin (Northern Great Plains),263,157,46.75,-101.25
8,Williston Basin (Northern Great Plains),263,158,46.75,-100.75
8,Williston Basin (Northern Great Plains),263,159,46.75,-100.25
8,Williston Basin (Northern Great Plains),264,144,47.25,-107.75
8,Williston Basin (Northern Great Plains),264,145,47.25,-107.25
8,Williston Basin (Northern Great Plains),264,146,47.25,-106.75
8,Williston Basin (Northern Great Plains),264,147,47.25,-106.25
8,Williston Basin (Northern Great Plains),264,148,47.25,-105.75
8,Williston Basin (Northern Great Plains),264,149,47.25,-105.25
8,Williston Basin (Northern Great Plains),264,150,47.25,-104.75
8,Williston Basin (Northern Great Plains),264,151,47.25,-104.25
8,Williston Basin (Northern Great Plains),264,152,47.25,-103.75
8,Williston Basin (Northern Great Plains),264,153,47.25,-103.25
8,Williston Basin (Northern Great Plains),264,154,47.25,-102.75
8,Williston Basin (Northern Great Plains),264,155,47.25,-102.25
8,Williston Basin (Northern Great Plains),264,156,47.25,-101.75
8,Williston Basin (Northern Great Plains),264,157,47.25,-101.25
8,Williston Basin (Northern Great Plains),264,158,47.25,-100.75
8,Williston Basin (Northern Great Plains),264,159,47.25,-100.25
8,Williston Basin (Northern Great Plains),264,160,47.25,-99.75
8,Williston Basin (Northern Great Plains),265,147,47.75,-106.25
8,Williston Basin (Northern Great Plains),265,148,47.75,-105.75
8,Williston Basin (Northern Great Plains),265,149,47.75,-105.25
8,Williston Basin (Northern Great Plains),265,150,47.75,-104.75
8,Williston Basin (Northern Great Plains),265,151,47.75,-104.25
8,Williston Basin (Northern Great Plains),265,152,47.75,-103.75
8,Williston Basin (Northern Great Plains),265,153,47.75,-103.25
8,Williston Basin (Northern Great Plains),265,154,47.75,-102.75
8,Williston Basin (Northern Great Plains),265,155,47.75,-102.25
8,Williston Basin (Northern Great Plains),265,156,47.75,-101.75
8,Williston Basin (Northern Great Plains),265,157,47.75,-101.25
8,Williston Basin (Northern Great Plains),265,158,47.75,-100.75
8,Williston Basin (Northern Great Plains),265,159,47.75,-100.25
8,Williston Basin (Northern Great Plains),265,160,47.75,-99.75
8,Williston Basin (Northern Great Plains),266,148,48.25,-105.75
8,Williston Basin (Northern Great Plains),266,149,48.25,-105.25
8,Williston Basin (Northern Great Plains),266,150,48.25,-104.75
8,Williston Basin (Northern Great Plains),266,151,48.25,-104.25
8,Williston Basin (Northern Great Plains),266,152,48.25,-103.75
8,Williston Basin (Northern Great Plains),266,153,48.25,-103.25
8,Williston Basin (Northern Great Plains),266,154,48.25,-102.75
8,Williston Basin (Northern Great Plains),266,155,48.25,-102.25
8,Williston Basin (Northern Great Plains),266,156,48.25,-101.75
8,Williston Basin (Northern Great Plains),266,157,48.25,-101.25
8,Williston Basin (Northern Great Plains),266,158,48.25,-100.75
8,Williston Basin (Northern Great Plains),266,159,48.25,-100.25
8,Williston Basin (Northern Great Plains),266,160,48.25,-99.75
8,Williston Basin (Northern Great Plains),267,147,48.75,-106.25
8,Williston Basin (Northern Great Plains),267,148,48.75,-105.75
8,Williston Basin (Northern Great Plains),267,149,48.75,-105.25
8,Williston Basin (Northern Great Plains),267,150,48.75,-104.75
8,Williston Basin (Northern Great Plains),267,151,48.75,-104.25
8,Williston Basin (Northern Great Plains),267,152,48.75,-103.75
8,Williston Basin (Northern Great Plains),267,153,48.75,-103.25
8,Williston Basin (Northern Great Plains),267,154,48.75,-102.75
8,Williston Basin (Northern Great Plains),267,155,48.75,-102.25
8,Williston Basin (Northern Great Plains),267,156,48.75,-101.75
8,Williston Basin (Northern Great Plains),267,157,48.75,-101.25
8,Williston Basin (Northern Great Plains),267,158,48.75,-100.75
8,Williston Basin (Northern Great Plains),267,159,48.75,-100.25
8,Williston Basin (Northern Great Plains),267,160,48.75,-99.75
8,Williston Basin (Northern Great Plains),268,146,49.25,-106.75
8,Williston Basin (Northern Great Plains),268,147,49.25,-106.25
8,Williston Basin (Northern Great Plains),268,148,49.25,-105.75
8,Williston Basin (Northern Great Plains),268,149,49.25,-105.25
8,Williston Basin (Northern Great Plains),268,150,49.25,-104.75
8,Williston Basin (Northern Great Plains),268,151,49.25,-104.25
8,Williston Basin (Northern Great Plains),268,152,49.25,-103.75
8,Williston Basin (Northern Great Plains),268,153,49.25,-103.25
8,Williston Basin (Northern Great Plains),268,154,49.25,-102.75
8,Williston Basin (Northern Great Plains),268,155,49.25,-102.25
8,Williston Basin (Northern Great Plains),268,156,49.25,-101.75
8,Williston Basin (Northern Great Plains),268,158,49.25,-100.75
8,Williston Basin (Northern Great Plains),268,159,49.25,-100.25
8,Williston Basin (Northern Great Plains),269,148,49.75,-105.75
8,Williston Basin (Northern Great Plains),269,149,49.75,-105.25
8,Williston Basin (Northern Great Plains),269,154,49.75,-102.75
8,Williston Basin (Northern Great Plains),269,155,49.75,-102.25
9,Central Eromanga Depocenter (Great Artesian Basin),110,640,-29.75,140.25
9,Central Eromanga Depocenter (Great Artesian Basin),111,640,-29.25,140.25
9,Central Eromanga Depocenter (Great Artesian Basin),111,641,-29.25,140.75
9,Central Eromanga Depocenter (Great Artesian Basin),111,642,-29.25,141.25
9,Central Eromanga Depocenter (Great Artesian Basin),111,643,-29.25,141.75
9,Central Eromanga Depocenter (Great Artesian Basin),112,638,-28.75,139.25
9,Central Eromanga Depocenter (Great Artesian Basin),112,639,-28.75,139.75
9,Central Eromanga Depocenter (Great Artesian Basin),112,640,-28.75,140.25
9,Central Eromanga Depocenter (Great Artesian Basin),112,641,-28.75,140.75
9,Central Eromanga Depocenter (Great Artesian Basin),112,642,-28.75,141.25
9,Central Eromanga Depocenter (Great Artesian Basin),112,643,-28.75,141.75
9,Central Eromanga Depocenter (Great Artesian Basin),113,638,-28.25,139.25
9,Central Eromanga Depocenter (Great Artesian Basin),113,639,-28.25,139.75
9,Central Eromanga Depocenter (Great Artesian Basin),113,640,-28.25,140.25
9,Central Eromanga Depocenter (Great Artesian Basin),113,641,-28.25,140.75
9,Central Eromanga Depocenter (Great Artesian Basin),113,642,-28.25,141.25
9,Central Eromanga Depocenter (Great Artesian Basin),113,643,-28.25,141.75
9,Central Eromanga Depocenter (Great Artesian Basin),114,639,-27.75,139.75
9,Central Eromanga Depocenter (Great Artesian Basin),114,640,-27.75,140.25
9,Central Eromanga Depocenter (Great Artesian Basin),114,641,-27.75,140.75
9,Central Eromanga Depocenter (Great Artesian Basin),114,642,-27.75,141.25
9,Central Eromanga Depocenter (Great Artesian Basin),114,643,-27.75,141.75
9,Central Eromanga Depocenter (Great Artesian Basin),114,644,-27.75,142.25
9,Central Eromanga Depocenter (Great Artesian Basin),114,645,-27.75,142.75
9,Central Eromanga Depocenter (Great Artesian Basin),115,639,-27.25,139.75
9,Central Eromanga Depocenter (Great Artesian Basin),115,640,-27.25,140.25
9,Central Eromanga Depocenter (Great Artesian Basin),115,641,-27.25,140.75
9,Central Eromanga Depocenter (Great Artesian Basin),115,642,-27.25,141.25
9,Central Eromanga Depocenter (Great Artesian Basin),115,643,-27.25,141.75
9,Central Eromanga Depocenter (Great Artesian Basin),115,644,-27.25,142.25
9,Central Eromanga Depocenter (Great Artesian Basin),115,645,-27.25,142.75
9,Central Eromanga Depocenter (Great Artesian Basin),116,639,-26.75,139.75
9,Central Eromanga Depocenter (Great Artesian Basin),116,640,-26.75,140.25
9,Central Eromanga Depocenter (Great Artesian Basin),116,641,-26.75,140.75
9,Central Eromanga Depocenter (Great Artesian Basin),116,642,-26.75,141.25
9,Central Eromanga Depocenter (Great Artesian Basin),116,643,-26.75,141.75
9,Central Eromanga Depocenter (Great Artesian Basin),116,644,-26.75,142.25
9,Central Eromanga Depocenter (Great Artesian Basin),116,645,-26.75,142.75
9,Central Eromanga Depocenter (Great Artesian Basin),116,646,-26.75,143.25
9,Central Eromanga Depocenter (Great Artesian Basin),117,639,-26.25,139.75
9,Central Eromanga Depocenter (Great Artesian Basin),117,640,-26.25,140.25
9,Central Eromanga Depocenter (Great Artesian Basin),117,641,-26.25,140.75
9,Central Eromanga Depocenter (Great Artesian Basin),117,642,-26.25,141.25
9,Central Eromanga Depocenter (Great Artesian Basin),117,643,-26.25,141.75
9,Central Eromanga Depocenter (Great Artesian Basin),117,644,-26.25,142.25
9,Central Eromanga Depocenter (Great Artesian Basin),117,645,-26.25,142.75
9,Central Eromanga Depocenter (Great Artesian Basin),117,646,-26.25,143.25
9,Central Eromanga Depocenter (Great Artesian Basin),117,647,-26.25,143.75
9,Central Eromanga Depocenter (Great Artesian Basin),118,639,-25.75,139.75
9,Central Eromanga Depocenter (Great Artesian Basin),118,640,-25.75,140.25
9,Central Eromanga Depocenter (Great Artesian Basin),118,641,-25.75,140.75
9,Central Eromanga Depocenter (Great Artesian Basin),118,642,-25.75,141.25
9,Central Eromanga Depocenter (Great Artesian Basin),118,643,-25.75,141.75
9,Central Eromanga Depocenter (Great Artesian Basin),118,644,-25.75,142.25
9,Central Eromanga Depocenter (Great Artesian Basin),118,645,-25.75,142.75
9,Central Eromanga Depocenter (Great Artesian Basin),118,646,-25.75,143.25
9,Central Eromanga Depocenter (Great Artesian Basin),118,647,-25.75,143.75
9,Central Eromanga Depocenter (Great Artesian Basin),119,639,-25.25,139.75
9,Central Eromanga Depocenter (Great Artesian Basin),119,640,-25.25,140.25
9,Central Eromanga Depocenter (Great Artesian Basin),119,641,-25.25,140.75
9,Central Eromanga Depocenter (Great Artesian Basin),119,642,-25.25,141.25
9,Central Eromanga Depocenter (Great Artesian Basin),119,643,-25.25,141.75
9,Central Eromanga Depocenter (Great Artesian Basin),119,644,-25.25,142.25
9,Central Eromanga Depocenter (Great Artesian Basin),119,645,-25.25,142.75
9,Central Eromanga Depocenter (Great Artesian Basin),119,646,-25.25,143.25
9,Central Eromanga Depocenter (Great Artesian Basin),119,647,-25.25,143.75
9,Central Eromanga Depocenter (Great Artesian Basin),120,639,-24.75,139.75
9,Central Eromanga Depocenter (Great Artesian Basin),120,640,-24.75,140.25
9,Central Eromanga Depocenter (Great Artesian Basin),120,641,-24.75,140.75
9,Central Eromanga Depocenter (Great Artesian Basin),120,642,-24.75,141.25
9,Central Eromanga Depocenter (Great Artesian Basin),120,643,-24.75,141.75
9,Central Eromanga Depocenter (Great Artesian Basin),120,644,-24.75,142.25
9,Central Eromanga Depocenter (Great Artesian Basin),120,645,-24.75,142.75
9,Central Eromanga Depocenter (Great Artesian Basin),120,646,-24.75,143.25
9,Central Eromanga Depocenter (Great Artesian Basin),120,647,-24.75,143.75
9,Central Eromanga Depocenter (Great Artesian Basin),121,642,-24.25,141.25
9,Central Eromanga Depocenter (Great Artesian Basin),121,646,-24.25,143.25
9,Central Eromanga Depocenter (Great Artesian Basin),121,647,-24.25,143.75
10,Western Parecis Basin (Parecis Basin),140,241,-14.75,-59.25
10,Western Parecis Basin (Parecis Basin),140,242,-14.75,-58.75
10,Western Parecis Basin (Parecis Basin),140,243,-14.75,-58.25
10,Western Parecis Basin (Parecis Basin),141,241,-14.25,-59.25
10,Western Parecis Basin (Parecis Basin),141,242,-14.25,-58.75
10,Western Parecis Basin (Parecis Basin),141,243,-14.25,-58.25
10,Western Parecis Basin (Parecis Basin),141,244,-14.25,-57.75
10,Western Parecis Basin (Parecis Basin),141,245,-14.25,-57.25
10,Western Parecis Basin (Parecis Basin),141,246,-14.25,-56.75
10,Western Parecis Basin (Parecis Basin),142,240,-13.75,-59.75
10,Western Parecis Basin (Parecis Basin),142,241,-13.75,-59.25
10,Western Parecis Basin (Parecis Basin),142,242,-13.75,-58.75
10,Western Parecis Basin (Parecis Basin),142,243,-13.75,-58.25
10,Western Parecis Basin (Parecis Basin),142,244,-13.75,-57.75
10,Western Parecis Basin (Parecis Basin),142,245,-13.75,-57.25
10,Western Parecis Basin (Parecis Basin),142,246,-13.75,-56.75
10,Western Parecis Basin (Parecis Basin),142,247,-13.75,-56.25
10,Western Parecis Basin (Parecis Basin),142,248,-13.75,-55.75
10,Western Parecis Basin (Parecis Basin),142,249,-13.75,-55.25
10,Western Parecis Basin (Parecis Basin),142,250,-13.75,-54.75
10,Western Parecis Basin (Parecis Basin),142,251,-13.75,-54.25
10,Western Parecis Basin (Parecis Basin),143,240,-13.25,-59.75
10,Western Parecis Basin (Parecis Basin),143,241,-13.25,-59.25
10,Western Parecis Basin (Parecis Basin),143,242,-13.25,-58.75
10,Western Parecis Basin (Parecis Basin),143,243,-13.25,-58.25
10,Western Parecis Basin (Parecis Basin),143,244,-13.25,-57.75
10,Western Parecis Basin (Parecis Basin),143,245,-13.25,-57.25
10,Western Parecis Basin (Parecis Basin),143,246,-13.25,-56.75
10,Western Parecis Basin (Parecis Basin),143,247,-13.25,-56.25
10,Western Parecis Basin (Parecis Basin),143,248,-13.25,-55.75
10,Western Parecis Basin (Parecis Basin),143,249,-13.25,-55.25
10,Western Parecis Basin (Parecis Basin),144,238,-12.75,-60.75
10,Western Parecis Basin (Parecis Basin),144,239,-12.75,-60.25
10,Western Parecis Basin (Parecis Basin),144,240,-12.75,-59.75
10,Western Parecis Basin (Parecis Basin),144,241,-12.75,-59.25
10,Western Parecis Basin (Parecis Basin),144,242,-12.75,-58.75
10,Western Parecis Basin (Parecis Basin),144,243,-12.75,-58.25
10,Western Parecis Basin (Parecis Basin),144,244,-12.75,-57.75
10,Western Parecis Basin (Parecis Basin),144,245,-12.75,-57.25
10,Western Parecis Basin (Parecis Basin),144,246,-12.75,-56.75
10,Western Parecis Basin (Parecis Basin),144,247,-12.75,-56.25
10,Western Parecis Basin (Parecis Basin),144,248,-12.75,-55.75
10,Western Parecis Basin (Parecis Basin),144,249,-12.75,-55.25
10,Western Parecis Basin (Parecis Basin),145,235,-12.25,-62.25
10,Western Parecis Basin (Parecis Basin),145,236,-12.25,-61.75
10,Western Parecis Basin (Parecis Basin),145,237,-12.25,-61.25
10,Western Parecis Basin (Parecis Basin),145,238,-12.25,-60.75
10,Western Parecis Basin (Parecis Basin),145,239,-12.25,-60.25
10,Western Parecis Basin (Parecis Basin),145,240,-12.25,-59.75
10,Western Parecis Basin (Parecis Basin),145,241,-12.25,-59.25
10,Western Parecis Basin (Parecis Basin),145,242,-12.25,-58.75
10,Western Parecis Basin (Parecis Basin),145,243,-12.25,-58.25
10,Western Parecis Basin (Parecis Basin),145,244,-12.25,-57.75
10,Western Parecis Basin (Parecis Basin),145,245,-12.25,-57.25
10,Western Parecis Basin (Parecis Basin),145,246,-12.25,-56.75
10,Western Parecis Basin (Parecis Basin),145,247,-12.25,-56.25
10,Western Parecis Basin (Parecis Basin),145,248,-12.25,-55.75
10,Western Parecis Basin (Parecis Basin),145,249,-12.25,-55.25
10,Western Parecis Basin (Parecis Basin),146,237,-11.75,-61.25
10,Western Parecis Basin (Parecis Basin),146,238,-11.75,-60.75
10,Western Parecis Basin (Parecis Basin),146,239,-11.75,-60.25
10,Western Parecis Basin (Parecis Basin),146,240,-11.75,-59.75
10,Western Parecis Basin (Parecis Basin),146,241,-11.75,-59.25
10,Western Parecis Basin (Parecis Basin),146,242,-11.75,-58.75
10,Western Parecis Basin (Parecis Basin),146,243,-11.75,-58.25
10,Western Parecis Basin (Parecis Basin),146,244,-11.75,-57.75
10,Western Parecis Basin (Parecis Basin),146,245,-11.75,-57.25
10,Western Parecis Basin (Parecis Basin),146,246,-11.75,-56.75
10,Western Parecis Basin (Parecis Basin),146,247,-11.75,-56.25
10,Western Parecis Basin (Parecis Basin),146,248,-11.75,-55.75
10,Western Parecis Basin (Parecis Basin),147,235,-11.25,-62.25
11,Upper Gangetic Plain (Indo-Gangetic Plain),220,520,25.25,80.25
11,Upper Gangetic Plain (Indo-Gangetic Plain),220,521,25.25,80.75
11,Upper Gangetic Plain (Indo-Gangetic Plain),220,523,25.25,81.75
11,Upper Gangetic Plain (Indo-Gangetic Plain),220,524,25.25,82.25
11,Upper Gangetic Plain (Indo-Gangetic Plain),221,516,25.75,78.25
11,Upper Gangetic Plain (Indo-Gangetic Plain),221,518,25.75,79.25
11,Upper Gangetic Plain (Indo-Gangetic Plain),221,519,25.75,79.75
11,Upper Gangetic Plain (Indo-Gangetic Plain),221,520,25.75,80.25
11,Upper Gangetic Plain (Indo-Gangetic Plain),221,521,25.75,80.75
11,Upper Gangetic Plain (Indo-Gangetic Plain),221,522,25.75,81.25
11,Upper Gangetic Plain (Indo-Gangetic Plain),221,523,25.75,81.75
11,Upper Gangetic Plain (Indo-Gangetic Plain),221,524,25.75,82.25
11,Upper Gangetic Plain (Indo-Gangetic Plain),222,514,26.25,77.25
11,Upper Gangetic Plain (Indo-Gangetic Plain),222,516,26.25,78.25
11,Upper Gangetic Plain (Indo-Gangetic Plain),222,517,26.25,78.75
11,Upper Gangetic Plain (Indo-Gangetic Plain),222,518,26.25,79.25
11,Upper Gangetic Plain (Indo-Gangetic Plain),222,519,26.25,79.75
11,Upper Gangetic Plain (Indo-Gangetic Plain),222,520,26.25,80.25
11,Upper Gangetic Plain (Indo-Gangetic Plain),222,521,26.25,80.75
11,Upper Gangetic Plain (Indo-Gangetic Plain),222,522,26.25,81.25
11,Upper Gangetic Plain (Indo-Gangetic Plain),222,523,26.25,81.75
11,Upper Gangetic Plain (Indo-Gangetic Plain),222,524,26.25,82.25
11,Upper Gangetic Plain (Indo-Gangetic Plain),222,525,26.25,82.75
11,Upper Gangetic Plain (Indo-Gangetic Plain),223,515,26.75,77.75
11,Upper Gangetic Plain (Indo-Gangetic Plain),223,516,26.75,78.25
11,Upper Gangetic Plain (Indo-Gangetic Plain),223,517,26.75,78.75
11,Upper Gangetic Plain (Indo-Gangetic Plain),223,518,26.75,79.25
11,Upper Gangetic Plain (Indo-Gangetic Plain),223,519,26.75,79.75
11,Upper Gangetic Plain (Indo-Gangetic Plain),223,520,26.75,80.25
11,Upper Gangetic Plain (Indo-Gangetic Plain),223,521,26.75,80.75
11,Upper Gangetic Plain (Indo-Gangetic Plain),223,522,26.75,81.25
11,Upper Gangetic Plain (Indo-Gangetic Plain),223,523,26.75,81.75
11,Upper Gangetic Plain (Indo-Gangetic Plain),223,524,26.75,82.25
11,Upper Gangetic Plain (Indo-Gangetic Plain),224,514,27.25,77.25
11,Upper Gangetic Plain (Indo-Gangetic Plain),224,515,27.25,77.75
11,Upper Gangetic Plain (Indo-Gangetic Plain),224,516,27.25,78.25
11,Upper Gangetic Plain (Indo-Gangetic Plain),224,517,27.25,78.75
11,Upper Gangetic Plain (Indo-Gangetic Plain),224,518,27.25,79.25
11,Upper Gangetic Plain (Indo-Gangetic Plain),224,519,27.25,79.75
11,Upper Gangetic Plain (Indo-Gangetic Plain),224,520,27.25,80.25
11,Upper Gangetic Plain (Indo-Gangetic Plain),224,521,27.25,80.75
11,Upper Gangetic Plain (Indo-Gangetic Plain),224,522,27.25,81.25
11,Upper Gangetic Plain (Indo-Gangetic Plain),224,523,27.25,81.75
11,Upper Gangetic Plain (Indo-Gangetic Plain),225,514,27.75,77.25
11,Upper Gangetic Plain (Indo-Gangetic Plain),225,515,27.75,77.75
11,Upper Gangetic Plain (Indo-Gangetic Plain),225,516,27.75,78.25
11,Upper Gangetic Plain (Indo-Gangetic Plain),225,517,27.75,78.75
11,Upper Gangetic Plain (Indo-Gangetic Plain),225,518,27.75,79.25
11,Upper Gangetic Plain (Indo-Gangetic Plain),225,519,27.75,79.75
11,Upper Gangetic Plain (Indo-Gangetic Plain),225,520,27.75,80.25
11,Upper Gangetic Plain (Indo-Gangetic Plain),225,521,27.75,80.75
11,Upper Gangetic Plain (Indo-Gangetic Plain),225,522,27.75,81.25
11,Upper Gangetic Plain (Indo-Gangetic Plain),226,515,28.25,77.75
11,Upper Gangetic Plain (Indo-Gangetic Plain),226,516,28.25,78.25
11,Upper Gangetic Plain (Indo-Gangetic Plain),226,517,28.25,78.75
11,Upper Gangetic Plain (Indo-Gangetic Plain),226,518,28.25,79.25
11,Upper Gangetic Plain (Indo-Gangetic Plain),226,519,28.25,79.75
11,Upper Gangetic Plain (Indo-Gangetic Plain),226,520,28.25,80.25
11,Upper Gangetic Plain (Indo-Gangetic Plain),226,521,28.25,80.75
11,Upper Gangetic Plain (Indo-Gangetic Plain),226,522,28.25,81.25
11,Upper Gangetic Plain (Indo-Gangetic Plain),227,515,28.75,77.75
11,Upper Gangetic Plain (Indo-Gangetic Plain),227,516,28.75,78.25
11,Upper Gangetic Plain (Indo-Gangetic Plain),227,517,28.75,78.75
11,Upper Gangetic Plain (Indo-Gangetic Plain),227,518,28.75,79.25
11,Upper Gangetic Plain (Indo-Gangetic Plain),227,519,28.75,79.75
11,Upper Gangetic Plain (Indo-Gangetic Plain),227,520,28.75,80.25
11,Upper Gangetic Plain (Indo-Gangetic Plain),227,521,28.75,80.75
11,Upper Gangetic Plain (Indo-Gangetic Plain),228,515,29.25,77.75
11,Upper Gangetic Plain (Indo-Gangetic Plain),228,516,29.25,78.25
11,Upper Gangetic Plain (Indo-Gangetic Plain),228,517,29.25,78.75
11,Upper Gangetic Plain (Indo-Gangetic Plain),228,518,29.25,79.25
11,Upper Gangetic Plain (Indo-Gangetic Plain),229,515,29.75,77.75
11,Upper Gangetic Plain (Indo-Gangetic Plain),229,516,29.75,78.25
12,Stampriet Kalahari Karoo Aquifer System,115,399,-27.25,19.75
12,Stampriet Kalahari Karoo Aquifer System,115,400,-27.25,20.25
12,Stampriet Kalahari Karoo Aquifer System,116,398,-26.75,19.25
12,Stampriet Kalahari Karoo Aquifer System,116,399,-26.75,19.75
12,Stampriet Kalahari Karoo Aquifer System,116,400,-26.75,20.25
12,Stampriet Kalahari Karoo Aquifer System,116,401,-26.75,20.75
12,Stampriet Kalahari Karoo Aquifer System,117,397,-26.25,18.75
12,Stampriet Kalahari Karoo Aquifer System,117,398,-26.25,19.25
12,Stampriet Kalahari Karoo Aquifer System,117,399,-26.25,19.75
12,Stampriet Kalahari Karoo Aquifer System,117,400,-26.25,20.25
12,Stampriet Kalahari Karoo Aquifer System,117,401,-26.25,20.75
12,Stampriet Kalahari Karoo Aquifer System,117,402,-26.25,21.25
12,Stampriet Kalahari Karoo Aquifer System,118,397,-25.75,18.75
12,Stampriet Kalahari Karoo Aquifer System,118,398,-25.75,19.25
12,Stampriet Kalahari Karoo Aquifer System,118,399,-25.75,19.75
12,Stampriet Kalahari Karoo Aquifer System,118,400,-25.75,20.25
12,Stampriet Kalahari Karoo Aquifer System,118,401,-25.75,20.75
12,Stampriet Kalahari Karoo Aquifer System,118,402,-25.75,21.25
12,Stampriet Kalahari Karoo Aquifer System,118,403,-25.75,21.75
12,Stampriet Kalahari Karoo Aquifer System,119,396,-25.25,18.25
12,Stampriet Kalahari Karoo Aquifer System,119,397,-25.25,18.75
12,Stampriet Kalahari Karoo Aquifer System,119,398,-25.25,19.25
12,Stampriet Kalahari Karoo Aquifer System,119,399,-25.25,19.75
12,Stampriet Kalahari Karoo Aquifer System,119,400,-25.25,20.25
12,Stampriet Kalahari Karoo Aquifer System,119,401,-25.25,20.75
12,Stampriet Kalahari Karoo Aquifer System,119,402,-25.25,21.25
12,Stampriet Kalahari Karoo Aquifer System,119,403,-25.25,21.75
12,Stampriet Kalahari Karoo Aquifer System,120,396,-24.75,18.25
12,Stampriet Kalahari Karoo Aquifer System,120,397,-24.75,18.75
12,Stampriet Kalahari Karoo Aquifer System,120,398,-24.75,19.25
12,Stampriet Kalahari Karoo Aquifer System,120,399,-24.75,19.75
12,Stampriet Kalahari Karoo Aquifer System,120,400,-24.75,20.25
12,Stampriet Kalahari Karoo Aquifer System,120,401,-24.75,20.75
12,Stampriet Kalahari Karoo Aquifer System,120,402,-24.75,21.25
12,Stampriet Kalahari Karoo Aquifer System,120,403,-24.75,21.75
12,Stampriet Kalahari Karoo Aquifer System,121,395,-24.25,17.75
12,Stampriet Kalahari Karoo Aquifer System,121,396,-24.25,18.25
12,Stampriet Kalahari Karoo Aquifer System,121,397,-24.25,18.75
12,Stampriet Kalahari Karoo Aquifer System,121,398,-24.25,19.25
12,Stampriet Kalahari Karoo Aquifer System,121,399,-24.25,19.75
12,Stampriet Kalahari Karoo Aquifer System,121,400,-24.25,20.25
12,Stampriet Kalahari Karoo Aquifer System,121,401,-24.25,20.75
12,Stampriet Kalahari Karoo Aquifer System,121,402,-24.25,21.25
12,Stampriet Kalahari Karoo Aquifer System,121,403,-24.25,21.75
12,Stampriet Kalahari Karoo Aquifer System,122,394,-23.75,17.25
12,Stampriet Kalahari Karoo Aquifer System,122,395,-23.75,17.75
12,Stampriet Kalahari Karoo Aquifer System,122,396,-23.75,18.25
12,Stampriet Kalahari Karoo Aquifer System,122,397,-23.75,18.75
12,Stampriet Kalahari Karoo Aquifer System,122,398,-23.75,19.25
12,Stampriet Kalahari Karoo Aquifer System,122,399,-23.75,19.75
12,Stampriet Kalahari Karoo Aquifer System,122,400,-23.75,20.25
12,Stampriet Kalahari Karoo Aquifer System,122,401,-23.75,20.75
12,Stampriet Kalahari Karoo Aquifer System,123,393,-23.25,16.75
12,Stampriet Kalahari Karoo Aquifer System,123,394,-23.25,17.25
12,Stampriet Kalahari Karoo Aquifer System,123,395,-23.25,17.75
12,Stampriet Kalahari Karoo Aquifer System,123,396,-23.25,18.25
12,Stampriet Kalahari Karoo Aquifer System,123,397,-23.25,18.75
12,Stampriet Kalahari Karoo Aquifer System,123,398,-23.25,19.25
12,Stampriet Kalahari Karoo Aquifer System,123,399,-23.25,19.75
12,Stampriet Kalahari Karoo Aquifer System,123,400,-23.25,20.25
12,Stampriet Kalahari Karoo Aquifer System,124,394,-22.75,17.25
12,Stampriet Kalahari Karoo Aquifer System,124,395,-22.75,17.75
12,Stampriet Kalahari Karoo Aquifer System,124,396,-22.75,18.25
12,Stampriet Kalahari Karoo Aquifer System,124,397,-22.75,18.75
12,Stampriet Kalahari Karoo Aquifer System,124,398,-22.75,19.25
12,Stampriet Kalahari Karoo Aquifer System,124,399,-22.75,19.75
12,Stampriet Kalahari Karoo Aquifer System,124,400,-22.75,20.25
12,Stampriet Kalahari Karoo Aquifer System,125,394,-22.25,17.25
12,Stampriet Kalahari Karoo Aquifer System,125,395,-22.25,17.75
12,Stampriet Kalahari Karoo Aquifer System,125,396,-22.25,18.25
12,Stampriet Kalahari Karoo Aquifer System,125,397,-22.25,18.75
12,Stampriet Kalahari Karoo Aquifer System,126,395,-21.75,17.75
12,Stampriet Kalahari Karoo Aquifer System,126,396,-21.75,18.25
13,Northcentral Mega Aquifer System (Mega Aquifer System),221,454,25.75,47.25
13,Northcentral Mega Aquifer System (Mega Aquifer System),221,455,25.75,47.75
13,Northcentral Mega Aquifer System (Mega Aquifer System),221,456,25.75,48.25
13,Northcentral Mega Aquifer System (Mega Aquifer System),222,453,26.25,46.75
13,Northcentral Mega Aquifer System (Mega Aquifer System),222,454,26.25,47.25
13,Northcentral Mega Aquifer System (Mega Aquifer System),222,455,26.25,47.75
13,Northcentral Mega Aquifer System (Mega Aquifer System),222,456,26.25,48.25
13,Northcentral Mega Aquifer System (Mega Aquifer System),222,457,26.25,48.75
13,Northcentral Mega Aquifer System (Mega Aquifer System),222,458,26.25,49.25
13,Northcentral Mega Aquifer System (Mega Aquifer System),222,459,26.25,49.75
13,Northcentral Mega Aquifer System (Mega Aquifer System),222,460,26.25,50.25
13,Northcentral Mega Aquifer System (Mega Aquifer System),223,451,26.75,45.75
13,Northcentral Mega Aquifer System (Mega Aquifer System),223,452,26.75,46.25
13,Northcentral Mega Aquifer System (Mega Aquifer System),223,453,26.75,46.75
13,Northcentral Mega Aquifer System (Mega Aquifer System),223,454,26.75,47.25
13,Northcentral Mega Aquifer System (Mega Aquifer System),223,455,26.75,47.75
13,Northcentral Mega Aquifer System (Mega Aquifer System),223,456,26.75,48.25
13,Northcentral Mega Aquifer System (Mega Aquifer System),223,457,26.75,48.75
13,Northcentral Mega Aquifer System (Mega Aquifer System),223,458,26.75,49.25
13,Northcentral Mega Aquifer System (Mega Aquifer System),223,459,26.75,49.75
13,Northcentral Mega Aquifer System (Mega Aquifer System),224,451,27.25,45.75
13,Northcentral Mega Aquifer System (Mega Aquifer System),224,452,27.25,46.25
13,Northcentral Mega Aquifer System (Mega Aquifer System),224,453,27.25,46.75
13,Northcentral Mega Aquifer System (Mega Aquifer System),224,454,27.25,47.25
13,Northcentral Mega Aquifer System (Mega Aquifer System),224,455,27.25,47.75
13,Northcentral Mega Aquifer System (Mega Aquifer System),224,456,27.25,48.25
13,Northcentral Mega Aquifer System (Mega Aquifer System),224,457,27.25,48.75
13,Northcentral Mega Aquifer System (Mega Aquifer System),224,458,27.25,49.25
13,Northcentral Mega Aquifer System (Mega Aquifer System),225,450,27.75,45.25
13,Northcentral Mega Aquifer System (Mega Aquifer System),225,451,27.75,45.75
13,Northcentral Mega Aquifer System (Mega Aquifer System),225,452,27.75,46.25
13,Northcentral Mega Aquifer System (Mega Aquifer System),225,453,27.75,46.75
13,Northcentral Mega Aquifer System (Mega Aquifer System),225,454,27.75,47.25
13,Northcentral Mega Aquifer System (Mega Aquifer System),225,455,27.75,47.75
13,Northcentral Mega Aquifer System (Mega Aquifer System),225,456,27.75,48.25
13,Northcentral Mega Aquifer System (Mega Aquifer System),225,457,27.75,48.75
13,Northcentral Mega Aquifer System (Mega Aquifer System),226,450,28.25,45.25
13,Northcentral Mega Aquifer System (Mega Aquifer System),226,451,28.25,45.75
13,Northcentral Mega Aquifer System (Mega Aquifer System),226,452,28.25,46.25
13,Northcentral Mega Aquifer System (Mega Aquifer System),226,453,28.25,46.75
13,Northcentral Mega Aquifer System (Mega Aquifer System),226,454,28.25,47.25
13,Northcentral Mega Aquifer System (Mega Aquifer System),226,455,28.25,47.75
13,Northcentral Mega Aquifer System (Mega Aquifer System),226,456,28.25,48.25
13,Northcentral Mega Aquifer System (Mega Aquifer System),227,450,28.75,45.25
13,Northcentral Mega Aquifer System (Mega Aquifer System),227,451,28.75,45.75
13,Northcentral Mega Aquifer System (Mega Aquifer System),227,452,28.75,46.25
13,Northcentral Mega Aquifer System (Mega Aquifer System),227,453,28.75,46.75
13,Northcentral Mega Aquifer System (Mega Aquifer System),227,454,28.75,47.25
13,Northcentral Mega Aquifer System (Mega Aquifer System),227,455,28.75,47.75
13,Northcentral Mega Aquifer System (Mega Aquifer System),227,456,28.75,48.25
13,Northcentral Mega Aquifer System (Mega Aquifer System),228,451,29.25,45.75
13,Northcentral Mega Aquifer System (Mega Aquifer System),228,452,29.25,46.25
13,Northcentral Mega Aquifer System (Mega Aquifer System),228,453,29.25,46.75
13,Northcentral Mega Aquifer System (Mega Aquifer System),228,454,29.25,47.25
13,Northcentral Mega Aquifer System (Mega Aquifer System),228,455,29.25,47.75
13,Northcentral Mega Aquifer System (Mega Aquifer System),229,451,29.75,45.75
13,Northcentral Mega Aquifer System (Mega Aquifer System),229,452,29.75,46.25
13,Northcentral Mega Aquifer System (Mega Aquifer System),229,453,29.75,46.75
13,Northcentral Mega Aquifer System (Mega Aquifer System),229,454,29.75,47.25
13,Northcentral Mega Aquifer System (Mega Aquifer System),229,455,29.75,47.75
13,Northcentral Mega Aquifer System (Mega Aquifer System),230,451,30.25,45.75
13,Northcentral Mega Aquifer System (Mega Aquifer System),230,452,30.25,46.25
13,Northcentral Mega Aquifer System (Mega Aquifer System),230,453,30.25,46.75
13,Northcentral Mega Aquifer System (Mega Aquifer System),230,454,30.25,47.25
13,Northcentral Mega Aquifer System (Mega Aquifer System),230,455,30.25,47.75
14,Ozark Plateaus Aquifer System,240,174,35.25,-92.75
14,Ozark Plateaus Aquifer System,240,175,35.25,-92.25
14,Ozark Plateaus Aquifer System,240,176,35.25,-91.75
14,Ozark Plateaus Aquifer System,241,169,35.75,-95.25
14,Ozark Plateaus Aquifer System,241,170,35.75,-94.75
14,Ozark Plateaus Aquifer System,241,171,35.75,-94.25
14,Ozark Plateaus Aquifer System,241,172,35.75,-93.75
14,Ozark Plateaus Aquifer System,241,173,35.75,-93.25
14,Ozark Plateaus Aquifer System,241,174,35.75,-92.75
14,Ozark Plateaus Aquifer System,241,175,35.75,-92.25
14,Ozark Plateaus Aquifer System,241,176,35.75,-91.75
14,Ozark Plateaus Aquifer System,242,169,36.25,-95.25
14,Ozark Plateaus Aquifer System,242,170,36.25,-94.75
14,Ozark Plateaus Aquifer System,242,171,36.25,-94.25
14,Ozark Plateaus Aquifer System,242,172,36.25,-93.75
14,Ozark Plateaus Aquifer System,242,173,36.25,-93.25
14,Ozark Plateaus Aquifer System,242,174,36.25,-92.75
14,Ozark Plateaus Aquifer System,242,175,36.25,-92.25
14,Ozark Plateaus Aquifer System,242,176,36.25,-91.75
14,Ozark Plateaus Aquifer System,242,177,36.25,-91.25
14,Ozark Plateaus Aquifer System,243,169,36.75,-95.25
14,Ozark Plateaus Aquifer System,243,170,36.75,-94.75
14,Ozark Plateaus Aquifer System,243,171,36.75,-94.25
14,Ozark Plateaus Aquifer System,243,172,36.75,-93.75
14,Ozark Plateaus Aquifer System,243,173,36.75,-93.25
14,Ozark Plateaus Aquifer System,243,174,36.75,-92.75
14,Ozark Plateaus Aquifer System,243,175,36.75,-92.25
14,Ozark Plateaus Aquifer System,243,176,36.75,-91.75
14,Ozark Plateaus Aquifer System,243,177,36.75,-91.25
14,Ozark Plateaus Aquifer System,243,178,36.75,-90.75
14,Ozark Plateaus Aquifer System,244,169,37.25,-95.25
14,Ozark Plateaus Aquifer System,244,170,37.25,-94.75
14,Ozark Plateaus Aquifer System,244,171,37.25,-94.25
14,Ozark Plateaus Aquifer System,244,172,37.25,-93.75
14,Ozark Plateaus Aquifer System,244,173,37.25,-93.25
14,Ozark Plateaus Aquifer System,244,174,37.25,-92.75
14,Ozark Plateaus Aquifer System,244,175,37.25,-92.25
14,Ozark Plateaus Aquifer System,244,176,37.25,-91.75
14,Ozark Plateaus Aquifer System,244,177,37.25,-91.25
14,Ozark Plateaus Aquifer System,244,178,37.25,-90.75
14,Ozark Plateaus Aquifer System,244,179,37.25,-90.25
14,Ozark Plateaus Aquifer System,244,180,37.25,-89.75
14,Ozark Plateaus Aquifer System,245,169,37.75,-95.25
14,Ozark Plateaus Aquifer System,245,170,37.75,-94.75
14,Ozark Plateaus Aquifer System,245,171,37.75,-94.25
14,Ozark Plateaus Aquifer System,245,172,37.75,-93.75
14,Ozark Plateaus Aquifer System,245,173,37.75,-93.25
14,Ozark Plateaus Aquifer System,245,174,37.75,-92.75
14,Ozark Plateaus Aquifer System,245,175,37.75,-92.25
14,Ozark Plateaus Aquifer System,245,176,37.75,-91.75
14,Ozark Plateaus Aquifer System,245,177,37.75,-91.25
14,Ozark Plateaus Aquifer System,245,178,37.75,-90.75
14,Ozark Plateaus Aquifer System,245,179,37.75,-90.25
14,Ozark Plateaus Aquifer System,245,180,37.75,-89.75
14,Ozark Plateaus Aquifer System,246,170,38.25,-94.75
14,Ozark Plateaus Aquifer System,246,171,38.25,-94.25
14,Ozark Plateaus Aquifer System,246,172,38.25,-93.75
14,Ozark Plateaus Aquifer System,246,173,38.25,-93.25
14,Ozark Plateaus Aquifer System,246,174,38.25,-92.75
14,Ozark Plateaus Aquifer System,246,175,38.25,-92.25
14,Ozark Plateaus Aquifer System,246,176,38.25,-91.75
14,Ozark Plateaus Aquifer System,246,177,38.25,-91.25
14,Ozark Plateaus Aquifer System,246,178,38.25,-90.75
14,Ozark Plateaus Aquifer System,247,171,38.75,-94.25
14,Ozark Plateaus Aquifer System,247,172,38.75,-93.75
14,Ozark Plateaus Aquifer System,247,173,38.75,-93.25
14,Ozark Plateaus Aquifer System,247,174,38.75,-92.75
14,Ozark Plateaus Aquifer System,247,175,38.75,-92.25
14,Ozark Plateaus Aquifer System,247,179,38.75,-90.25
14,Ozark Plateaus Aquifer System,248,173,39.25,-93.25
15,Western Karoo Basin (Main Karoo Basin),105,401,-32.25,20.75
15,Western Karoo Basin (Main Karoo Basin),105,402,-32.25,21.25
15,Western Karoo Basin (Main Karoo Basin),106,400,-31.75,20.25
15,Western Karoo Basin (Main Karoo Basin),106,401,-31.75,20.75
15,Western Karoo Basin (Main Karoo Basin),106,402,-31.75,21.25
15,Western Karoo Basin (Main Karoo Basin),106,403,-31.75,21.75
15,Western Karoo Basin (Main Karoo Basin),106,404,-31.75,22.25
15,Western Karoo Basin (Main Karoo Basin),107,399,-31.25,19.75
15,Western Karoo Basin (Main Karoo Basin),107,400,-31.25,20.25
15,Western Karoo Basin (Main Karoo Basin),107,401,-31.25,20.75
15,Western Karoo Basin (Main Karoo Basin),107,402,-31.25,21.25
15,Western Karoo Basin (Main Karoo Basin),107,403,-31.25,21.75
15,Western Karoo Basin (Main Karoo Basin),107,404,-31.25,22.25
15,Western Karoo Basin (Main Karoo Basin),107,405,-31.25,22.75
15,Western Karoo Basin (Main Karoo Basin),107,406,-31.25,23.25
15,Western Karoo Basin (Main Karoo Basin),107,407,-31.25,23.75
15,Western Karoo Basin (Main Karoo Basin),107,408,-31.25,24.25
15,Western Karoo Basin (Main Karoo Basin),107,409,-31.25,24.75
15,Western Karoo Basin (Main Karoo Basin),108,398,-30.75,19.25
15,Western Karoo Basin (Main Karoo Basin),108,399,-30.75,19.75
15,Western Karoo Basin (Main Karoo Basin),108,400,-30.75,20.25
15,Western Karoo Basin (Main Karoo Basin),108,401,-30.75,20.75
15,Western Karoo Basin (Main Karoo Basin),108,402,-30.75,21.25
15,Western Karoo Basin (Main Karoo Basin),108,403,-30.75,21.75
15,Western Karoo Basin (Main Karoo Basin),108,404,-30.75,22.25
15,Western Karoo Basin (Main Karoo Basin),108,405,-30.75,22.75
15,Western Karoo Basin (Main Karoo Basin),108,406,-30.75,23.25
15,Western Karoo Basin (Main Karoo Basin),108,407,-30.75,23.75
15,Western Karoo Basin (Main Karoo Basin),108,408,-30.75,24.25
15,Western Karoo Basin (Main Karoo Basin),108,409,-30.75,24.75
15,Western Karoo Basin (Main Karoo Basin),108,410,-30.75,25.25
15,Western Karoo Basin (Main Karoo Basin),109,397,-30.25,18.75
15,Western Karoo Basin (Main Karoo Basin),109,398,-30.25,19.25
15,Western Karoo Basin (Main Karoo Basin),109,399,-30.25,19.75
15,Western Karoo Basin (Main Karoo Basin),109,400,-30.25,20.25
15,Western Karoo Basin (Main Karoo Basin),109,401,-30.25,20.75
15,Western Karoo Basin (Main Karoo Basin),109,402,-30.25,21.25
15,Western Karoo Basin (Main Karoo Basin),109,403,-30.25,21.75
15,Western Karoo Basin (Main Karoo Basin),109,404,-30.25,22.25
15,Western Karoo Basin (Main Karoo Basin),109,405,-30.25,22.75
15,Western Karoo Basin (Main Karoo Basin),109,406,-30.25,23.25
15,Western Karoo Basin (Main Karoo Basin),109,407,-30.25,23.75
15,Western Karoo Basin (Main Karoo Basin),109,408,-30.25,24.25
15,Western Karoo Basin (Main Karoo Basin),109,409,-30.25,24.75
15,Western Karoo Basin (Main Karoo Basin),110,399,-29.75,19.75
15,Western Karoo Basin (Main Karoo Basin),110,400,-29.75,20.25
15,Western Karoo Basin (Main Karoo Basin),110,401,-29.75,20.75
15,Western Karoo Basin (Main Karoo Basin),110,402,-29.75,21.25
15,Western Karoo Basin (Main Karoo Basin),110,406,-29.75,23.25
15,Western Karoo Basin (Main Karoo Basin),110,407,-29.75,23.75
15,Western Karoo Basin (Main Karoo Basin),110,408,-29.75,24.25
15,Western Karoo Basin (Main Karoo Basin),111,406,-29.25,23.25
16,Middle Gangetic Plain (Indo-Gangetic Plain),219,528,24.75,84.25
16,Middle Gangetic Plain (Indo-Gangetic Plain),219,529,24.75,84.75
16,Middle Gangetic Plain (Indo-Gangetic Plain),219,530,24.75,85.25
16,Middle Gangetic Plain (Indo-Gangetic Plain),220,525,25.25,82.75
16,Middle Gangetic Plain (Indo-Gangetic Plain),220,526,25.25,83.25
16,Middle Gangetic Plain (Indo-Gangetic Plain),220,527,25.25,83.75
16,Middle Gangetic Plain (Indo-Gangetic Plain),220,528,25.25,84.25
16,Middle Gangetic Plain (Indo-Gangetic Plain),220,529,25.25,84.75
16,Middle Gangetic Plain (Indo-Gangetic Plain),220,530,25.25,85.25
16,Middle Gangetic Plain (Indo-Gangetic Plain),220,531,25.25,85.75
16,Middle Gangetic Plain (Indo-Gangetic Plain),220,532,25.25,86.25
16,Middle Gangetic Plain (Indo-Gangetic Plain),220,533,25.25,86.75
16,Middle Gangetic Plain (Indo-Gangetic Plain),220,534,25.25,87.25
16,Middle Gangetic Plain (Indo-Gangetic Plain),220,535,25.25,87.75
16,Middle Gangetic Plain (Indo-Gangetic Plain),221,525,25.75,82.75
16,Middle Gangetic Plain (Indo-Gangetic Plain),221,526,25.75,83.25
16,Middle Gangetic Plain (Indo-Gangetic Plain),221,527,25.75,83.75
16,Middle Gangetic Plain (Indo-Gangetic Plain),221,528,25.75,84.25
16,Middle Gangetic Plain (Indo-Gangetic Plain),221,529,25.75,84.75
16,Middle Gangetic Plain (Indo-Gangetic Plain),221,530,25.75,85.25
16,Middle Gangetic Plain (Indo-Gangetic Plain),221,531,25.75,85.75
16,Middle Gangetic Plain (Indo-Gangetic Plain),221,532,25.75,86.25
16,Middle Gangetic Plain (Indo-Gangetic Plain),221,533,25.75,86.75
16,Middle Gangetic Plain (Indo-Gangetic Plain),221,534,25.75,87.25
16,Middle Gangetic Plain (Indo-Gangetic Plain),221,535,25.75,87.75
16,Middle Gangetic Plain (Indo-Gangetic Plain),222,526,26.25,83.25
16,Middle Gangetic Plain (Indo-Gangetic Plain),222,527,26.25,83.75
16,Middle Gangetic Plain (Indo-Gangetic Plain),222,528,26.25,84.25
16,Middle Gangetic Plain (Indo-Gangetic Plain),222,529,26.25,84.75
16,Middle Gangetic Plain (Indo-Gangetic Plain),222,530,26.25,85.25
16,Middle Gangetic Plain (Indo-Gangetic Plain),222,531,26.25,85.75
16,Middle Gangetic Plain (Indo-Gangetic Plain),222,532,26.25,86.25
16,Middle Gangetic Plain (Indo-Gangetic Plain),222,533,26.25,86.75
16,Middle Gangetic Plain (Indo-Gangetic Plain),222,534,26.25,87.25
16,Middle Gangetic Plain (Indo-Gangetic Plain),222,535,26.25,87.75
16,Middle Gangetic Plain (Indo-Gangetic Plain),223,525,26.75,82.75
16,Middle Gangetic Plain (Indo-Gangetic Plain),223,526,26.75,83.25
16,Middle Gangetic Plain (Indo-Gangetic Plain),223,527,26.75,83.75
16,Middle Gangetic Plain (Indo-Gangetic Plain),223,528,26.75,84.25
16,Middle Gangetic Plain (Indo-Gangetic Plain),223,529,26.75,84.75
16,Middle Gangetic Plain (Indo-Gangetic Plain),223,530,26.75,85.25
16,Middle Gangetic Plain (Indo-Gangetic Plain),223,531,26.75,85.75
16,Middle Gangetic Plain (Indo-Gangetic Plain),223,532,26.75,86.25
16,Middle Gangetic Plain (Indo-Gangetic Plain),223,534,26.75,87.25
16,Middle Gangetic Plain (Indo-Gangetic Plain),224,524,27.25,82.25
16,Middle Gangetic Plain (Indo-Gangetic Plain),224,525,27.25,82.75
16,Middle Gangetic Plain (Indo-Gangetic Plain),224,526,27.25,83.25
16,Middle Gangetic Plain (Indo-Gangetic Plain),224,527,27.25,83.75
16,Middle Gangetic Plain (Indo-Gangetic Plain),224,528,27.25,84.25
16,Middle Gangetic Plain (Indo-Gangetic Plain),224,529,27.25,84.75
16,Middle Gangetic Plain (Indo-Gangetic Plain),225,523,27.75,81.75
16,Middle Gangetic Plain (Indo-Gangetic Plain),225,524,27.75,82.25
16,Middle Gangetic Plain (Indo-Gangetic Plain),226,523,28.25,81.75
17,Northern Mega Aquifer System (Mega Aquifer System),226,449,28.25,44.75
17,Northern Mega Aquifer System (Mega Aquifer System),227,447,28.75,43.75
17,Northern Mega Aquifer System (Mega Aquifer System),227,448,28.75,44.25
17,Northern Mega Aquifer System (Mega Aquifer System),227,449,28.75,44.75
17,Northern Mega Aquifer System (Mega Aquifer System),228,447,29.25,43.75
17,Northern Mega Aquifer System (Mega Aquifer System),228,448,29.25,44.25
17,Northern Mega Aquifer System (Mega Aquifer System),228,449,29.25,44.75
17,Northern Mega Aquifer System (Mega Aquifer System),228,450,29.25,45.25
17,Northern Mega Aquifer System (Mega Aquifer System),229,445,29.75,42.75
17,Northern Mega Aquifer System (Mega Aquifer System),229,446,29.75,43.25
17,Northern Mega Aquifer System (Mega Aquifer System),229,447,29.75,43.75
17,Northern Mega Aquifer System (Mega Aquifer System),229,448,29.75,44.25
17,Northern Mega Aquifer System (Mega Aquifer System),229,449,29.75,44.75
17,Northern Mega Aquifer System (Mega Aquifer System),229,450,29.75,45.25
17,Northern Mega Aquifer System (Mega Aquifer System),230,444,30.25,42.25
17,Northern Mega Aquifer System (Mega Aquifer System),230,445,30.25,42.75
17,Northern Mega Aquifer System (Mega Aquifer System),230,446,30.25,43.25
17,Northern Mega Aquifer System (Mega Aquifer System),230,447,30.25,43.75
17,Northern Mega Aquifer System (Mega Aquifer System),230,448,30.25,44.25
17,Northern Mega Aquifer System (Mega Aquifer System),230,449,30.25,44.75
17,Northern Mega Aquifer System (Mega Aquifer System),230,450,30.25,45.25
17,Northern Mega Aquifer System (Mega Aquifer System),231,443,30.75,41.75
17,Northern Mega Aquifer System (Mega Aquifer System),231,444,30.75,42.25
17,Northern Mega Aquifer System (Mega Aquifer System),231,445,30.75,42.75
17,Northern Mega Aquifer System (Mega Aquifer System),231,446,30.75,43.25
17,Northern Mega Aquifer System (Mega Aquifer System),231,447,30.75,43.75
17,Northern Mega Aquifer System (Mega Aquifer System),231,448,30.75,44.25
17,Northern Mega Aquifer System (Mega Aquifer System),231,449,30.75,44.75
17,Northern Mega Aquifer System (Mega Aquifer System),231,450,30.75,45.25
17,Northern Mega Aquifer System (Mega Aquifer System),232,443,31.25,41.75
17,Northern Mega Aquifer System (Mega Aquifer System),232,444,31.25,42.25
17,Northern Mega Aquifer System (Mega Aquifer System),232,445,31.25,42.75
17,Northern Mega Aquifer System (Mega Aquifer System),232,446,31.25,43.25
17,Northern Mega Aquifer System (Mega Aquifer System),232,447,31.25,43.75
17,Northern Mega Aquifer System (Mega Aquifer System),232,448,31.25,44.25
17,Northern Mega Aquifer System (Mega Aquifer System),232,449,31.25,44.75
17,Northern Mega Aquifer System (Mega Aquifer System),233,443,31.75,41.75
17,Northern Mega Aquifer System (Mega Aquifer System),233,444,31.75,42.25
17,Northern Mega Aquifer System (Mega Aquifer System),233,445,31.75,42.75
17,Northern Mega Aquifer System (Mega Aquifer System),233,446,31.75,43.25
17,Northern Mega Aquifer System (Mega Aquifer System),233,447,31.75,43.75
17,Northern Mega Aquifer System (Mega Aquifer System),233,448,31.75,44.25
17,Northern Mega Aquifer System (Mega Aquifer System),234,443,32.25,41.75
17,Northern Mega Aquifer System (Mega Aquifer System),234,444,32.25,42.25
17,Northern Mega Aquifer System (Mega Aquifer System),234,445,32.25,42.75
17,Northern Mega Aquifer System (Mega Aquifer System),234,446,32.25,43.25
17,Northern Mega Aquifer System (Mega Aquifer System),234,447,32.25,43.75
17,Northern Mega Aquifer System (Mega Aquifer System),235,443,32.75,41.75
17,Northern Mega Aquifer System (Mega Aquifer System),235,444,32.75,42.25
17,Northern Mega Aquifer System (Mega Aquifer System),235,445,32.75,42.75
17,Northern Mega Aquifer System (Mega Aquifer System),235,446,32.75,43.25
17,Northern Mega Aquifer System (Mega Aquifer System),236,444,33.25,42.25
17,Northern Mega Aquifer System (Mega Aquifer System),236,445,33.25,42.75
17,Northern Mega Aquifer System (Mega Aquifer System),236,446,33.25,43.25
18,Canning Basin,126,603,-21.75,121.75
18,Canning Basin,126,605,-21.75,122.75
18,Canning Basin,127,603,-21.25,121.75
18,Canning Basin,127,605,-21.25,122.75
18,Canning Basin,128,602,-20.75,121.25
18,Canning Basin,128,603,-20.75,121.75
18,Canning Basin,128,604,-20.75,122.25
18,Canning Basin,128,605,-20.75,122.75
18,Canning Basin,128,606,-20.75,123.25
18,Canning Basin,129,602,-20.25,121.25
18,Canning Basin,129,603,-20.25,121.75
18,Canning Basin,129,604,-20.25,122.25
18,Canning Basin,129,605,-20.25,122.75
18,Canning Basin,129,606,-20.25,123.25
18,Canning Basin,129,607,-20.25,123.75
18,Canning Basin,130,602,-19.75,121.25
18,Canning Basin,130,603,-19.75,121.75
18,Canning Basin,130,604,-19.75,122.25
18,Canning Basin,130,605,-19.75,122.75
18,Canning Basin,130,606,-19.75,123.25
18,Canning Basin,130,607,-19.75,123.75
18,Canning Basin,130,608,-19.75,124.25
18,Canning Basin,131,603,-19.25,121.75
18,Canning Basin,131,604,-19.25,122.25
18,Canning Basin,131,605,-19.25,122.75
18,Canning Basin,131,606,-19.25,123.25
18,Canning Basin,131,607,-19.25,123.75
18,Canning Basin,131,608,-19.25,124.25
18,Canning Basin,131,609,-19.25,124.75
18,Canning Basin,132,603,-18.75,121.75
18,Canning Basin,132,604,-18.75,122.25
18,Canning Basin,132,605,-18.75,122.75
18,Canning Basin,132,606,-18.75,123.25
18,Canning Basin,132,607,-18.75,123.75
18,Canning Basin,132,608,-18.75,124.25
18,Canning Basin,133,604,-18.25,122.25
18,Canning Basin,133,605,-18.25,122.75
18,Canning Basin,133,606,-18.25,123.25
18,Canning Basin,133,607,-18.25,123.75
18,Canning Basin,134,604,-17.75,122.25
18,Canning Basin,134,605,-17.75,122.75
18,Canning Basin,134,606,-17.75,123.25
18,Canning Basin,135,604,-17.25,122.25
18,Canning Basin,135,605,-17.25,122.75
18,Canning Basin,135,606,-17.25,123.25
18,Canning Basin,135,607,-17.25,123.75
18,Canning Basin,136,605,-16.75,122.75
19,Central Karoo Basin (Main Karoo Basin),105,412,-32.25,26.25
19,Central Karoo Basin (Main Karoo Basin),105,413,-32.25,26.75
19,Central Karoo Basin (Main Karoo Basin),105,414,-32.25,27.25
19,Central Karoo Basin (Main Karoo Basin),106,409,-31.75,24.75
19,Central Karoo Basin (Main Karoo Basin),106,411,-31.75,25.75
19,Central Karoo Basin (Main Karoo Basin),106,412,-31.75,26.25
19,Central Karoo Basin (Main Karoo Basin),106,413,-31.75,26.75
19,Central Karoo Basin (Main Karoo Basin),106,414,-31.75,27.25
19,Central Karoo Basin (Main Karoo Basin),106,415,-31.75,27.75
19,Central Karoo Basin (Main Karoo Basin),106,416,-31.75,28.25
19,Central Karoo Basin (Main Karoo Basin),107,410,-31.25,25.25
19,Central Karoo Basin (Main Karoo Basin),107,411,-31.25,25.75
19,Central Karoo Basin (Main Karoo Basin),107,412,-31.25,26.25
19,Central Karoo Basin (Main Karoo Basin),107,413,-31.25,26.75
19,Central Karoo Basin (Main Karoo Basin),107,414,-31.25,27.25
19,Central Karoo Basin (Main Karoo Basin),107,415,-31.25,27.75
19,Central Karoo Basin (Main Karoo Basin),107,416,-31.25,28.25
19,Central Karoo Basin (Main Karoo Basin),107,417,-31.25,28.75
19,Central Karoo Basin (Main Karoo Basin),108,411,-30.75,25.75
19,Central Karoo Basin (Main Karoo Basin),108,412,-30.75,26.25
19,Central Karoo Basin (Main Karoo Basin),108,413,-30.75,26.75
19,Central Karoo Basin (Main Karoo Basin),108,414,-30.75,27.25
19,Central Karoo Basin (Main Karoo Basin),108,415,-30.75,27.75
19,Central Karoo Basin (Main Karoo Basin),108,416,-30.75,28.25
19,Central Karoo Basin (Main Karoo Basin),108,417,-30.75,28.75
19,Central Karoo Basin (Main Karoo Basin),109,412,-30.25,26.25
19,Central Karoo Basin (Main Karoo Basin),109,413,-30.25,26.75
19,Central Karoo Basin (Main Karoo Basin),109,414,-30.25,27.25
19,Central Karoo Basin (Main Karoo Basin),109,415,-30.25,27.75
19,Central Karoo Basin (Main Karoo Basin),109,416,-30.25,28.25
19,Central Karoo Basin (Main Karoo Basin),109,417,-30.25,28.75
19,Central Karoo Basin (Main Karoo Basin),110,413,-29.75,26.75
19,Central Karoo Basin (Main Karoo Basin),110,414,-29.75,27.25
19,Central Karoo Basin (Main Karoo Basin),110,415,-29.75,27.75
19,Central Karoo Basin (Main Karoo Basin),110,416,-29.75,28.25
19,Central Karoo Basin (Main Karoo Basin),110,417,-29.75,28.75
19,Central Karoo Basin (Main Karoo Basin),110,418,-29.75,29.25
19,Central Karoo Basin (Main Karoo Basin),111,414,-29.25,27.25
19,Central Karoo Basin (Main Karoo Basin),111,415,-29.25,27.75
19,Central Karoo Basin (Main Karoo Basin),111,416,-29.25,28.25
19,Central Karoo Basin (Main Karoo Basin),111,417,-29.25,28.75
19,Central Karoo Basin (Main Karoo Basin),111,418,-29.25,29.25
19,Central Karoo Basin (Main Karoo Basin),112,414,-28.75,27.25
19,Central Karoo Basin (Main Karoo Basin),112,415,-28.75,27.75
19,Central Karoo Basin (Main Karoo Basin),112,416,-28.75,28.25
19,Central Karoo Basin (Main Karoo Basin),112,417,-28.75,28.75
19,Central Karoo Basin (Main Karoo Basin),113,415,-28.25,27.75
19,Central Karoo Basin (Main Karoo Basin),113,416,-28.25,28.25
19,Central Karoo Basin (Main Karoo Basin),113,417,-28.25,28.75
20,Southern Carpentaria Basin (Great Artesian Basin),129,641,-20.25,140.75
20,Southern Carpentaria Basin (Great Artesian Basin),129,642,-20.25,141.25
20,Southern Carpentaria Basin (Great Artesian Basin),129,643,-20.25,141.75
20,Southern Carpentaria Basin (Great Artesian Basin),130,640,-19.75,140.25
20,Southern Carpentaria Basin (Great Artesian Basin),130,641,-19.75,140.75
20,Southern Carpentaria Basin (Great Artesian Basin),130,642,-19.75,141.25
20,Southern Carpentaria Basin (Great Artesian Basin),130,643,-19.75,141.75
20,Southern Carpentaria Basin (Great Artesian Basin),130,644,-19.75,142.25
20,Southern Carpentaria Basin (Great Artesian Basin),131,639,-19.25,139.75
20,Southern Carpentaria Basin (Great Artesian Basin),131,640,-19.25,140.25
20,Southern Carpentaria Basin (Great Artesian Basin),131,641,-19.25,140.75
20,Southern Carpentaria Basin (Great Artesian Basin),131,642,-19.25,141.25
20,Southern Carpentaria Basin (Great Artesian Basin),131,643,-19.25,141.75
20,Southern Carpentaria Basin (Great Artesian Basin),131,644,-19.25,142.25
20,Southern Carpentaria Basin (Great Artesian Basin),131,645,-19.25,142.75
20,Southern Carpentaria Basin (Great Artesian Basin),132,638,-18.75,139.25
20,Southern Carpentaria Basin (Great Artesian Basin),132,639,-18.75,139.75
20,Southern Carpentaria Basin (Great Artesian Basin),132,640,-18.75,140.25
20,Southern Carpentaria Basin (Great Artesian Basin),132,641,-18.75,140.75
20,Southern Carpentaria Basin (Great Artesian Basin),132,642,-18.75,141.25
20,Southern Carpentaria Basin (Great Artesian Basin),132,643,-18.75,141.75
20,Southern Carpentaria Basin (Great Artesian Basin),132,644,-18.75,142.25
20,Southern Carpentaria Basin (Great Artesian Basin),133,637,-18.25,138.75
20,Southern Carpentaria Basin (Great Artesian Basin),133,638,-18.25,139.25
20,Southern Carpentaria Basin (Great Artesian Basin),133,639,-18.25,139.75
20,Southern Carpentaria Basin (Great Artesian Basin),133,640,-18.25,140.25
20,Southern Carpentaria Basin (Great Artesian Basin),133,641,-18.25,140.75
20,Southern Carpentaria Basin (Great Artesian Basin),133,642,-18.25,141.25
20,Southern Carpentaria Basin (Great Artesian Basin),133,643,-18.25,141.75
20,Southern Carpentaria Basin (Great Artesian Basin),133,644,-18.25,142.25
20,Southern Carpentaria Basin (Great Artesian Basin),134,637,-17.75,138.75
20,Southern Carpentaria Basin (Great Artesian Basin),134,638,-17.75,139.25
20,Southern Carpentaria Basin (Great Artesian Basin),134,639,-17.75,139.75
20,Southern Carpentaria Basin (Great Artesian Basin),134,640,-17.75,140.25
20,Southern Carpentaria Basin (Great Artesian Basin),134,641,-17.75,140.75
20,Southern Carpentaria Basin (Great Artesian Basin),134,642,-17.75,141.25
20,Southern Carpentaria Basin (Great Artesian Basin),134,643,-17.75,141.75
20,Southern Carpentaria Basin (Great Artesian Basin),134,644,-17.75,142.25
20,Southern Carpentaria Basin (Great Artesian Basin),135,636,-17.25,138.25
20,Southern Carpentaria Basin (Great Artesian Basin),135,637,-17.25,138.75
20,Southern Carpentaria Basin (Great Artesian Basin),135,642,-17.25,141.25
20,Southern Carpentaria Basin (Great Artesian Basin),135,643,-17.25,141.75
20,Southern Carpentaria Basin (Great Artesian Basin),136,636,-16.75,138.25
20,Southern Carpentaria Basin (Great Artesian Basin),136,642,-16.75,141.25
21,Eastern Parecis Basin (Parecis Basin),143,250,-13.25,-54.75
21,Eastern Parecis Basin (Parecis Basin),143,251,-13.25,-54.25
21,Eastern Parecis Basin (Parecis Basin),143,252,-13.25,-53.75
21,Eastern Parecis Basin (Parecis Basin),143,253,-13.25,-53.25
21,Eastern Parecis Basin (Parecis Basin),143,254,-13.25,-52.75
21,Eastern Parecis Basin (Parecis Basin),144,250,-12.75,-54.75
21,Eastern Parecis Basin (Parecis Basin),144,251,-12.75,-54.25
21,Eastern Parecis Basin (Parecis Basin),144,252,-12.75,-53.75
21,Eastern Parecis Basin (Parecis Basin),144,253,-12.75,-53.25
21,Eastern Parecis Basin (Parecis Basin),144,254,-12.75,-52.75
21,Eastern Parecis Basin (Parecis Basin),144,255,-12.75,-52.25
21,Eastern Parecis Basin (Parecis Basin),145,250,-12.25,-54.75
21,Eastern Parecis Basin (Parecis Basin),145,251,-12.25,-54.25
21,Eastern Parecis Basin (Parecis Basin),145,252,-12.25,-53.75
21,Eastern Parecis Basin (Parecis Basin),145,253,-12.25,-53.25
21,Eastern Parecis Basin (Parecis Basin),145,254,-12.25,-52.75
21,Eastern Parecis Basin (Parecis Basin),145,255,-12.25,-52.25
21,Eastern Parecis Basin (Parecis Basin),145,256,-12.25,-51.75
21,Eastern Parecis Basin (Parecis Basin),146,249,-11.75,-55.25
21,Eastern Parecis Basin (Parecis Basin),146,250,-11.75,-54.75
21,Eastern Parecis Basin (Parecis Basin),146,251,-11.75,-54.25
21,Eastern Parecis Basin (Parecis Basin),146,252,-11.75,-53.75
21,Eastern Parecis Basin (Parecis Basin),146,253,-11.75,-53.25
21,Eastern Parecis Basin (Parecis Basin),146,254,-11.75,-52.75
21,Eastern Parecis Basin (Parecis Basin),146,255,-11.75,-52.25
21,Eastern Parecis Basin (Parecis Basin),146,256,-11.75,-51.75
21,Eastern Parecis Basin (Parecis Basin),147,250,-11.25,-54.75
21,Eastern Parecis Basin (Parecis Basin),147,251,-11.25,-54.25
21,Eastern Parecis Basin (Parecis Basin),147,252,-11.25,-53.75
21,Eastern Parecis Basin (Parecis Basin),147,253,-11.25,-53.25
21,Eastern Parecis Basin (Parecis Basin),147,254,-11.25,-52.75
21,Eastern Parecis Basin (Parecis Basin),147,255,-11.25,-52.25
21,Eastern Parecis Basin (Parecis Basin),148,252,-10.75,-53.75
21,Eastern Parecis Basin (Parecis Basin),148,253,-10.75,-53.25
21,Eastern Parecis Basin (Parecis Basin),148,254,-10.75,-52.75
21,Eastern Parecis Basin (Parecis Basin),148,255,-10.75,-52.25
21,Eastern Parecis Basin (Parecis Basin),149,254,-10.25,-52.75
21,Eastern Parecis Basin (Parecis Basin),149,255,-10.25,-52.25
22,Eastern Poti and Piaui and Cabecas and Serra Grande Aquifers (Parnaiba Basin),153,275,-8.25,-42.25
22,Eastern Poti and Piaui and Cabecas and Serra Grande Aquifers (Parnaiba Basin),153,276,-8.25,-41.75
22,Eastern Poti and Piaui and Cabecas and Serra Grande Aquifers (Parnaiba Basin),154,274,-7.75,-42.75
22,Eastern Poti and Piaui and Cabecas and Serra Grande Aquifers (Parnaiba Basin),154,275,-7.75,-42.25
22,Eastern Poti and Piaui and Cabecas and Serra Grande Aquifers (Parnaiba Basin),154,276,-7.75,-41.75
22,Eastern Poti and Piaui and Cabecas and Serra Grande Aquifers (Parnaiba Basin),154,277,-7.75,-41.25
22,Eastern Poti and Piaui and Cabecas and Serra Grande Aquifers (Parnaiba Basin),155,274,-7.25,-42.75
22,Eastern Poti and Piaui and Cabecas and Serra Grande Aquifers (Parnaiba Basin),155,275,-7.25,-42.25
22,Eastern Poti and Piaui and Cabecas and Serra Grande Aquifers (Parnaiba Basin),155,276,-7.25,-41.75
22,Eastern Poti and Piaui and Cabecas and Serra Grande Aquifers (Parnaiba Basin),155,277,-7.25,-41.25
22,Eastern Poti and Piaui and Cabecas and Serra Grande Aquifers (Parnaiba Basin),156,274,-6.75,-42.75
22,Eastern Poti and Piaui and Cabecas and Serra Grande Aquifers (Parnaiba Basin),156,275,-6.75,-42.25
22,Eastern Poti and Piaui and Cabecas and Serra Grande Aquifers (Parnaiba Basin),156,276,-6.75,-41.75
22,Eastern Poti and Piaui and Cabecas and Serra Grande Aquifers (Parnaiba Basin),156,277,-6.75,-41.25
22,Eastern Poti and Piaui and Cabecas and Serra Grande Aquifers (Parnaiba Basin),156,278,-6.75,-40.75
22,Eastern Poti and Piaui and Cabecas and Serra Grande Aquifers (Parnaiba Basin),157,273,-6.25,-43.25
22,Eastern Poti and Piaui and Cabecas and Serra Grande Aquifers (Parnaiba Basin),157,274,-6.25,-42.75
22,Eastern Poti and Piaui and Cabecas and Serra Grande Aquifers (Parnaiba Basin),157,275,-6.25,-42.25
22,Eastern Poti and Piaui and Cabecas and Serra Grande Aquifers (Parnaiba Basin),157,276,-6.25,-41.75
22,Eastern Poti and Piaui and Cabecas and Serra Grande Aquifers (Parnaiba Basin),157,277,-6.25,-41.25
22,Eastern Poti and Piaui and Cabecas and Serra Grande Aquifers (Parnaiba Basin),158,274,-5.75,-42.75
22,Eastern Poti and Piaui and Cabecas and Serra Grande Aquifers (Parnaiba Basin),158,275,-5.75,-42.25
22,Eastern Poti and Piaui and Cabecas and Serra Grande Aquifers (Parnaiba Basin),158,276,-5.75,-41.75
22,Eastern Poti and Piaui and Cabecas and Serra Grande Aquifers (Parnaiba Basin),158,277,-5.75,-41.25
22,Eastern Poti and Piaui and Cabecas and Serra Grande Aquifers (Parnaiba Basin),159,274,-5.25,-42.75
22,Eastern Poti and Piaui and Cabecas and Serra Grande Aquifers (Parnaiba Basin),159,275,-5.25,-42.25
22,Eastern Poti and Piaui and Cabecas and Serra Grande Aquifers (Parnaiba Basin),159,276,-5.25,-41.75
22,Eastern Poti and Piaui and Cabecas and Serra Grande Aquifers (Parnaiba Basin),159,277,-5.25,-41.25
22,Eastern Poti and Piaui and Cabecas and Serra Grande Aquifers (Parnaiba Basin),160,274,-4.75,-42.75
22,Eastern Poti and Piaui and Cabecas and Serra Grande Aquifers (Parnaiba Basin),160,275,-4.75,-42.25
22,Eastern Poti and Piaui and Cabecas and Serra Grande Aquifers (Parnaiba Basin),160,276,-4.75,-41.75
22,Eastern Poti and Piaui and Cabecas and Serra Grande Aquifers (Parnaiba Basin),160,277,-4.75,-41.25
22,Eastern Poti and Piaui and Cabecas and Serra Grande Aquifers (Parnaiba Basin),161,274,-4.25,-42.75
22,Eastern Poti and Piaui and Cabecas and Serra Grande Aquifers (Parnaiba Basin),161,275,-4.25,-42.25
22,Eastern Poti and Piaui and Cabecas and Serra Grande Aquifers (Parnaiba Basin),161,276,-4.25,-41.75
22,Eastern Poti and Piaui and Cabecas and Serra Grande Aquifers (Parnaiba Basin),161,277,-4.25,-41.25
22,Eastern Poti and Piaui and Cabecas and Serra Grande Aquifers (Parnaiba Basin),161,278,-4.25,-40.75
22,Eastern Poti and Piaui and Cabecas and Serra Grande Aquifers (Parnaiba Basin),162,274,-3.75,-42.75
22,Eastern Poti and Piaui and Cabecas and Serra Grande Aquifers (Parnaiba Basin),162,276,-3.75,-41.75
22,Eastern Poti and Piaui and Cabecas and Serra Grande Aquifers (Parnaiba Basin),162,277,-3.75,-41.25
22,Eastern Poti and Piaui and Cabecas and Serra Grande Aquifers (Parnaiba Basin),163,276,-3.25,-41.75
23,Wiso Basin (Daly-Wiso-Georgina Basins),129,625,-20.25,132.75
23,Wiso Basin (Daly-Wiso-Georgina Basins),129,626,-20.25,133.25
23,Wiso Basin (Daly-Wiso-Georgina Basins),129,627,-20.25,133.75
23,Wiso Basin (Daly-Wiso-Georgina Basins),130,621,-19.75,130.75
23,Wiso Basin (Daly-Wiso-Georgina Basins),130,623,-19.75,131.75
23,Wiso Basin (Daly-Wiso-Georgina Basins),130,624,-19.75,132.25
23,Wiso Basin (Daly-Wiso-Georgina Basins),130,625,-19.75,132.75
23,Wiso Basin (Daly-Wiso-Georgina Basins),130,626,-19.75,133.25
23,Wiso Basin (Daly-Wiso-Georgina Basins),131,621,-19.25,130.75
23,Wiso Basin (Daly-Wiso-Georgina Basins),131,622,-19.25,131.25
23,Wiso Basin (Daly-Wiso-Georgina Basins),131,623,-19.25,131.75
23,Wiso Basin (Daly-Wiso-Georgina Basins),131,624,-19.25,132.25
23,Wiso Basin (Daly-Wiso-Georgina Basins),131,625,-19.25,132.75
23,Wiso Basin (Daly-Wiso-Georgina Basins),131,626,-19.25,133.25
23,Wiso Basin (Daly-Wiso-Georgina Basins),132,621,-18.75,130.75
23,Wiso Basin (Daly-Wiso-Georgina Basins),132,622,-18.75,131.25
23,Wiso Basin (Daly-Wiso-Georgina Basins),132,623,-18.75,131.75
23,Wiso Basin (Daly-Wiso-Georgina Basins),132,624,-18.75,132.25
23,Wiso Basin (Daly-Wiso-Georgina Basins),132,625,-18.75,132.75
23,Wiso Basin (Daly-Wiso-Georgina Basins),133,621,-18.25,130.75
23,Wiso Basin (Daly-Wiso-Georgina Basins),133,622,-18.25,131.25
23,Wiso Basin (Daly-Wiso-Georgina Basins),133,623,-18.25,131.75
23,Wiso Basin (Daly-Wiso-Georgina Basins),133,624,-18.25,132.25
23,Wiso Basin (Daly-Wiso-Georgina Basins),133,625,-18.25,132.75
23,Wiso Basin (Daly-Wiso-Georgina Basins),133,626,-18.25,133.25
23,Wiso Basin (Daly-Wiso-Georgina Basins),134,622,-17.75,131.25
23,Wiso Basin (Daly-Wiso-Georgina Basins),134,623,-17.75,131.75
23,Wiso Basin (Daly-Wiso-Georgina Basins),134,624,-17.75,132.25
23,Wiso Basin (Daly-Wiso-Georgina Basins),134,625,-17.75,132.75
23,Wiso Basin (Daly-Wiso-Georgina Basins),134,626,-17.75,133.25
23,Wiso Basin (Daly-Wiso-Georgina Basins),135,623,-17.25,131.75
23,Wiso Basin (Daly-Wiso-Georgina Basins),135,624,-17.25,132.25
23,Wiso Basin (Daly-Wiso-Georgina Basins),135,625,-17.25,132.75
23,Wiso Basin (Daly-Wiso-Georgina Basins),135,626,-17.25,133.25
23,Wiso Basin (Daly-Wiso-Georgina Basins),136,623,-16.75,131.75
23,Wiso Basin (Daly-Wiso-Georgina Basins),136,624,-16.75,132.25
23,Wiso Basin (Daly-Wiso-Georgina Basins),136,625,-16.75,132.75
23,Wiso Basin (Daly-Wiso-Georgina Basins),137,624,-16.25,132.25
23,Wiso Basin (Daly-Wiso-Georgina Basins),137,625,-16.25,132.75
23,Wiso Basin (Daly-Wiso-Georgina Basins),138,625,-15.75,132.75
24,Northern Georgina Basin (Daly-Wiso-Georgina Basins),129,630,-20.25,135.25
24,Northern Georgina Basin (Daly-Wiso-Georgina Basins),129,631,-20.25,135.75
24,Northern Georgina Basin (Daly-Wiso-Georgina Basins),130,630,-19.75,135.25
24,Northern Georgina Basin (Daly-Wiso-Georgina Basins),130,631,-19.75,135.75
24,Northern Georgina Basin (Daly-Wiso-Georgina Basins),130,632,-19.75,136.25
24,Northern Georgina Basin (Daly-Wiso-Georgina Basins),131,630,-19.25,135.25
24,Northern Georgina Basin (Daly-Wiso-Georgina Basins),131,631,-19.25,135.75
24,Northern Georgina Basin (Daly-Wiso-Georgina Basins),131,632,-19.25,136.25
24,Northern Georgina Basin (Daly-Wiso-Georgina Basins),132,629,-18.75,134.75
24,Northern Georgina Basin (Daly-Wiso-Georgina Basins),132,630,-18.75,135.25
24,Northern Georgina Basin (Daly-Wiso-Georgina Basins),132,631,-18.75,135.75
24,Northern Georgina Basin (Daly-Wiso-Georgina Basins),132,632,-18.75,136.25
24,Northern Georgina Basin (Daly-Wiso-Georgina Basins),132,633,-18.75,136.75
24,Northern Georgina Basin (Daly-Wiso-Georgina Basins),133,628,-18.25,134.25
24,Northern Georgina Basin (Daly-Wiso-Georgina Basins),133,629,-18.25,134.75
24,Northern Georgina Basin (Daly-Wiso-Georgina Basins),133,630,-18.25,135.25
24,Northern Georgina Basin (Daly-Wiso-Georgina Basins),133,631,-18.25,135.75
24,Northern Georgina Basin (Daly-Wiso-Georgina Basins),133,632,-18.25,136.25
24,Northern Georgina Basin (Daly-Wiso-Georgina Basins),134,627,-17.75,133.75
24,Northern Georgina Basin (Daly-Wiso-Georgina Basins),134,628,-17.75,134.25
24,Northern Georgina Basin (Daly-Wiso-Georgina Basins),134,629,-17.75,134.75
24,Northern Georgina Basin (Daly-Wiso-Georgina Basins),134,630,-17.75,135.25
24,Northern Georgina Basin (Daly-Wiso-Georgina Basins),134,631,-17.75,135.75
24,Northern Georgina Basin (Daly-Wiso-Georgina Basins),134,632,-17.75,136.25
24,Northern Georgina Basin (Daly-Wiso-Georgina Basins),135,627,-17.25,133.75
24,Northern Georgina Basin (Daly-Wiso-Georgina Basins),135,628,-17.25,134.25
24,Northern Georgina Basin (Daly-Wiso-Georgina Basins),135,629,-17.25,134.75
24,Northern Georgina Basin (Daly-Wiso-Georgina Basins),135,630,-17.25,135.25
24,Northern Georgina Basin (Daly-Wiso-Georgina Basins),135,631,-17.25,135.75
24,Northern Georgina Basin (Daly-Wiso-Georgina Basins),136,626,-16.75,133.25
24,Northern Georgina Basin (Daly-Wiso-Georgina Basins),136,627,-16.75,133.75
24,Northern Georgina Basin (Daly-Wiso-Georgina Basins),136,628,-16.75,134.25
24,Northern Georgina Basin (Daly-Wiso-Georgina Basins),136,629,-16.75,134.75
24,Northern Georgina Basin (Daly-Wiso-Georgina Basins),136,630,-16.75,135.25
24,Northern Georgina Basin (Daly-Wiso-Georgina Basins),137,626,-16.25,133.25
24,Northern Georgina Basin (Daly-Wiso-Georgina Basins),137,627,-16.25,133.75
24,Northern Georgina Basin (Daly-Wiso-Georgina Basins),137,628,-16.25,134.25
24,Northern Georgina Basin (Daly-Wiso-Georgina Basins),137,629,-16.25,134.75
24,Northern Georgina Basin (Daly-Wiso-Georgina Basins),138,626,-15.75,133.25
24,Northern Georgina Basin (Daly-Wiso-Georgina Basins),138,627,-15.75,133.75
24,Northern Georgina Basin (Daly-Wiso-Georgina Basins),139,626,-15.25,133.25
25,Dakota Aquifer System,255,163,42.75,-98.25
25,Dakota Aquifer System,255,164,42.75,-97.75
25,Dakota Aquifer System,255,165,42.75,-97.25
25,Dakota Aquifer System,256,161,43.25,-99.25
25,Dakota Aquifer System,256,162,43.25,-98.75
25,Dakota Aquifer System,256,163,43.25,-98.25
25,Dakota Aquifer System,256,164,43.25,-97.75
25,Dakota Aquifer System,256,165,43.25,-97.25
25,Dakota Aquifer System,256,166,43.25,-96.75
25,Dakota Aquifer System,257,155,43.75,-102.25
25,Dakota Aquifer System,257,156,43.75,-101.75
25,Dakota Aquifer System,257,158,43.75,-100.75
25,Dakota Aquifer System,257,159,43.75,-100.25
25,Dakota Aquifer System,257,160,43.75,-99.75
25,Dakota Aquifer System,257,161,43.75,-99.25
25,Dakota Aquifer System,257,162,43.75,-98.75
25,Dakota Aquifer System,257,163,43.75,-98.25
25,Dakota Aquifer System,258,157,44.25,-101.25
25,Dakota Aquifer System,258,158,44.25,-100.75
25,Dakota Aquifer System,258,159,44.25,-100.25
25,Dakota Aquifer System,258,160,44.25,-99.75
25,Dakota Aquifer System,258,161,44.25,-99.25
25,Dakota Aquifer System,258,162,44.25,-98.75
25,Dakota Aquifer System,258,163,44.25,-98.25
25,Dakota Aquifer System,258,164,44.25,-97.75
25,Dakota Aquifer System,258,165,44.25,-97.25
25,Dakota Aquifer System,259,157,44.75,-101.25
25,Dakota Aquifer System,259,158,44.75,-100.75
25,Dakota Aquifer System,259,159,44.75,-100.25
25,Dakota Aquifer System,259,160,44.75,-99.75
25,Dakota Aquifer System,259,161,44.75,-99.25
25,Dakota Aquifer System,259,162,44.75,-98.75
25,Dakota Aquifer System,259,163,44.75,-98.25
25,Dakota Aquifer System,259,164,44.75,-97.75
25,Dakota Aquifer System,260,158,45.25,-100.75
25,Dakota Aquifer System,260,159,45.25,-100.25
25,Dakota Aquifer System,260,160,45.25,-99.75
25,Dakota Aquifer System,260,161,45.25,-99.25
25,Dakota Aquifer System,260,162,45.25,-98.75
25,Dakota Aquifer System,260,163,45.25,-98.25
25,Dakota Aquifer System,261,159,45.75,-100.25
25,Dakota Aquifer System,261,160,45.75,-99.75
25,Dakota Aquifer System,261,161,45.75,-99.25
25,Dakota Aquifer System,261,162,45.75,-98.75
25,Dakota Aquifer System,261,163,45.75,-98.25
25,Dakota Aquifer System,261,164,45.75,-97.75
25,Dakota Aquifer System,261,165,45.75,-97.25
25,Dakota Aquifer System,262,163,46.25,-98.25
25,Dakota Aquifer System,262,164,46.25,-97.75
25,Dakota Aquifer System,262,165,46.25,-97.25
25,Dakota Aquifer System,263,164,46.75,-97.75
26,Arckaringa Basin and Southwestern Great Artesian Basin (Great Artesian Basin),107,631,-31.25,135.75
26,Arckaringa Basin and Southwestern Great Artesian Basin (Great Artesian Basin),108,630,-30.75,135.25
26,Arckaringa Basin and Southwestern Great Artesian Basin (Great Artesian Basin),108,631,-30.75,135.75
26,Arckaringa Basin and Southwestern Great Artesian Basin (Great Artesian Basin),109,627,-30.25,133.75
26,Arckaringa Basin and Southwestern Great Artesian Basin (Great Artesian Basin),109,628,-30.25,134.25
26,Arckaringa Basin and Southwestern Great Artesian Basin (Great Artesian Basin),109,629,-30.25,134.75
26,Arckaringa Basin and Southwestern Great Artesian Basin (Great Artesian Basin),109,630,-30.25,135.25
26,Arckaringa Basin and Southwestern Great Artesian Basin (Great Artesian Basin),109,631,-30.25,135.75
26,Arckaringa Basin and Southwestern Great Artesian Basin (Great Artesian Basin),110,629,-29.75,134.75
26,Arckaringa Basin and Southwestern Great Artesian Basin (Great Artesian Basin),110,630,-29.75,135.25
26,Arckaringa Basin and Southwestern Great Artesian Basin (Great Artesian Basin),110,631,-29.75,135.75
26,Arckaringa Basin and Southwestern Great Artesian Basin (Great Artesian Basin),110,632,-29.75,136.25
26,Arckaringa Basin and Southwestern Great Artesian Basin (Great Artesian Basin),111,626,-29.25,133.25
26,Arckaringa Basin and Southwestern Great Artesian Basin (Great Artesian Basin),111,627,-29.25,133.75
26,Arckaringa Basin and Southwestern Great Artesian Basin (Great Artesian Basin),111,628,-29.25,134.25
26,Arckaringa Basin and Southwestern Great Artesian Basin (Great Artesian Basin),111,629,-29.25,134.75
26,Arckaringa Basin and Southwestern Great Artesian Basin (Great Artesian Basin),111,630,-29.25,135.25
26,Arckaringa Basin and Southwestern Great Artesian Basin (Great Artesian Basin),111,631,-29.25,135.75
26,Arckaringa Basin and Southwestern Great Artesian Basin (Great Artesian Basin),111,632,-29.25,136.25
26,Arckaringa Basin and Southwestern Great Artesian Basin (Great Artesian Basin),112,625,-28.75,132.75
26,Arckaringa Basin and Southwestern Great Artesian Basin (Great Artesian Basin),112,626,-28.75,133.25
26,Arckaringa Basin and Southwestern Great Artesian Basin (Great Artesian Basin),112,627,-28.75,133.75
26,Arckaringa Basin and Southwestern Great Artesian Basin (Great Artesian Basin),112,628,-28.75,134.25
26,Arckaringa Basin and Southwestern Great Artesian Basin (Great Artesian Basin),112,629,-28.75,134.75
26,Arckaringa Basin and Southwestern Great Artesian Basin (Great Artesian Basin),112,630,-28.75,135.25
26,Arckaringa Basin and Southwestern Great Artesian Basin (Great Artesian Basin),112,631,-28.75,135.75
26,Arckaringa Basin and Southwestern Great Artesian Basin (Great Artesian Basin),113,626,-28.25,133.25
26,Arckaringa Basin and Southwestern Great Artesian Basin (Great Artesian Basin),113,627,-28.25,133.75
26,Arckaringa Basin and Southwestern Great Artesian Basin (Great Artesian Basin),113,628,-28.25,134.25
26,Arckaringa Basin and Southwestern Great Artesian Basin (Great Artesian Basin),113,629,-28.25,134.75
26,Arckaringa Basin and Southwestern Great Artesian Basin (Great Artesian Basin),113,630,-28.25,135.25
26,Arckaringa Basin and Southwestern Great Artesian Basin (Great Artesian Basin),113,631,-28.25,135.75
26,Arckaringa Basin and Southwestern Great Artesian Basin (Great Artesian Basin),114,627,-27.75,133.75
26,Arckaringa Basin and Southwestern Great Artesian Basin (Great Artesian Basin),114,628,-27.75,134.25
26,Arckaringa Basin and Southwestern Great Artesian Basin (Great Artesian Basin),114,629,-27.75,134.75
26,Arckaringa Basin and Southwestern Great Artesian Basin (Great Artesian Basin),114,630,-27.75,135.25
26,Arckaringa Basin and Southwestern Great Artesian Basin (Great Artesian Basin),115,627,-27.25,133.75
26,Arckaringa Basin and Southwestern Great Artesian Basin (Great Artesian Basin),115,628,-27.25,134.25
26,Arckaringa Basin and Southwestern Great Artesian Basin (Great Artesian Basin),115,629,-27.25,134.75
27,Trans Gangetic Plain (Indo-Gangetic Plain),225,512,27.75,76.25
27,Trans Gangetic Plain (Indo-Gangetic Plain),226,511,28.25,75.75
27,Trans Gangetic Plain (Indo-Gangetic Plain),226,512,28.25,76.25
27,Trans Gangetic Plain (Indo-Gangetic Plain),226,513,28.25,76.75
27,Trans Gangetic Plain (Indo-Gangetic Plain),226,514,28.25,77.25
27,Trans Gangetic Plain (Indo-Gangetic Plain),227,511,28.75,75.75
27,Trans Gangetic Plain (Indo-Gangetic Plain),227,512,28.75,76.25
27,Trans Gangetic Plain (Indo-Gangetic Plain),227,513,28.75,76.75
27,Trans Gangetic Plain (Indo-Gangetic Plain),227,514,28.75,77.25
27,Trans Gangetic Plain (Indo-Gangetic Plain),228,508,29.25,74.25
27,Trans Gangetic Plain (Indo-Gangetic Plain),228,509,29.25,74.75
27,Trans Gangetic Plain (Indo-Gangetic Plain),228,510,29.25,75.25
27,Trans Gangetic Plain (Indo-Gangetic Plain),228,511,29.25,75.75
27,Trans Gangetic Plain (Indo-Gangetic Plain),228,512,29.25,76.25
27,Trans Gangetic Plain (Indo-Gangetic Plain),228,513,29.25,76.75
27,Trans Gangetic Plain (Indo-Gangetic Plain),228,514,29.25,77.25
27,Trans Gangetic Plain (Indo-Gangetic Plain),229,508,29.75,74.25
27,Trans Gangetic Plain (Indo-Gangetic Plain),229,509,29.75,74.75
27,Trans Gangetic Plain (Indo-Gangetic Plain),229,510,29.75,75.25
27,Trans Gangetic Plain (Indo-Gangetic Plain),229,511,29.75,75.75
27,Trans Gangetic Plain (Indo-Gangetic Plain),229,512,29.75,76.25
27,Trans Gangetic Plain (Indo-Gangetic Plain),229,513,29.75,76.75
27,Trans Gangetic Plain (Indo-Gangetic Plain),229,514,29.75,77.25
27,Trans Gangetic Plain (Indo-Gangetic Plain),230,508,30.25,74.25
27,Trans Gangetic Plain (Indo-Gangetic Plain),230,509,30.25,74.75
27,Trans Gangetic Plain (Indo-Gangetic Plain),230,510,30.25,75.25
27,Trans Gangetic Plain (Indo-Gangetic Plain),230,511,30.25,75.75
27,Trans Gangetic Plain (Indo-Gangetic Plain),230,512,30.25,76.25
27,Trans Gangetic Plain (Indo-Gangetic Plain),230,513,30.25,76.75
27,Trans Gangetic Plain (Indo-Gangetic Plain),230,514,30.25,77.25
27,Trans Gangetic Plain (Indo-Gangetic Plain),230,515,30.25,77.75
27,Trans Gangetic Plain (Indo-Gangetic Plain),231,508,30.75,74.25
27,Trans Gangetic Plain (Indo-Gangetic Plain),231,509,30.75,74.75
27,Trans Gangetic Plain (Indo-Gangetic Plain),231,510,30.75,75.25
27,Trans Gangetic Plain (Indo-Gangetic Plain),231,511,30.75,75.75
27,Trans Gangetic Plain (Indo-Gangetic Plain),231,512,30.75,76.25
27,Trans Gangetic Plain (Indo-Gangetic Plain),231,513,30.75,76.75
27,Trans Gangetic Plain (Indo-Gangetic Plain),232,510,31.25,75.25
27,Trans Gangetic Plain (Indo-Gangetic Plain),232,511,31.25,75.75
27,Trans Gangetic Plain (Indo-Gangetic Plain),233,511,31.75,75.75
28,Southcentral Mega Aquifer System (Mega Aquifer System),215,457,22.75,48.75
28,Southcentral Mega Aquifer System (Mega Aquifer System),215,458,22.75,49.25
28,Southcentral Mega Aquifer System (Mega Aquifer System),216,457,23.25,48.75
28,Southcentral Mega Aquifer System (Mega Aquifer System),216,458,23.25,49.25
28,Southcentral Mega Aquifer System (Mega Aquifer System),217,457,23.75,48.75
28,Southcentral Mega Aquifer System (Mega Aquifer System),217,458,23.75,49.25
28,Southcentral Mega Aquifer System (Mega Aquifer System),217,459,23.75,49.75
28,Southcentral Mega Aquifer System (Mega Aquifer System),217,460,23.75,50.25
28,Southcentral Mega Aquifer System (Mega Aquifer System),218,457,24.25,48.75
28,Southcentral Mega Aquifer System (Mega Aquifer System),218,458,24.25,49.25
28,Southcentral Mega Aquifer System (Mega Aquifer System),218,459,24.25,49.75
28,Southcentral Mega Aquifer System (Mega Aquifer System),218,460,24.25,50.25
28,Southcentral Mega Aquifer System (Mega Aquifer System),218,461,24.25,50.75
28,Southcentral Mega Aquifer System (Mega Aquifer System),218,462,24.25,51.25
28,Southcentral Mega Aquifer System (Mega Aquifer System),219,456,24.75,48.25
28,Southcentral Mega Aquifer System (Mega Aquifer System),219,457,24.75,48.75
28,Southcentral Mega Aquifer System (Mega Aquifer System),219,458,24.75,49.25
28,Southcentral Mega Aquifer System (Mega Aquifer System),219,459,24.75,49.75
28,Southcentral Mega Aquifer System (Mega Aquifer System),219,460,24.75,50.25
28,Southcentral Mega Aquifer System (Mega Aquifer System),219,461,24.75,50.75
28,Southcentral Mega Aquifer System (Mega Aquifer System),219,462,24.75,51.25
28,Southcentral Mega Aquifer System (Mega Aquifer System),220,456,25.25,48.25
28,Southcentral Mega Aquifer System (Mega Aquifer System),220,457,25.25,48.75
28,Southcentral Mega Aquifer System (Mega Aquifer System),220,458,25.25,49.25
28,Southcentral Mega Aquifer System (Mega Aquifer System),220,459,25.25,49.75
28,Southcentral Mega Aquifer System (Mega Aquifer System),220,460,25.25,50.25
28,Southcentral Mega Aquifer System (Mega Aquifer System),220,462,25.25,51.25
28,Southcentral Mega Aquifer System (Mega Aquifer System),221,457,25.75,48.75
28,Southcentral Mega Aquifer System (Mega Aquifer System),221,458,25.75,49.25
28,Southcentral Mega Aquifer System (Mega Aquifer System),221,459,25.75,49.75
28,Southcentral Mega Aquifer System (Mega Aquifer System),221,460,25.75,50.25
28,Southcentral Mega Aquifer System (Mega Aquifer System),221,462,25.75,51.25
29,Central Mississippi Embayment (Mississippi Embayment),233,176,31.75,-91.75
29,Central Mississippi Embayment (Mississippi Embayment),234,176,32.25,-91.75
29,Central Mississippi Embayment (Mississippi Embayment),234,177,32.25,-91.25
29,Central Mississippi Embayment (Mississippi Embayment),235,176,32.75,-91.75
29,Central Mississippi Embayment (Mississippi Embayment),235,177,32.75,-91.25
29,Central Mississippi Embayment (Mississippi Embayment),235,178,32.75,-90.75
29,Central Mississippi Embayment (Mississippi Embayment),236,175,33.25,-92.25
29,Central Mississippi Embayment (Mississippi Embayment),236,176,33.25,-91.75
29,Central Mississippi Embayment (Mississippi Embayment),236,177,33.25,-91.25
29,Central Mississippi Embayment (Mississippi Embayment),236,178,33.25,-90.75
29,Central Mississippi Embayment (Mississippi Embayment),236,179,33.25,-90.25
29,Central Mississippi Embayment (Mississippi Embayment),237,176,33.75,-91.75
29,Central Mississippi Embayment (Mississippi Embayment),237,177,33.75,-91.25
29,Central Mississippi Embayment (Mississippi Embayment),237,178,33.75,-90.75
29,Central Mississippi Embayment (Mississippi Embayment),237,179,33.75,-90.25
29,Central Mississippi Embayment (Mississippi Embayment),238,176,34.25,-91.75
29,Central Mississippi Embayment (Mississippi Embayment),238,177,34.25,-91.25
29,Central Mississippi Embayment (Mississippi Embayment),238,178,34.25,-90.75
29,Central Mississippi Embayment (Mississippi Embayment),238,179,34.25,-90.25
29,Central Mississippi Embayment (Mississippi Embayment),239,176,34.75,-91.75
29,Central Mississippi Embayment (Mississippi Embayment),239,177,34.75,-91.25
29,Central Mississippi Embayment (Mississippi Embayment),239,178,34.75,-90.75
29,Central Mississippi Embayment (Mississippi Embayment),239,179,34.75,-90.25
29,Central Mississippi Embayment (Mississippi Embayment),240,177,35.25,-91.25
29,Central Mississippi Embayment (Mississippi Embayment),240,178,35.25,-90.75
29,Central Mississippi Embayment (Mississippi Embayment),240,179,35.25,-90.25
29,Central Mississippi Embayment (Mississippi Embayment),241,177,35.75,-91.25
29,Central Mississippi Embayment (Mississippi Embayment),241,178,35.75,-90.75
29,Central Mississippi Embayment (Mississippi Embayment),241,179,35.75,-90.25
29,Central Mississippi Embayment (Mississippi Embayment),241,180,35.75,-89.75
29,Central Mississippi Embayment (Mississippi Embayment),242,178,36.25,-90.75
29,Central Mississippi Embayment (Mississippi Embayment),242,179,36.25,-90.25
29,Central Mississippi Embayment (Mississippi Embayment),242,180,36.25,-89.75
29,Central Mississippi Embayment (Mississippi Embayment),243,179,36.75,-90.25
29,Central Mississippi Embayment (Mississippi Embayment),243,180,36.75,-89.75
29,Central Mississippi Embayment (Mississippi Embayment),243,181,36.75,-89.25
30,Northern Karoo Basin (Main Karoo Basin),109,410,-30.25,25.25
30,Northern Karoo Basin (Main Karoo Basin),109,411,-30.25,25.75
30,Northern Karoo Basin (Main Karoo Basin),110,409,-29.75,24.75
30,Northern Karoo Basin (Main Karoo Basin),110,410,-29.75,25.25
30,Northern Karoo Basin (Main Karoo Basin),110,411,-29.75,25.75
30,Northern Karoo Basin (Main Karoo Basin),110,412,-29.75,26.25
30,Northern Karoo Basin (Main Karoo Basin),111,408,-29.25,24.25
30,Northern Karoo Basin (Main Karoo Basin),111,409,-29.25,24.75
30,Northern Karoo Basin (Main Karoo Basin),111,410,-29.25,25.25
30,Northern Karoo Basin (Main Karoo Basin),111,411,-29.25,25.75
30,Northern Karoo Basin (Main Karoo Basin),111,412,-29.25,26.25
30,Northern Karoo Basin (Main Karoo Basin),111,413,-29.25,26.75
30,Northern Karoo Basin (Main Karoo Basin),112,408,-28.75,24.25
30,Northern Karoo Basin (Main Karoo Basin),112,409,-28.75,24.75
30,Northern Karoo Basin (Main Karoo Basin),112,410,-28.75,25.25
30,Northern Karoo Basin (Main Karoo Basin),112,411,-28.75,25.75
30,Northern Karoo Basin (Main Karoo Basin),112,412,-28.75,26.25
30,Northern Karoo Basin (Main Karoo Basin),112,413,-28.75,26.75
30,Northern Karoo Basin (Main Karoo Basin),113,409,-28.25,24.75
30,Northern Karoo Basin (Main Karoo Basin),113,410,-28.25,25.25
30,Northern Karoo Basin (Main Karoo Basin),113,411,-28.25,25.75
30,Northern Karoo Basin (Main Karoo Basin),113,412,-28.25,26.25
30,Northern Karoo Basin (Main Karoo Basin),113,413,-28.25,26.75
30,Northern Karoo Basin (Main Karoo Basin),113,414,-28.25,27.25
30,Northern Karoo Basin (Main Karoo Basin),114,410,-27.75,25.25
30,Northern Karoo Basin (Main Karoo Basin),114,411,-27.75,25.75
30,Northern Karoo Basin (Main Karoo Basin),114,412,-27.75,26.25
30,Northern Karoo Basin (Main Karoo Basin),114,413,-27.75,26.75
30,Northern Karoo Basin (Main Karoo Basin),114,414,-27.75,27.25
30,Northern Karoo Basin (Main Karoo Basin),114,415,-27.75,27.75
30,Northern Karoo Basin (Main Karoo Basin),115,412,-27.25,26.25
30,Northern Karoo Basin (Main Karoo Basin),115,413,-27.25,26.75
31,Mississippian-Silurian-Devonian Carbonates (Northern Midwest Aquifer System),250,178,40.25,-90.75
31,Mississippian-Silurian-Devonian Carbonates (Northern Midwest Aquifer System),250,179,40.25,-90.25
31,Mississippian-Silurian-Devonian Carbonates (Northern Midwest Aquifer System),251,176,40.75,-91.75
31,Mississippian-Silurian-Devonian Carbonates (Northern Midwest Aquifer System),251,177,40.75,-91.25
31,Mississippian-Silurian-Devonian Carbonates (Northern Midwest Aquifer System),251,178,40.75,-90.75
31,Mississippian-Silurian-Devonian Carbonates (Northern Midwest Aquifer System),251,179,40.75,-90.25
31,Mississippian-Silurian-Devonian Carbonates (Northern Midwest Aquifer System),251,180,40.75,-89.75
31,Mississippian-Silurian-Devonian Carbonates (Northern Midwest Aquifer System),252,174,41.25,-92.75
31,Mississippian-Silurian-Devonian Carbonates (Northern Midwest Aquifer System),252,175,41.25,-92.25
31,Mississippian-Silurian-Devonian Carbonates (Northern Midwest Aquifer System),252,176,41.25,-91.75
31,Mississippian-Silurian-Devonian Carbonates (Northern Midwest Aquifer System),252,177,41.25,-91.25
31,Mississippian-Silurian-Devonian Carbonates (Northern Midwest Aquifer System),252,178,41.25,-90.75
31,Mississippian-Silurian-Devonian Carbonates (Northern Midwest Aquifer System),252,179,41.25,-90.25
31,Mississippian-Silurian-Devonian Carbonates (Northern Midwest Aquifer System),252,180,41.25,-89.75
31,Mississippian-Silurian-Devonian Carbonates (Northern Midwest Aquifer System),253,171,41.75,-94.25
31,Mississippian-Silurian-Devonian Carbonates (Northern Midwest Aquifer System),253,172,41.75,-93.75
31,Mississippian-Silurian-Devonian Carbonates (Northern Midwest Aquifer System),253,173,41.75,-93.25
31,Mississippian-Silurian-Devonian Carbonates (Northern Midwest Aquifer System),253,174,41.75,-92.75
31,Mississippian-Silurian-Devonian Carbonates (Northern Midwest Aquifer System),253,175,41.75,-92.25
31,Mississippian-Silurian-Devonian Carbonates (Northern Midwest Aquifer System),253,176,41.75,-91.75
31,Mississippian-Silurian-Devonian Carbonates (Northern Midwest Aquifer System),253,177,41.75,-91.25
31,Mississippian-Silurian-Devonian Carbonates (Northern Midwest Aquifer System),253,178,41.75,-90.75
31,Mississippian-Silurian-Devonian Carbonates (Northern Midwest Aquifer System),253,179,41.75,-90.25
31,Mississippian-Silurian-Devonian Carbonates (Northern Midwest Aquifer System),253,180,41.75,-89.75
31,Mississippian-Silurian-Devonian Carbonates (Northern Midwest Aquifer System),254,171,42.25,-94.25
31,Mississippian-Silurian-Devonian Carbonates (Northern Midwest Aquifer System),254,172,42.25,-93.75
31,Mississippian-Silurian-Devonian Carbonates (Northern Midwest Aquifer System),254,173,42.25,-93.25
31,Mississippian-Silurian-Devonian Carbonates (Northern Midwest Aquifer System),254,174,42.25,-92.75
31,Mississippian-Silurian-Devonian Carbonates (Northern Midwest Aquifer System),254,175,42.25,-92.25
31,Mississippian-Silurian-Devonian Carbonates (Northern Midwest Aquifer System),254,176,42.25,-91.75
31,Mississippian-Silurian-Devonian Carbonates (Northern Midwest Aquifer System),254,177,42.25,-91.25
31,Mississippian-Silurian-Devonian Carbonates (Northern Midwest Aquifer System),255,171,42.75,-94.25
31,Mississippian-Silurian-Devonian Carbonates (Northern Midwest Aquifer System),255,173,42.75,-93.25
31,Mississippian-Silurian-Devonian Carbonates (Northern Midwest Aquifer System),255,174,42.75,-92.75
31,Mississippian-Silurian-Devonian Carbonates (Northern Midwest Aquifer System),255,175,42.75,-92.25
31,Mississippian-Silurian-Devonian Carbonates (Northern Midwest Aquifer System),255,176,42.75,-91.75
32,Staten River Embayment and Central Carpentaria Basin (Great Artesian Basin),134,645,-17.75,142.75
32,Staten River Embayment and Central Carpentaria Basin (Great Artesian Basin),134,646,-17.75,143.25
32,Staten River Embayment and Central Carpentaria Basin (Great Artesian Basin),135,644,-17.25,142.25
32,Staten River Embayment and Central Carpentaria Basin (Great Artesian Basin),135,645,-17.25,142.75
32,Staten River Embayment and Central Carpentaria Basin (Great Artesian Basin),135,646,-17.25,143.25
32,Staten River Embayment and Central Carpentaria Basin (Great Artesian Basin),135,647,-17.25,143.75
32,Staten River Embayment and Central Carpentaria Basin (Great Artesian Basin),136,643,-16.75,141.75
32,Staten River Embayment and Central Carpentaria Basin (Great Artesian Basin),136,644,-16.75,142.25
32,Staten River Embayment and Central Carpentaria Basin (Great Artesian Basin),136,645,-16.75,142.75
32,Staten River Embayment and Central Carpentaria Basin (Great Artesian Basin),136,646,-16.75,143.25
32,Staten River Embayment and Central Carpentaria Basin (Great Artesian Basin),136,647,-16.75,143.75
32,Staten River Embayment and Central Carpentaria Basin (Great Artesian Basin),137,643,-16.25,141.75
32,Staten River Embayment and Central Carpentaria Basin (Great Artesian Basin),137,644,-16.25,142.25
32,Staten River Embayment and Central Carpentaria Basin (Great Artesian Basin),137,645,-16.25,142.75
32,Staten River Embayment and Central Carpentaria Basin (Great Artesian Basin),137,646,-16.25,143.25
32,Staten River Embayment and Central Carpentaria Basin (Great Artesian Basin),138,643,-15.75,141.75
32,Staten River Embayment and Central Carpentaria Basin (Great Artesian Basin),138,644,-15.75,142.25
32,Staten River Embayment and Central Carpentaria Basin (Great Artesian Basin),138,645,-15.75,142.75
32,Staten River Embayment and Central Carpentaria Basin (Great Artesian Basin),138,646,-15.75,143.25
32,Staten River Embayment and Central Carpentaria Basin (Great Artesian Basin),139,643,-15.25,141.75
32,Staten River Embayment and Central Carpentaria Basin (Great Artesian Basin),139,644,-15.25,142.25
32,Staten River Embayment and Central Carpentaria Basin (Great Artesian Basin),139,645,-15.25,142.75
32,Staten River Embayment and Central Carpentaria Basin (Great Artesian Basin),140,643,-14.75,141.75
32,Staten River Embayment and Central Carpentaria Basin (Great Artesian Basin),140,644,-14.75,142.25
32,Staten River Embayment and Central Carpentaria Basin (Great Artesian Basin),140,645,-14.75,142.75
33,Central Dharwar Craton Banded Gneiss Complex (Dharwar Craton Banded Gneiss Complex),196,512,13.25,76.25
33,Central Dharwar Craton Banded Gneiss Complex (Dharwar Craton Banded Gneiss Complex),197,512,13.75,76.25
33,Central Dharwar Craton Banded Gneiss Complex (Dharwar Craton Banded Gneiss Complex),197,513,13.75,76.75
33,Central Dharwar Craton Banded Gneiss Complex (Dharwar Craton Banded Gneiss Complex),198,512,14.25,76.25
33,Central Dharwar Craton Banded Gneiss Complex (Dharwar Craton Banded Gneiss Complex),198,513,14.25,76.75
33,Central Dharwar Craton Banded Gneiss Complex (Dharwar Craton Banded Gneiss Complex),199,512,14.75,76.25
33,Central Dharwar Craton Banded Gneiss Complex (Dharwar Craton Banded Gneiss Complex),199,513,14.75,76.75
33,Central Dharwar Craton Banded Gneiss Complex (Dharwar Craton Banded Gneiss Complex),200,511,15.25,75.75
33,Central Dharwar Craton Banded Gneiss Complex (Dharwar Craton Banded Gneiss Complex),200,512,15.25,76.25
33,Central Dharwar Craton Banded Gneiss Complex (Dharwar Craton Banded Gneiss Complex),200,513,15.25,76.75
33,Central Dharwar Craton Banded Gneiss Complex (Dharwar Craton Banded Gneiss Complex),200,514,15.25,77.25
33,Central Dharwar Craton Banded Gneiss Complex (Dharwar Craton Banded Gneiss Complex),200,515,15.25,77.75
33,Central Dharwar Craton Banded Gneiss Complex (Dharwar Craton Banded Gneiss Complex),201,510,15.75,75.25
33,Central Dharwar Craton Banded Gneiss Complex (Dharwar Craton Banded Gneiss Complex),201,511,15.75,75.75
33,Central Dharwar Craton Banded Gneiss Complex (Dharwar Craton Banded Gneiss Complex),201,512,15.75,76.25
33,Central Dharwar Craton Banded Gneiss Complex (Dharwar Craton Banded Gneiss Complex),201,513,15.75,76.75
33,Central Dharwar Craton Banded Gneiss Complex (Dharwar Craton Banded Gneiss Complex),201,514,15.75,77.25
33,Central Dharwar Craton Banded Gneiss Complex (Dharwar Craton Banded Gneiss Complex),201,515,15.75,77.75
33,Central Dharwar Craton Banded Gneiss Complex (Dharwar Craton Banded Gneiss Complex),202,512,16.25,76.25
33,Central Dharwar Craton Banded Gneiss Complex (Dharwar Craton Banded Gneiss Complex),202,513,16.25,76.75
33,Central Dharwar Craton Banded Gneiss Complex (Dharwar Craton Banded Gneiss Complex),202,514,16.25,77.25
33,Central Dharwar Craton Banded Gneiss Complex (Dharwar Craton Banded Gneiss Complex),202,515,16.25,77.75
33,Central Dharwar Craton Banded Gneiss Complex (Dharwar Craton Banded Gneiss Complex),202,516,16.25,78.25
33,Central Dharwar Craton Banded Gneiss Complex (Dharwar Craton Banded Gneiss Complex),203,513,16.75,76.75
33,Central Dharwar Craton Banded Gneiss Complex (Dharwar Craton Banded Gneiss Complex),203,514,16.75,77.25
33,Central Dharwar Craton Banded Gneiss Complex (Dharwar Craton Banded Gneiss Complex),203,515,16.75,77.75
33,Central Dharwar Craton Banded Gneiss Complex (Dharwar Craton Banded Gneiss Complex),204,515,17.25,77.75
34,Central Huaihe Plain (Huaihe River Basin),235,588,32.75,114.25
34,Central Huaihe Plain (Huaihe River Basin),235,589,32.75,114.75
34,Central Huaihe Plain (Huaihe River Basin),235,590,32.75,115.25
34,Central Huaihe Plain (Huaihe River Basin),235,591,32.75,115.75
34,Central Huaihe Plain (Huaihe River Basin),235,592,32.75,116.25
34,Central Huaihe Plain (Huaihe River Basin),235,593,32.75,116.75
34,Central Huaihe Plain (Huaihe River Basin),236,589,33.25,114.75
34,Central Huaihe Plain (Huaihe River Basin),236,590,33.25,115.25
34,Central Huaihe Plain (Huaihe River Basin),236,591,33.25,115.75
34,Central Huaihe Plain (Huaihe River Basin),236,592,33.25,116.25
34,Central Huaihe Plain (Huaihe River Basin),236,593,33.25,116.75
34,Central Huaihe Plain (Huaihe River Basin),237,589,33.75,114.75
34,Central Huaihe Plain (Huaihe River Basin),237,590,33.75,115.25
34,Central Huaihe Plain (Huaihe River Basin),237,591,33.75,115.75
34,Central Huaihe Plain (Huaihe River Basin),237,592,33.75,116.25
34,Central Huaihe Plain (Huaihe River Basin),237,593,33.75,116.75
34,Central Huaihe Plain (Huaihe River Basin),238,589,34.25,114.75
34,Central Huaihe Plain (Huaihe River Basin),238,590,34.25,115.25
34,Central Huaihe Plain (Huaihe River Basin),238,591,34.25,115.75
34,Central Huaihe Plain (Huaihe River Basin),238,592,34.25,116.25
34,Central Huaihe Plain (Huaihe River Basin),238,593,34.25,116.75
34,Central Huaihe Plain (Huaihe River Basin),239,590,34.75,115.25
34,Central Huaihe Plain (Huaihe River Basin),239,591,34.75,115.75
34,Central Huaihe Plain (Huaihe River Basin),239,592,34.75,116.25
34,Central Huaihe Plain (Huaihe River Basin),239,593,34.75,116.75
34,Central Huaihe Plain (Huaihe River Basin),240,590,35.25,115.25
34,Central Huaihe Plain (Huaihe River Basin),240,591,35.25,115.75
34,Central Huaihe Plain (Huaihe River Basin),240,592,35.25,116.25
34,Central Huaihe Plain (Huaihe River Basin),241,591,35.75,115.75
35,Central Minnesota Surficial and Buried Sand and Gravel Aquifers,260,168,45.25,-95.75
35,Central Minnesota Surficial and Buried Sand and Gravel Aquifers,260,169,45.25,-95.25
35,Central Minnesota Surficial and Buried Sand and Gravel Aquifers,260,170,45.25,-94.75
35,Central Minnesota Surficial and Buried Sand and Gravel Aquifers,260,171,45.25,-94.25
35,Central Minnesota Surficial and Buried Sand and Gravel Aquifers,261,168,45.75,-95.75
35,Central Minnesota Surficial and Buried Sand and Gravel Aquifers,261,169,45.75,-95.25
35,Central Minnesota Surficial and Buried Sand and Gravel Aquifers,261,170,45.75,-94.75
35,Central Minnesota Surficial and Buried Sand and Gravel Aquifers,261,171,45.75,-94.25
35,Central Minnesota Surficial and Buried Sand and Gravel Aquifers,261,172,45.75,-93.75
35,Central Minnesota Surficial and Buried Sand and Gravel Aquifers,262,168,46.25,-95.75
35,Central Minnesota Surficial and Buried Sand and Gravel Aquifers,262,169,46.25,-95.25
35,Central Minnesota Surficial and Buried Sand and Gravel Aquifers,262,170,46.25,-94.75
35,Central Minnesota Surficial and Buried Sand and Gravel Aquifers,262,171,46.25,-94.25
35,Central Minnesota Surficial and Buried Sand and Gravel Aquifers,262,172,46.25,-93.75
35,Central Minnesota Surficial and Buried Sand and Gravel Aquifers,262,173,46.25,-93.25
35,Central Minnesota Surficial and Buried Sand and Gravel Aquifers,263,167,46.75,-96.25
35,Central Minnesota Surficial and Buried Sand and Gravel Aquifers,263,168,46.75,-95.75
35,Central Minnesota Surficial and Buried Sand and Gravel Aquifers,263,169,46.75,-95.25
35,Central Minnesota Surficial and Buried Sand and Gravel Aquifers,263,170,46.75,-94.75
35,Central Minnesota Surficial and Buried Sand and Gravel Aquifers,263,171,46.75,-94.25
35,Central Minnesota Surficial and Buried Sand and Gravel Aquifers,263,172,46.75,-93.75
35,Central Minnesota Surficial and Buried Sand and Gravel Aquifers,263,173,46.75,-93.25
35,Central Minnesota Surficial and Buried Sand and Gravel Aquifers,263,174,46.75,-92.75
35,Central Minnesota Surficial and Buried Sand and Gravel Aquifers,264,167,47.25,-96.25
35,Central Minnesota Surficial and Buried Sand and Gravel Aquifers,264,168,47.25,-95.75
35,Central Minnesota Surficial and Buried Sand and Gravel Aquifers,264,169,47.25,-95.25
35,Central Minnesota Surficial and Buried Sand and Gravel Aquifers,264,170,47.25,-94.75
35,Central Minnesota Surficial and Buried Sand and Gravel Aquifers,264,171,47.25,-94.25
35,Central Minnesota Surficial and Buried Sand and Gravel Aquifers,264,172,47.25,-93.75
35,Central Minnesota Surficial and Buried Sand and Gravel Aquifers,264,173,47.25,-93.25
35,Central Minnesota Surficial and Buried Sand and Gravel Aquifers,264,174,47.25,-92.75
35,Central Minnesota Surficial and Buried Sand and Gravel Aquifers,264,175,47.25,-92.25
35,Central Minnesota Surficial and Buried Sand and Gravel Aquifers,265,168,47.75,-95.75
35,Central Minnesota Surficial and Buried Sand and Gravel Aquifers,265,169,47.75,-95.25
35,Central Minnesota Surficial and Buried Sand and Gravel Aquifers,265,170,47.75,-94.75
35,Central Minnesota Surficial and Buried Sand and Gravel Aquifers,265,171,47.75,-94.25
35,Central Minnesota Surficial and Buried Sand and Gravel Aquifers,265,172,47.75,-93.75
35,Central Minnesota Surficial and Buried Sand and Gravel Aquifers,265,173,47.75,-93.25
36,Southern High Plains (High Plains),234,154,32.25,-102.75
36,Southern High Plains (High Plains),234,155,32.25,-102.25
36,Southern High Plains (High Plains),234,156,32.25,-101.75
36,Southern High Plains (High Plains),235,153,32.75,-103.25
36,Southern High Plains (High Plains),235,154,32.75,-102.75
36,Southern High Plains (High Plains),235,155,32.75,-102.25
36,Southern High Plains (High Plains),236,152,33.25,-103.75
36,Southern High Plains (High Plains),236,153,33.25,-103.25
36,Southern High Plains (High Plains),236,154,33.25,-102.75
36,Southern High Plains (High Plains),236,155,33.25,-102.25
36,Southern High Plains (High Plains),236,156,33.25,-101.75
36,Southern High Plains (High Plains),237,152,33.75,-103.75
36,Southern High Plains (High Plains),237,153,33.75,-103.25
36,Southern High Plains (High Plains),237,154,33.75,-102.75
36,Southern High Plains (High Plains),237,155,33.75,-102.25
36,Southern High Plains (High Plains),237,156,33.75,-101.75
36,Southern High Plains (High Plains),237,157,33.75,-101.25
36,Southern High Plains (High Plains),238,152,34.25,-103.75
36,Southern High Plains (High Plains),238,153,34.25,-103.25
36,Southern High Plains (High Plains),238,154,34.25,-102.75
36,Southern High Plains (High Plains),238,155,34.25,-102.25
36,Southern High Plains (High Plains),238,156,34.25,-101.75
36,Southern High Plains (High Plains),238,157,34.25,-101.25
36,Southern High Plains (High Plains),239,152,34.75,-103.75
36,Southern High Plains (High Plains),239,153,34.75,-103.25
36,Southern High Plains (High Plains),239,154,34.75,-102.75
36,Southern High Plains (High Plains),239,155,34.75,-102.25
36,Southern High Plains (High Plains),239,156,34.75,-101.75
36,Southern High Plains (High Plains),240,154,35.25,-102.75
36,Southern High Plains (High Plains),240,155,35.25,-102.25
37,Southcentral Karoo Basin (Main Karoo Basin),103,402,-33.25,21.25
37,Southcentral Karoo Basin (Main Karoo Basin),103,405,-33.25,22.75
37,Southcentral Karoo Basin (Main Karoo Basin),104,402,-32.75,21.25
37,Southcentral Karoo Basin (Main Karoo Basin),104,403,-32.75,21.75
37,Southcentral Karoo Basin (Main Karoo Basin),104,404,-32.75,22.25
37,Southcentral Karoo Basin (Main Karoo Basin),104,405,-32.75,22.75
37,Southcentral Karoo Basin (Main Karoo Basin),104,406,-32.75,23.25
37,Southcentral Karoo Basin (Main Karoo Basin),104,407,-32.75,23.75
37,Southcentral Karoo Basin (Main Karoo Basin),104,408,-32.75,24.25
37,Southcentral Karoo Basin (Main Karoo Basin),104,409,-32.75,24.75
37,Southcentral Karoo Basin (Main Karoo Basin),104,410,-32.75,25.25
37,Southcentral Karoo Basin (Main Karoo Basin),104,411,-32.75,25.75
37,Southcentral Karoo Basin (Main Karoo Basin),104,412,-32.75,26.25
37,Southcentral Karoo Basin (Main Karoo Basin),105,403,-32.25,21.75
37,Southcentral Karoo Basin (Main Karoo Basin),105,404,-32.25,22.25
37,Southcentral Karoo Basin (Main Karoo Basin),105,405,-32.25,22.75
37,Southcentral Karoo Basin (Main Karoo Basin),105,406,-32.25,23.25
37,Southcentral Karoo Basin (Main Karoo Basin),105,407,-32.25,23.75
37,Southcentral Karoo Basin (Main Karoo Basin),105,408,-32.25,24.25
37,Southcentral Karoo Basin (Main Karoo Basin),105,409,-32.25,24.75
37,Southcentral Karoo Basin (Main Karoo Basin),105,410,-32.25,25.25
37,Southcentral Karoo Basin (Main Karoo Basin),105,411,-32.25,25.75
37,Southcentral Karoo Basin (Main Karoo Basin),106,405,-31.75,22.75
37,Southcentral Karoo Basin (Main Karoo Basin),106,406,-31.75,23.25
37,Southcentral Karoo Basin (Main Karoo Basin),106,407,-31.75,23.75
37,Southcentral Karoo Basin (Main Karoo Basin),106,408,-31.75,24.25
37,Southcentral Karoo Basin (Main Karoo Basin),106,410,-31.75,25.25
38,Central High Plains (High Plains),241,153,35.75,-103.25
38,Central High Plains (High Plains),241,154,35.75,-102.75
38,Central High Plains (High Plains),241,155,35.75,-102.25
38,Central High Plains (High Plains),242,153,36.25,-103.25
38,Central High Plains (High Plains),242,154,36.25,-102.75
38,Central High Plains (High Plains),242,155,36.25,-102.25
38,Central High Plains (High Plains),242,156,36.25,-101.75
38,Central High Plains (High Plains),242,157,36.25,-101.25
38,Central High Plains (High Plains),242,158,36.25,-100.75
38,Central High Plains (High Plains),242,159,36.25,-100.25
38,Central High Plains (High Plains),242,160,36.25,-99.75
38,Central High Plains (High Plains),243,154,36.75,-102.75
38,Central High Plains (High Plains),243,155,36.75,-102.25
38,Central High Plains (High Plains),243,156,36.75,-101.75
38,Central High Plains (High Plains),243,157,36.75,-101.25
38,Central High Plains (High Plains),244,153,37.25,-103.25
38,Central High Plains (High Plains),244,154,37.25,-102.75
38,Central High Plains (High Plains),244,155,37.25,-102.25
38,Central High Plains (High Plains),244,156,37.25,-101.75
38,Central High Plains (High Plains),244,157,37.25,-101.25
38,Central High Plains (High Plains),244,158,37.25,-100.75
38,Central High Plains (High Plains),244,159,37.25,-100.25
38,Central High Plains (High Plains),245,155,37.75,-102.25
38,Central High Plains (High Plains),245,156,37.75,-101.75
38,Central High Plains (High Plains),245,157,37.75,-101.25
38,Central High Plains (High Plains),245,158,37.75,-100.75
38,Central High Plains (High Plains),245,159,37.75,-100.25
38,Central High Plains (High Plains),245,160,37.75,-99.75
39,Lower Liaohe River Plain (Liaohe River Basin),251,604,40.75,122.25
39,Lower Liaohe River Plain (Liaohe River Basin),252,602,41.25,121.25
39,Lower Liaohe River Plain (Liaohe River Basin),252,603,41.25,121.75
39,Lower Liaohe River Plain (Liaohe River Basin),252,604,41.25,122.25
39,Lower Liaohe River Plain (Liaohe River Basin),252,605,41.25,122.75
39,Lower Liaohe River Plain (Liaohe River Basin),252,606,41.25,123.25
39,Lower Liaohe River Plain (Liaohe River Basin),253,604,41.75,122.25
39,Lower Liaohe River Plain (Liaohe River Basin),253,605,41.75,122.75
39,Lower Liaohe River Plain (Liaohe River Basin),253,606,41.75,123.25
39,Lower Liaohe River Plain (Liaohe River Basin),253,607,41.75,123.75
39,Lower Liaohe River Plain (Liaohe River Basin),254,604,42.25,122.25
39,Lower Liaohe River Plain (Liaohe River Basin),254,605,42.25,122.75
39,Lower Liaohe River Plain (Liaohe River Basin),254,606,42.25,123.25
39,Lower Liaohe River Plain (Liaohe River Basin),254,607,42.25,123.75
39,Lower Liaohe River Plain (Liaohe River Basin),255,601,42.75,120.75
39,Lower Liaohe River Plain (Liaohe River Basin),255,602,42.75,121.25
39,Lower Liaohe River Plain (Liaohe River Basin),255,603,42.75,121.75
39,Lower Liaohe River Plain (Liaohe River Basin),255,604,42.75,122.25
39,Lower Liaohe River Plain (Liaohe River Basin),255,605,42.75,122.75
39,Lower Liaohe River Plain (Liaohe River Basin),255,606,42.75,123.25
39,Lower Liaohe River Plain (Liaohe River Basin),255,607,42.75,123.75
39,Lower Liaohe River Plain (Liaohe River Basin),256,604,43.25,122.25
39,Lower Liaohe River Plain (Liaohe River Basin),256,605,43.25,122.75
39,Lower Liaohe River Plain (Liaohe River Basin),256,606,43.25,123.25
39,Lower Liaohe River Plain (Liaohe River Basin),256,607,43.25,123.75
39,Lower Liaohe River Plain (Liaohe River Basin),256,608,43.25,124.25
39,Lower Liaohe River Plain (Liaohe River Basin),257,607,43.75,123.75
39,Lower Liaohe River Plain (Liaohe River Basin),257,608,43.75,124.25
39,Lower Liaohe River Plain (Liaohe River Basin),257,609,43.75,124.75
40,Wadi As-Sirhan Basin,229,435,29.75,37.75
40,Wadi As-Sirhan Basin,229,436,29.75,38.25
40,Wadi As-Sirhan Basin,229,437,29.75,38.75
40,Wadi As-Sirhan Basin,229,438,29.75,39.25
40,Wadi As-Sirhan Basin,229,439,29.75,39.75
40,Wadi As-Sirhan Basin,229,440,29.75,40.25
40,Wadi As-Sirhan Basin,230,434,30.25,37.25
40,Wadi As-Sirhan Basin,230,435,30.25,37.75
40,Wadi As-Sirhan Basin,230,436,30.25,38.25
40,Wadi As-Sirhan Basin,230,437,30.25,38.75
40,Wadi As-Sirhan Basin,230,438,30.25,39.25
40,Wadi As-Sirhan Basin,230,439,30.25,39.75
40,Wadi As-Sirhan Basin,230,440,30.25,40.25
40,Wadi As-Sirhan Basin,231,433,30.75,36.75
40,Wadi As-Sirhan Basin,231,434,30.75,37.25
40,Wadi As-Sirhan Basin,231,435,30.75,37.75
40,Wadi As-Sirhan Basin,231,436,30.75,38.25
40,Wadi As-Sirhan Basin,231,437,30.75,38.75
40,Wadi As-Sirhan Basin,231,438,30.75,39.25
40,Wadi As-Sirhan Basin,231,439,30.75,39.75
40,Wadi As-Sirhan Basin,231,440,30.75,40.25
40,Wadi As-Sirhan Basin,232,433,31.25,36.75
40,Wadi As-Sirhan Basin,232,434,31.25,37.25
40,Wadi As-Sirhan Basin,232,435,31.25,37.75
40,Wadi As-Sirhan Basin,233,433,31.75,36.75
41,Eastern Saq Aquifer (Ram-Saq Aquifer System),218,450,24.25,45.25
41,Eastern Saq Aquifer (Ram-Saq Aquifer System),218,451,24.25,45.75
41,Eastern Saq Aquifer (Ram-Saq Aquifer System),219,449,24.75,44.75
41,Eastern Saq Aquifer (Ram-Saq Aquifer System),219,450,24.75,45.25
41,Eastern Saq Aquifer (Ram-Saq Aquifer System),219,451,24.75,45.75
41,Eastern Saq Aquifer (Ram-Saq Aquifer System),220,448,25.25,44.25
41,Eastern Saq Aquifer (Ram-Saq Aquifer System),220,449,25.25,44.75
41,Eastern Saq Aquifer (Ram-Saq Aquifer System),220,450,25.25,45.25
41,Eastern Saq Aquifer (Ram-Saq Aquifer System),221,447,25.75,43.75
41,Eastern Saq Aquifer (Ram-Saq Aquifer System),221,448,25.75,44.25
41,Eastern Saq Aquifer (Ram-Saq Aquifer System),221,449,25.75,44.75
41,Eastern Saq Aquifer (Ram-Saq Aquifer System),222,446,26.25,43.25
41,Eastern Saq Aquifer (Ram-Saq Aquifer System),222,447,26.25,43.75
41,Eastern Saq Aquifer (Ram-Saq Aquifer System),222,448,26.25,44.25
41,Eastern Saq Aquifer (Ram-Saq Aquifer System),222,449,26.25,44.75
41,Eastern Saq Aquifer (Ram-Saq Aquifer System),223,446,26.75,43.25
41,Eastern Saq Aquifer (Ram-Saq Aquifer System),223,447,26.75,43.75
41,Eastern Saq Aquifer (Ram-Saq Aquifer System),223,448,26.75,44.25
41,Eastern Saq Aquifer (Ram-Saq Aquifer System),224,445,27.25,42.75
41,Eastern Saq Aquifer (Ram-Saq Aquifer System),224,446,27.25,43.25
41,Eastern Saq Aquifer (Ram-Saq Aquifer System),224,447,27.25,43.75
41,Eastern Saq Aquifer (Ram-Saq Aquifer System),225,443,27.75,41.75
41,Eastern Saq Aquifer (Ram-Saq Aquifer System),225,444,27.75,42.25
41,Eastern Saq Aquifer (Ram-Saq Aquifer System),225,445,27.75,42.75
41,Eastern Saq Aquifer (Ram-Saq Aquifer System),225,446,27.75,43.25
42,Trinity Aquifer System (Edwards-Trinity Aquifer System),231,164,30.75,-97.75
42,Trinity Aquifer System (Edwards-Trinity Aquifer System),231,165,30.75,-97.25
42,Trinity Aquifer System (Edwards-Trinity Aquifer System),232,163,31.25,-98.25
42,Trinity Aquifer System (Edwards-Trinity Aquifer System),232,164,31.25,-97.75
42,Trinity Aquifer System (Edwards-Trinity Aquifer System),232,165,31.25,-97.25
42,Trinity Aquifer System (Edwards-Trinity Aquifer System),233,162,31.75,-98.75
42,Trinity Aquifer System (Edwards-Trinity Aquifer System),233,163,31.75,-98.25
42,Trinity Aquifer System (Edwards-Trinity Aquifer System),233,164,31.75,-97.75
42,Trinity Aquifer System (Edwards-Trinity Aquifer System),233,165,31.75,-97.25
42,Trinity Aquifer System (Edwards-Trinity Aquifer System),234,161,32.25,-99.25
42,Trinity Aquifer System (Edwards-Trinity Aquifer System),234,162,32.25,-98.75
42,Trinity Aquifer System (Edwards-Trinity Aquifer System),234,163,32.25,-98.25
42,Trinity Aquifer System (Edwards-Trinity Aquifer System),234,164,32.25,-97.75
42,Trinity Aquifer System (Edwards-Trinity Aquifer System),234,165,32.25,-97.25
42,Trinity Aquifer System (Edwards-Trinity Aquifer System),234,166,32.25,-96.75
42,Trinity Aquifer System (Edwards-Trinity Aquifer System),235,164,32.75,-97.75
42,Trinity Aquifer System (Edwards-Trinity Aquifer System),235,165,32.75,-97.25
42,Trinity Aquifer System (Edwards-Trinity Aquifer System),235,166,32.75,-96.75
42,Trinity Aquifer System (Edwards-Trinity Aquifer System),236,164,33.25,-97.75
42,Trinity Aquifer System (Edwards-Trinity Aquifer System),236,165,33.25,-97.25
42,Trinity Aquifer System (Edwards-Trinity Aquifer System),236,166,33.25,-96.75
42,Trinity Aquifer System (Edwards-Trinity Aquifer System),237,165,33.75,-97.25
42,Trinity Aquifer System (Edwards-Trinity Aquifer System),237,166,33.75,-96.75
42,Trinity Aquifer System (Edwards-Trinity Aquifer System),237,168,33.75,-95.75
42,Trinity Aquifer System (Edwards-Trinity Aquifer System),237,169,33.75,-95.25
43,Wisconsin Precambrian Aquifer,259,179,44.75,-90.25
43,Wisconsin Precambrian Aquifer,259,180,44.75,-89.75
43,Wisconsin Precambrian Aquifer,259,181,44.75,-89.25
43,Wisconsin Precambrian Aquifer,260,178,45.25,-90.75
43,Wisconsin Precambrian Aquifer,260,179,45.25,-90.25
43,Wisconsin Precambrian Aquifer,260,180,45.25,-89.75
43,Wisconsin Precambrian Aquifer,260,181,45.25,-89.25
43,Wisconsin Precambrian Aquifer,260,182,45.25,-88.75
43,Wisconsin Precambrian Aquifer,260,183,45.25,-88.25
43,Wisconsin Precambrian Aquifer,261,175,45.75,-92.25
43,Wisconsin Precambrian Aquifer,261,177,45.75,-91.25
43,Wisconsin Precambrian Aquifer,261,178,45.75,-90.75
43,Wisconsin Precambrian Aquifer,261,179,45.75,-90.25
43,Wisconsin Precambrian Aquifer,261,180,45.75,-89.75
43,Wisconsin Precambrian Aquifer,261,181,45.75,-89.25
43,Wisconsin Precambrian Aquifer,261,182,45.75,-88.75
43,Wisconsin Precambrian Aquifer,261,183,45.75,-88.25
43,Wisconsin Precambrian Aquifer,262,175,46.25,-92.25
43,Wisconsin Precambrian Aquifer,262,176,46.25,-91.75
43,Wisconsin Precambrian Aquifer,262,177,46.25,-91.25
43,Wisconsin Precambrian Aquifer,262,178,46.25,-90.75
43,Wisconsin Precambrian Aquifer,262,179,46.25,-90.25
43,Wisconsin Precambrian Aquifer,262,180,46.25,-89.75
43,Wisconsin Precambrian Aquifer,262,181,46.25,-89.25
43,Wisconsin Precambrian Aquifer,262,182,46.25,-88.75
43,Wisconsin Precambrian Aquifer,262,183,46.25,-88.25
43,Wisconsin Precambrian Aquifer,262,184,46.25,-87.75
43,Wisconsin Precambrian Aquifer,263,183,46.75,-88.25
43,Wisconsin Precambrian Aquifer,263,184,46.75,-87.75
44,Lafayette Area (Gulf Coast Regional Aquifer System),229,171,29.75,-94.25
44,Lafayette Area (Gulf Coast Regional Aquifer System),229,172,29.75,-93.75
44,Lafayette Area (Gulf Coast Regional Aquifer System),229,174,29.75,-92.75
44,Lafayette Area (Gulf Coast Regional Aquifer System),229,175,29.75,-92.25
44,Lafayette Area (Gulf Coast Regional Aquifer System),229,176,29.75,-91.75
44,Lafayette Area (Gulf Coast Regional Aquifer System),229,177,29.75,-91.25
44,Lafayette Area (Gulf Coast Regional Aquifer System),230,171,30.25,-94.25
44,Lafayette Area (Gulf Coast Regional Aquifer System),230,172,30.25,-93.75
44,Lafayette Area (Gulf Coast Regional Aquifer System),230,173,30.25,-93.25
44,Lafayette Area (Gulf Coast Regional Aquifer System),230,174,30.25,-92.75
44,Lafayette Area (Gulf Coast Regional Aquifer System),230,175,30.25,-92.25
44,Lafayette Area (Gulf Coast Regional Aquifer System),230,176,30.25,-91.75
44,Lafayette Area (Gulf Coast Regional Aquifer System),231,170,30.75,-94.75
44,Lafayette Area (Gulf Coast Regional Aquifer System),231,171,30.75,-94.25
44,Lafayette Area (Gulf Coast Regional Aquifer System),231,172,30.75,-93.75
44,Lafayette Area (Gulf Coast Regional Aquifer System),231,173,30.75,-93.25
44,Lafayette Area (Gulf Coast Regional Aquifer System),231,174,30.75,-92.75
44,Lafayette Area (Gulf Coast Regional Aquifer System),231,175,30.75,-92.25
44,Lafayette Area (Gulf Coast Regional Aquifer System),232,170,31.25,-94.75
44,Lafayette Area (Gulf Coast Regional Aquifer System),232,171,31.25,-94.25
44,Lafayette Area (Gulf Coast Regional Aquifer System),232,172,31.25,-93.75
44,Lafayette Area (Gulf Coast Regional Aquifer System),232,173,31.25,-93.25
44,Lafayette Area (Gulf Coast Regional Aquifer System),232,174,31.25,-92.75
44,Lafayette Area (Gulf Coast Regional Aquifer System),232,175,31.25,-92.25
44,Lafayette Area (Gulf Coast Regional Aquifer System),232,176,31.25,-91.75
44,Lafayette Area (Gulf Coast Regional Aquifer System),233,175,31.75,-92.25
45,Paskapoo-Scollard,272,131,51.25,-114.25
45,Paskapoo-Scollard,272,132,51.25,-113.75
45,Paskapoo-Scollard,273,130,51.75,-114.75
45,Paskapoo-Scollard,273,131,51.75,-114.25
45,Paskapoo-Scollard,273,132,51.75,-113.75
45,Paskapoo-Scollard,273,133,51.75,-113.25
45,Paskapoo-Scollard,274,129,52.25,-115.25
45,Paskapoo-Scollard,274,130,52.25,-114.75
45,Paskapoo-Scollard,274,131,52.25,-114.25
45,Paskapoo-Scollard,274,132,52.25,-113.75
45,Paskapoo-Scollard,274,133,52.25,-113.25
45,Paskapoo-Scollard,275,127,52.75,-116.25
45,Paskapoo-Scollard,275,128,52.75,-115.75
45,Paskapoo-Scollard,275,129,52.75,-115.25
45,Paskapoo-Scollard,275,130,52.75,-114.75
45,Paskapoo-Scollard,275,131,52.75,-114.25
45,Paskapoo-Scollard,275,132,52.75,-113.75
45,Paskapoo-Scollard,276,126,53.25,-116.75
45,Paskapoo-Scollard,276,127,53.25,-116.25
45,Paskapoo-Scollard,276,128,53.25,-115.75
45,Paskapoo-Scollard,276,129,53.25,-115.25
45,Paskapoo-Scollard,276,130,53.25,-114.75
45,Paskapoo-Scollard,277,124,53.75,-117.75
45,Paskapoo-Scollard,277,125,53.75,-117.25
45,Paskapoo-Scollard,277,126,53.75,-116.75
45,Paskapoo-Scollard,277,127,53.75,-116.25
45,Paskapoo-Scollard,277,128,53.75,-115.75
45,Paskapoo-Scollard,277,129,53.75,-115.25
45,Paskapoo-Scollard,278,123,54.25,-118.25
45,Paskapoo-Scollard,278,124,54.25,-117.75
45,Paskapoo-Scollard,278,125,54.25,-117.25
45,Paskapoo-Scollard,278,126,54.25,-116.75
45,Paskapoo-Scollard,278,127,54.25,-116.25
45,Paskapoo-Scollard,278,128,54.25,-115.75
45,Paskapoo-Scollard,279,128,54.75,-115.75
45,Paskapoo-Scollard,279,129,54.75,-115.25
46,Western Surat Basin (Great Artesian Basin),110,654,-29.75,147.25
46,Western Surat Basin (Great Artesian Basin),110,655,-29.75,147.75
46,Western Surat Basin (Great Artesian Basin),110,656,-29.75,148.25
46,Western Surat Basin (Great Artesian Basin),111,653,-29.25,146.75
46,Western Surat Basin (Great Artesian Basin),111,654,-29.25,147.25
46,Western Surat Basin (Great Artesian Basin),111,655,-29.25,147.75
46,Western Surat Basin (Great Artesian Basin),111,656,-29.25,148.25
46,Western Surat Basin (Great Artesian Basin),112,653,-28.75,146.75
46,Western Surat Basin (Great Artesian Basin),112,654,-28.75,147.25
46,Western Surat Basin (Great Artesian Basin),112,655,-28.75,147.75
46,Western Surat Basin (Great Artesian Basin),112,656,-28.75,148.25
46,Western Surat Basin (Great Artesian Basin),112,657,-28.75,148.75
46,Western Surat Basin (Great Artesian Basin),113,654,-28.25,147.25
46,Western Surat Basin (Great Artesian Basin),113,655,-28.25,147.75
46,Western Surat Basin (Great Artesian Basin),113,656,-28.25,148.25
46,Western Surat Basin (Great Artesian Basin),114,654,-27.75,147.25
46,Western Surat Basin (Great Artesian Basin),114,655,-27.75,147.75
46,Western Surat Basin (Great Artesian Basin),114,656,-27.75,148.25
46,Western Surat Basin (Great Artesian Basin),115,654,-27.25,147.25
46,Western Surat Basin (Great Artesian Basin),115,655,-27.25,147.75
46,Western Surat Basin (Great Artesian Basin),116,654,-26.75,147.25
46,Western Surat Basin (Great Artesian Basin),116,655,-26.75,147.75
46,Western Surat Basin (Great Artesian Basin),117,655,-26.25,147.75
47,Coonamble Embayment (Great Artesian Basin),105,655,-32.25,147.75
47,Coonamble Embayment (Great Artesian Basin),105,656,-32.25,148.25
47,Coonamble Embayment (Great Artesian Basin),106,655,-31.75,147.75
47,Coonamble Embayment (Great Artesian Basin),106,656,-31.75,148.25
47,Coonamble Embayment (Great Artesian Basin),106,657,-31.75,148.75
47,Coonamble Embayment (Great Artesian Basin),107,654,-31.25,147.25
47,Coonamble Embayment (Great Artesian Basin),107,655,-31.25,147.75
47,Coonamble Embayment (Great Artesian Basin),107,656,-31.25,148.25
47,Coonamble Embayment (Great Artesian Basin),107,657,-31.25,148.75
47,Coonamble Embayment (Great Artesian Basin),107,658,-31.25,149.25
47,Coonamble Embayment (Great Artesian Basin),108,654,-30.75,147.25
47,Coonamble Embayment (Great Artesian Basin),108,655,-30.75,147.75
47,Coonamble Embayment (Great Artesian Basin),108,656,-30.75,148.25
47,Coonamble Embayment (Great Artesian Basin),108,657,-30.75,148.75
47,Coonamble Embayment (Great Artesian Basin),108,658,-30.75,149.25
47,Coonamble Embayment (Great Artesian Basin),108,659,-30.75,149.75
47,Coonamble Embayment (Great Artesian Basin),109,654,-30.25,147.25
47,Coonamble Embayment (Great Artesian Basin),109,655,-30.25,147.75
47,Coonamble Embayment (Great Artesian Basin),109,656,-30.25,148.25
47,Coonamble Embayment (Great Artesian Basin),109,657,-30.25,148.75
47,Coonamble Embayment (Great Artesian Basin),109,658,-30.25,149.25
47,Coonamble Embayment (Great Artesian Basin),109,659,-30.25,149.75
47,Coonamble Embayment (Great Artesian Basin),110,657,-29.75,148.75
47,Coonamble Embayment (Great Artesian Basin),110,658,-29.75,149.25
47,Coonamble Embayment (Great Artesian Basin),110,659,-29.75,149.75
48,Mimosa Syncline and Eastern Surat Basin (Great Artesian Basin),113,657,-28.25,148.75
48,Mimosa Syncline and Eastern Surat Basin (Great Artesian Basin),113,658,-28.25,149.25
48,Mimosa Syncline and Eastern Surat Basin (Great Artesian Basin),113,659,-28.25,149.75
48,Mimosa Syncline and Eastern Surat Basin (Great Artesian Basin),114,657,-27.75,148.75
48,Mimosa Syncline and Eastern Surat Basin (Great Artesian Basin),114,658,-27.75,149.25
48,Mimosa Syncline and Eastern Surat Basin (Great Artesian Basin),114,659,-27.75,149.75
48,Mimosa Syncline and Eastern Surat Basin (Great Artesian Basin),114,660,-27.75,150.25
48,Mimosa Syncline and Eastern Surat Basin (Great Artesian Basin),115,656,-27.25,148.25
48,Mimosa Syncline and Eastern Surat Basin (Great Artesian Basin),115,657,-27.25,148.75
48,Mimosa Syncline and Eastern Surat Basin (Great Artesian Basin),115,658,-27.25,149.25
48,Mimosa Syncline and Eastern Surat Basin (Great Artesian Basin),115,659,-27.25,149.75
48,Mimosa Syncline and Eastern Surat Basin (Great Artesian Basin),115,660,-27.25,150.25
48,Mimosa Syncline and Eastern Surat Basin (Great Artesian Basin),115,661,-27.25,150.75
48,Mimosa Syncline and Eastern Surat Basin (Great Artesian Basin),116,656,-26.75,148.25
48,Mimosa Syncline and Eastern Surat Basin (Great Artesian Basin),116,657,-26.75,148.75
48,Mimosa Syncline and Eastern Surat Basin (Great Artesian Basin),116,658,-26.75,149.25
48,Mimosa Syncline and Eastern Surat Basin (Great Artesian Basin),116,659,-26.75,149.75
48,Mimosa Syncline and Eastern Surat Basin (Great Artesian Basin),116,660,-26.75,150.25
48,Mimosa Syncline and Eastern Surat Basin (Great Artesian Basin),116,661,-26.75,150.75
48,Mimosa Syncline and Eastern Surat Basin (Great Artesian Basin),117,657,-26.25,148.75
48,Mimosa Syncline and Eastern Surat Basin (Great Artesian Basin),117,660,-26.25,150.25
48,Mimosa Syncline and Eastern Surat Basin (Great Artesian Basin),117,661,-26.25,150.75
49,Wuyuer-Shuangyang System (Songnen Plain),258,606,44.25,123.25
49,Wuyuer-Shuangyang System (Songnen Plain),258,607,44.25,123.75
49,Wuyuer-Shuangyang System (Songnen Plain),258,608,44.25,124.25
49,Wuyuer-Shuangyang System (Songnen Plain),259,605,44.75,122.75
49,Wuyuer-Shuangyang System (Songnen Plain),259,606,44.75,123.25
49,Wuyuer-Shuangyang System (Songnen Plain),259,607,44.75,123.75
49,Wuyuer-Shuangyang System (Songnen Plain),259,608,44.75,124.25
49,Wuyuer-Shuangyang System (Songnen Plain),260,606,45.25,123.25
49,Wuyuer-Shuangyang System (Songnen Plain),260,607,45.25,123.75
49,Wuyuer-Shuangyang System (Songnen Plain),260,608,45.25,124.25
49,Wuyuer-Shuangyang System (Songnen Plain),260,609,45.25,124.75
49,Wuyuer-Shuangyang System (Songnen Plain),260,610,45.25,125.25
49,Wuyuer-Shuangyang System (Songnen Plain),260,611,45.25,125.75
49,Wuyuer-Shuangyang System (Songnen Plain),261,607,45.75,123.75
49,Wuyuer-Shuangyang System (Songnen Plain),261,608,45.75,124.25
49,Wuyuer-Shuangyang System (Songnen Plain),261,609,45.75,124.75
49,Wuyuer-Shuangyang System (Songnen Plain),261,610,45.75,125.25
49,Wuyuer-Shuangyang System (Songnen Plain),262,608,46.25,124.25
49,Wuyuer-Shuangyang System (Songnen Plain),262,609,46.25,124.75
49,Wuyuer-Shuangyang System (Songnen Plain),262,610,46.25,125.25
49,Wuyuer-Shuangyang System (Songnen Plain),263,607,46.75,123.75
49,Wuyuer-Shuangyang System (Songnen Plain),263,608,46.75,124.25
49,Wuyuer-Shuangyang System (Songnen Plain),263,609,46.75,124.75
49,Wuyuer-Shuangyang System (Songnen Plain),263,610,46.75,125.25
49,Wuyuer-Shuangyang System (Songnen Plain),264,608,47.25,124.25
49,Wuyuer-Shuangyang System (Songnen Plain),264,609,47.25,124.75
49,Wuyuer-Shuangyang System (Songnen Plain),264,610,47.25,125.25
49,Wuyuer-Shuangyang System (Songnen Plain),265,608,47.75,124.25
49,Wuyuer-Shuangyang System (Songnen Plain),265,609,47.75,124.75
50,Powder River Basin (Northern Great Plains),255,149,42.75,-105.25
50,Powder River Basin (Northern Great Plains),256,148,43.25,-105.75
50,Powder River Basin (Northern Great Plains),256,149,43.25,-105.25
50,Powder River Basin (Northern Great Plains),256,150,43.25,-104.75
50,Powder River Basin (Northern Great Plains),257,147,43.75,-106.25
50,Powder River Basin (Northern Great Plains),257,148,43.75,-105.75
50,Powder River Basin (Northern Great Plains),257,149,43.75,-105.25
50,Powder River Basin (Northern Great Plains),257,150,43.75,-104.75
50,Powder River Basin (Northern Great Plains),257,151,43.75,-104.25
50,Powder River Basin (Northern Great Plains),258,146,44.25,-106.75
50,Powder River Basin (Northern Great Plains),258,147,44.25,-106.25
50,Powder River Basin (Northern Great Plains),258,148,44.25,-105.75
50,Powder River Basin (Northern Great Plains),258,149,44.25,-105.25
50,Powder River Basin (Northern Great Plains),259,146,44.75,-106.75
50,Powder River Basin (Northern Great Plains),259,147,44.75,-106.25
50,Powder River Basin (Northern Great Plains),259,148,44.75,-105.75
50,Powder River Basin (Northern Great Plains),259,149,44.75,-105.25
50,Powder River Basin (Northern Great Plains),260,145,45.25,-107.25
50,Powder River Basin (Northern Great Plains),260,146,45.25,-106.75
50,Powder River Basin (Northern Great Plains),260,147,45.25,-106.25
50,Powder River Basin (Northern Great Plains),260,148,45.25,-105.75
50,Powder River Basin (Northern Great Plains),260,149,45.25,-105.25
50,Powder River Basin (Northern Great Plains),261,145,45.75,-107.25
50,Powder River Basin (Northern Great Plains),261,146,45.75,-106.75
50,Powder River Basin (Northern Great Plains),261,147,45.75,-106.25
50,Powder River Basin (Northern Great Plains),261,148,45.75,-105.75
50,Powder River Basin (Northern Great Plains),261,149,45.75,-105.25
50,Powder River Basin (Northern Great Plains),262,146,46.25,-106.75
50,Powder River Basin (Northern Great Plains),262,147,46.25,-106.25
51,Central Eucla Basin (Eucla Basin),103,629,-33.25,134.75
51,Central Eucla Basin (Eucla Basin),103,630,-33.25,135.25
51,Central Eucla Basin (Eucla Basin),103,631,-33.25,135.75
51,Central Eucla Basin (Eucla Basin),104,628,-32.75,134.25
51,Central Eucla Basin (Eucla Basin),104,629,-32.75,134.75
51,Central Eucla Basin (Eucla Basin),105,628,-32.25,134.25
51,Central Eucla Basin (Eucla Basin),105,629,-32.25,134.75
51,Central Eucla Basin (Eucla Basin),106,624,-31.75,132.25
51,Central Eucla Basin (Eucla Basin),106,625,-31.75,132.75
51,Central Eucla Basin (Eucla Basin),106,626,-31.75,133.25
51,Central Eucla Basin (Eucla Basin),106,627,-31.75,133.75
51,Central Eucla Basin (Eucla Basin),107,622,-31.25,131.25
51,Central Eucla Basin (Eucla Basin),107,623,-31.25,131.75
51,Central Eucla Basin (Eucla Basin),107,624,-31.25,132.25
51,Central Eucla Basin (Eucla Basin),107,625,-31.25,132.75
51,Central Eucla Basin (Eucla Basin),107,626,-31.25,133.25
51,Central Eucla Basin (Eucla Basin),108,623,-30.75,131.75
51,Central Eucla Basin (Eucla Basin),108,624,-30.75,132.25
51,Central Eucla Basin (Eucla Basin),108,625,-30.75,132.75
51,Central Eucla Basin (Eucla Basin),109,623,-30.25,131.75
51,Central Eucla Basin (Eucla Basin),109,624,-30.25,132.25
51,Central Eucla Basin (Eucla Basin),109,625,-30.25,132.75
51,Central Eucla Basin (Eucla Basin),110,624,-29.75,132.25
52,Rio Grande Delta (Gulf Coast Regional Aquifer System),217,163,23.75,-98.25
52,Rio Grande Delta (Gulf Coast Regional Aquifer System),219,163,24.75,-98.25
52,Rio Grande Delta (Gulf Coast Regional Aquifer System),219,164,24.75,-97.75
52,Rio Grande Delta (Gulf Coast Regional Aquifer System),220,163,25.25,-98.25
52,Rio Grande Delta (Gulf Coast Regional Aquifer System),220,164,25.25,-97.75
52,Rio Grande Delta (Gulf Coast Regional Aquifer System),221,163,25.75,-98.25
52,Rio Grande Delta (Gulf Coast Regional Aquifer System),221,164,25.75,-97.75
52,Rio Grande Delta (Gulf Coast Regional Aquifer System),221,165,25.75,-97.25
52,Rio Grande Delta (Gulf Coast Regional Aquifer System),222,162,26.25,-98.75
52,Rio Grande Delta (Gulf Coast Regional Aquifer System),222,163,26.25,-98.25
52,Rio Grande Delta (Gulf Coast Regional Aquifer System),222,164,26.25,-97.75
52,Rio Grande Delta (Gulf Coast Regional Aquifer System),223,162,26.75,-98.75
52,Rio Grande Delta (Gulf Coast Regional Aquifer System),223,163,26.75,-98.25
52,Rio Grande Delta (Gulf Coast Regional Aquifer System),223,164,26.75,-97.75
52,Rio Grande Delta (Gulf Coast Regional Aquifer System),224,162,27.25,-98.75
52,Rio Grande Delta (Gulf Coast Regional Aquifer System),224,163,27.25,-98.25
52,Rio Grande Delta (Gulf Coast Regional Aquifer System),224,164,27.25,-97.75
52,Rio Grande Delta (Gulf Coast Regional Aquifer System),225,162,27.75,-98.75
52,Rio Grande Delta (Gulf Coast Regional Aquifer System),225,163,27.75,-98.25
52,Rio Grande Delta (Gulf Coast Regional Aquifer System),225,164,27.75,-97.75
52,Rio Grande Delta (Gulf Coast Regional Aquifer System),226,163,28.25,-98.25
53,Michigan Basin,254,190,42.25,-84.75
53,Michigan Basin,254,191,42.25,-84.25
53,Michigan Basin,255,188,42.75,-85.75
53,Michigan Basin,255,189,42.75,-85.25
53,Michigan Basin,255,190,42.75,-84.75
53,Michigan Basin,255,191,42.75,-84.25
53,Michigan Basin,255,192,42.75,-83.75
53,Michigan Basin,256,187,43.25,-86.25
53,Michigan Basin,256,188,43.25,-85.75
53,Michigan Basin,256,189,43.25,-85.25
53,Michigan Basin,256,190,43.25,-84.75
53,Michigan Basin,256,191,43.25,-84.25
53,Michigan Basin,256,192,43.25,-83.75
53,Michigan Basin,256,193,43.25,-83.25
53,Michigan Basin,257,187,43.75,-86.25
53,Michigan Basin,257,188,43.75,-85.75
53,Michigan Basin,257,189,43.75,-85.25
53,Michigan Basin,257,190,43.75,-84.75
53,Michigan Basin,257,191,43.75,-84.25
53,Michigan Basin,257,193,43.75,-83.25
53,Michigan Basin,258,188,44.25,-85.75
53,Michigan Basin,258,189,44.25,-85.25
53,Michigan Basin,258,190,44.25,-84.75
53,Michigan Basin,258,191,44.25,-84.25
53,Michigan Basin,258,192,44.25,-83.75
54,Southern Piedmont Upland (Piedmont Plateau),235,187,32.75,-86.25
54,Southern Piedmont Upland (Piedmont Plateau),235,188,32.75,-85.75
54,Southern Piedmont Upland (Piedmont Plateau),235,189,32.75,-85.25
54,Southern Piedmont Upland (Piedmont Plateau),235,190,32.75,-84.75
54,Southern Piedmont Upland (Piedmont Plateau),235,191,32.75,-84.25
54,Southern Piedmont Upland (Piedmont Plateau),236,187,33.25,-86.25
54,Southern Piedmont Upland (Piedmont Plateau),236,188,33.25,-85.75
54,Southern Piedmont Upland (Piedmont Plateau),236,189,33.25,-85.25
54,Southern Piedmont Upland (Piedmont Plateau),236,190,33.25,-84.75
54,Southern Piedmont Upland (Piedmont Plateau),236,191,33.25,-84.25
54,Southern Piedmont Upland (Piedmont Plateau),236,192,33.25,-83.75
54,Southern Piedmont Upland (Piedmont Plateau),236,193,33.25,-83.25
54,Southern Piedmont Upland (Piedmont Plateau),236,194,33.25,-82.75
54,Southern Piedmont Upland (Piedmont Plateau),237,189,33.75,-85.25
54,Southern Piedmont Upland (Piedmont Plateau),237,190,33.75,-84.75
54,Southern Piedmont Upland (Piedmont Plateau),237,191,33.75,-84.25
54,Southern Piedmont Upland (Piedmont Plateau),237,192,33.75,-83.75
54,Southern Piedmont Upland (Piedmont Plateau),237,193,33.75,-83.25
54,Southern Piedmont Upland (Piedmont Plateau),237,194,33.75,-82.75
54,Southern Piedmont Upland (Piedmont Plateau),237,195,33.75,-82.25
54,Southern Piedmont Upland (Piedmont Plateau),238,191,34.25,-84.25
54,Southern Piedmont Upland (Piedmont Plateau),238,192,34.25,-83.75
54,Southern Piedmont Upland (Piedmont Plateau),238,193,34.25,-83.25
54,Southern Piedmont Upland (Piedmont Plateau),238,194,34.25,-82.75
55,Eastern Huaihe Plain (Huaihe River Basin),235,595,32.75,117.75
55,Eastern Huaihe Plain (Huaihe River Basin),236,594,33.25,117.25
55,Eastern Huaihe Plain (Huaihe River Basin),236,595,33.25,117.75
55,Eastern Huaihe Plain (Huaihe River Basin),236,596,33.25,118.25
55,Eastern Huaihe Plain (Huaihe River Basin),236,597,33.25,118.75
55,Eastern Huaihe Plain (Huaihe River Basin),237,594,33.75,117.25
55,Eastern Huaihe Plain (Huaihe River Basin),237,595,33.75,117.75
55,Eastern Huaihe Plain (Huaihe River Basin),237,596,33.75,118.25
55,Eastern Huaihe Plain (Huaihe River Basin),238,594,34.25,117.25
55,Eastern Huaihe Plain (Huaihe River Basin),238,595,34.25,117.75
55,Eastern Huaihe Plain (Huaihe River Basin),238,596,34.25,118.25
55,Eastern Huaihe Plain (Huaihe River Basin),239,594,34.75,117.25
55,Eastern Huaihe Plain (Huaihe River Basin),239,595,34.75,117.75
55,Eastern Huaihe Plain (Huaihe River Basin),239,596,34.75,118.25
55,Eastern Huaihe Plain (Huaihe River Basin),240,593,35.25,116.75
55,Eastern Huaihe Plain (Huaihe River Basin),240,594,35.25,117.25
55,Eastern Huaihe Plain (Huaihe River Basin),240,595,35.25,117.75
55,Eastern Huaihe Plain (Huaihe River Basin),240,596,35.25,118.25
55,Eastern Huaihe Plain (Huaihe River Basin),240,597,35.25,118.75
55,Eastern Huaihe Plain (Huaihe River Basin),241,592,35.75,116.25
55,Eastern Huaihe Plain (Huaihe River Basin),241,593,35.75,116.75
55,Eastern Huaihe Plain (Huaihe River Basin),241,594,35.75,117.25
55,Eastern Huaihe Plain (Huaihe River Basin),241,595,35.75,117.75
55,Eastern Huaihe Plain (Huaihe River Basin),241,597,35.75,118.75
55,Eastern Huaihe Plain (Huaihe River Basin),242,593,36.25,116.75
55,Eastern Huaihe Plain (Huaihe River Basin),242,594,36.25,117.25
56,Northern Dharwar Craton Banded Gneiss Complex (Dharwar Craton Banded Gneiss Complex),203,516,16.75,78.25
56,Northern Dharwar Craton Banded Gneiss Complex (Dharwar Craton Banded Gneiss Complex),203,517,16.75,78.75
56,Northern Dharwar Craton Banded Gneiss Complex (Dharwar Craton Banded Gneiss Complex),203,518,16.75,79.25
56,Northern Dharwar Craton Banded Gneiss Complex (Dharwar Craton Banded Gneiss Complex),203,519,16.75,79.75
56,Northern Dharwar Craton Banded Gneiss Complex (Dharwar Craton Banded Gneiss Complex),203,520,16.75,80.25
56,Northern Dharwar Craton Banded Gneiss Complex (Dharwar Craton Banded Gneiss Complex),204,516,17.25,78.25
56,Northern Dharwar Craton Banded Gneiss Complex (Dharwar Craton Banded Gneiss Complex),204,517,17.25,78.75
56,Northern Dharwar Craton Banded Gneiss Complex (Dharwar Craton Banded Gneiss Complex),204,518,17.25,79.25
56,Northern Dharwar Craton Banded Gneiss Complex (Dharwar Craton Banded Gneiss Complex),204,519,17.25,79.75
56,Northern Dharwar Craton Banded Gneiss Complex (Dharwar Craton Banded Gneiss Complex),204,520,17.25,80.25
56,Northern Dharwar Craton Banded Gneiss Complex (Dharwar Craton Banded Gneiss Complex),204,521,17.25,80.75
56,Northern Dharwar Craton Banded Gneiss Complex (Dharwar Craton Banded Gneiss Complex),205,516,17.75,78.25
56,Northern Dharwar Craton Banded Gneiss Complex (Dharwar Craton Banded Gneiss Complex),205,517,17.75,78.75
56,Northern Dharwar Craton Banded Gneiss Complex (Dharwar Craton Banded Gneiss Complex),205,518,17.75,79.25
56,Northern Dharwar Craton Banded Gneiss Complex (Dharwar Craton Banded Gneiss Complex),205,519,17.75,79.75
56,Northern Dharwar Craton Banded Gneiss Complex (Dharwar Craton Banded Gneiss Complex),206,515,18.25,77.75
56,Northern Dharwar Craton Banded Gneiss Complex (Dharwar Craton Banded Gneiss Complex),206,516,18.25,78.25
56,Northern Dharwar Craton Banded Gneiss Complex (Dharwar Craton Banded Gneiss Complex),206,517,18.25,78.75
56,Northern Dharwar Craton Banded Gneiss Complex (Dharwar Craton Banded Gneiss Complex),206,518,18.25,79.25
56,Northern Dharwar Craton Banded Gneiss Complex (Dharwar Craton Banded Gneiss Complex),206,519,18.25,79.75
56,Northern Dharwar Craton Banded Gneiss Complex (Dharwar Craton Banded Gneiss Complex),207,517,18.75,78.75
56,Northern Dharwar Craton Banded Gneiss Complex (Dharwar Craton Banded Gneiss Complex),207,518,18.75,79.25
57,Eastern Mississippi Embayment (Mississippi Embayment),233,183,31.75,-88.25
57,Eastern Mississippi Embayment (Mississippi Embayment),233,184,31.75,-87.75
57,Eastern Mississippi Embayment (Mississippi Embayment),233,185,31.75,-87.25
57,Eastern Mississippi Embayment (Mississippi Embayment),234,182,32.25,-88.75
57,Eastern Mississippi Embayment (Mississippi Embayment),234,183,32.25,-88.25
57,Eastern Mississippi Embayment (Mississippi Embayment),235,180,32.75,-89.75
57,Eastern Mississippi Embayment (Mississippi Embayment),235,181,32.75,-89.25
57,Eastern Mississippi Embayment (Mississippi Embayment),235,182,32.75,-88.75
57,Eastern Mississippi Embayment (Mississippi Embayment),236,180,33.25,-89.75
57,Eastern Mississippi Embayment (Mississippi Embayment),236,181,33.25,-89.25
57,Eastern Mississippi Embayment (Mississippi Embayment),237,180,33.75,-89.75
57,Eastern Mississippi Embayment (Mississippi Embayment),238,180,34.25,-89.75
57,Eastern Mississippi Embayment (Mississippi Embayment),238,181,34.25,-89.25
57,Eastern Mississippi Embayment (Mississippi Embayment),239,180,34.75,-89.75
57,Eastern Mississippi Embayment (Mississippi Embayment),239,181,34.75,-89.25
57,Eastern Mississippi Embayment (Mississippi Embayment),240,180,35.25,-89.75
57,Eastern Mississippi Embayment (Mississippi Embayment),240,181,35.25,-89.25
57,Eastern Mississippi Embayment (Mississippi Embayment),241,181,35.75,-89.25
57,Eastern Mississippi Embayment (Mississippi Embayment),241,182,35.75,-88.75
57,Eastern Mississippi Embayment (Mississippi Embayment),242,181,36.25,-89.25
57,Eastern Mississippi Embayment (Mississippi Embayment),242,182,36.25,-88.75
57,Eastern Mississippi Embayment (Mississippi Embayment),243,182,36.75,-88.75
58,Western Cambrian-Ordovician Aquifers (Northern Midwest Aquifer System),257,171,43.75,-94.25
58,Western Cambrian-Ordovician Aquifers (Northern Midwest Aquifer System),257,175,43.75,-92.25
58,Western Cambrian-Ordovician Aquifers (Northern Midwest Aquifer System),257,176,43.75,-91.75
58,Western Cambrian-Ordovician Aquifers (Northern Midwest Aquifer System),258,172,44.25,-93.75
58,Western Cambrian-Ordovician Aquifers (Northern Midwest Aquifer System),258,173,44.25,-93.25
58,Western Cambrian-Ordovician Aquifers (Northern Midwest Aquifer System),258,174,44.25,-92.75
58,Western Cambrian-Ordovician Aquifers (Northern Midwest Aquifer System),258,175,44.25,-92.25
58,Western Cambrian-Ordovician Aquifers (Northern Midwest Aquifer System),258,176,44.25,-91.75
58,Western Cambrian-Ordovician Aquifers (Northern Midwest Aquifer System),258,177,44.25,-91.25
58,Western Cambrian-Ordovician Aquifers (Northern Midwest Aquifer System),258,178,44.25,-90.75
58,Western Cambrian-Ordovician Aquifers (Northern Midwest Aquifer System),258,179,44.25,-90.25
58,Western Cambrian-Ordovician Aquifers (Northern Midwest Aquifer System),259,172,44.75,-93.75
58,Western Cambrian-Ordovician Aquifers (Northern Midwest Aquifer System),259,173,44.75,-93.25
58,Western Cambrian-Ordovician Aquifers (Northern Midwest Aquifer System),259,174,44.75,-92.75
58,Western Cambrian-Ordovician Aquifers (Northern Midwest Aquifer System),259,175,44.75,-92.25
58,Western Cambrian-Ordovician Aquifers (Northern Midwest Aquifer System),259,176,44.75,-91.75
58,Western Cambrian-Ordovician Aquifers (Northern Midwest Aquifer System),259,177,44.75,-91.25
58,Western Cambrian-Ordovician Aquifers (Northern Midwest Aquifer System),259,178,44.75,-90.75
58,Western Cambrian-Ordovician Aquifers (Northern Midwest Aquifer System),260,172,45.25,-93.75
58,Western Cambrian-Ordovician Aquifers (Northern Midwest Aquifer System),260,173,45.25,-93.25
58,Western Cambrian-Ordovician Aquifers (Northern Midwest Aquifer System),260,174,45.25,-92.75
58,Western Cambrian-Ordovician Aquifers (Northern Midwest Aquifer System),260,175,45.25,-92.25
58,Western Cambrian-Ordovician Aquifers (Northern Midwest Aquifer System),260,176,45.25,-91.75
58,Western Cambrian-Ordovician Aquifers (Northern Midwest Aquifer System),260,177,45.25,-91.25
58,Western Cambrian-Ordovician Aquifers (Northern Midwest Aquifer System),261,173,45.75,-93.25
58,Western Cambrian-Ordovician Aquifers (Northern Midwest Aquifer System),261,174,45.75,-92.75
58,Western Cambrian-Ordovician Aquifers (Northern Midwest Aquifer System),261,176,45.75,-91.75
58,Western Cambrian-Ordovician Aquifers (Northern Midwest Aquifer System),262,174,46.25,-92.75
59,Southeastern System (Amadeus Basin),118,624,-25.75,132.25
59,Southeastern System (Amadeus Basin),118,625,-25.75,132.75
59,Southeastern System (Amadeus Basin),118,626,-25.75,133.25
59,Southeastern System (Amadeus Basin),118,627,-25.75,133.75
59,Southeastern System (Amadeus Basin),119,624,-25.25,132.25
59,Southeastern System (Amadeus Basin),119,625,-25.25,132.75
59,Southeastern System (Amadeus Basin),119,626,-25.25,133.25
59,Southeastern System (Amadeus Basin),119,627,-25.25,133.75
59,Southeastern System (Amadeus Basin),119,628,-25.25,134.25
59,Southeastern System (Amadeus Basin),120,624,-24.75,132.25
59,Southeastern System (Amadeus Basin),120,625,-24.75,132.75
59,Southeastern System (Amadeus Basin),120,626,-24.75,133.25
59,Southeastern System (Amadeus Basin),120,627,-24.75,133.75
59,Southeastern System (Amadeus Basin),120,628,-24.75,134.25
59,Southeastern System (Amadeus Basin),120,629,-24.75,134.75
59,Southeastern System (Amadeus Basin),120,630,-24.75,135.25
59,Southeastern System (Amadeus Basin),121,624,-24.25,132.25
59,Southeastern System (Amadeus Basin),121,625,-24.25,132.75
59,Southeastern System (Amadeus Basin),121,628,-24.25,134.25
59,Southeastern System (Amadeus Basin),121,629,-24.25,134.75
59,Southeastern System (Amadeus Basin),121,630,-24.25,135.25
59,Southeastern System (Amadeus Basin),122,629,-23.75,134.75
60,Edwards Plateau (Edwards-Trinity Aquifer System),229,157,29.75,-101.25
60,Edwards Plateau (Edwards-Trinity Aquifer System),229,158,29.75,-100.75
60,Edwards Plateau (Edwards-Trinity Aquifer System),229,159,29.75,-100.25
60,Edwards Plateau (Edwards-Trinity Aquifer System),230,157,30.25,-101.25
60,Edwards Plateau (Edwards-Trinity Aquifer System),230,158,30.25,-100.75
60,Edwards Plateau (Edwards-Trinity Aquifer System),230,159,30.25,-100.25
60,Edwards Plateau (Edwards-Trinity Aquifer System),230,160,30.25,-99.75
60,Edwards Plateau (Edwards-Trinity Aquifer System),230,161,30.25,-99.25
60,Edwards Plateau (Edwards-Trinity Aquifer System),231,156,30.75,-101.75
60,Edwards Plateau (Edwards-Trinity Aquifer System),231,157,30.75,-101.25
60,Edwards Plateau (Edwards-Trinity Aquifer System),231,158,30.75,-100.75
60,Edwards Plateau (Edwards-Trinity Aquifer System),231,159,30.75,-100.25
60,Edwards Plateau (Edwards-Trinity Aquifer System),231,160,30.75,-99.75
60,Edwards Plateau (Edwards-Trinity Aquifer System),232,155,31.25,-102.25
60,Edwards Plateau (Edwards-Trinity Aquifer System),232,156,31.25,-101.75
60,Edwards Plateau (Edwards-Trinity Aquifer System),232,157,31.25,-101.25
60,Edwards Plateau (Edwards-Trinity Aquifer System),232,158,31.25,-100.75
60,Edwards Plateau (Edwards-Trinity Aquifer System),232,160,31.25,-99.75
60,Edwards Plateau (Edwards-Trinity Aquifer System),233,155,31.75,-102.25
60,Edwards Plateau (Edwards-Trinity Aquifer System),233,156,31.75,-101.75
60,Edwards Plateau (Edwards-Trinity Aquifer System),233,157,31.75,-101.25
60,Edwards Plateau (Edwards-Trinity Aquifer System),233,158,31.75,-100.75
61,Southcentral Deccan Basalt Plateau (Deccan Plateau),203,512,16.75,76.25
61,Southcentral Deccan Basalt Plateau (Deccan Plateau),204,510,17.25,75.25
61,Southcentral Deccan Basalt Plateau (Deccan Plateau),204,511,17.25,75.75
61,Southcentral Deccan Basalt Plateau (Deccan Plateau),204,512,17.25,76.25
61,Southcentral Deccan Basalt Plateau (Deccan Plateau),204,513,17.25,76.75
61,Southcentral Deccan Basalt Plateau (Deccan Plateau),205,509,17.75,74.75
61,Southcentral Deccan Basalt Plateau (Deccan Plateau),205,510,17.75,75.25
61,Southcentral Deccan Basalt Plateau (Deccan Plateau),205,511,17.75,75.75
61,Southcentral Deccan Basalt Plateau (Deccan Plateau),205,512,17.75,76.25
61,Southcentral Deccan Basalt Plateau (Deccan Plateau),205,513,17.75,76.75
61,Southcentral Deccan Basalt Plateau (Deccan Plateau),206,508,18.25,74.25
61,Southcentral Deccan Basalt Plateau (Deccan Plateau),206,509,18.25,74.75
61,Southcentral Deccan Basalt Plateau (Deccan Plateau),206,510,18.25,75.25
61,Southcentral Deccan Basalt Plateau (Deccan Plateau),206,511,18.25,75.75
61,Southcentral Deccan Basalt Plateau (Deccan Plateau),207,507,18.75,73.75
61,Southcentral Deccan Basalt Plateau (Deccan Plateau),207,508,18.75,74.25
61,Southcentral Deccan Basalt Plateau (Deccan Plateau),207,509,18.75,74.75
61,Southcentral Deccan Basalt Plateau (Deccan Plateau),207,510,18.75,75.25
62,Eastside Lower Indus Valley (Indus Basin),219,498,24.75,69.25
62,Eastside Lower Indus Valley (Indus Basin),220,496,25.25,68.25
62,Eastside Lower Indus Valley (Indus Basin),220,497,25.25,68.75
62,Eastside Lower Indus Valley (Indus Basin),220,498,25.25,69.25
62,Eastside Lower Indus Valley (Indus Basin),220,499,25.25,69.75
62,Eastside Lower Indus Valley (Indus Basin),221,497,25.75,68.75
62,Eastside Lower Indus Valley (Indus Basin),221,498,25.75,69.25
62,Eastside Lower Indus Valley (Indus Basin),221,499,25.75,69.75
62,Eastside Lower Indus Valley (Indus Basin),222,496,26.25,68.25
62,Eastside Lower Indus Valley (Indus Basin),222,497,26.25,68.75
62,Eastside Lower Indus Valley (Indus Basin),222,498,26.25,69.25
62,Eastside Lower Indus Valley (Indus Basin),222,499,26.25,69.75
62,Eastside Lower Indus Valley (Indus Basin),223,496,26.75,68.25
62,Eastside Lower Indus Valley (Indus Basin),223,497,26.75,68.75
62,Eastside Lower Indus Valley (Indus Basin),223,498,26.75,69.25
62,Eastside Lower Indus Valley (Indus Basin),224,496,27.25,68.25
62,Eastside Lower Indus Valley (Indus Basin),224,497,27.25,68.75
62,Eastside Lower Indus Valley (Indus Basin),224,498,27.25,69.25
62,Eastside Lower Indus Valley (Indus Basin),225,498,27.75,69.25
62,Eastside Lower Indus Valley (Indus Basin),225,499,27.75,69.75
62,Eastside Lower Indus Valley (Indus Basin),226,499,28.25,69.75
63,Central Piedmont Upland (Piedmont Plateau),241,199,35.75,-80.25
63,Central Piedmont Upland (Piedmont Plateau),241,200,35.75,-79.75
63,Central Piedmont Upland (Piedmont Plateau),241,201,35.75,-79.25
63,Central Piedmont Upland (Piedmont Plateau),241,202,35.75,-78.75
63,Central Piedmont Upland (Piedmont Plateau),241,203,35.75,-78.25
63,Central Piedmont Upland (Piedmont Plateau),242,198,36.25,-80.75
63,Central Piedmont Upland (Piedmont Plateau),242,199,36.25,-80.25
63,Central Piedmont Upland (Piedmont Plateau),242,200,36.25,-79.75
63,Central Piedmont Upland (Piedmont Plateau),242,201,36.25,-79.25
63,Central Piedmont Upland (Piedmont Plateau),242,202,36.25,-78.75
63,Central Piedmont Upland (Piedmont Plateau),242,203,36.25,-78.25
63,Central Piedmont Upland (Piedmont Plateau),243,199,36.75,-80.25
63,Central Piedmont Upland (Piedmont Plateau),243,200,36.75,-79.75
63,Central Piedmont Upland (Piedmont Plateau),243,201,36.75,-79.25
63,Central Piedmont Upland (Piedmont Plateau),243,202,36.75,-78.75
63,Central Piedmont Upland (Piedmont Plateau),243,203,36.75,-78.25
63,Central Piedmont Upland (Piedmont Plateau),243,204,36.75,-77.75
63,Central Piedmont Upland (Piedmont Plateau),244,200,37.25,-79.75
63,Central Piedmont Upland (Piedmont Plateau),244,201,37.25,-79.25
63,Central Piedmont Upland (Piedmont Plateau),244,202,37.25,-78.75
63,Central Piedmont Upland (Piedmont Plateau),244,203,37.25,-78.25
63,Central Piedmont Upland (Piedmont Plateau),244,204,37.25,-77.75
64,Eastern Carrizo-Wilcox (Carrizo-Wilcox),232,169,31.25,-95.25
64,Eastern Carrizo-Wilcox (Carrizo-Wilcox),233,168,31.75,-95.75
64,Eastern Carrizo-Wilcox (Carrizo-Wilcox),233,169,31.75,-95.25
64,Eastern Carrizo-Wilcox (Carrizo-Wilcox),233,170,31.75,-94.75
64,Eastern Carrizo-Wilcox (Carrizo-Wilcox),233,171,31.75,-94.25
64,Eastern Carrizo-Wilcox (Carrizo-Wilcox),233,172,31.75,-93.75
64,Eastern Carrizo-Wilcox (Carrizo-Wilcox),233,173,31.75,-93.25
64,Eastern Carrizo-Wilcox (Carrizo-Wilcox),234,168,32.25,-95.75
64,Eastern Carrizo-Wilcox (Carrizo-Wilcox),234,169,32.25,-95.25
64,Eastern Carrizo-Wilcox (Carrizo-Wilcox),234,170,32.25,-94.75
64,Eastern Carrizo-Wilcox (Carrizo-Wilcox),234,171,32.25,-94.25
64,Eastern Carrizo-Wilcox (Carrizo-Wilcox),234,172,32.25,-93.75
64,Eastern Carrizo-Wilcox (Carrizo-Wilcox),234,173,32.25,-93.25
64,Eastern Carrizo-Wilcox (Carrizo-Wilcox),235,168,32.75,-95.75
64,Eastern Carrizo-Wilcox (Carrizo-Wilcox),235,169,32.75,-95.25
64,Eastern Carrizo-Wilcox (Carrizo-Wilcox),235,170,32.75,-94.75
64,Eastern Carrizo-Wilcox (Carrizo-Wilcox),235,171,32.75,-94.25
64,Eastern Carrizo-Wilcox (Carrizo-Wilcox),235,172,32.75,-93.75
64,Eastern Carrizo-Wilcox (Carrizo-Wilcox),236,170,33.25,-94.75
64,Eastern Carrizo-Wilcox (Carrizo-Wilcox),236,171,33.25,-94.25
64,Eastern Carrizo-Wilcox (Carrizo-Wilcox),236,172,33.25,-93.75
65,Jiangsu Coastal Plain (Huaihe River Basin),233,603,31.75,121.75
65,Jiangsu Coastal Plain (Huaihe River Basin),234,600,32.25,120.25
65,Jiangsu Coastal Plain (Huaihe River Basin),234,601,32.25,120.75
65,Jiangsu Coastal Plain (Huaihe River Basin),234,602,32.25,121.25
65,Jiangsu Coastal Plain (Huaihe River Basin),235,599,32.75,119.75
65,Jiangsu Coastal Plain (Huaihe River Basin),235,600,32.75,120.25
65,Jiangsu Coastal Plain (Huaihe River Basin),235,601,32.75,120.75
65,Jiangsu Coastal Plain (Huaihe River Basin),236,598,33.25,119.25
65,Jiangsu Coastal Plain (Huaihe River Basin),236,599,33.25,119.75
65,Jiangsu Coastal Plain (Huaihe River Basin),236,600,33.25,120.25
65,Jiangsu Coastal Plain (Huaihe River Basin),236,601,33.25,120.75
65,Jiangsu Coastal Plain (Huaihe River Basin),237,597,33.75,118.75
65,Jiangsu Coastal Plain (Huaihe River Basin),237,598,33.75,119.25
65,Jiangsu Coastal Plain (Huaihe River Basin),237,599,33.75,119.75
65,Jiangsu Coastal Plain (Huaihe River Basin),237,600,33.75,120.25
65,Jiangsu Coastal Plain (Huaihe River Basin),238,597,34.25,118.75
65,Jiangsu Coastal Plain (Huaihe River Basin),238,598,34.25,119.25
65,Jiangsu Coastal Plain (Huaihe River Basin),238,599,34.25,119.75
65,Jiangsu Coastal Plain (Huaihe River Basin),238,600,34.25,120.25
65,Jiangsu Coastal Plain (Huaihe River Basin),239,597,34.75,118.75
65,Jiangsu Coastal Plain (Huaihe River Basin),239,598,34.75,119.25
66,Eastern Cambrian-Ordovician Aquifers (Northern Midwest Aquifer System),252,182,41.25,-88.75
66,Eastern Cambrian-Ordovician Aquifers (Northern Midwest Aquifer System),253,181,41.75,-89.25
66,Eastern Cambrian-Ordovician Aquifers (Northern Midwest Aquifer System),253,182,41.75,-88.75
66,Eastern Cambrian-Ordovician Aquifers (Northern Midwest Aquifer System),254,178,42.25,-90.75
66,Eastern Cambrian-Ordovician Aquifers (Northern Midwest Aquifer System),254,179,42.25,-90.25
66,Eastern Cambrian-Ordovician Aquifers (Northern Midwest Aquifer System),254,180,42.25,-89.75
66,Eastern Cambrian-Ordovician Aquifers (Northern Midwest Aquifer System),254,181,42.25,-89.25
66,Eastern Cambrian-Ordovician Aquifers (Northern Midwest Aquifer System),255,177,42.75,-91.25
66,Eastern Cambrian-Ordovician Aquifers (Northern Midwest Aquifer System),255,178,42.75,-90.75
66,Eastern Cambrian-Ordovician Aquifers (Northern Midwest Aquifer System),255,179,42.75,-90.25
66,Eastern Cambrian-Ordovician Aquifers (Northern Midwest Aquifer System),255,180,42.75,-89.75
66,Eastern Cambrian-Ordovician Aquifers (Northern Midwest Aquifer System),255,181,42.75,-89.25
66,Eastern Cambrian-Ordovician Aquifers (Northern Midwest Aquifer System),255,182,42.75,-88.75
66,Eastern Cambrian-Ordovician Aquifers (Northern Midwest Aquifer System),256,176,43.25,-91.75
66,Eastern Cambrian-Ordovician Aquifers (Northern Midwest Aquifer System),256,177,43.25,-91.25
66,Eastern Cambrian-Ordovician Aquifers (Northern Midwest Aquifer System),256,178,43.25,-90.75
66,Eastern Cambrian-Ordovician Aquifers (Northern Midwest Aquifer System),256,179,43.25,-90.25
66,Eastern Cambrian-Ordovician Aquifers (Northern Midwest Aquifer System),256,180,43.25,-89.75
66,Eastern Cambrian-Ordovician Aquifers (Northern Midwest Aquifer System),256,181,43.25,-89.25
66,Eastern Cambrian-Ordovician Aquifers (Northern Midwest Aquifer System),257,177,43.75,-91.25
66,Eastern Cambrian-Ordovician Aquifers (Northern Midwest Aquifer System),257,178,43.75,-90.75
66,Eastern Cambrian-Ordovician Aquifers (Northern Midwest Aquifer System),257,179,43.75,-90.25
67,Northcentral Deccan Basalt Plateau (Deccan Plateau),207,512,18.75,76.25
67,Northcentral Deccan Basalt Plateau (Deccan Plateau),208,509,19.25,74.75
67,Northcentral Deccan Basalt Plateau (Deccan Plateau),208,510,19.25,75.25
67,Northcentral Deccan Basalt Plateau (Deccan Plateau),208,511,19.25,75.75
67,Northcentral Deccan Basalt Plateau (Deccan Plateau),208,512,19.25,76.25
67,Northcentral Deccan Basalt Plateau (Deccan Plateau),208,513,19.25,76.75
67,Northcentral Deccan Basalt Plateau (Deccan Plateau),208,514,19.25,77.25
67,Northcentral Deccan Basalt Plateau (Deccan Plateau),208,515,19.25,77.75
67,Northcentral Deccan Basalt Plateau (Deccan Plateau),209,507,19.75,73.75
67,Northcentral Deccan Basalt Plateau (Deccan Plateau),209,508,19.75,74.25
67,Northcentral Deccan Basalt Plateau (Deccan Plateau),209,509,19.75,74.75
67,Northcentral Deccan Basalt Plateau (Deccan Plateau),209,510,19.75,75.25
67,Northcentral Deccan Basalt Plateau (Deccan Plateau),209,511,19.75,75.75
67,Northcentral Deccan Basalt Plateau (Deccan Plateau),209,512,19.75,76.25
67,Northcentral Deccan Basalt Plateau (Deccan Plateau),209,513,19.75,76.75
67,Northcentral Deccan Basalt Plateau (Deccan Plateau),210,507,20.25,73.75
67,Northcentral Deccan Basalt Plateau (Deccan Plateau),210,508,20.25,74.25
67,Northcentral Deccan Basalt Plateau (Deccan Plateau),210,510,20.25,75.25
67,Northcentral Deccan Basalt Plateau (Deccan Plateau),210,511,20.25,75.75
68,Eastside Middle Indus Plain (Indus Basin),226,500,28.25,70.25
68,Eastside Middle Indus Plain (Indus Basin),226,501,28.25,70.75
68,Eastside Middle Indus Plain (Indus Basin),227,500,28.75,70.25
68,Eastside Middle Indus Plain (Indus Basin),227,501,28.75,70.75
68,Eastside Middle Indus Plain (Indus Basin),227,502,28.75,71.25
68,Eastside Middle Indus Plain (Indus Basin),227,503,28.75,71.75
68,Eastside Middle Indus Plain (Indus Basin),227,504,28.75,72.25
68,Eastside Middle Indus Plain (Indus Basin),227,505,28.75,72.75
68,Eastside Middle Indus Plain (Indus Basin),227,506,28.75,73.25
68,Eastside Middle Indus Plain (Indus Basin),228,502,29.25,71.25
68,Eastside Middle Indus Plain (Indus Basin),228,503,29.25,71.75
68,Eastside Middle Indus Plain (Indus Basin),228,504,29.25,72.25
68,Eastside Middle Indus Plain (Indus Basin),228,505,29.25,72.75
68,Eastside Middle Indus Plain (Indus Basin),228,506,29.25,73.25
68,Eastside Middle Indus Plain (Indus Basin),228,507,29.25,73.75
68,Eastside Middle Indus Plain (Indus Basin),229,505,29.75,72.75
68,Eastside Middle Indus Plain (Indus Basin),229,506,29.75,73.25
68,Eastside Middle Indus Plain (Indus Basin),229,507,29.75,73.75
68,Eastside Middle Indus Plain (Indus Basin),230,507,30.25,73.75
69,Central Allegheny Plateau (Appalachian Plateaus),247,195,38.75,-82.25
69,Central Allegheny Plateau (Appalachian Plateaus),247,196,38.75,-81.75
69,Central Allegheny Plateau (Appalachian Plateaus),247,197,38.75,-81.25
69,Central Allegheny Plateau (Appalachian Plateaus),247,198,38.75,-80.75
69,Central Allegheny Plateau (Appalachian Plateaus),247,199,38.75,-80.25
69,Central Allegheny Plateau (Appalachian Plateaus),248,196,39.25,-81.75
69,Central Allegheny Plateau (Appalachian Plateaus),248,197,39.25,-81.25
69,Central Allegheny Plateau (Appalachian Plateaus),248,198,39.25,-80.75
69,Central Allegheny Plateau (Appalachian Plateaus),248,199,39.25,-80.25
69,Central Allegheny Plateau (Appalachian Plateaus),249,196,39.75,-81.75
69,Central Allegheny Plateau (Appalachian Plateaus),249,197,39.75,-81.25
69,Central Allegheny Plateau (Appalachian Plateaus),249,198,39.75,-80.75
69,Central Allegheny Plateau (Appalachian Plateaus),249,199,39.75,-80.25
69,Central Allegheny Plateau (Appalachian Plateaus),249,200,39.75,-79.75
69,Central Allegheny Plateau (Appalachian Plateaus),249,201,39.75,-79.25
69,Central Allegheny Plateau (Appalachian Plateaus),250,198,40.25,-80.75
69,Central Allegheny Plateau (Appalachian Plateaus),250,199,40.25,-80.25
69,Central Allegheny Plateau (Appalachian Plateaus),250,200,40.25,-79.75
69,Central Allegheny Plateau (Appalachian Plateaus),250,201,40.25,-79.25
69,Central Allegheny Plateau (Appalachian Plateaus),250,202,40.25,-78.75
69,Central Allegheny Plateau (Appalachian Plateaus),251,199,40.75,-80.25
70,Northeastern Karoo Basin (Main Karoo Basin),114,416,-27.75,28.25
70,Northeastern Karoo Basin (Main Karoo Basin),114,417,-27.75,28.75
70,Northeastern Karoo Basin (Main Karoo Basin),114,418,-27.75,29.25
70,Northeastern Karoo Basin (Main Karoo Basin),115,414,-27.25,27.25
70,Northeastern Karoo Basin (Main Karoo Basin),115,415,-27.25,27.75
70,Northeastern Karoo Basin (Main Karoo Basin),115,416,-27.25,28.25
70,Northeastern Karoo Basin (Main Karoo Basin),115,417,-27.25,28.75
70,Northeastern Karoo Basin (Main Karoo Basin),115,418,-27.25,29.25
70,Northeastern Karoo Basin (Main Karoo Basin),115,419,-27.25,29.75
70,Northeastern Karoo Basin (Main Karoo Basin),115,420,-27.25,30.25
70,Northeastern Karoo Basin (Main Karoo Basin),116,415,-26.75,27.75
70,Northeastern Karoo Basin (Main Karoo Basin),116,416,-26.75,28.25
70,Northeastern Karoo Basin (Main Karoo Basin),116,417,-26.75,28.75
70,Northeastern Karoo Basin (Main Karoo Basin),116,418,-26.75,29.25
70,Northeastern Karoo Basin (Main Karoo Basin),116,419,-26.75,29.75
70,Northeastern Karoo Basin (Main Karoo Basin),117,416,-26.25,28.25
70,Northeastern Karoo Basin (Main Karoo Basin),117,417,-26.25,28.75
70,Northeastern Karoo Basin (Main Karoo Basin),117,418,-26.25,29.25
70,Northeastern Karoo Basin (Main Karoo Basin),117,419,-26.25,29.75
70,Northeastern Karoo Basin (Main Karoo Basin),117,420,-26.25,30.25
71,Southern Riverine Plains (Murray Basin),96,649,-36.75,144.75
71,Southern Riverine Plains (Murray Basin),96,650,-36.75,145.25
71,Southern Riverine Plains (Murray Basin),97,647,-36.25,143.75
71,Southern Riverine Plains (Murray Basin),97,648,-36.25,144.25
71,Southern Riverine Plains (Murray Basin),97,649,-36.25,144.75
71,Southern Riverine Plains (Murray Basin),97,650,-36.25,145.25
71,Southern Riverine Plains (Murray Basin),97,651,-36.25,145.75
71,Southern Riverine Plains (Murray Basin),97,652,-36.25,146.25
71,Southern Riverine Plains (Murray Basin),98,646,-35.75,143.25
71,Southern Riverine Plains (Murray Basin),98,647,-35.75,143.75
71,Southern Riverine Plains (Murray Basin),98,648,-35.75,144.25
71,Southern Riverine Plains (Murray Basin),98,649,-35.75,144.75
71,Southern Riverine Plains (Murray Basin),98,650,-35.75,145.25
71,Southern Riverine Plains (Murray Basin),98,651,-35.75,145.75
71,Southern Riverine Plains (Murray Basin),98,652,-35.75,146.25
71,Southern Riverine Plains (Murray Basin),99,646,-35.25,143.25
71,Southern Riverine Plains (Murray Basin),99,647,-35.25,143.75
71,Southern Riverine Plains (Murray Basin),99,648,-35.25,144.25
71,Southern Riverine Plains (Murray Basin),99,649,-35.25,144.75
72,Black Warrior River Aquifer System (Eutaw and McShan Formations and Tuscaloosa Group),234,184,32.25,-87.75
72,Black Warrior River Aquifer System (Eutaw and McShan Formations and Tuscaloosa Group),234,185,32.25,-87.25
72,Black Warrior River Aquifer System (Eutaw and McShan Formations and Tuscaloosa Group),234,186,32.25,-86.75
72,Black Warrior River Aquifer System (Eutaw and McShan Formations and Tuscaloosa Group),234,187,32.25,-86.25
72,Black Warrior River Aquifer System (Eutaw and McShan Formations and Tuscaloosa Group),234,188,32.25,-85.75
72,Black Warrior River Aquifer System (Eutaw and McShan Formations and Tuscaloosa Group),235,183,32.75,-88.25
72,Black Warrior River Aquifer System (Eutaw and McShan Formations and Tuscaloosa Group),235,184,32.75,-87.75
72,Black Warrior River Aquifer System (Eutaw and McShan Formations and Tuscaloosa Group),235,185,32.75,-87.25
72,Black Warrior River Aquifer System (Eutaw and McShan Formations and Tuscaloosa Group),235,186,32.75,-86.75
72,Black Warrior River Aquifer System (Eutaw and McShan Formations and Tuscaloosa Group),236,182,33.25,-88.75
72,Black Warrior River Aquifer System (Eutaw and McShan Formations and Tuscaloosa Group),236,183,33.25,-88.25
72,Black Warrior River Aquifer System (Eutaw and McShan Formations and Tuscaloosa Group),236,184,33.25,-87.75
72,Black Warrior River Aquifer System (Eutaw and McShan Formations and Tuscaloosa Group),237,181,33.75,-89.25
72,Black Warrior River Aquifer System (Eutaw and McShan Formations and Tuscaloosa Group),237,182,33.75,-88.75
72,Black Warrior River Aquifer System (Eutaw and McShan Formations and Tuscaloosa Group),237,183,33.75,-88.25
72,Black Warrior River Aquifer System (Eutaw and McShan Formations and Tuscaloosa Group),238,182,34.25,-88.75
72,Black Warrior River Aquifer System (Eutaw and McShan Formations and Tuscaloosa Group),238,183,34.25,-88.25
72,Black Warrior River Aquifer System (Eutaw and McShan Formations and Tuscaloosa Group),238,184,34.25,-87.75
72,Black Warrior River Aquifer System (Eutaw and McShan Formations and Tuscaloosa Group),239,182,34.75,-88.75
72,Black Warrior River Aquifer System (Eutaw and McShan Formations and Tuscaloosa Group),239,183,34.75,-88.25
73,North Carolina and Virginia Coastal Plain (North Atlantic Coastal Plain),240,203,35.25,-78.25
73,North Carolina and Virginia Coastal Plain (North Atlantic Coastal Plain),240,204,35.25,-77.75
73,North Carolina and Virginia Coastal Plain (North Atlantic Coastal Plain),240,206,35.25,-76.75
73,North Carolina and Virginia Coastal Plain (North Atlantic Coastal Plain),241,204,35.75,-77.75
73,North Carolina and Virginia Coastal Plain (North Atlantic Coastal Plain),241,205,35.75,-77.25
73,North Carolina and Virginia Coastal Plain (North Atlantic Coastal Plain),241,206,35.75,-76.75
73,North Carolina and Virginia Coastal Plain (North Atlantic Coastal Plain),241,207,35.75,-76.25
73,North Carolina and Virginia Coastal Plain (North Atlantic Coastal Plain),241,208,35.75,-75.75
73,North Carolina and Virginia Coastal Plain (North Atlantic Coastal Plain),242,205,36.25,-77.25
73,North Carolina and Virginia Coastal Plain (North Atlantic Coastal Plain),242,206,36.25,-76.75
73,North Carolina and Virginia Coastal Plain (North Atlantic Coastal Plain),242,207,36.25,-76.25
73,North Carolina and Virginia Coastal Plain (North Atlantic Coastal Plain),243,205,36.75,-77.25
73,North Carolina and Virginia Coastal Plain (North Atlantic Coastal Plain),243,206,36.75,-76.75
73,North Carolina and Virginia Coastal Plain (North Atlantic Coastal Plain),243,207,36.75,-76.25
73,North Carolina and Virginia Coastal Plain (North Atlantic Coastal Plain),244,205,37.25,-77.25
73,North Carolina and Virginia Coastal Plain (North Atlantic Coastal Plain),244,206,37.25,-76.75
73,North Carolina and Virginia Coastal Plain (North Atlantic Coastal Plain),245,205,37.75,-77.25
73,North Carolina and Virginia Coastal Plain (North Atlantic Coastal Plain),245,206,37.75,-76.75
73,North Carolina and Virginia Coastal Plain (North Atlantic Coastal Plain),246,205,38.25,-77.25
74,Northeastern Deccan Basalt Plateau (Deccan Plateau),208,516,19.25,78.25
74,Northeastern Deccan Basalt Plateau (Deccan Plateau),209,514,19.75,77.25
74,Northeastern Deccan Basalt Plateau (Deccan Plateau),209,515,19.75,77.75
74,Northeastern Deccan Basalt Plateau (Deccan Plateau),209,516,19.75,78.25
74,Northeastern Deccan Basalt Plateau (Deccan Plateau),210,512,20.25,76.25
74,Northeastern Deccan Basalt Plateau (Deccan Plateau),210,513,20.25,76.75
74,Northeastern Deccan Basalt Plateau (Deccan Plateau),210,514,20.25,77.25
74,Northeastern Deccan Basalt Plateau (Deccan Plateau),210,515,20.25,77.75
74,Northeastern Deccan Basalt Plateau (Deccan Plateau),210,516,20.25,78.25
74,Northeastern Deccan Basalt Plateau (Deccan Plateau),210,517,20.25,78.75
74,Northeastern Deccan Basalt Plateau (Deccan Plateau),211,515,20.75,77.75
74,Northeastern Deccan Basalt Plateau (Deccan Plateau),211,516,20.75,78.25
74,Northeastern Deccan Basalt Plateau (Deccan Plateau),211,517,20.75,78.75
74,Northeastern Deccan Basalt Plateau (Deccan Plateau),211,518,20.75,79.25
74,Northeastern Deccan Basalt Plateau (Deccan Plateau),212,516,21.25,78.25
74,Northeastern Deccan Basalt Plateau (Deccan Plateau),212,517,21.25,78.75
75,Ribstone Creek and Northern Judith River Aquifer (Bearpaw-Judith River Aquifer System),272,140,51.25,-109.75
75,Ribstone Creek and Northern Judith River Aquifer (Bearpaw-Judith River Aquifer System),272,141,51.25,-109.25
75,Ribstone Creek and Northern Judith River Aquifer (Bearpaw-Judith River Aquifer System),272,142,51.25,-108.75
75,Ribstone Creek and Northern Judith River Aquifer (Bearpaw-Judith River Aquifer System),272,143,51.25,-108.25
75,Ribstone Creek and Northern Judith River Aquifer (Bearpaw-Judith River Aquifer System),273,137,51.75,-111.25
75,Ribstone Creek and Northern Judith River Aquifer (Bearpaw-Judith River Aquifer System),273,138,51.75,-110.75
75,Ribstone Creek and Northern Judith River Aquifer (Bearpaw-Judith River Aquifer System),273,139,51.75,-110.25
75,Ribstone Creek and Northern Judith River Aquifer (Bearpaw-Judith River Aquifer System),273,140,51.75,-109.75
75,Ribstone Creek and Northern Judith River Aquifer (Bearpaw-Judith River Aquifer System),273,141,51.75,-109.25
75,Ribstone Creek and Northern Judith River Aquifer (Bearpaw-Judith River Aquifer System),273,142,51.75,-108.75
75,Ribstone Creek and Northern Judith River Aquifer (Bearpaw-Judith River Aquifer System),273,143,51.75,-108.25
75,Ribstone Creek and Northern Judith River Aquifer (Bearpaw-Judith River Aquifer System),273,144,51.75,-107.75
75,Ribstone Creek and Northern Judith River Aquifer (Bearpaw-Judith River Aquifer System),274,137,52.25,-111.25
75,Ribstone Creek and Northern Judith River Aquifer (Bearpaw-Judith River Aquifer System),274,138,52.25,-110.75
75,Ribstone Creek and Northern Judith River Aquifer (Bearpaw-Judith River Aquifer System),274,139,52.25,-110.25
75,Ribstone Creek and Northern Judith River Aquifer (Bearpaw-Judith River Aquifer System),274,140,52.25,-109.75
75,Ribstone Creek and Northern Judith River Aquifer (Bearpaw-Judith River Aquifer System),274,141,52.25,-109.25
75,Ribstone Creek and Northern Judith River Aquifer (Bearpaw-Judith River Aquifer System),274,142,52.25,-108.75
75,Ribstone Creek and Northern Judith River Aquifer (Bearpaw-Judith River Aquifer System),274,143,52.25,-108.25
75,Ribstone Creek and Northern Judith River Aquifer (Bearpaw-Judith River Aquifer System),274,144,52.25,-107.75
75,Ribstone Creek and Northern Judith River Aquifer (Bearpaw-Judith River Aquifer System),275,138,52.75,-110.75
75,Ribstone Creek and Northern Judith River Aquifer (Bearpaw-Judith River Aquifer System),275,139,52.75,-110.25
75,Ribstone Creek and Northern Judith River Aquifer (Bearpaw-Judith River Aquifer System),275,140,52.75,-109.75
75,Ribstone Creek and Northern Judith River Aquifer (Bearpaw-Judith River Aquifer System),275,141,52.75,-109.25
75,Ribstone Creek and Northern Judith River Aquifer (Bearpaw-Judith River Aquifer System),275,142,52.75,-108.75
76,Southern Dharwar Craton Banded Gneiss Complex (Dharwar Craton Banded Gneiss Complex),195,515,12.75,77.75
76,Southern Dharwar Craton Banded Gneiss Complex (Dharwar Craton Banded Gneiss Complex),195,516,12.75,78.25
76,Southern Dharwar Craton Banded Gneiss Complex (Dharwar Craton Banded Gneiss Complex),196,515,13.25,77.75
76,Southern Dharwar Craton Banded Gneiss Complex (Dharwar Craton Banded Gneiss Complex),196,516,13.25,78.25
76,Southern Dharwar Craton Banded Gneiss Complex (Dharwar Craton Banded Gneiss Complex),196,517,13.25,78.75
76,Southern Dharwar Craton Banded Gneiss Complex (Dharwar Craton Banded Gneiss Complex),196,518,13.25,79.25
76,Southern Dharwar Craton Banded Gneiss Complex (Dharwar Craton Banded Gneiss Complex),196,519,13.25,79.75
76,Southern Dharwar Craton Banded Gneiss Complex (Dharwar Craton Banded Gneiss Complex),197,514,13.75,77.25
76,Southern Dharwar Craton Banded Gneiss Complex (Dharwar Craton Banded Gneiss Complex),197,515,13.75,77.75
76,Southern Dharwar Craton Banded Gneiss Complex (Dharwar Craton Banded Gneiss Complex),197,516,13.75,78.25
76,Southern Dharwar Craton Banded Gneiss Complex (Dharwar Craton Banded Gneiss Complex),197,517,13.75,78.75
76,Southern Dharwar Craton Banded Gneiss Complex (Dharwar Craton Banded Gneiss Complex),197,518,13.75,79.25
76,Southern Dharwar Craton Banded Gneiss Complex (Dharwar Craton Banded Gneiss Complex),198,514,14.25,77.25
76,Southern Dharwar Craton Banded Gneiss Complex (Dharwar Craton Banded Gneiss Complex),198,515,14.25,77.75
76,Southern Dharwar Craton Banded Gneiss Complex (Dharwar Craton Banded Gneiss Complex),198,516,14.25,78.25
76,Southern Dharwar Craton Banded Gneiss Complex (Dharwar Craton Banded Gneiss Complex),198,517,14.25,78.75
76,Southern Dharwar Craton Banded Gneiss Complex (Dharwar Craton Banded Gneiss Complex),199,514,14.75,77.25
76,Southern Dharwar Craton Banded Gneiss Complex (Dharwar Craton Banded Gneiss Complex),199,515,14.75,77.75
77,Northcentral Valley and Ridge (Valley and Ridge Aquifer System),243,194,36.75,-82.75
77,Northcentral Valley and Ridge (Valley and Ridge Aquifer System),243,195,36.75,-82.25
77,Northcentral Valley and Ridge (Valley and Ridge Aquifer System),243,196,36.75,-81.75
77,Northcentral Valley and Ridge (Valley and Ridge Aquifer System),244,197,37.25,-81.25
77,Northcentral Valley and Ridge (Valley and Ridge Aquifer System),244,198,37.25,-80.75
77,Northcentral Valley and Ridge (Valley and Ridge Aquifer System),244,199,37.25,-80.25
77,Northcentral Valley and Ridge (Valley and Ridge Aquifer System),245,198,37.75,-80.75
77,Northcentral Valley and Ridge (Valley and Ridge Aquifer System),245,199,37.75,-80.25
77,Northcentral Valley and Ridge (Valley and Ridge Aquifer System),245,200,37.75,-79.75
77,Northcentral Valley and Ridge (Valley and Ridge Aquifer System),246,199,38.25,-80.25
77,Northcentral Valley and Ridge (Valley and Ridge Aquifer System),246,200,38.25,-79.75
77,Northcentral Valley and Ridge (Valley and Ridge Aquifer System),246,201,38.25,-79.25
77,Northcentral Valley and Ridge (Valley and Ridge Aquifer System),247,200,38.75,-79.75
77,Northcentral Valley and Ridge (Valley and Ridge Aquifer System),247,201,38.75,-79.25
77,Northcentral Valley and Ridge (Valley and Ridge Aquifer System),247,202,38.75,-78.75
77,Northcentral Valley and Ridge (Valley and Ridge Aquifer System),248,200,39.25,-79.75
77,Northcentral Valley and Ridge (Valley and Ridge Aquifer System),248,201,39.25,-79.25
77,Northcentral Valley and Ridge (Valley and Ridge Aquifer System),248,202,39.25,-78.75
78,Ivanhoe Plains (Murray Basin),101,644,-34.25,142.25
78,Ivanhoe Plains (Murray Basin),101,645,-34.25,142.75
78,Ivanhoe Plains (Murray Basin),101,646,-34.25,143.25
78,Ivanhoe Plains (Murray Basin),102,643,-33.75,141.75
78,Ivanhoe Plains (Murray Basin),102,644,-33.75,142.25
78,Ivanhoe Plains (Murray Basin),102,645,-33.75,142.75
78,Ivanhoe Plains (Murray Basin),102,646,-33.75,143.25
78,Ivanhoe Plains (Murray Basin),103,643,-33.25,141.75
78,Ivanhoe Plains (Murray Basin),103,644,-33.25,142.25
78,Ivanhoe Plains (Murray Basin),103,645,-33.25,142.75
78,Ivanhoe Plains (Murray Basin),103,646,-33.25,143.25
78,Ivanhoe Plains (Murray Basin),104,642,-32.75,141.25
78,Ivanhoe Plains (Murray Basin),104,643,-32.75,141.75
78,Ivanhoe Plains (Murray Basin),104,644,-32.75,142.25
78,Ivanhoe Plains (Murray Basin),104,645,-32.75,142.75
78,Ivanhoe Plains (Murray Basin),104,646,-32.75,143.25
78,Ivanhoe Plains (Murray Basin),105,643,-32.25,141.75
78,Ivanhoe Plains (Murray Basin),105,644,-32.25,142.25
79,Southcentral Piedmont Upland (Piedmont Plateau),238,195,34.25,-82.25
79,Southcentral Piedmont Upland (Piedmont Plateau),238,196,34.25,-81.75
79,Southcentral Piedmont Upland (Piedmont Plateau),238,197,34.25,-81.25
79,Southcentral Piedmont Upland (Piedmont Plateau),239,194,34.75,-82.75
79,Southcentral Piedmont Upland (Piedmont Plateau),239,195,34.75,-82.25
79,Southcentral Piedmont Upland (Piedmont Plateau),239,196,34.75,-81.75
79,Southcentral Piedmont Upland (Piedmont Plateau),239,197,34.75,-81.25
79,Southcentral Piedmont Upland (Piedmont Plateau),239,198,34.75,-80.75
79,Southcentral Piedmont Upland (Piedmont Plateau),240,196,35.25,-81.75
79,Southcentral Piedmont Upland (Piedmont Plateau),240,197,35.25,-81.25
79,Southcentral Piedmont Upland (Piedmont Plateau),240,198,35.25,-80.75
79,Southcentral Piedmont Upland (Piedmont Plateau),240,199,35.25,-80.25
79,Southcentral Piedmont Upland (Piedmont Plateau),241,196,35.75,-81.75
79,Southcentral Piedmont Upland (Piedmont Plateau),241,197,35.75,-81.25
79,Southcentral Piedmont Upland (Piedmont Plateau),241,198,35.75,-80.75
80,Weipa Depression and Northern Carpentaria Basin (Great Artesian Basin),141,643,-14.25,141.75
80,Weipa Depression and Northern Carpentaria Basin (Great Artesian Basin),141,644,-14.25,142.25
80,Weipa Depression and Northern Carpentaria Basin (Great Artesian Basin),141,645,-14.25,142.75
80,Weipa Depression and Northern Carpentaria Basin (Great Artesian Basin),142,643,-13.75,141.75
80,Weipa Depression and Northern Carpentaria Basin (Great Artesian Basin),142,644,-13.75,142.25
80,Weipa Depression and Northern Carpentaria Basin (Great Artesian Basin),142,645,-13.75,142.75
80,Weipa Depression and Northern Carpentaria Basin (Great Artesian Basin),143,643,-13.25,141.75
80,Weipa Depression and Northern Carpentaria Basin (Great Artesian Basin),143,644,-13.25,142.25
80,Weipa Depression and Northern Carpentaria Basin (Great Artesian Basin),143,645,-13.25,142.75
80,Weipa Depression and Northern Carpentaria Basin (Great Artesian Basin),144,644,-12.75,142.25
80,Weipa Depression and Northern Carpentaria Basin (Great Artesian Basin),144,645,-12.75,142.75
80,Weipa Depression and Northern Carpentaria Basin (Great Artesian Basin),145,643,-12.25,141.75
80,Weipa Depression and Northern Carpentaria Basin (Great Artesian Basin),145,644,-12.25,142.25
80,Weipa Depression and Northern Carpentaria Basin (Great Artesian Basin),146,644,-11.75,142.25
80,Weipa Depression and Northern Carpentaria Basin (Great Artesian Basin),147,644,-11.25,142.25
81,Western Liaohe River Basin (Liaohe River Basin),256,598,43.25,119.25
81,Western Liaohe River Basin (Liaohe River Basin),256,599,43.25,119.75
81,Western Liaohe River Basin (Liaohe River Basin),256,600,43.25,120.25
81,Western Liaohe River Basin (Liaohe River Basin),256,602,43.25,121.25
81,Western Liaohe River Basin (Liaohe River Basin),256,603,43.25,121.75
81,Western Liaohe River Basin (Liaohe River Basin),257,599,43.75,119.75
81,Western Liaohe River Basin (Liaohe River Basin),257,600,43.75,120.25
81,Western Liaohe River Basin (Liaohe River Basin),257,601,43.75,120.75
81,Western Liaohe River Basin (Liaohe River Basin),257,602,43.75,121.25
81,Western Liaohe River Basin (Liaohe River Basin),257,603,43.75,121.75
81,Western Liaohe River Basin (Liaohe River Basin),257,604,43.75,122.25
81,Western Liaohe River Basin (Liaohe River Basin),257,605,43.75,122.75
81,Western Liaohe River Basin (Liaohe River Basin),257,606,43.75,123.25
81,Western Liaohe River Basin (Liaohe River Basin),258,600,44.25,120.25
81,Western Liaohe River Basin (Liaohe River Basin),258,601,44.25,120.75
81,Western Liaohe River Basin (Liaohe River Basin),258,602,44.25,121.25
81,Western Liaohe River Basin (Liaohe River Basin),258,603,44.25,121.75
81,Western Liaohe River Basin (Liaohe River Basin),258,604,44.25,122.25
81,Western Liaohe River Basin (Liaohe River Basin),258,605,44.25,122.75
81,Western Liaohe River Basin (Liaohe River Basin),259,602,44.75,121.25
81,Western Liaohe River Basin (Liaohe River Basin),259,603,44.75,121.75
81,Western Liaohe River Basin (Liaohe River Basin),259,604,44.75,122.25
82,Western Carrizo-Wilcox (Carrizo-Wilcox),224,160,27.25,-99.75
82,Western Carrizo-Wilcox (Carrizo-Wilcox),224,161,27.25,-99.25
82,Western Carrizo-Wilcox (Carrizo-Wilcox),225,159,27.75,-100.25
82,Western Carrizo-Wilcox (Carrizo-Wilcox),225,160,27.75,-99.75
82,Western Carrizo-Wilcox (Carrizo-Wilcox),225,161,27.75,-99.25
82,Western Carrizo-Wilcox (Carrizo-Wilcox),226,160,28.25,-99.75
82,Western Carrizo-Wilcox (Carrizo-Wilcox),226,161,28.25,-99.25
82,Western Carrizo-Wilcox (Carrizo-Wilcox),226,162,28.25,-98.75
82,Western Carrizo-Wilcox (Carrizo-Wilcox),227,160,28.75,-99.75
82,Western Carrizo-Wilcox (Carrizo-Wilcox),227,161,28.75,-99.25
82,Western Carrizo-Wilcox (Carrizo-Wilcox),227,162,28.75,-98.75
82,Western Carrizo-Wilcox (Carrizo-Wilcox),227,163,28.75,-98.25
82,Western Carrizo-Wilcox (Carrizo-Wilcox),228,162,29.25,-98.75
82,Western Carrizo-Wilcox (Carrizo-Wilcox),228,163,29.25,-98.25
82,Western Carrizo-Wilcox (Carrizo-Wilcox),228,164,29.25,-97.75
82,Western Carrizo-Wilcox (Carrizo-Wilcox),229,164,29.75,-97.75
83,Northern Valley and Ridge (Valley and Ridge Aquifer System),248,203,39.25,-78.25
83,Northern Valley and Ridge (Valley and Ridge Aquifer System),249,202,39.75,-78.75
83,Northern Valley and Ridge (Valley and Ridge Aquifer System),249,203,39.75,-78.25
83,Northern Valley and Ridge (Valley and Ridge Aquifer System),249,204,39.75,-77.75
83,Northern Valley and Ridge (Valley and Ridge Aquifer System),250,203,40.25,-78.25
83,Northern Valley and Ridge (Valley and Ridge Aquifer System),250,204,40.25,-77.75
83,Northern Valley and Ridge (Valley and Ridge Aquifer System),250,205,40.25,-77.25
83,Northern Valley and Ridge (Valley and Ridge Aquifer System),250,206,40.25,-76.75
83,Northern Valley and Ridge (Valley and Ridge Aquifer System),251,203,40.75,-78.25
83,Northern Valley and Ridge (Valley and Ridge Aquifer System),251,204,40.75,-77.75
83,Northern Valley and Ridge (Valley and Ridge Aquifer System),251,205,40.75,-77.25
83,Northern Valley and Ridge (Valley and Ridge Aquifer System),251,206,40.75,-76.75
83,Northern Valley and Ridge (Valley and Ridge Aquifer System),251,207,40.75,-76.25
83,Northern Valley and Ridge (Valley and Ridge Aquifer System),251,208,40.75,-75.75
83,Northern Valley and Ridge (Valley and Ridge Aquifer System),251,209,40.75,-75.25
83,Northern Valley and Ridge (Valley and Ridge Aquifer System),252,206,41.25,-76.75
83,Northern Valley and Ridge (Valley and Ridge Aquifer System),252,207,41.25,-76.25
83,Northern Valley and Ridge (Valley and Ridge Aquifer System),252,208,41.25,-75.75
84,Eastern Karoo Basin (Main Karoo Basin),108,418,-30.75,29.25
84,Eastern Karoo Basin (Main Karoo Basin),108,419,-30.75,29.75
84,Eastern Karoo Basin (Main Karoo Basin),109,418,-30.25,29.25
84,Eastern Karoo Basin (Main Karoo Basin),109,419,-30.25,29.75
84,Eastern Karoo Basin (Main Karoo Basin),110,419,-29.75,29.75
84,Eastern Karoo Basin (Main Karoo Basin),110,420,-29.75,30.25
84,Eastern Karoo Basin (Main Karoo Basin),111,419,-29.25,29.75
84,Eastern Karoo Basin (Main Karoo Basin),111,420,-29.25,30.25
84,Eastern Karoo Basin (Main Karoo Basin),112,418,-28.75,29.25
84,Eastern Karoo Basin (Main Karoo Basin),112,419,-28.75,29.75
84,Eastern Karoo Basin (Main Karoo Basin),112,420,-28.75,30.25
84,Eastern Karoo Basin (Main Karoo Basin),113,418,-28.25,29.25
84,Eastern Karoo Basin (Main Karoo Basin),113,419,-28.25,29.75
84,Eastern Karoo Basin (Main Karoo Basin),113,420,-28.25,30.25
84,Eastern Karoo Basin (Main Karoo Basin),114,419,-27.75,29.75
84,Eastern Karoo Basin (Main Karoo Basin),114,420,-27.75,30.25
85,Eastern Paris Basin (Paris Basin),264,366,47.25,3.25
85,Eastern Paris Basin (Paris Basin),265,366,47.75,3.25
85,Eastern Paris Basin (Paris Basin),265,367,47.75,3.75
85,Eastern Paris Basin (Paris Basin),265,368,47.75,4.25
85,Eastern Paris Basin (Paris Basin),265,369,47.75,4.75
85,Eastern Paris Basin (Paris Basin),266,366,48.25,3.25
85,Eastern Paris Basin (Paris Basin),266,367,48.25,3.75
85,Eastern Paris Basin (Paris Basin),266,368,48.25,4.25
85,Eastern Paris Basin (Paris Basin),266,369,48.25,4.75
85,Eastern Paris Basin (Paris Basin),266,370,48.25,5.25
85,Eastern Paris Basin (Paris Basin),267,368,48.75,4.25
85,Eastern Paris Basin (Paris Basin),267,369,48.75,4.75
85,Eastern Paris Basin (Paris Basin),267,370,48.75,5.25
85,Eastern Paris Basin (Paris Basin),268,368,49.25,4.25
85,Eastern Paris Basin (Paris Basin),268,369,49.25,4.75
85,Eastern Paris Basin (Paris Basin),268,370,49.25,5.25
85,Eastern Paris Basin (Paris Basin),269,367,49.75,3.75
85,Eastern Paris Basin (Paris Basin),269,368,49.75,4.25
86,Bari Doab (Indus Basin),229,502,29.75,71.25
86,Bari Doab (Indus Basin),229,503,29.75,71.75
86,Bari Doab (Indus Basin),229,504,29.75,72.25
86,Bari Doab (Indus Basin),230,503,30.25,71.75
86,Bari Doab (Indus Basin),230,504,30.25,72.25
86,Bari Doab (Indus Basin),230,505,30.25,72.75
86,Bari Doab (Indus Basin),230,506,30.25,73.25
86,Bari Doab (Indus Basin),231,506,30.75,73.25
86,Bari Doab (Indus Basin),231,507,30.75,73.75
86,Bari Doab (Indus Basin),232,508,31.25,74.25
86,Bari Doab (Indus Basin),232,509,31.25,74.75
86,Bari Doab (Indus Basin),233,509,31.75,74.75
86,Bari Doab (Indus Basin),233,510,31.75,75.25
87,Eastern Dakota Aquifer,252,169,41.25,-95.25
87,Eastern Dakota Aquifer,253,168,41.75,-95.75
87,Eastern Dakota Aquifer,253,170,41.75,-94.75
87,Eastern Dakota Aquifer,254,168,42.25,-95.75
87,Eastern Dakota Aquifer,254,169,42.25,-95.25
87,Eastern Dakota Aquifer,254,170,42.25,-94.75
87,Eastern Dakota Aquifer,255,167,42.75,-96.25
87,Eastern Dakota Aquifer,255,168,42.75,-95.75
87,Eastern Dakota Aquifer,255,169,42.75,-95.25
87,Eastern Dakota Aquifer,255,170,42.75,-94.75
87,Eastern Dakota Aquifer,255,172,42.75,-93.75
87,Eastern Dakota Aquifer,256,167,43.25,-96.25
87,Eastern Dakota Aquifer,256,168,43.25,-95.75
87,Eastern Dakota Aquifer,256,169,43.25,-95.25
87,Eastern Dakota Aquifer,256,170,43.25,-94.75
87,Eastern Dakota Aquifer,256,171,43.25,-94.25
87,Eastern Dakota Aquifer,257,168,43.75,-95.75
87,Eastern Dakota Aquifer,257,169,43.75,-95.25
88,Springfield Plain (Central Lowland Till Plain),247,180,38.75,-89.75
88,Springfield Plain (Central Lowland Till Plain),247,181,38.75,-89.25
88,Springfield Plain (Central Lowland Till Plain),247,183,38.75,-88.25
88,Springfield Plain (Central Lowland Till Plain),248,179,39.25,-90.25
88,Springfield Plain (Central Lowland Till Plain),248,180,39.25,-89.75
88,Springfield Plain (Central Lowland Till Plain),248,181,39.25,-89.25
88,Springfield Plain (Central Lowland Till Plain),248,182,39.25,-88.75
88,Springfield Plain (Central Lowland Till Plain),248,183,39.25,-88.25
88,Springfield Plain (Central Lowland Till Plain),248,184,39.25,-87.75
88,Springfield Plain (Central Lowland Till Plain),248,185,39.25,-87.25
88,Springfield Plain (Central Lowland Till Plain),249,179,39.75,-90.25
88,Springfield Plain (Central Lowland Till Plain),249,180,39.75,-89.75
88,Springfield Plain (Central Lowland Till Plain),249,181,39.75,-89.25
88,Springfield Plain (Central Lowland Till Plain),249,185,39.75,-87.25
88,Springfield Plain (Central Lowland Till Plain),250,180,40.25,-89.75
89,Seymour-Blaine Aquifer System,234,158,32.25,-100.75
89,Seymour-Blaine Aquifer System,234,159,32.25,-100.25
89,Seymour-Blaine Aquifer System,234,160,32.25,-99.75
89,Seymour-Blaine Aquifer System,235,159,32.75,-100.25
89,Seymour-Blaine Aquifer System,235,160,32.75,-99.75
89,Seymour-Blaine Aquifer System,236,158,33.25,-100.75
89,Seymour-Blaine Aquifer System,236,159,33.25,-100.25
89,Seymour-Blaine Aquifer System,236,160,33.25,-99.75
89,Seymour-Blaine Aquifer System,237,159,33.75,-100.25
89,Seymour-Blaine Aquifer System,237,160,33.75,-99.75
89,Seymour-Blaine Aquifer System,237,161,33.75,-99.25
89,Seymour-Blaine Aquifer System,238,158,34.25,-100.75
89,Seymour-Blaine Aquifer System,238,159,34.25,-100.25
89,Seymour-Blaine Aquifer System,238,160,34.25,-99.75
89,Seymour-Blaine Aquifer System,238,161,34.25,-99.25
89,Seymour-Blaine Aquifer System,239,158,34.75,-100.75
89,Seymour-Blaine Aquifer System,239,159,34.75,-100.25
89,Seymour-Blaine Aquifer System,240,159,35.25,-100.25
90,Central Alluvial-Laucustrine Plain (North China Plain),242,589,36.25,114.75
90,Central Alluvial-Laucustrine Plain (North China Plain),243,589,36.75,114.75
90,Central Alluvial-Laucustrine Plain (North China Plain),243,590,36.75,115.25
90,Central Alluvial-Laucustrine Plain (North China Plain),244,590,37.25,115.25
90,Central Alluvial-Laucustrine Plain (North China Plain),244,591,37.25,115.75
90,Central Alluvial-Laucustrine Plain (North China Plain),245,590,37.75,115.25
90,Central Alluvial-Laucustrine Plain (North China Plain),245,591,37.75,115.75
90,Central Alluvial-Laucustrine Plain (North China Plain),245,592,37.75,116.25
90,Central Alluvial-Laucustrine Plain (North China Plain),245,593,37.75,116.75
90,Central Alluvial-Laucustrine Plain (North China Plain),246,591,38.25,115.75
90,Central Alluvial-Laucustrine Plain (North China Plain),246,592,38.25,116.25
90,Central Alluvial-Laucustrine Plain (North China Plain),246,593,38.25,116.75
90,Central Alluvial-Laucustrine Plain (North China Plain),247,591,38.75,115.75
90,Central Alluvial-Laucustrine Plain (North China Plain),247,592,38.75,116.25
90,Central Alluvial-Laucustrine Plain (North China Plain),247,593,38.75,116.75
90,Central Alluvial-Laucustrine Plain (North China Plain),248,593,39.25,116.75
91,Southern Malwa Plateau (Malwa Plateau),215,509,22.75,74.75
91,Southern Malwa Plateau (Malwa Plateau),215,510,22.75,75.25
91,Southern Malwa Plateau (Malwa Plateau),215,511,22.75,75.75
91,Southern Malwa Plateau (Malwa Plateau),215,512,22.75,76.25
91,Southern Malwa Plateau (Malwa Plateau),215,513,22.75,76.75
91,Southern Malwa Plateau (Malwa Plateau),215,514,22.75,77.25
91,Southern Malwa Plateau (Malwa Plateau),216,509,23.25,74.75
91,Southern Malwa Plateau (Malwa Plateau),216,510,23.25,75.25
91,Southern Malwa Plateau (Malwa Plateau),216,511,23.25,75.75
91,Southern Malwa Plateau (Malwa Plateau),216,512,23.25,76.25
91,Southern Malwa Plateau (Malwa Plateau),216,513,23.25,76.75
91,Southern Malwa Plateau (Malwa Plateau),216,514,23.25,77.25
91,Southern Malwa Plateau (Malwa Plateau),217,509,23.75,74.75
91,Southern Malwa Plateau (Malwa Plateau),217,510,23.75,75.25
92,Yellow River Alluvial Plain (North China Plain),240,589,35.25,114.75
92,Yellow River Alluvial Plain (North China Plain),241,589,35.75,114.75
92,Yellow River Alluvial Plain (North China Plain),241,590,35.75,115.25
92,Yellow River Alluvial Plain (North China Plain),242,590,36.25,115.25
92,Yellow River Alluvial Plain (North China Plain),242,591,36.25,115.75
92,Yellow River Alluvial Plain (North China Plain),242,592,36.25,116.25
92,Yellow River Alluvial Plain (North China Plain),243,591,36.75,115.75
92,Yellow River Alluvial Plain (North China Plain),243,592,36.75,116.25
92,Yellow River Alluvial Plain (North China Plain),243,593,36.75,116.75
92,Yellow River Alluvial Plain (North China Plain),243,594,36.75,117.25
92,Yellow River Alluvial Plain (North China Plain),244,592,37.25,116.25
92,Yellow River Alluvial Plain (North China Plain),244,593,37.25,116.75
92,Yellow River Alluvial Plain (North China Plain),244,594,37.25,117.25
92,Yellow River Alluvial Plain (North China Plain),244,595,37.25,117.75
92,Yellow River Alluvial Plain (North China Plain),245,594,37.75,117.25
93,Eastern Armorican Massif (Armorican Massif),263,356,46.75,-1.75
93,Eastern Armorican Massif (Armorican Massif),263,357,46.75,-1.25
93,Eastern Armorican Massif (Armorican Massif),263,358,46.75,-0.75
93,Eastern Armorican Massif (Armorican Massif),263,359,46.75,-0.25
93,Eastern Armorican Massif (Armorican Massif),264,355,47.25,-2.25
93,Eastern Armorican Massif (Armorican Massif),264,356,47.25,-1.75
93,Eastern Armorican Massif (Armorican Massif),264,357,47.25,-1.25
93,Eastern Armorican Massif (Armorican Massif),264,358,47.25,-0.75
93,Eastern Armorican Massif (Armorican Massif),265,356,47.75,-1.75
93,Eastern Armorican Massif (Armorican Massif),265,357,47.75,-1.25
93,Eastern Armorican Massif (Armorican Massif),265,358,47.75,-0.75
93,Eastern Armorican Massif (Armorican Massif),266,357,48.25,-1.25
93,Eastern Armorican Massif (Armorican Massif),266,358,48.25,-0.75
93,Eastern Armorican Massif (Armorican Massif),266,359,48.25,-0.25
93,Eastern Armorican Massif (Armorican Massif),267,357,48.75,-1.25
93,Eastern Armorican Massif (Armorican Massif),267,358,48.75,-0.75
93,Eastern Armorican Massif (Armorican Massif),267,359,48.75,-0.25
94,Ocala Uplift (Floridan Aquifer System),225,194,27.75,-82.75
94,Ocala Uplift (Floridan Aquifer System),226,194,28.25,-82.75
94,Ocala Uplift (Floridan Aquifer System),226,195,28.25,-82.25
94,Ocala Uplift (Floridan Aquifer System),227,195,28.75,-82.25
94,Ocala Uplift (Floridan Aquifer System),228,194,29.25,-82.75
94,Ocala Uplift (Floridan Aquifer System),228,195,29.25,-82.25
94,Ocala Uplift (Floridan Aquifer System),229,193,29.75,-83.25
94,Ocala Uplift (Floridan Aquifer System),229,194,29.75,-82.75
94,Ocala Uplift (Floridan Aquifer System),230,191,30.25,-84.25
94,Ocala Uplift (Floridan Aquifer System),230,192,30.25,-83.75
94,Ocala Uplift (Floridan Aquifer System),230,193,30.25,-83.25
94,Ocala Uplift (Floridan Aquifer System),230,194,30.25,-82.75
94,Ocala Uplift (Floridan Aquifer System),231,192,30.75,-83.75
95,Pearl and Chattahoochee Aquifer System,232,188,31.25,-85.75
95,Pearl and Chattahoochee Aquifer System,232,190,31.25,-84.75
95,Pearl and Chattahoochee Aquifer System,233,186,31.75,-86.75
95,Pearl and Chattahoochee Aquifer System,233,187,31.75,-86.25
95,Pearl and Chattahoochee Aquifer System,233,188,31.75,-85.75
95,Pearl and Chattahoochee Aquifer System,233,189,31.75,-85.25
95,Pearl and Chattahoochee Aquifer System,233,190,31.75,-84.75
95,Pearl and Chattahoochee Aquifer System,233,191,31.75,-84.25
95,Pearl and Chattahoochee Aquifer System,234,189,32.25,-85.25
95,Pearl and Chattahoochee Aquifer System,234,190,32.25,-84.75
95,Pearl and Chattahoochee Aquifer System,234,191,32.25,-84.25
95,Pearl and Chattahoochee Aquifer System,234,192,32.25,-83.75
95,Pearl and Chattahoochee Aquifer System,235,192,32.75,-83.75
95,Pearl and Chattahoochee Aquifer System,235,193,32.75,-83.25
96,Eastern Mekong Delta (Mekong Delta),189,572,9.75,106.25
96,Eastern Mekong Delta (Mekong Delta),190,571,10.25,105.75
96,Eastern Mekong Delta (Mekong Delta),190,572,10.25,106.25
96,Eastern Mekong Delta (Mekong Delta),190,573,10.25,106.75
96,Eastern Mekong Delta (Mekong Delta),191,571,10.75,105.75
96,Eastern Mekong Delta (Mekong Delta),191,572,10.75,106.25
96,Eastern Mekong Delta (Mekong Delta),191,573,10.75,106.75
96,Eastern Mekong Delta (Mekong Delta),192,571,11.25,105.75
96,Eastern Mekong Delta (Mekong Delta),192,572,11.25,106.25
96,Eastern Mekong Delta (Mekong Delta),192,573,11.25,106.75
96,Eastern Mekong Delta (Mekong Delta),193,570,11.75,105.25
97,Jianghan Plain,229,585,29.75,112.75
97,Jianghan Plain,229,586,29.75,113.25
97,Jianghan Plain,230,585,30.25,112.75
97,Jianghan Plain,230,586,30.25,113.25
97,Jianghan Plain,230,587,30.25,113.75
97,Jianghan Plain,231,583,30.75,111.75
97,Jianghan Plain,231,584,30.75,112.25
97,Jianghan Plain,231,585,30.75,112.75
97,Jianghan Plain,231,586,30.75,113.25
97,Jianghan Plain,231,587,30.75,113.75
97,Jianghan Plain,231,588,30.75,114.25
97,Jianghan Plain,232,586,31.25,113.25
97,Jianghan Plain,232,587,31.25,113.75
98,Middle-Upper Devonian Aquifer System (Baltic Artesian Basin),281,412,55.75,26.25
98,Middle-Upper Devonian Aquifer System (Baltic Artesian Basin),282,406,56.25,23.25
98,Middle-Upper Devonian Aquifer System (Baltic Artesian Basin),282,407,56.25,23.75
98,Middle-Upper Devonian Aquifer System (Baltic Artesian Basin),282,408,56.25,24.25
98,Middle-Upper Devonian Aquifer System (Baltic Artesian Basin),282,409,56.25,24.75
98,Middle-Upper Devonian Aquifer System (Baltic Artesian Basin),282,410,56.25,25.25
98,Middle-Upper Devonian Aquifer System (Baltic Artesian Basin),282,411,56.25,25.75
98,Middle-Upper Devonian Aquifer System (Baltic Artesian Basin),282,412,56.25,26.25
98,Middle-Upper Devonian Aquifer System (Baltic Artesian Basin),282,413,56.25,26.75
98,Middle-Upper Devonian Aquifer System (Baltic Artesian Basin),282,414,56.25,27.25
98,Middle-Upper Devonian Aquifer System (Baltic Artesian Basin),283,406,56.75,23.25
98,Middle-Upper Devonian Aquifer System (Baltic Artesian Basin),283,407,56.75,23.75
98,Middle-Upper Devonian Aquifer System (Baltic Artesian Basin),283,408,56.75,24.25
98,Middle-Upper Devonian Aquifer System (Baltic Artesian Basin),283,409,56.75,24.75
98,Middle-Upper Devonian Aquifer System (Baltic Artesian Basin),283,410,56.75,25.25
98,Middle-Upper Devonian Aquifer System (Baltic Artesian Basin),283,411,56.75,25.75
98,Middle-Upper Devonian Aquifer System (Baltic Artesian Basin),283,412,56.75,26.25
98,Middle-Upper Devonian Aquifer System (Baltic Artesian Basin),283,413,56.75,26.75
98,Middle-Upper Devonian Aquifer System (Baltic Artesian Basin),283,414,56.75,27.25
98,Middle-Upper Devonian Aquifer System (Baltic Artesian Basin),284,409,57.25,24.75
98,Middle-Upper Devonian Aquifer System (Baltic Artesian Basin),284,410,57.25,25.25
99,Upper Cauvery Banded Gneiss Aquifers (Dharwar Craton Banded Gneiss Complex),193,513,11.75,76.75
99,Upper Cauvery Banded Gneiss Aquifers (Dharwar Craton Banded Gneiss Complex),194,511,12.25,75.75
99,Upper Cauvery Banded Gneiss Aquifers (Dharwar Craton Banded Gneiss Complex),194,512,12.25,76.25
99,Upper Cauvery Banded Gneiss Aquifers (Dharwar Craton Banded Gneiss Complex),194,513,12.25,76.75
99,Upper Cauvery Banded Gneiss Aquifers (Dharwar Craton Banded Gneiss Complex),194,514,12.25,77.25
99,Upper Cauvery Banded Gneiss Aquifers (Dharwar Craton Banded Gneiss Complex),195,512,12.75,76.25
99,Upper Cauvery Banded Gneiss Aquifers (Dharwar Craton Banded Gneiss Complex),195,513,12.75,76.75
99,Upper Cauvery Banded Gneiss Aquifers (Dharwar Craton Banded Gneiss Complex),195,514,12.75,77.25
99,Upper Cauvery Banded Gneiss Aquifers (Dharwar Craton Banded Gneiss Complex),196,511,13.25,75.75
99,Upper Cauvery Banded Gneiss Aquifers (Dharwar Craton Banded Gneiss Complex),196,513,13.25,76.75
99,Upper Cauvery Banded Gneiss Aquifers (Dharwar Craton Banded Gneiss Complex),196,514,13.25,77.25
100,Western Mississippi Embayment (Mississippi Embayment),233,174,31.75,-92.75
100,Western Mississippi Embayment (Mississippi Embayment),234,174,32.25,-92.75
100,Western Mississippi Embayment (Mississippi Embayment),234,175,32.25,-92.25
100,Western Mississippi Embayment (Mississippi Embayment),235,173,32.75,-93.25
100,Western Mississippi Embayment (Mississippi Embayment),235,174,32.75,-92.75
100,Western Mississippi Embayment (Mississippi Embayment),235,175,32.75,-92.25
100,Western Mississippi Embayment (Mississippi Embayment),236,173,33.25,-93.25
100,Western Mississippi Embayment (Mississippi Embayment),236,174,33.25,-92.75
100,Western Mississippi Embayment (Mississippi Embayment),237,174,33.75,-92.75
100,Western Mississippi Embayment (Mississippi Embayment),237,175,33.75,-92.25
100,Western Mississippi Embayment (Mississippi Embayment),238,174,34.25,-92.75
100,Western Mississippi Embayment (Mississippi Embayment),238,175,34.25,-92.25
100,Western Mississippi Embayment (Mississippi Embayment),239,175,34.75,-92.25
101,Southern Hills (Gulf Coast Regional Aquifer System),230,178,30.25,-90.75
101,Southern Hills (Gulf Coast Regional Aquifer System),230,179,30.25,-90.25
101,Southern Hills (Gulf Coast Regional Aquifer System),230,180,30.25,-89.75
101,Southern Hills (Gulf Coast Regional Aquifer System),231,176,30.75,-91.75
101,Southern Hills (Gulf Coast Regional Aquifer System),231,177,30.75,-91.25
101,Southern Hills (Gulf Coast Regional Aquifer System),231,178,30.75,-90.75
101,Southern Hills (Gulf Coast Regional Aquifer System),231,179,30.75,-90.25
101,Southern Hills (Gulf Coast Regional Aquifer System),232,177,31.25,-91.25
101,Southern Hills (Gulf Coast Regional Aquifer System),232,178,31.25,-90.75
101,Southern Hills (Gulf Coast Regional Aquifer System),232,179,31.25,-90.25
101,Southern Hills (Gulf Coast Regional Aquifer System),233,177,31.75,-91.25
101,Southern Hills (Gulf Coast Regional Aquifer System),233,178,31.75,-90.75
101,Southern Hills (Gulf Coast Regional Aquifer System),233,179,31.75,-90.25
102,Lake Frome Embayment (Great Artesian Basin),108,639,-30.75,139.75
102,Lake Frome Embayment (Great Artesian Basin),108,640,-30.75,140.25
102,Lake Frome Embayment (Great Artesian Basin),108,641,-30.75,140.75
102,Lake Frome Embayment (Great Artesian Basin),108,642,-30.75,141.25
102,Lake Frome Embayment (Great Artesian Basin),108,643,-30.75,141.75
102,Lake Frome Embayment (Great Artesian Basin),109,639,-30.25,139.75
102,Lake Frome Embayment (Great Artesian Basin),109,640,-30.25,140.25
102,Lake Frome Embayment (Great Artesian Basin),109,641,-30.25,140.75
102,Lake Frome Embayment (Great Artesian Basin),109,642,-30.25,141.25
102,Lake Frome Embayment (Great Artesian Basin),110,641,-29.75,140.75
102,Lake Frome Embayment (Great Artesian Basin),110,642,-29.75,141.25
103,Peedee and Black Creek and Cape Fear Aquifers,236,201,33.25,-79.25
103,Peedee and Black Creek and Cape Fear Aquifers,237,199,33.75,-80.25
103,Peedee and Black Creek and Cape Fear Aquifers,237,200,33.75,-79.75
103,Peedee and Black Creek and Cape Fear Aquifers,237,201,33.75,-79.25
103,Peedee and Black Creek and Cape Fear Aquifers,237,202,33.75,-78.75
103,Peedee and Black Creek and Cape Fear Aquifers,238,200,34.25,-79.75
103,Peedee and Black Creek and Cape Fear Aquifers,238,201,34.25,-79.25
103,Peedee and Black Creek and Cape Fear Aquifers,238,202,34.25,-78.75
103,Peedee and Black Creek and Cape Fear Aquifers,238,203,34.25,-78.25
103,Peedee and Black Creek and Cape Fear Aquifers,239,201,34.75,-79.25
103,Peedee and Black Creek and Cape Fear Aquifers,239,202,34.75,-78.75
103,Peedee and Black Creek and Cape Fear Aquifers,239,203,34.75,-78.25
104,Western Brahmaputra Basin Aquifer (Brahmaputra Basin Aquifer),221,539,25.75,89.75
104,Western Brahmaputra Basin Aquifer (Brahmaputra Basin Aquifer),222,540,26.25,90.25
104,Western Brahmaputra Basin Aquifer (Brahmaputra Basin Aquifer),222,541,26.25,90.75
104,Western Brahmaputra Basin Aquifer (Brahmaputra Basin Aquifer),222,542,26.25,91.25
104,Western Brahmaputra Basin Aquifer (Brahmaputra Basin Aquifer),222,543,26.25,91.75
104,Western Brahmaputra Basin Aquifer (Brahmaputra Basin Aquifer),222,544,26.25,92.25
104,Western Brahmaputra Basin Aquifer (Brahmaputra Basin Aquifer),222,545,26.25,92.75
104,Western Brahmaputra Basin Aquifer (Brahmaputra Basin Aquifer),223,540,26.75,90.25
104,Western Brahmaputra Basin Aquifer (Brahmaputra Basin Aquifer),223,541,26.75,90.75
104,Western Brahmaputra Basin Aquifer (Brahmaputra Basin Aquifer),223,542,26.75,91.25
104,Western Brahmaputra Basin Aquifer (Brahmaputra Basin Aquifer),223,543,26.75,91.75
104,Western Brahmaputra Basin Aquifer (Brahmaputra Basin Aquifer),223,544,26.75,92.25
104,Western Brahmaputra Basin Aquifer (Brahmaputra Basin Aquifer),223,545,26.75,92.75
104,Western Brahmaputra Basin Aquifer (Brahmaputra Basin Aquifer),223,546,26.75,93.25
105,Roma Shelf and Northern Surat Basin (Great Artesian Basin),117,656,-26.25,148.25
105,Roma Shelf and Northern Surat Basin (Great Artesian Basin),117,658,-26.25,149.25
105,Roma Shelf and Northern Surat Basin (Great Artesian Basin),117,659,-26.25,149.75
105,Roma Shelf and Northern Surat Basin (Great Artesian Basin),118,656,-25.75,148.25
105,Roma Shelf and Northern Surat Basin (Great Artesian Basin),118,657,-25.75,148.75
105,Roma Shelf and Northern Surat Basin (Great Artesian Basin),118,658,-25.75,149.25
105,Roma Shelf and Northern Surat Basin (Great Artesian Basin),118,659,-25.75,149.75
105,Roma Shelf and Northern Surat Basin (Great Artesian Basin),118,660,-25.75,150.25
105,Roma Shelf and Northern Surat Basin (Great Artesian Basin),119,655,-25.25,147.75
105,Roma Shelf and Northern Surat Basin (Great Artesian Basin),119,656,-25.25,148.25
105,Roma Shelf and Northern Surat Basin (Great Artesian Basin),119,658,-25.25,149.25
105,Roma Shelf and Northern Surat Basin (Great Artesian Basin),119,659,-25.25,149.75
106,Thal Doab (Indus Basin),228,501,29.25,70.75
106,Thal Doab (Indus Basin),230,502,30.25,71.25
106,Thal Doab (Indus Basin),231,502,30.75,71.25
106,Thal Doab (Indus Basin),231,503,30.75,71.75
106,Thal Doab (Indus Basin),232,502,31.25,71.25
106,Thal Doab (Indus Basin),232,503,31.25,71.75
106,Thal Doab (Indus Basin),233,502,31.75,71.25
106,Thal Doab (Indus Basin),233,503,31.75,71.75
106,Thal Doab (Indus Basin),234,503,32.25,71.75
106,Thal Doab (Indus Basin),234,504,32.25,72.25
107,Stockton Plateau (Edwards-Trinity Aquifer System),228,155,29.25,-102.25
107,Stockton Plateau (Edwards-Trinity Aquifer System),228,156,29.25,-101.75
107,Stockton Plateau (Edwards-Trinity Aquifer System),229,154,29.75,-102.75
107,Stockton Plateau (Edwards-Trinity Aquifer System),229,155,29.75,-102.25
107,Stockton Plateau (Edwards-Trinity Aquifer System),229,156,29.75,-101.75
107,Stockton Plateau (Edwards-Trinity Aquifer System),230,154,30.25,-102.75
107,Stockton Plateau (Edwards-Trinity Aquifer System),230,155,30.25,-102.25
107,Stockton Plateau (Edwards-Trinity Aquifer System),230,156,30.25,-101.75
107,Stockton Plateau (Edwards-Trinity Aquifer System),231,153,30.75,-103.25
107,Stockton Plateau (Edwards-Trinity Aquifer System),231,154,30.75,-102.75
107,Stockton Plateau (Edwards-Trinity Aquifer System),231,155,30.75,-102.25
107,Stockton Plateau (Edwards-Trinity Aquifer System),232,152,31.25,-103.75
108,Rechna Doab (Indus Basin),231,504,30.75,72.25
108,Rechna Doab (Indus Basin),231,505,30.75,72.75
108,Rechna Doab (Indus Basin),232,504,31.25,72.25
108,Rechna Doab (Indus Basin),232,505,31.25,72.75
108,Rechna Doab (Indus Basin),232,506,31.25,73.25
108,Rechna Doab (Indus Basin),232,507,31.25,73.75
108,Rechna Doab (Indus Basin),233,506,31.75,73.25
108,Rechna Doab (Indus Basin),233,507,31.75,73.75
108,Rechna Doab (Indus Basin),233,508,31.75,74.25
108,Rechna Doab (Indus Basin),234,507,32.25,73.75
108,Rechna Doab (Indus Basin),234,508,32.25,74.25
108,Rechna Doab (Indus Basin),234,509,32.25,74.75
108,Rechna Doab (Indus Basin),234,510,32.25,75.25
108,Rechna Doab (Indus Basin),235,509,32.75,74.75
109,Northern Piedmont and Tista Fan (Bengal Basin),221,536,25.75,88.25
109,Northern Piedmont and Tista Fan (Bengal Basin),221,537,25.75,88.75
109,Northern Piedmont and Tista Fan (Bengal Basin),221,538,25.75,89.25
109,Northern Piedmont and Tista Fan (Bengal Basin),222,536,26.25,88.25
109,Northern Piedmont and Tista Fan (Bengal Basin),222,537,26.25,88.75
109,Northern Piedmont and Tista Fan (Bengal Basin),222,538,26.25,89.25
109,Northern Piedmont and Tista Fan (Bengal Basin),222,539,26.25,89.75
109,Northern Piedmont and Tista Fan (Bengal Basin),223,536,26.75,88.25
109,Northern Piedmont and Tista Fan (Bengal Basin),223,537,26.75,88.75
109,Northern Piedmont and Tista Fan (Bengal Basin),223,538,26.75,89.25
110,Central Paris Basin (Paris Basin),265,362,47.75,1.25
110,Central Paris Basin (Paris Basin),265,363,47.75,1.75
110,Central Paris Basin (Paris Basin),265,364,47.75,2.25
110,Central Paris Basin (Paris Basin),265,365,47.75,2.75
110,Central Paris Basin (Paris Basin),266,363,48.25,1.75
110,Central Paris Basin (Paris Basin),266,364,48.25,2.25
110,Central Paris Basin (Paris Basin),266,365,48.25,2.75
110,Central Paris Basin (Paris Basin),267,363,48.75,1.75
110,Central Paris Basin (Paris Basin),267,364,48.75,2.25
110,Central Paris Basin (Paris Basin),267,365,48.75,2.75
110,Central Paris Basin (Paris Basin),267,366,48.75,3.25
110,Central Paris Basin (Paris Basin),267,367,48.75,3.75
110,Central Paris Basin (Paris Basin),268,363,49.25,1.75
110,Central Paris Basin (Paris Basin),268,365,49.25,2.75
110,Central Paris Basin (Paris Basin),268,366,49.25,3.25
110,Central Paris Basin (Paris Basin),268,367,49.25,3.75
111,Southern Mallee (Murray Basin),98,640,-35.75,140.25
111,Southern Mallee (Murray Basin),98,641,-35.75,140.75
111,Southern Mallee (Murray Basin),98,642,-35.75,141.25
111,Southern Mallee (Murray Basin),98,643,-35.75,141.75
111,Southern Mallee (Murray Basin),99,640,-35.25,140.25
111,Southern Mallee (Murray Basin),99,641,-35.25,140.75
111,Southern Mallee (Murray Basin),99,642,-35.25,141.25
111,Southern Mallee (Murray Basin),99,643,-35.25,141.75
111,Southern Mallee (Murray Basin),99,644,-35.25,142.25
111,Southern Mallee (Murray Basin),99,645,-35.25,142.75
111,Southern Mallee (Murray Basin),100,642,-34.75,141.25
111,Southern Mallee (Murray Basin),100,643,-34.75,141.75
111,Southern Mallee (Murray Basin),100,644,-34.75,142.25
111,Southern Mallee (Murray Basin),100,645,-34.75,142.75
112,Victoria Area (Gulf Coast Regional Aquifer System),226,164,28.25,-97.75
112,Victoria Area (Gulf Coast Regional Aquifer System),226,165,28.25,-97.25
112,Victoria Area (Gulf Coast Regional Aquifer System),227,164,28.75,-97.75
112,Victoria Area (Gulf Coast Regional Aquifer System),227,165,28.75,-97.25
112,Victoria Area (Gulf Coast Regional Aquifer System),227,166,28.75,-96.75
112,Victoria Area (Gulf Coast Regional Aquifer System),227,167,28.75,-96.25
112,Victoria Area (Gulf Coast Regional Aquifer System),227,168,28.75,-95.75
112,Victoria Area (Gulf Coast Regional Aquifer System),228,165,29.25,-97.25
112,Victoria Area (Gulf Coast Regional Aquifer System),228,166,29.25,-96.75
112,Victoria Area (Gulf Coast Regional Aquifer System),228,167,29.25,-96.25
112,Victoria Area (Gulf Coast Regional Aquifer System),229,166,29.75,-96.75
113,Central Urucuia Aquifer (Urucuia Aquifer System),143,267,-13.25,-46.25
113,Central Urucuia Aquifer (Urucuia Aquifer System),143,268,-13.25,-45.75
113,Central Urucuia Aquifer (Urucuia Aquifer System),143,269,-13.25,-45.25
113,Central Urucuia Aquifer (Urucuia Aquifer System),144,267,-12.75,-46.25
113,Central Urucuia Aquifer (Urucuia Aquifer System),144,268,-12.75,-45.75
113,Central Urucuia Aquifer (Urucuia Aquifer System),144,269,-12.75,-45.25
113,Central Urucuia Aquifer (Urucuia Aquifer System),144,270,-12.75,-44.75
113,Central Urucuia Aquifer (Urucuia Aquifer System),144,271,-12.75,-44.25
113,Central Urucuia Aquifer (Urucuia Aquifer System),145,267,-12.25,-46.25
113,Central Urucuia Aquifer (Urucuia Aquifer System),145,268,-12.25,-45.75
113,Central Urucuia Aquifer (Urucuia Aquifer System),145,269,-12.25,-45.25
113,Central Urucuia Aquifer (Urucuia Aquifer System),145,270,-12.25,-44.75
113,Central Urucuia Aquifer (Urucuia Aquifer System),145,271,-12.25,-44.25
114,Southcentral Floodplains (Bengal Basin),215,537,22.75,88.75
114,Southcentral Floodplains (Bengal Basin),215,538,22.75,89.25
114,Southcentral Floodplains (Bengal Basin),215,539,22.75,89.75
114,Southcentral Floodplains (Bengal Basin),215,540,22.75,90.25
114,Southcentral Floodplains (Bengal Basin),216,537,23.25,88.75
114,Southcentral Floodplains (Bengal Basin),216,538,23.25,89.25
114,Southcentral Floodplains (Bengal Basin),216,539,23.25,89.75
114,Southcentral Floodplains (Bengal Basin),216,540,23.25,90.25
114,Southcentral Floodplains (Bengal Basin),217,537,23.75,88.75
114,Southcentral Floodplains (Bengal Basin),217,538,23.75,89.25
114,Southcentral Floodplains (Bengal Basin),217,539,23.75,89.75
115,Eastern Silurian-Devonian Aquifers (Northern Midwest Aquifer System),252,183,41.25,-88.25
115,Eastern Silurian-Devonian Aquifers (Northern Midwest Aquifer System),252,184,41.25,-87.75
115,Eastern Silurian-Devonian Aquifers (Northern Midwest Aquifer System),252,185,41.25,-87.25
115,Eastern Silurian-Devonian Aquifers (Northern Midwest Aquifer System),253,183,41.75,-88.25
115,Eastern Silurian-Devonian Aquifers (Northern Midwest Aquifer System),253,184,41.75,-87.75
115,Eastern Silurian-Devonian Aquifers (Northern Midwest Aquifer System),254,182,42.25,-88.75
115,Eastern Silurian-Devonian Aquifers (Northern Midwest Aquifer System),254,183,42.25,-88.25
115,Eastern Silurian-Devonian Aquifers (Northern Midwest Aquifer System),255,183,42.75,-88.25
115,Eastern Silurian-Devonian Aquifers (Northern Midwest Aquifer System),256,183,43.25,-88.25
115,Eastern Silurian-Devonian Aquifers (Northern Midwest Aquifer System),257,183,43.75,-88.25
115,Eastern Silurian-Devonian Aquifers (Northern Midwest Aquifer System),257,184,43.75,-87.75
115,Eastern Silurian-Devonian Aquifers (Northern Midwest Aquifer System),258,184,44.25,-87.75
116,Southern Saurashtra Deccan Trap Basalts (Saurashtra Deccan Trap Basalts),212,500,21.25,70.25
116,Southern Saurashtra Deccan Trap Basalts (Saurashtra Deccan Trap Basalts),212,501,21.25,70.75
116,Southern Saurashtra Deccan Trap Basalts (Saurashtra Deccan Trap Basalts),212,502,21.25,71.25
116,Southern Saurashtra Deccan Trap Basalts (Saurashtra Deccan Trap Basalts),212,503,21.25,71.75
116,Southern Saurashtra Deccan Trap Basalts (Saurashtra Deccan Trap Basalts),213,500,21.75,70.25
116,Southern Saurashtra Deccan Trap Basalts (Saurashtra Deccan Trap Basalts),213,501,21.75,70.75
116,Southern Saurashtra Deccan Trap Basalts (Saurashtra Deccan Trap Basalts),213,502,21.75,71.25
116,Southern Saurashtra Deccan Trap Basalts (Saurashtra Deccan Trap Basalts),213,503,21.75,71.75
116,Southern Saurashtra Deccan Trap Basalts (Saurashtra Deccan Trap Basalts),214,503,22.25,71.75
117,Northeast Missouri Carbonates (Northern Midwest Aquifer System),247,176,38.75,-91.75
117,Northeast Missouri Carbonates (Northern Midwest Aquifer System),247,177,38.75,-91.25
117,Northeast Missouri Carbonates (Northern Midwest Aquifer System),247,178,38.75,-90.75
117,Northeast Missouri Carbonates (Northern Midwest Aquifer System),248,174,39.25,-92.75
117,Northeast Missouri Carbonates (Northern Midwest Aquifer System),248,175,39.25,-92.25
117,Northeast Missouri Carbonates (Northern Midwest Aquifer System),248,176,39.25,-91.75
117,Northeast Missouri Carbonates (Northern Midwest Aquifer System),248,177,39.25,-91.25
117,Northeast Missouri Carbonates (Northern Midwest Aquifer System),248,178,39.25,-90.75
117,Northeast Missouri Carbonates (Northern Midwest Aquifer System),249,175,39.75,-92.25
117,Northeast Missouri Carbonates (Northern Midwest Aquifer System),249,176,39.75,-91.75
117,Northeast Missouri Carbonates (Northern Midwest Aquifer System),249,177,39.75,-91.25
117,Northeast Missouri Carbonates (Northern Midwest Aquifer System),249,178,39.75,-90.75
117,Northeast Missouri Carbonates (Northern Midwest Aquifer System),250,175,40.25,-92.25
117,Northeast Missouri Carbonates (Northern Midwest Aquifer System),250,176,40.25,-91.75
117,Northeast Missouri Carbonates (Northern Midwest Aquifer System),250,177,40.25,-91.25
118,Eastern C Aquifer (The C Aquifer),238,139,34.25,-110.25
118,Eastern C Aquifer (The C Aquifer),238,140,34.25,-109.75
118,Eastern C Aquifer (The C Aquifer),238,141,34.25,-109.25
118,Eastern C Aquifer (The C Aquifer),238,142,34.25,-108.75
118,Eastern C Aquifer (The C Aquifer),238,143,34.25,-108.25
118,Eastern C Aquifer (The C Aquifer),239,139,34.75,-110.25
118,Eastern C Aquifer (The C Aquifer),239,140,34.75,-109.75
118,Eastern C Aquifer (The C Aquifer),239,141,34.75,-109.25
118,Eastern C Aquifer (The C Aquifer),239,142,34.75,-108.75
118,Eastern C Aquifer (The C Aquifer),240,140,35.25,-109.75
118,Eastern C Aquifer (The C Aquifer),240,141,35.25,-109.25
118,Eastern C Aquifer (The C Aquifer),240,142,35.25,-108.75
118,Eastern C Aquifer (The C Aquifer),240,143,35.25,-108.25
119,Southern Huaihe River Basin (Huaihe River Basin),233,589,31.75,114.75
119,Southern Huaihe River Basin (Huaihe River Basin),233,590,31.75,115.25
119,Southern Huaihe River Basin (Huaihe River Basin),233,592,31.75,116.25
119,Southern Huaihe River Basin (Huaihe River Basin),233,593,31.75,116.75
119,Southern Huaihe River Basin (Huaihe River Basin),234,587,32.25,113.75
119,Southern Huaihe River Basin (Huaihe River Basin),234,588,32.25,114.25
119,Southern Huaihe River Basin (Huaihe River Basin),234,589,32.25,114.75
119,Southern Huaihe River Basin (Huaihe River Basin),234,590,32.25,115.25
119,Southern Huaihe River Basin (Huaihe River Basin),234,591,32.25,115.75
119,Southern Huaihe River Basin (Huaihe River Basin),234,592,32.25,116.25
119,Southern Huaihe River Basin (Huaihe River Basin),234,593,32.25,116.75
119,Southern Huaihe River Basin (Huaihe River Basin),234,594,32.25,117.25
119,Southern Huaihe River Basin (Huaihe River Basin),235,594,32.75,117.25
120,Western Huaihe Plain (Huaihe River Basin),236,587,33.25,113.75
120,Western Huaihe Plain (Huaihe River Basin),236,588,33.25,114.25
120,Western Huaihe Plain (Huaihe River Basin),237,585,33.75,112.75
120,Western Huaihe Plain (Huaihe River Basin),237,586,33.75,113.25
120,Western Huaihe Plain (Huaihe River Basin),237,587,33.75,113.75
120,Western Huaihe Plain (Huaihe River Basin),237,588,33.75,114.25
120,Western Huaihe Plain (Huaihe River Basin),238,585,34.25,112.75
120,Western Huaihe Plain (Huaihe River Basin),238,586,34.25,113.25
120,Western Huaihe Plain (Huaihe River Basin),238,587,34.25,113.75
120,Western Huaihe Plain (Huaihe River Basin),238,588,34.25,114.25
120,Western Huaihe Plain (Huaihe River Basin),239,587,34.75,113.75
120,Western Huaihe Plain (Huaihe River Basin),239,588,34.75,114.25
120,Western Huaihe Plain (Huaihe River Basin),239,589,34.75,114.75
121,Southeastern Surat Basin (Great Artesian Basin),111,657,-29.25,148.75
121,Southeastern Surat Basin (Great Artesian Basin),111,658,-29.25,149.25
121,Southeastern Surat Basin (Great Artesian Basin),111,659,-29.25,149.75
121,Southeastern Surat Basin (Great Artesian Basin),111,660,-29.25,150.25
121,Southeastern Surat Basin (Great Artesian Basin),112,658,-28.75,149.25
121,Southeastern Surat Basin (Great Artesian Basin),112,659,-28.75,149.75
121,Southeastern Surat Basin (Great Artesian Basin),112,660,-28.75,150.25
121,Southeastern Surat Basin (Great Artesian Basin),112,661,-28.75,150.75
121,Southeastern Surat Basin (Great Artesian Basin),113,660,-28.25,150.25
121,Southeastern Surat Basin (Great Artesian Basin),113,661,-28.25,150.75
121,Southeastern Surat Basin (Great Artesian Basin),114,661,-27.75,150.75
122,Houston-Galveston Area (Gulf Coast Regional Aquifer System),228,168,29.25,-95.75
122,Houston-Galveston Area (Gulf Coast Regional Aquifer System),228,169,29.25,-95.25
122,Houston-Galveston Area (Gulf Coast Regional Aquifer System),229,167,29.75,-96.25
122,Houston-Galveston Area (Gulf Coast Regional Aquifer System),229,168,29.75,-95.75
122,Houston-Galveston Area (Gulf Coast Regional Aquifer System),229,169,29.75,-95.25
122,Houston-Galveston Area (Gulf Coast Regional Aquifer System),230,167,30.25,-96.25
122,Houston-Galveston Area (Gulf Coast Regional Aquifer System),230,168,30.25,-95.75
122,Houston-Galveston Area (Gulf Coast Regional Aquifer System),230,169,30.25,-95.25
122,Houston-Galveston Area (Gulf Coast Regional Aquifer System),230,170,30.25,-94.75
122,Houston-Galveston Area (Gulf Coast Regional Aquifer System),231,168,30.75,-95.75
122,Houston-Galveston Area (Gulf Coast Regional Aquifer System),231,169,30.75,-95.25
123,Western Paris Basin (Paris Basin),265,359,47.75,-0.25
123,Western Paris Basin (Paris Basin),265,360,47.75,0.25
123,Western Paris Basin (Paris Basin),265,361,47.75,0.75
123,Western Paris Basin (Paris Basin),266,360,48.25,0.25
123,Western Paris Basin (Paris Basin),266,361,48.25,0.75
123,Western Paris Basin (Paris Basin),266,362,48.25,1.25
123,Western Paris Basin (Paris Basin),267,360,48.75,0.25
123,Western Paris Basin (Paris Basin),267,361,48.75,0.75
123,Western Paris Basin (Paris Basin),267,362,48.75,1.25
123,Western Paris Basin (Paris Basin),268,358,49.25,-0.75
123,Western Paris Basin (Paris Basin),268,359,49.25,-0.25
123,Western Paris Basin (Paris Basin),268,360,49.25,0.25
123,Western Paris Basin (Paris Basin),268,361,49.25,0.75
123,Western Paris Basin (Paris Basin),268,362,49.25,1.25
124,Northern Cumberland Plateau and Mountains (Appalachian Plateaus),242,189,36.25,-85.25
124,Northern Cumberland Plateau and Mountains (Appalachian Plateaus),242,190,36.25,-84.75
124,Northern Cumberland Plateau and Mountains (Appalachian Plateaus),242,191,36.25,-84.25
124,Northern Cumberland Plateau and Mountains (Appalachian Plateaus),243,190,36.75,-84.75
124,Northern Cumberland Plateau and Mountains (Appalachian Plateaus),243,191,36.75,-84.25
124,Northern Cumberland Plateau and Mountains (Appalachian Plateaus),243,192,36.75,-83.75
124,Northern Cumberland Plateau and Mountains (Appalachian Plateaus),243,193,36.75,-83.25
124,Northern Cumberland Plateau and Mountains (Appalachian Plateaus),244,191,37.25,-84.25
124,Northern Cumberland Plateau and Mountains (Appalachian Plateaus),244,192,37.25,-83.75
124,Northern Cumberland Plateau and Mountains (Appalachian Plateaus),244,193,37.25,-83.25
124,Northern Cumberland Plateau and Mountains (Appalachian Plateaus),245,192,37.75,-83.75
125,Southeastern Coastal Karoo Basin (Main Karoo Basin),103,414,-33.25,27.25
125,Southeastern Coastal Karoo Basin (Main Karoo Basin),104,413,-32.75,26.75
125,Southeastern Coastal Karoo Basin (Main Karoo Basin),104,414,-32.75,27.25
125,Southeastern Coastal Karoo Basin (Main Karoo Basin),104,415,-32.75,27.75
125,Southeastern Coastal Karoo Basin (Main Karoo Basin),104,416,-32.75,28.25
125,Southeastern Coastal Karoo Basin (Main Karoo Basin),105,415,-32.25,27.75
125,Southeastern Coastal Karoo Basin (Main Karoo Basin),105,416,-32.25,28.25
125,Southeastern Coastal Karoo Basin (Main Karoo Basin),105,417,-32.25,28.75
125,Southeastern Coastal Karoo Basin (Main Karoo Basin),106,417,-31.75,28.75
125,Southeastern Coastal Karoo Basin (Main Karoo Basin),106,418,-31.75,29.25
125,Southeastern Coastal Karoo Basin (Main Karoo Basin),107,418,-31.25,29.25
126,Mount Vernon Hill County (Central Lowland Till Plain),245,181,37.75,-89.25
126,Mount Vernon Hill County (Central Lowland Till Plain),245,182,37.75,-88.75
126,Mount Vernon Hill County (Central Lowland Till Plain),245,183,37.75,-88.25
126,Mount Vernon Hill County (Central Lowland Till Plain),246,179,38.25,-90.25
126,Mount Vernon Hill County (Central Lowland Till Plain),246,180,38.25,-89.75
126,Mount Vernon Hill County (Central Lowland Till Plain),246,181,38.25,-89.25
126,Mount Vernon Hill County (Central Lowland Till Plain),246,182,38.25,-88.75
126,Mount Vernon Hill County (Central Lowland Till Plain),246,183,38.25,-88.25
126,Mount Vernon Hill County (Central Lowland Till Plain),246,184,38.25,-87.75
126,Mount Vernon Hill County (Central Lowland Till Plain),246,185,38.25,-87.25
126,Mount Vernon Hill County (Central Lowland Till Plain),247,182,38.75,-88.75
126,Mount Vernon Hill County (Central Lowland Till Plain),247,184,38.75,-87.75
126,Mount Vernon Hill County (Central Lowland Till Plain),247,185,38.75,-87.25
127,Eastern Riverine Plains (Murray Basin),99,650,-35.25,145.25
127,Eastern Riverine Plains (Murray Basin),99,651,-35.25,145.75
127,Eastern Riverine Plains (Murray Basin),99,652,-35.25,146.25
127,Eastern Riverine Plains (Murray Basin),99,653,-35.25,146.75
127,Eastern Riverine Plains (Murray Basin),100,649,-34.75,144.75
127,Eastern Riverine Plains (Murray Basin),100,650,-34.75,145.25
127,Eastern Riverine Plains (Murray Basin),100,651,-34.75,145.75
127,Eastern Riverine Plains (Murray Basin),100,652,-34.75,146.25
127,Eastern Riverine Plains (Murray Basin),100,653,-34.75,146.75
127,Eastern Riverine Plains (Murray Basin),101,649,-34.25,144.75
127,Eastern Riverine Plains (Murray Basin),101,650,-34.25,145.25
127,Eastern Riverine Plains (Murray Basin),101,651,-34.25,145.75
127,Eastern Riverine Plains (Murray Basin),101,652,-34.25,146.25
127,Eastern Riverine Plains (Murray Basin),101,653,-34.25,146.75
128,Central Mallee (Murray Basin),100,639,-34.75,139.75
128,Central Mallee (Murray Basin),100,640,-34.75,140.25
128,Central Mallee (Murray Basin),100,641,-34.75,140.75
128,Central Mallee (Murray Basin),101,638,-34.25,139.25
128,Central Mallee (Murray Basin),101,639,-34.25,139.75
128,Central Mallee (Murray Basin),101,640,-34.25,140.25
128,Central Mallee (Murray Basin),101,641,-34.25,140.75
128,Central Mallee (Murray Basin),101,642,-34.25,141.25
128,Central Mallee (Murray Basin),101,643,-34.25,141.75
129,Northern Allegheny Plateau (Appalachian Plateaus),251,196,40.75,-81.75
129,Northern Allegheny Plateau (Appalachian Plateaus),251,200,40.75,-79.75
129,Northern Allegheny Plateau (Appalachian Plateaus),251,201,40.75,-79.25
129,Northern Allegheny Plateau (Appalachian Plateaus),251,202,40.75,-78.75
129,Northern Allegheny Plateau (Appalachian Plateaus),252,196,41.25,-81.75
129,Northern Allegheny Plateau (Appalachian Plateaus),252,197,41.25,-81.25
129,Northern Allegheny Plateau (Appalachian Plateaus),252,198,41.25,-80.75
129,Northern Allegheny Plateau (Appalachian Plateaus),252,199,41.25,-80.25
129,Northern Allegheny Plateau (Appalachian Plateaus),252,200,41.25,-79.75
129,Northern Allegheny Plateau (Appalachian Plateaus),252,201,41.25,-79.25
129,Northern Allegheny Plateau (Appalachian Plateaus),252,202,41.25,-78.75
129,Northern Allegheny Plateau (Appalachian Plateaus),252,203,41.25,-78.25
129,Northern Allegheny Plateau (Appalachian Plateaus),253,202,41.75,-78.75
130,Daly Basin (Daly-Wiso-Georgina Basins),139,624,-15.25,132.25
130,Daly Basin (Daly-Wiso-Georgina Basins),139,625,-15.25,132.75
130,Daly Basin (Daly-Wiso-Georgina Basins),140,623,-14.75,131.75
130,Daly Basin (Daly-Wiso-Georgina Basins),140,624,-14.75,132.25
130,Daly Basin (Daly-Wiso-Georgina Basins),140,625,-14.75,132.75
130,Daly Basin (Daly-Wiso-Georgina Basins),141,622,-14.25,131.25
130,Daly Basin (Daly-Wiso-Georgina Basins),141,623,-14.25,131.75
130,Daly Basin (Daly-Wiso-Georgina Basins),142,622,-13.75,131.25
131,Blue Mountains and Clearwater Embayment (Columbia Plateau Regional Aquifer System),259,121,44.75,-119.25
131,Blue Mountains and Clearwater Embayment (Columbia Plateau Regional Aquifer System),260,122,45.25,-118.75
131,Blue Mountains and Clearwater Embayment (Columbia Plateau Regional Aquifer System),260,123,45.25,-118.25
131,Blue Mountains and Clearwater Embayment (Columbia Plateau Regional Aquifer System),260,124,45.25,-117.75
131,Blue Mountains and Clearwater Embayment (Columbia Plateau Regional Aquifer System),261,124,45.75,-117.75
131,Blue Mountains and Clearwater Embayment (Columbia Plateau Regional Aquifer System),261,125,45.75,-117.25
131,Blue Mountains and Clearwater Embayment (Columbia Plateau Regional Aquifer System),261,126,45.75,-116.75
131,Blue Mountains and Clearwater Embayment (Columbia Plateau Regional Aquifer System),262,125,46.25,-117.25
131,Blue Mountains and Clearwater Embayment (Columbia Plateau Regional Aquifer System),262,126,46.25,-116.75
131,Blue Mountains and Clearwater Embayment (Columbia Plateau Regional Aquifer System),262,127,46.25,-116.25
131,Blue Mountains and Clearwater Embayment (Columbia Plateau Regional Aquifer System),263,126,46.75,-116.75
132,Western Satpura Basalt Aquifers (Satpura Basalts),213,510,21.75,75.25
132,Western Satpura Basalt Aquifers (Satpura Basalts),213,511,21.75,75.75
132,Western Satpura Basalt Aquifers (Satpura Basalts),213,512,21.75,76.25
132,Western Satpura Basalt Aquifers (Satpura Basalts),213,513,21.75,76.75
132,Western Satpura Basalt Aquifers (Satpura Basalts),214,509,22.25,74.75
132,Western Satpura Basalt Aquifers (Satpura Basalts),214,510,22.25,75.25
132,Western Satpura Basalt Aquifers (Satpura Basalts),214,511,22.25,75.75
133,Northern Aquitaine Basin (Aquitaine Basin),258,361,44.25,0.75
133,Northern Aquitaine Basin (Aquitaine Basin),258,362,44.25,1.25
133,Northern Aquitaine Basin (Aquitaine Basin),259,359,44.75,-0.25
133,Northern Aquitaine Basin (Aquitaine Basin),259,360,44.75,0.25
133,Northern Aquitaine Basin (Aquitaine Basin),259,361,44.75,0.75
133,Northern Aquitaine Basin (Aquitaine Basin),259,362,44.75,1.25
133,Northern Aquitaine Basin (Aquitaine Basin),260,359,45.25,-0.25
133,Northern Aquitaine Basin (Aquitaine Basin),260,360,45.25,0.25
133,Northern Aquitaine Basin (Aquitaine Basin),260,361,45.25,0.75
133,Northern Aquitaine Basin (Aquitaine Basin),261,358,45.75,-0.75
133,Northern Aquitaine Basin (Aquitaine Basin),261,359,45.75,-0.25
133,Northern Aquitaine Basin (Aquitaine Basin),261,360,45.75,0.25
134,Central Wabash and Bloomington Ridged Plain (Central Lowland Till Plain),249,182,39.75,-88.75
134,Central Wabash and Bloomington Ridged Plain (Central Lowland Till Plain),249,183,39.75,-88.25
134,Central Wabash and Bloomington Ridged Plain (Central Lowland Till Plain),249,184,39.75,-87.75
134,Central Wabash and Bloomington Ridged Plain (Central Lowland Till Plain),250,181,40.25,-89.25
134,Central Wabash and Bloomington Ridged Plain (Central Lowland Till Plain),250,182,40.25,-88.75
134,Central Wabash and Bloomington Ridged Plain (Central Lowland Till Plain),250,183,40.25,-88.25
134,Central Wabash and Bloomington Ridged Plain (Central Lowland Till Plain),250,184,40.25,-87.75
134,Central Wabash and Bloomington Ridged Plain (Central Lowland Till Plain),250,185,40.25,-87.25
134,Central Wabash and Bloomington Ridged Plain (Central Lowland Till Plain),251,181,40.75,-89.25
134,Central Wabash and Bloomington Ridged Plain (Central Lowland Till Plain),251,182,40.75,-88.75
134,Central Wabash and Bloomington Ridged Plain (Central Lowland Till Plain),251,183,40.75,-88.25
134,Central Wabash and Bloomington Ridged Plain (Central Lowland Till Plain),252,181,41.25,-89.25
135,Northern Riverine Plains (Murray Basin),102,649,-33.75,144.75
135,Northern Riverine Plains (Murray Basin),102,650,-33.75,145.25
135,Northern Riverine Plains (Murray Basin),102,651,-33.75,145.75
135,Northern Riverine Plains (Murray Basin),103,648,-33.25,144.25
135,Northern Riverine Plains (Murray Basin),103,649,-33.25,144.75
135,Northern Riverine Plains (Murray Basin),103,650,-33.25,145.25
135,Northern Riverine Plains (Murray Basin),103,651,-33.25,145.75
135,Northern Riverine Plains (Murray Basin),104,649,-32.75,144.75
136,Upper Peninsula Jacobsville Sandstone and Cambrian-Ordovician and Silurian-Devonian Aquifers (Northern Midwest Aquifer System),260,184,45.25,-87.75
136,Upper Peninsula Jacobsville Sandstone and Cambrian-Ordovician and Silurian-Devonian Aquifers (Northern Midwest Aquifer System),261,184,45.75,-87.75
136,Upper Peninsula Jacobsville Sandstone and Cambrian-Ordovician and Silurian-Devonian Aquifers (Northern Midwest Aquifer System),261,185,45.75,-87.25
136,Upper Peninsula Jacobsville Sandstone and Cambrian-Ordovician and Silurian-Devonian Aquifers (Northern Midwest Aquifer System),262,185,46.25,-87.25
136,Upper Peninsula Jacobsville Sandstone and Cambrian-Ordovician and Silurian-Devonian Aquifers (Northern Midwest Aquifer System),262,186,46.25,-86.75
136,Upper Peninsula Jacobsville Sandstone and Cambrian-Ordovician and Silurian-Devonian Aquifers (Northern Midwest Aquifer System),262,187,46.25,-86.25
136,Upper Peninsula Jacobsville Sandstone and Cambrian-Ordovician and Silurian-Devonian Aquifers (Northern Midwest Aquifer System),262,188,46.25,-85.75
136,Upper Peninsula Jacobsville Sandstone and Cambrian-Ordovician and Silurian-Devonian Aquifers (Northern Midwest Aquifer System),262,189,46.25,-85.25
136,Upper Peninsula Jacobsville Sandstone and Cambrian-Ordovician and Silurian-Devonian Aquifers (Northern Midwest Aquifer System),262,190,46.25,-84.75
136,Upper Peninsula Jacobsville Sandstone and Cambrian-Ordovician and Silurian-Devonian Aquifers (Northern Midwest Aquifer System),262,191,46.25,-84.25
136,Upper Peninsula Jacobsville Sandstone and Cambrian-Ordovician and Silurian-Devonian Aquifers (Northern Midwest Aquifer System),262,192,46.25,-83.75
137,Eastern Flatwoods Southshores (Floridan Aquifer System),222,198,26.25,-80.75
137,Eastern Flatwoods Southshores (Floridan Aquifer System),223,198,26.75,-80.75
137,Eastern Flatwoods Southshores (Floridan Aquifer System),223,199,26.75,-80.25
137,Eastern Flatwoods Southshores (Floridan Aquifer System),224,197,27.25,-81.25
137,Eastern Flatwoods Southshores (Floridan Aquifer System),224,198,27.25,-80.75
137,Eastern Flatwoods Southshores (Floridan Aquifer System),224,199,27.25,-80.25
137,Eastern Flatwoods Southshores (Floridan Aquifer System),225,197,27.75,-81.25
137,Eastern Flatwoods Southshores (Floridan Aquifer System),225,198,27.75,-80.75
137,Eastern Flatwoods Southshores (Floridan Aquifer System),226,197,28.25,-81.25
137,Eastern Flatwoods Southshores (Floridan Aquifer System),226,198,28.25,-80.75
137,Eastern Flatwoods Southshores (Floridan Aquifer System),227,198,28.75,-80.75
138,Lower Limestone Coast Aquifer System (Murray Basin),96,640,-36.75,140.25
138,Lower Limestone Coast Aquifer System (Murray Basin),96,641,-36.75,140.75
138,Lower Limestone Coast Aquifer System (Murray Basin),96,642,-36.75,141.25
138,Lower Limestone Coast Aquifer System (Murray Basin),97,639,-36.25,139.75
138,Lower Limestone Coast Aquifer System (Murray Basin),97,640,-36.25,140.25
138,Lower Limestone Coast Aquifer System (Murray Basin),97,641,-36.25,140.75
138,Lower Limestone Coast Aquifer System (Murray Basin),97,642,-36.25,141.25
138,Lower Limestone Coast Aquifer System (Murray Basin),98,639,-35.75,139.75
138,Lower Limestone Coast Aquifer System (Murray Basin),99,639,-35.25,139.75
139,Eastern Malwa Plateau (Malwa Plateau),216,516,23.25,78.25
139,Eastern Malwa Plateau (Malwa Plateau),217,514,23.75,77.25
139,Eastern Malwa Plateau (Malwa Plateau),217,516,23.75,78.25
139,Eastern Malwa Plateau (Malwa Plateau),217,517,23.75,78.75
139,Eastern Malwa Plateau (Malwa Plateau),218,514,24.25,77.25
139,Eastern Malwa Plateau (Malwa Plateau),218,515,24.25,77.75
139,Eastern Malwa Plateau (Malwa Plateau),218,516,24.25,78.25
139,Eastern Malwa Plateau (Malwa Plateau),218,517,24.25,78.75
139,Eastern Malwa Plateau (Malwa Plateau),219,514,24.75,77.25
139,Eastern Malwa Plateau (Malwa Plateau),219,515,24.75,77.75
140,Southern St. Lawrence Lowlands (St. Lawrence Lowlands),259,208,44.75,-75.75
140,Southern St. Lawrence Lowlands (St. Lawrence Lowlands),259,209,44.75,-75.25
140,Southern St. Lawrence Lowlands (St. Lawrence Lowlands),259,210,44.75,-74.75
140,Southern St. Lawrence Lowlands (St. Lawrence Lowlands),260,208,45.25,-75.75
140,Southern St. Lawrence Lowlands (St. Lawrence Lowlands),260,209,45.25,-75.25
140,Southern St. Lawrence Lowlands (St. Lawrence Lowlands),260,210,45.25,-74.75
140,Southern St. Lawrence Lowlands (St. Lawrence Lowlands),260,211,45.25,-74.25
140,Southern St. Lawrence Lowlands (St. Lawrence Lowlands),260,212,45.25,-73.75
140,Southern St. Lawrence Lowlands (St. Lawrence Lowlands),260,213,45.25,-73.25
140,Southern St. Lawrence Lowlands (St. Lawrence Lowlands),261,212,45.75,-73.75
140,Southern St. Lawrence Lowlands (St. Lawrence Lowlands),261,213,45.75,-73.25
141,Southern Paris Basin (Paris Basin),263,360,46.75,0.25
141,Southern Paris Basin (Paris Basin),263,361,46.75,0.75
141,Southern Paris Basin (Paris Basin),263,362,46.75,1.25
141,Southern Paris Basin (Paris Basin),263,363,46.75,1.75
141,Southern Paris Basin (Paris Basin),263,364,46.75,2.25
141,Southern Paris Basin (Paris Basin),263,365,46.75,2.75
141,Southern Paris Basin (Paris Basin),264,359,47.25,-0.25
141,Southern Paris Basin (Paris Basin),264,360,47.25,0.25
141,Southern Paris Basin (Paris Basin),264,361,47.25,0.75
141,Southern Paris Basin (Paris Basin),264,362,47.25,1.25
141,Southern Paris Basin (Paris Basin),264,363,47.25,1.75
141,Southern Paris Basin (Paris Basin),264,364,47.25,2.25
141,Southern Paris Basin (Paris Basin),264,365,47.25,2.75
142,Westside Middle Indus Plain (Indus Basin),228,500,29.25,70.25
142,Westside Middle Indus Plain (Indus Basin),229,500,29.75,70.25
142,Westside Middle Indus Plain (Indus Basin),229,501,29.75,70.75
142,Westside Middle Indus Plain (Indus Basin),230,501,30.25,70.75
142,Westside Middle Indus Plain (Indus Basin),231,501,30.75,70.75
142,Westside Middle Indus Plain (Indus Basin),232,501,31.25,70.75
142,Westside Middle Indus Plain (Indus Basin),233,500,31.75,70.25
142,Westside Middle Indus Plain (Indus Basin),233,501,31.75,70.75
142,Westside Middle Indus Plain (Indus Basin),234,501,32.25,70.75
142,Westside Middle Indus Plain (Indus Basin),234,502,32.25,71.25
142,Westside Middle Indus Plain (Indus Basin),235,502,32.75,71.25
143,Northcentral Piedmont Upland (Piedmont Plateau),245,203,37.75,-78.25
143,Northcentral Piedmont Upland (Piedmont Plateau),245,204,37.75,-77.75
143,Northcentral Piedmont Upland (Piedmont Plateau),246,203,38.25,-78.25
143,Northcentral Piedmont Upland (Piedmont Plateau),246,204,38.25,-77.75
143,Northcentral Piedmont Upland (Piedmont Plateau),247,204,38.75,-77.75
143,Northcentral Piedmont Upland (Piedmont Plateau),247,205,38.75,-77.25
143,Northcentral Piedmont Upland (Piedmont Plateau),248,205,39.25,-77.25
143,Northcentral Piedmont Upland (Piedmont Plateau),248,206,39.25,-76.75
143,Northcentral Piedmont Upland (Piedmont Plateau),249,205,39.75,-77.25
143,Northcentral Piedmont Upland (Piedmont Plateau),249,206,39.75,-76.75
143,Northcentral Piedmont Upland (Piedmont Plateau),249,207,39.75,-76.25
144,Osage Plains (Osage Cuestas Aquifer System),244,167,37.25,-96.25
144,Osage Plains (Osage Cuestas Aquifer System),244,168,37.25,-95.75
144,Osage Plains (Osage Cuestas Aquifer System),245,167,37.75,-96.25
144,Osage Plains (Osage Cuestas Aquifer System),245,168,37.75,-95.75
144,Osage Plains (Osage Cuestas Aquifer System),246,167,38.25,-96.25
144,Osage Plains (Osage Cuestas Aquifer System),246,168,38.25,-95.75
144,Osage Plains (Osage Cuestas Aquifer System),246,169,38.25,-95.25
144,Osage Plains (Osage Cuestas Aquifer System),247,168,38.75,-95.75
144,Osage Plains (Osage Cuestas Aquifer System),247,169,38.75,-95.25
144,Osage Plains (Osage Cuestas Aquifer System),247,170,38.75,-94.75
145,Eastern Pilbara Granite-Greenstone Terrane (Pilbara Craton),126,599,-21.75,119.75
145,Eastern Pilbara Granite-Greenstone Terrane (Pilbara Craton),126,600,-21.75,120.25
145,Eastern Pilbara Granite-Greenstone Terrane (Pilbara Craton),126,601,-21.75,120.75
145,Eastern Pilbara Granite-Greenstone Terrane (Pilbara Craton),127,599,-21.25,119.75
145,Eastern Pilbara Granite-Greenstone Terrane (Pilbara Craton),127,600,-21.25,120.25
145,Eastern Pilbara Granite-Greenstone Terrane (Pilbara Craton),128,599,-20.75,119.75
145,Eastern Pilbara Granite-Greenstone Terrane (Pilbara Craton),128,600,-20.75,120.25
145,Eastern Pilbara Granite-Greenstone Terrane (Pilbara Craton),129,598,-20.25,119.25
146,Malwa Plateau Gneiss Complex (Malwa Plateau),219,507,24.75,73.75
146,Malwa Plateau Gneiss Complex (Malwa Plateau),219,508,24.75,74.25
146,Malwa Plateau Gneiss Complex (Malwa Plateau),220,507,25.25,73.75
146,Malwa Plateau Gneiss Complex (Malwa Plateau),220,508,25.25,74.25
146,Malwa Plateau Gneiss Complex (Malwa Plateau),220,509,25.25,74.75
146,Malwa Plateau Gneiss Complex (Malwa Plateau),221,508,25.75,74.25
146,Malwa Plateau Gneiss Complex (Malwa Plateau),221,509,25.75,74.75
146,Malwa Plateau Gneiss Complex (Malwa Plateau),221,510,25.75,75.25
146,Malwa Plateau Gneiss Complex (Malwa Plateau),222,509,26.25,74.75
147,Bluffton Till Plain (Central Lowland Till Plain),250,188,40.25,-85.75
147,Bluffton Till Plain (Central Lowland Till Plain),250,189,40.25,-85.25
147,Bluffton Till Plain (Central Lowland Till Plain),250,190,40.25,-84.75
147,Bluffton Till Plain (Central Lowland Till Plain),250,191,40.25,-84.25
147,Bluffton Till Plain (Central Lowland Till Plain),250,193,40.25,-83.25
147,Bluffton Till Plain (Central Lowland Till Plain),251,188,40.75,-85.75
147,Bluffton Till Plain (Central Lowland Till Plain),251,189,40.75,-85.25
147,Bluffton Till Plain (Central Lowland Till Plain),251,190,40.75,-84.75
147,Bluffton Till Plain (Central Lowland Till Plain),251,191,40.75,-84.25
147,Bluffton Till Plain (Central Lowland Till Plain),251,192,40.75,-83.75
147,Bluffton Till Plain (Central Lowland Till Plain),251,193,40.75,-83.25
148,Vidalia Upland (Floridan Aquifer System),233,193,31.75,-83.25
148,Vidalia Upland (Floridan Aquifer System),233,194,31.75,-82.75
148,Vidalia Upland (Floridan Aquifer System),234,193,32.25,-83.25
148,Vidalia Upland (Floridan Aquifer System),234,194,32.25,-82.75
148,Vidalia Upland (Floridan Aquifer System),234,195,32.25,-82.25
148,Vidalia Upland (Floridan Aquifer System),234,196,32.25,-81.75
148,Vidalia Upland (Floridan Aquifer System),235,194,32.75,-82.75
148,Vidalia Upland (Floridan Aquifer System),235,195,32.75,-82.25
148,Vidalia Upland (Floridan Aquifer System),235,196,32.75,-81.75
148,Vidalia Upland (Floridan Aquifer System),236,195,33.25,-82.25
149,Northern Paris Basin (Paris Basin),268,364,49.25,2.25
149,Northern Paris Basin (Paris Basin),269,361,49.75,0.75
149,Northern Paris Basin (Paris Basin),269,362,49.75,1.25
149,Northern Paris Basin (Paris Basin),269,363,49.75,1.75
149,Northern Paris Basin (Paris Basin),269,364,49.75,2.25
149,Northern Paris Basin (Paris Basin),269,365,49.75,2.75
149,Northern Paris Basin (Paris Basin),269,366,49.75,3.25
149,Northern Paris Basin (Paris Basin),270,363,50.25,1.75
149,Northern Paris Basin (Paris Basin),270,364,50.25,2.25
149,Northern Paris Basin (Paris Basin),270,365,50.25,2.75
149,Northern Paris Basin (Paris Basin),270,366,50.25,3.25
149,Northern Paris Basin (Paris Basin),271,363,50.75,1.75
150,Southern Valley and Ridge (Valley and Ridge Aquifer System),236,185,33.25,-87.25
150,Southern Valley and Ridge (Valley and Ridge Aquifer System),236,186,33.25,-86.75
150,Southern Valley and Ridge (Valley and Ridge Aquifer System),237,187,33.75,-86.25
150,Southern Valley and Ridge (Valley and Ridge Aquifer System),237,188,33.75,-85.75
150,Southern Valley and Ridge (Valley and Ridge Aquifer System),238,188,34.25,-85.75
150,Southern Valley and Ridge (Valley and Ridge Aquifer System),238,189,34.25,-85.25
150,Southern Valley and Ridge (Valley and Ridge Aquifer System),238,190,34.25,-84.75
150,Southern Valley and Ridge (Valley and Ridge Aquifer System),239,189,34.75,-85.25
150,Southern Valley and Ridge (Valley and Ridge Aquifer System),239,190,34.75,-84.75
150,Southern Valley and Ridge (Valley and Ridge Aquifer System),240,189,35.25,-85.25
150,Southern Valley and Ridge (Valley and Ridge Aquifer System),240,190,35.25,-84.75
151,Barind Tract and Central Floodplains (Bengal Basin),218,537,24.25,88.75
151,Barind Tract and Central Floodplains (Bengal Basin),218,538,24.25,89.25
151,Barind Tract and Central Floodplains (Bengal Basin),218,539,24.25,89.75
151,Barind Tract and Central Floodplains (Bengal Basin),219,536,24.75,88.25
151,Barind Tract and Central Floodplains (Bengal Basin),219,537,24.75,88.75
151,Barind Tract and Central Floodplains (Bengal Basin),219,538,24.75,89.25
151,Barind Tract and Central Floodplains (Bengal Basin),220,536,25.25,88.25
151,Barind Tract and Central Floodplains (Bengal Basin),220,537,25.25,88.75
151,Barind Tract and Central Floodplains (Bengal Basin),220,538,25.25,89.25
152,Northeastern Judith River (Bearpaw-Judith River Aquifer System),271,143,50.75,-108.25
152,Northeastern Judith River (Bearpaw-Judith River Aquifer System),271,144,50.75,-107.75
152,Northeastern Judith River (Bearpaw-Judith River Aquifer System),271,145,50.75,-107.25
152,Northeastern Judith River (Bearpaw-Judith River Aquifer System),271,146,50.75,-106.75
152,Northeastern Judith River (Bearpaw-Judith River Aquifer System),271,147,50.75,-106.25
152,Northeastern Judith River (Bearpaw-Judith River Aquifer System),271,148,50.75,-105.75
152,Northeastern Judith River (Bearpaw-Judith River Aquifer System),272,144,51.25,-107.75
152,Northeastern Judith River (Bearpaw-Judith River Aquifer System),272,145,51.25,-107.25
152,Northeastern Judith River (Bearpaw-Judith River Aquifer System),272,146,51.25,-106.75
152,Northeastern Judith River (Bearpaw-Judith River Aquifer System),272,147,51.25,-106.25
152,Northeastern Judith River (Bearpaw-Judith River Aquifer System),272,148,51.25,-105.75
152,Northeastern Judith River (Bearpaw-Judith River Aquifer System),273,145,51.75,-107.25
152,Northeastern Judith River (Bearpaw-Judith River Aquifer System),273,146,51.75,-106.75
153,Great Plains Dakota Aquifer,246,159,38.25,-100.25
153,Great Plains Dakota Aquifer,246,160,38.25,-99.75
153,Great Plains Dakota Aquifer,246,161,38.25,-99.25
153,Great Plains Dakota Aquifer,247,161,38.75,-99.25
153,Great Plains Dakota Aquifer,247,162,38.75,-98.75
153,Great Plains Dakota Aquifer,247,163,38.75,-98.25
153,Great Plains Dakota Aquifer,247,164,38.75,-97.75
153,Great Plains Dakota Aquifer,248,164,39.25,-97.75
153,Great Plains Dakota Aquifer,248,165,39.25,-97.25
153,Great Plains Dakota Aquifer,249,165,39.75,-97.25
154,Western Armorican Massif (Armorican Massif),265,353,47.75,-3.25
154,Western Armorican Massif (Armorican Massif),265,354,47.75,-2.75
154,Western Armorican Massif (Armorican Massif),265,355,47.75,-2.25
154,Western Armorican Massif (Armorican Massif),266,351,48.25,-4.25
154,Western Armorican Massif (Armorican Massif),266,352,48.25,-3.75
154,Western Armorican Massif (Armorican Massif),266,353,48.25,-3.25
154,Western Armorican Massif (Armorican Massif),266,354,48.25,-2.75
154,Western Armorican Massif (Armorican Massif),266,355,48.25,-2.25
154,Western Armorican Massif (Armorican Massif),266,356,48.25,-1.75
154,Western Armorican Massif (Armorican Massif),267,353,48.75,-3.25
155,Southeastern Allegheny Plateau (Appalachian Plateaus),244,194,37.25,-82.75
155,Southeastern Allegheny Plateau (Appalachian Plateaus),244,195,37.25,-82.25
155,Southeastern Allegheny Plateau (Appalachian Plateaus),244,196,37.25,-81.75
155,Southeastern Allegheny Plateau (Appalachian Plateaus),245,194,37.75,-82.75
155,Southeastern Allegheny Plateau (Appalachian Plateaus),245,195,37.75,-82.25
155,Southeastern Allegheny Plateau (Appalachian Plateaus),245,196,37.75,-81.75
155,Southeastern Allegheny Plateau (Appalachian Plateaus),245,197,37.75,-81.25
155,Southeastern Allegheny Plateau (Appalachian Plateaus),246,195,38.25,-82.25
155,Southeastern Allegheny Plateau (Appalachian Plateaus),246,196,38.25,-81.75
155,Southeastern Allegheny Plateau (Appalachian Plateaus),246,197,38.25,-81.25
155,Southeastern Allegheny Plateau (Appalachian Plateaus),246,198,38.25,-80.75
156,Western Riverine Plains (Murray Basin),100,646,-34.75,143.25
156,Western Riverine Plains (Murray Basin),100,647,-34.75,143.75
156,Western Riverine Plains (Murray Basin),100,648,-34.75,144.25
156,Western Riverine Plains (Murray Basin),101,647,-34.25,143.75
156,Western Riverine Plains (Murray Basin),101,648,-34.25,144.25
156,Western Riverine Plains (Murray Basin),102,647,-33.75,143.75
156,Western Riverine Plains (Murray Basin),102,648,-33.75,144.25
156,Western Riverine Plains (Murray Basin),103,647,-33.25,143.75
157,Southern Deccan Basalt Plateau (Deccan Plateau),202,509,16.25,74.75
157,Southern Deccan Basalt Plateau (Deccan Plateau),203,508,16.75,74.25
157,Southern Deccan Basalt Plateau (Deccan Plateau),203,509,16.75,74.75
157,Southern Deccan Basalt Plateau (Deccan Plateau),203,510,16.75,75.25
157,Southern Deccan Basalt Plateau (Deccan Plateau),203,511,16.75,75.75
157,Southern Deccan Basalt Plateau (Deccan Plateau),204,508,17.25,74.25
157,Southern Deccan Basalt Plateau (Deccan Plateau),204,509,17.25,74.75
157,Southern Deccan Basalt Plateau (Deccan Plateau),205,508,17.75,74.25
158,Eastern Vindhyan Basin,216,518,23.25,79.25
158,Eastern Vindhyan Basin,217,518,23.75,79.25
158,Eastern Vindhyan Basin,217,519,23.75,79.75
158,Eastern Vindhyan Basin,218,519,24.25,79.75
158,Eastern Vindhyan Basin,218,520,24.25,80.25
158,Eastern Vindhyan Basin,218,521,24.25,80.75
158,Eastern Vindhyan Basin,219,521,24.75,80.75
158,Eastern Vindhyan Basin,219,522,24.75,81.25
158,Eastern Vindhyan Basin,219,523,24.75,81.75
159,Catahoula Area (Gulf Coast Regional Aquifer System),231,180,30.75,-89.75
159,Catahoula Area (Gulf Coast Regional Aquifer System),231,181,30.75,-89.25
159,Catahoula Area (Gulf Coast Regional Aquifer System),231,182,30.75,-88.75
159,Catahoula Area (Gulf Coast Regional Aquifer System),232,180,31.25,-89.75
159,Catahoula Area (Gulf Coast Regional Aquifer System),232,181,31.25,-89.25
159,Catahoula Area (Gulf Coast Regional Aquifer System),232,182,31.25,-88.75
159,Catahoula Area (Gulf Coast Regional Aquifer System),233,180,31.75,-89.75
159,Catahoula Area (Gulf Coast Regional Aquifer System),233,181,31.75,-89.25
159,Catahoula Area (Gulf Coast Regional Aquifer System),233,182,31.75,-88.75
160,Milk River,266,138,48.25,-110.75
160,Milk River,266,139,48.25,-110.25
160,Milk River,267,135,48.75,-112.25
160,Milk River,267,137,48.75,-111.25
160,Milk River,267,138,48.75,-110.75
160,Milk River,267,139,48.75,-110.25
160,Milk River,268,135,49.25,-112.25
160,Milk River,268,136,49.25,-111.75
160,Milk River,268,137,49.25,-111.25
160,Milk River,268,138,49.25,-110.75
160,Milk River,269,135,49.75,-112.25
160,Milk River,269,136,49.75,-111.75
161,Shawnee Hills (Interior Low Plateaus),244,183,37.25,-88.25
161,Shawnee Hills (Interior Low Plateaus),244,184,37.25,-87.75
161,Shawnee Hills (Interior Low Plateaus),244,185,37.25,-87.25
161,Shawnee Hills (Interior Low Plateaus),244,186,37.25,-86.75
161,Shawnee Hills (Interior Low Plateaus),244,187,37.25,-86.25
161,Shawnee Hills (Interior Low Plateaus),245,184,37.75,-87.75
161,Shawnee Hills (Interior Low Plateaus),245,185,37.75,-87.25
161,Shawnee Hills (Interior Low Plateaus),245,186,37.75,-86.75
161,Shawnee Hills (Interior Low Plateaus),245,187,37.75,-86.25
162,Sea Island (Floridan Aquifer System),229,195,29.75,-82.25
162,Sea Island (Floridan Aquifer System),229,196,29.75,-81.75
162,Sea Island (Floridan Aquifer System),230,195,30.25,-82.25
162,Sea Island (Floridan Aquifer System),230,196,30.25,-81.75
162,Sea Island (Floridan Aquifer System),231,196,30.75,-81.75
162,Sea Island (Floridan Aquifer System),232,196,31.25,-81.75
162,Sea Island (Floridan Aquifer System),232,197,31.25,-81.25
162,Sea Island (Floridan Aquifer System),233,196,31.75,-81.75
162,Sea Island (Floridan Aquifer System),233,197,31.75,-81.25
162,Sea Island (Floridan Aquifer System),234,197,32.25,-81.25
163,Missionary Plains Syncline and Mereenie Anticline (Amadeus Basin),121,626,-24.25,133.25
163,Missionary Plains Syncline and Mereenie Anticline (Amadeus Basin),121,627,-24.25,133.75
163,Missionary Plains Syncline and Mereenie Anticline (Amadeus Basin),122,622,-23.75,131.25
163,Missionary Plains Syncline and Mereenie Anticline (Amadeus Basin),122,623,-23.75,131.75
163,Missionary Plains Syncline and Mereenie Anticline (Amadeus Basin),122,624,-23.75,132.25
163,Missionary Plains Syncline and Mereenie Anticline (Amadeus Basin),122,625,-23.75,132.75
163,Missionary Plains Syncline and Mereenie Anticline (Amadeus Basin),122,626,-23.75,133.25
163,Missionary Plains Syncline and Mereenie Anticline (Amadeus Basin),122,627,-23.75,133.75
163,Missionary Plains Syncline and Mereenie Anticline (Amadeus Basin),122,628,-23.75,134.25
164,Flint Hills Upland (Osage Cuestas Aquifer System),243,166,36.75,-96.75
164,Flint Hills Upland (Osage Cuestas Aquifer System),244,166,37.25,-96.75
164,Flint Hills Upland (Osage Cuestas Aquifer System),245,165,37.75,-97.25
164,Flint Hills Upland (Osage Cuestas Aquifer System),245,166,37.75,-96.75
164,Flint Hills Upland (Osage Cuestas Aquifer System),246,165,38.25,-97.25
164,Flint Hills Upland (Osage Cuestas Aquifer System),246,166,38.25,-96.75
164,Flint Hills Upland (Osage Cuestas Aquifer System),247,165,38.75,-97.25
164,Flint Hills Upland (Osage Cuestas Aquifer System),247,166,38.75,-96.75
164,Flint Hills Upland (Osage Cuestas Aquifer System),247,167,38.75,-96.25
164,Flint Hills Upland (Osage Cuestas Aquifer System),248,166,39.25,-96.75
165,Northwestern Malwa Plateau (Malwa Plateau),217,511,23.75,75.75
165,Northwestern Malwa Plateau (Malwa Plateau),217,512,23.75,76.25
165,Northwestern Malwa Plateau (Malwa Plateau),217,513,23.75,76.75
165,Northwestern Malwa Plateau (Malwa Plateau),218,510,24.25,75.25
165,Northwestern Malwa Plateau (Malwa Plateau),218,511,24.25,75.75
165,Northwestern Malwa Plateau (Malwa Plateau),218,512,24.25,76.25
165,Northwestern Malwa Plateau (Malwa Plateau),218,513,24.25,76.75
166,Sundarbans and Southern Delta (Bengal Basin),213,536,21.75,88.25
166,Sundarbans and Southern Delta (Bengal Basin),213,537,21.75,88.75
166,Sundarbans and Southern Delta (Bengal Basin),213,538,21.75,89.25
166,Sundarbans and Southern Delta (Bengal Basin),214,536,22.25,88.25
166,Sundarbans and Southern Delta (Bengal Basin),214,537,22.25,88.75
166,Sundarbans and Southern Delta (Bengal Basin),214,538,22.25,89.25
166,Sundarbans and Southern Delta (Bengal Basin),214,539,22.25,89.75
166,Sundarbans and Southern Delta (Bengal Basin),214,540,22.25,90.25
166,Sundarbans and Southern Delta (Bengal Basin),214,541,22.25,90.75
167,Transboundary Judith River Aquifer (Bearpaw-Judith River Aquifer System),266,142,48.25,-108.75
167,Transboundary Judith River Aquifer (Bearpaw-Judith River Aquifer System),266,143,48.25,-108.25
167,Transboundary Judith River Aquifer (Bearpaw-Judith River Aquifer System),266,144,48.25,-107.75
167,Transboundary Judith River Aquifer (Bearpaw-Judith River Aquifer System),267,141,48.75,-109.25
167,Transboundary Judith River Aquifer (Bearpaw-Judith River Aquifer System),267,142,48.75,-108.75
167,Transboundary Judith River Aquifer (Bearpaw-Judith River Aquifer System),267,143,48.75,-108.25
167,Transboundary Judith River Aquifer (Bearpaw-Judith River Aquifer System),267,144,48.75,-107.75
167,Transboundary Judith River Aquifer (Bearpaw-Judith River Aquifer System),268,140,49.25,-109.75
167,Transboundary Judith River Aquifer (Bearpaw-Judith River Aquifer System),268,141,49.25,-109.25
167,Transboundary Judith River Aquifer (Bearpaw-Judith River Aquifer System),268,142,49.25,-108.75
168,Middle Chao Phraya Basin,201,559,15.75,99.75
168,Middle Chao Phraya Basin,201,560,15.75,100.25
168,Middle Chao Phraya Basin,202,559,16.25,99.75
168,Middle Chao Phraya Basin,202,560,16.25,100.25
168,Middle Chao Phraya Basin,203,559,16.75,99.75
168,Middle Chao Phraya Basin,203,560,16.75,100.25
168,Middle Chao Phraya Basin,204,559,17.25,99.75
169,Northern Mallee (Murray Basin),102,639,-33.75,139.75
169,Northern Mallee (Murray Basin),102,640,-33.75,140.25
169,Northern Mallee (Murray Basin),102,641,-33.75,140.75
169,Northern Mallee (Murray Basin),102,642,-33.75,141.25
169,Northern Mallee (Murray Basin),103,639,-33.25,139.75
169,Northern Mallee (Murray Basin),103,640,-33.25,140.25
169,Northern Mallee (Murray Basin),103,641,-33.25,140.75
169,Northern Mallee (Murray Basin),103,642,-33.25,141.25
169,Northern Mallee (Murray Basin),104,641,-32.75,140.75
170,Alabama Coastal Lowlands (Gulf Coast Regional Aquifer System),230,184,30.25,-87.75
170,Alabama Coastal Lowlands (Gulf Coast Regional Aquifer System),231,183,30.75,-88.25
170,Alabama Coastal Lowlands (Gulf Coast Regional Aquifer System),231,184,30.75,-87.75
170,Alabama Coastal Lowlands (Gulf Coast Regional Aquifer System),232,183,31.25,-88.25
170,Alabama Coastal Lowlands (Gulf Coast Regional Aquifer System),232,184,31.25,-87.75
170,Alabama Coastal Lowlands (Gulf Coast Regional Aquifer System),232,185,31.25,-87.25
170,Alabama Coastal Lowlands (Gulf Coast Regional Aquifer System),232,186,31.25,-86.75
171,Pecos Valley,232,153,31.25,-103.25
171,Pecos Valley,232,154,31.25,-102.75
171,Pecos Valley,233,152,31.75,-103.75
171,Pecos Valley,233,153,31.75,-103.25
171,Pecos Valley,233,154,31.75,-102.75
171,Pecos Valley,234,151,32.25,-104.25
171,Pecos Valley,234,152,32.25,-103.75
171,Pecos Valley,234,153,32.25,-103.25
172,Eastern Deccan Basalt Plateau (Deccan Plateau),205,514,17.75,77.25
172,Eastern Deccan Basalt Plateau (Deccan Plateau),205,515,17.75,77.75
172,Eastern Deccan Basalt Plateau (Deccan Plateau),206,512,18.25,76.25
172,Eastern Deccan Basalt Plateau (Deccan Plateau),206,513,18.25,76.75
172,Eastern Deccan Basalt Plateau (Deccan Plateau),206,514,18.25,77.25
172,Eastern Deccan Basalt Plateau (Deccan Plateau),207,511,18.75,75.75
172,Eastern Deccan Basalt Plateau (Deccan Plateau),207,513,18.75,76.75
172,Eastern Deccan Basalt Plateau (Deccan Plateau),207,514,18.75,77.25
173,Lachlan Alluvium,101,655,-34.25,147.75
173,Lachlan Alluvium,102,654,-33.75,147.25
173,Lachlan Alluvium,102,655,-33.75,147.75
173,Lachlan Alluvium,102,656,-33.75,148.25
173,Lachlan Alluvium,103,654,-33.25,147.25
173,Lachlan Alluvium,103,655,-33.25,147.75
174,Devonian and Overlying Unconsolidated Aquifers (Southern Ontario Paleozoic Aquifer System),254,195,42.25,-82.25
174,Devonian and Overlying Unconsolidated Aquifers (Southern Ontario Paleozoic Aquifer System),255,195,42.75,-82.25
174,Devonian and Overlying Unconsolidated Aquifers (Southern Ontario Paleozoic Aquifer System),255,196,42.75,-81.75
174,Devonian and Overlying Unconsolidated Aquifers (Southern Ontario Paleozoic Aquifer System),255,197,42.75,-81.25
174,Devonian and Overlying Unconsolidated Aquifers (Southern Ontario Paleozoic Aquifer System),255,198,42.75,-80.75
174,Devonian and Overlying Unconsolidated Aquifers (Southern Ontario Paleozoic Aquifer System),255,199,42.75,-80.25
174,Devonian and Overlying Unconsolidated Aquifers (Southern Ontario Paleozoic Aquifer System),256,196,43.25,-81.75
174,Devonian and Overlying Unconsolidated Aquifers (Southern Ontario Paleozoic Aquifer System),256,197,43.25,-81.25
174,Devonian and Overlying Unconsolidated Aquifers (Southern Ontario Paleozoic Aquifer System),256,198,43.25,-80.75
174,Devonian and Overlying Unconsolidated Aquifers (Southern Ontario Paleozoic Aquifer System),257,197,43.75,-81.25
175,Nanyang Basin,234,583,32.25,111.75
175,Nanyang Basin,234,584,32.25,112.25
175,Nanyang Basin,234,585,32.25,112.75
175,Nanyang Basin,235,583,32.75,111.75
175,Nanyang Basin,235,584,32.75,112.25
175,Nanyang Basin,235,585,32.75,112.75
175,Nanyang Basin,235,586,32.75,113.25
175,Nanyang Basin,236,583,33.25,111.75
175,Nanyang Basin,236,585,33.25,112.75
176,Newcastle Till Plain (Central Lowland Till Plain),248,188,39.25,-85.75
176,Newcastle Till Plain (Central Lowland Till Plain),249,188,39.75,-85.75
176,Newcastle Till Plain (Central Lowland Till Plain),249,189,39.75,-85.25
176,Newcastle Till Plain (Central Lowland Till Plain),249,190,39.75,-84.75
176,Newcastle Till Plain (Central Lowland Till Plain),249,191,39.75,-84.25
176,Newcastle Till Plain (Central Lowland Till Plain),249,192,39.75,-83.75
177,Southern Mekong Delta (Mekong Delta),188,570,9.25,105.25
177,Southern Mekong Delta (Mekong Delta),188,571,9.25,105.75
177,Southern Mekong Delta (Mekong Delta),189,570,9.75,105.25
177,Southern Mekong Delta (Mekong Delta),189,571,9.75,105.75
177,Southern Mekong Delta (Mekong Delta),190,570,10.25,105.25
177,Southern Mekong Delta (Mekong Delta),191,570,10.75,105.25
178,Northern Cambrian-Ordovician Aquifers (Northern Midwest Aquifer System),256,182,43.25,-88.75
178,Northern Cambrian-Ordovician Aquifers (Northern Midwest Aquifer System),257,180,43.75,-89.75
178,Northern Cambrian-Ordovician Aquifers (Northern Midwest Aquifer System),257,181,43.75,-89.25
178,Northern Cambrian-Ordovician Aquifers (Northern Midwest Aquifer System),257,182,43.75,-88.75
178,Northern Cambrian-Ordovician Aquifers (Northern Midwest Aquifer System),258,180,44.25,-89.75
178,Northern Cambrian-Ordovician Aquifers (Northern Midwest Aquifer System),258,181,44.25,-89.25
178,Northern Cambrian-Ordovician Aquifers (Northern Midwest Aquifer System),258,182,44.25,-88.75
178,Northern Cambrian-Ordovician Aquifers (Northern Midwest Aquifer System),258,183,44.25,-88.25
178,Northern Cambrian-Ordovician Aquifers (Northern Midwest Aquifer System),259,182,44.75,-88.75
178,Northern Cambrian-Ordovician Aquifers (Northern Midwest Aquifer System),259,183,44.75,-88.25
179,Wimmera Plain (Murray Basin),96,643,-36.75,141.75
179,Wimmera Plain (Murray Basin),96,644,-36.75,142.25
179,Wimmera Plain (Murray Basin),96,645,-36.75,142.75
179,Wimmera Plain (Murray Basin),97,643,-36.25,141.75
179,Wimmera Plain (Murray Basin),97,644,-36.25,142.25
179,Wimmera Plain (Murray Basin),97,645,-36.25,142.75
179,Wimmera Plain (Murray Basin),97,646,-36.25,143.25
179,Wimmera Plain (Murray Basin),98,644,-35.75,142.25
179,Wimmera Plain (Murray Basin),98,645,-35.75,142.75
180,Ghaap Plateau Dolomite Aquifer System,112,407,-28.75,23.75
180,Ghaap Plateau Dolomite Aquifer System,113,407,-28.25,23.75
180,Ghaap Plateau Dolomite Aquifer System,113,408,-28.25,24.25
180,Ghaap Plateau Dolomite Aquifer System,114,407,-27.75,23.75
180,Ghaap Plateau Dolomite Aquifer System,114,408,-27.75,24.25
180,Ghaap Plateau Dolomite Aquifer System,115,406,-27.25,23.25
180,Ghaap Plateau Dolomite Aquifer System,115,407,-27.25,23.75
181,Bighorn Basin,257,142,43.75,-108.75
181,Bighorn Basin,257,143,43.75,-108.25
181,Bighorn Basin,257,144,43.75,-107.75
181,Bighorn Basin,257,145,43.75,-107.25
181,Bighorn Basin,258,142,44.25,-108.75
181,Bighorn Basin,258,143,44.25,-108.25
181,Bighorn Basin,258,144,44.25,-107.75
181,Bighorn Basin,259,142,44.75,-108.75
181,Bighorn Basin,259,143,44.75,-108.25
182,Northern San Juan Basin,242,143,36.25,-108.25
182,Northern San Juan Basin,242,144,36.25,-107.75
182,Northern San Juan Basin,242,145,36.25,-107.25
182,Northern San Juan Basin,243,143,36.75,-108.25
182,Northern San Juan Basin,243,144,36.75,-107.75
182,Northern San Juan Basin,243,145,36.75,-107.25
182,Northern San Juan Basin,244,144,37.25,-107.75
182,Northern San Juan Basin,244,145,37.25,-107.25
183,Southwestern Bengal Basin (Bengal Basin),213,534,21.75,87.25
183,Southwestern Bengal Basin (Bengal Basin),213,535,21.75,87.75
183,Southwestern Bengal Basin (Bengal Basin),214,534,22.25,87.25
183,Southwestern Bengal Basin (Bengal Basin),214,535,22.25,87.75
183,Southwestern Bengal Basin (Bengal Basin),215,534,22.75,87.25
183,Southwestern Bengal Basin (Bengal Basin),215,535,22.75,87.75
183,Southwestern Bengal Basin (Bengal Basin),216,534,23.25,87.25
183,Southwestern Bengal Basin (Bengal Basin),216,535,23.25,87.75
184,Central Carrizo-Wilcox (Carrizo-Wilcox),229,165,29.75,-97.25
184,Central Carrizo-Wilcox (Carrizo-Wilcox),230,165,30.25,-97.25
184,Central Carrizo-Wilcox (Carrizo-Wilcox),230,166,30.25,-96.75
184,Central Carrizo-Wilcox (Carrizo-Wilcox),231,166,30.75,-96.75
184,Central Carrizo-Wilcox (Carrizo-Wilcox),231,167,30.75,-96.25
184,Central Carrizo-Wilcox (Carrizo-Wilcox),232,167,31.25,-96.25
184,Central Carrizo-Wilcox (Carrizo-Wilcox),232,168,31.25,-95.75
184,Central Carrizo-Wilcox (Carrizo-Wilcox),233,167,31.75,-96.25
185,Northern Pitted Karst Plain (Yucatan Peninsula),210,181,20.25,-89.25
185,Northern Pitted Karst Plain (Yucatan Peninsula),210,182,20.25,-88.75
185,Northern Pitted Karst Plain (Yucatan Peninsula),210,183,20.25,-88.25
185,Northern Pitted Karst Plain (Yucatan Peninsula),210,184,20.25,-87.75
185,Northern Pitted Karst Plain (Yucatan Peninsula),211,183,20.75,-88.25
185,Northern Pitted Karst Plain (Yucatan Peninsula),211,184,20.75,-87.75
186,New Brunswick Carboniferous Basin (Maritimes Basin),262,227,46.25,-66.25
186,New Brunswick Carboniferous Basin (Maritimes Basin),262,229,46.25,-65.25
186,New Brunswick Carboniferous Basin (Maritimes Basin),262,230,46.25,-64.75
186,New Brunswick Carboniferous Basin (Maritimes Basin),263,228,46.75,-65.75
186,New Brunswick Carboniferous Basin (Maritimes Basin),263,229,46.75,-65.25
186,New Brunswick Carboniferous Basin (Maritimes Basin),264,228,47.25,-65.75
186,New Brunswick Carboniferous Basin (Maritimes Basin),264,229,47.25,-65.25
186,New Brunswick Carboniferous Basin (Maritimes Basin),265,229,47.75,-65.25
186,New Brunswick Carboniferous Basin (Maritimes Basin),265,230,47.75,-64.75
187,Madhupur Tract and Eastern Floodplains (Bengal Basin),217,540,23.75,90.25
187,Madhupur Tract and Eastern Floodplains (Bengal Basin),218,540,24.25,90.25
187,Madhupur Tract and Eastern Floodplains (Bengal Basin),218,541,24.25,90.75
187,Madhupur Tract and Eastern Floodplains (Bengal Basin),219,539,24.75,89.75
187,Madhupur Tract and Eastern Floodplains (Bengal Basin),219,540,24.75,90.25
187,Madhupur Tract and Eastern Floodplains (Bengal Basin),220,539,25.25,89.75
188,Southwestern Allegheny Plateau (Appalachian Plateaus),245,193,37.75,-83.25
188,Southwestern Allegheny Plateau (Appalachian Plateaus),246,193,38.25,-83.25
188,Southwestern Allegheny Plateau (Appalachian Plateaus),246,194,38.25,-82.75
188,Southwestern Allegheny Plateau (Appalachian Plateaus),247,193,38.75,-83.25
188,Southwestern Allegheny Plateau (Appalachian Plateaus),247,194,38.75,-82.75
188,Southwestern Allegheny Plateau (Appalachian Plateaus),248,193,39.25,-83.25
188,Southwestern Allegheny Plateau (Appalachian Plateaus),248,194,39.25,-82.75
188,Southwestern Allegheny Plateau (Appalachian Plateaus),248,195,39.25,-82.25
188,Southwestern Allegheny Plateau (Appalachian Plateaus),249,194,39.75,-82.75
189,Black Hills Uplift,256,152,43.25,-103.75
189,Black Hills Uplift,257,152,43.75,-103.75
189,Black Hills Uplift,257,153,43.75,-103.25
189,Black Hills Uplift,258,150,44.25,-104.75
189,Black Hills Uplift,258,151,44.25,-104.25
189,Black Hills Uplift,258,152,44.25,-103.75
189,Black Hills Uplift,258,153,44.25,-103.25
189,Black Hills Uplift,259,150,44.75,-104.75
189,Black Hills Uplift,259,151,44.75,-104.25
189,Black Hills Uplift,259,152,44.75,-103.75
190,Central Pilbara Granite-Greenstone Terrane (Pilbara Craton),126,597,-21.75,118.75
190,Central Pilbara Granite-Greenstone Terrane (Pilbara Craton),126,598,-21.75,119.25
190,Central Pilbara Granite-Greenstone Terrane (Pilbara Craton),127,597,-21.25,118.75
190,Central Pilbara Granite-Greenstone Terrane (Pilbara Craton),127,598,-21.25,119.25
190,Central Pilbara Granite-Greenstone Terrane (Pilbara Craton),128,597,-20.75,118.75
190,Central Pilbara Granite-Greenstone Terrane (Pilbara Craton),128,598,-20.75,119.25
191,Northwestern Deccan Basalt Plateau (Deccan Plateau),210,509,20.25,74.75
191,Northwestern Deccan Basalt Plateau (Deccan Plateau),211,508,20.75,74.25
191,Northwestern Deccan Basalt Plateau (Deccan Plateau),211,509,20.75,74.75
191,Northwestern Deccan Basalt Plateau (Deccan Plateau),211,510,20.75,75.25
191,Northwestern Deccan Basalt Plateau (Deccan Plateau),211,511,20.75,75.75
191,Northwestern Deccan Basalt Plateau (Deccan Plateau),211,512,20.75,76.25
191,Northwestern Deccan Basalt Plateau (Deccan Plateau),212,509,21.25,74.75
192,Dougherty Plain and Marianna Lowlands (Floridan Aquifer System),231,188,30.75,-85.75
192,Dougherty Plain and Marianna Lowlands (Floridan Aquifer System),231,189,30.75,-85.25
192,Dougherty Plain and Marianna Lowlands (Floridan Aquifer System),231,190,30.75,-84.75
192,Dougherty Plain and Marianna Lowlands (Floridan Aquifer System),232,187,31.25,-86.25
192,Dougherty Plain and Marianna Lowlands (Floridan Aquifer System),232,189,31.25,-85.25
192,Dougherty Plain and Marianna Lowlands (Floridan Aquifer System),232,191,31.25,-84.25
193,Lower Coastal Plain (Floridan Aquifer System),234,198,32.25,-80.75
193,Lower Coastal Plain (Floridan Aquifer System),235,197,32.75,-81.25
193,Lower Coastal Plain (Floridan Aquifer System),235,198,32.75,-80.75
193,Lower Coastal Plain (Floridan Aquifer System),235,199,32.75,-80.25
193,Lower Coastal Plain (Floridan Aquifer System),236,198,33.25,-80.75
193,Lower Coastal Plain (Floridan Aquifer System),236,199,33.25,-80.25
193,Lower Coastal Plain (Floridan Aquifer System),236,200,33.25,-79.75
194,Lannemezan Plateau (Aquitaine Basin),256,358,43.25,-0.75
194,Lannemezan Plateau (Aquitaine Basin),256,359,43.25,-0.25
194,Lannemezan Plateau (Aquitaine Basin),256,360,43.25,0.25
194,Lannemezan Plateau (Aquitaine Basin),256,361,43.25,0.75
194,Lannemezan Plateau (Aquitaine Basin),257,358,43.75,-0.75
194,Lannemezan Plateau (Aquitaine Basin),257,359,43.75,-0.25
194,Lannemezan Plateau (Aquitaine Basin),257,360,43.75,0.25
194,Lannemezan Plateau (Aquitaine Basin),257,361,43.75,0.75
194,Lannemezan Plateau (Aquitaine Basin),257,362,43.75,1.25
195,Springbok Flats Karoo Basin,119,415,-25.25,27.75
195,Springbok Flats Karoo Basin,119,416,-25.25,28.25
195,Springbok Flats Karoo Basin,120,417,-24.75,28.75
195,Springbok Flats Karoo Basin,120,418,-24.75,29.25
196,Southcentral Valley and Ridge (Valley and Ridge Aquifer System),241,190,35.75,-84.75
196,Southcentral Valley and Ridge (Valley and Ridge Aquifer System),241,191,35.75,-84.25
196,Southcentral Valley and Ridge (Valley and Ridge Aquifer System),242,192,36.25,-83.75
196,Southcentral Valley and Ridge (Valley and Ridge Aquifer System),242,193,36.25,-83.25
196,Southcentral Valley and Ridge (Valley and Ridge Aquifer System),242,194,36.25,-82.75
196,Southcentral Valley and Ridge (Valley and Ridge Aquifer System),242,195,36.25,-82.25
197,Northcentral Piedmont Plain (North China Plain),244,589,37.25,114.75
197,Northcentral Piedmont Plain (North China Plain),245,589,37.75,114.75
197,Northcentral Piedmont Plain (North China Plain),246,589,38.25,114.75
197,Northcentral Piedmont Plain (North China Plain),246,590,38.25,115.25
197,Northcentral Piedmont Plain (North China Plain),247,590,38.75,115.25
197,Northcentral Piedmont Plain (North China Plain),248,591,39.25,115.75
198,North-central High Plains (High Plains),246,155,38.25,-102.25
198,North-central High Plains (High Plains),246,156,38.25,-101.75
198,North-central High Plains (High Plains),246,157,38.25,-101.25
198,North-central High Plains (High Plains),246,158,38.25,-100.75
198,North-central High Plains (High Plains),247,155,38.75,-102.25
198,North-central High Plains (High Plains),247,156,38.75,-101.75
198,North-central High Plains (High Plains),247,157,38.75,-101.25
199,Great Bend Prairie (High Plains),244,161,37.25,-99.25
199,Great Bend Prairie (High Plains),245,161,37.75,-99.25
199,Great Bend Prairie (High Plains),245,162,37.75,-98.75
199,Great Bend Prairie (High Plains),245,163,37.75,-98.25
199,Great Bend Prairie (High Plains),246,162,38.25,-98.75
199,Great Bend Prairie (High Plains),246,163,38.25,-98.25
200,Delmarva Peninsula (North Atlantic Coastal Plain),245,208,37.75,-75.75
200,Delmarva Peninsula (North Atlantic Coastal Plain),246,208,38.25,-75.75
200,Delmarva Peninsula (North Atlantic Coastal Plain),246,209,38.25,-75.25
200,Delmarva Peninsula (North Atlantic Coastal Plain),247,207,38.75,-76.25
200,Delmarva Peninsula (North Atlantic Coastal Plain),247,208,38.75,-75.75
200,Delmarva Peninsula (North Atlantic Coastal Plain),247,209,38.75,-75.25
200,Delmarva Peninsula (North Atlantic Coastal Plain),248,208,39.25,-75.75
201,Denver Basin,247,151,38.75,-104.25
201,Denver Basin,248,150,39.25,-104.75
201,Denver Basin,248,151,39.25,-104.25
201,Denver Basin,249,150,39.75,-104.75
201,Denver Basin,249,151,39.75,-104.25
201,Denver Basin,250,150,40.25,-104.75
201,Denver Basin,250,151,40.25,-104.25
202,Eastern Second Songhuajiang System (Songnen Plain),259,612,44.75,126.25
202,Eastern Second Songhuajiang System (Songnen Plain),259,613,44.75,126.75
202,Eastern Second Songhuajiang System (Songnen Plain),259,614,44.75,127.25
202,Eastern Second Songhuajiang System (Songnen Plain),260,612,45.25,126.25
202,Eastern Second Songhuajiang System (Songnen Plain),260,613,45.25,126.75
202,Eastern Second Songhuajiang System (Songnen Plain),261,613,45.75,126.75
202,Eastern Second Songhuajiang System (Songnen Plain),261,614,45.75,127.25
202,Eastern Second Songhuajiang System (Songnen Plain),261,615,45.75,127.75
203,Western Bengal Basin (Bengal Basin),215,536,22.75,88.25
203,Western Bengal Basin (Bengal Basin),216,536,23.25,88.25
203,Western Bengal Basin (Bengal Basin),217,535,23.75,87.75
203,Western Bengal Basin (Bengal Basin),217,536,23.75,88.25
203,Western Bengal Basin (Bengal Basin),218,535,24.25,87.75
203,Western Bengal Basin (Bengal Basin),218,536,24.25,88.25
204,Eastern Otway Basin (Otway Basin),92,646,-38.75,143.25
204,Eastern Otway Basin (Otway Basin),93,645,-38.25,142.75
204,Eastern Otway Basin (Otway Basin),93,646,-38.25,143.25
204,Eastern Otway Basin (Otway Basin),93,647,-38.25,143.75
204,Eastern Otway Basin (Otway Basin),93,648,-38.25,144.25
204,Eastern Otway Basin (Otway Basin),94,646,-37.75,143.25
204,Eastern Otway Basin (Otway Basin),94,649,-37.75,144.75
205,Western Allegheny Plateau (Appalachian Plateaus),249,195,39.75,-82.25
205,Western Allegheny Plateau (Appalachian Plateaus),250,195,40.25,-82.25
205,Western Allegheny Plateau (Appalachian Plateaus),250,196,40.25,-81.75
205,Western Allegheny Plateau (Appalachian Plateaus),250,197,40.25,-81.25
205,Western Allegheny Plateau (Appalachian Plateaus),251,195,40.75,-82.25
205,Western Allegheny Plateau (Appalachian Plateaus),251,197,40.75,-81.25
205,Western Allegheny Plateau (Appalachian Plateaus),251,198,40.75,-80.75
206,Laizhou Coastal Plain,242,597,36.25,118.75
206,Laizhou Coastal Plain,243,596,36.75,118.25
206,Laizhou Coastal Plain,243,597,36.75,118.75
206,Laizhou Coastal Plain,243,598,36.75,119.25
206,Laizhou Coastal Plain,243,599,36.75,119.75
206,Laizhou Coastal Plain,244,596,37.25,118.25
206,Laizhou Coastal Plain,244,597,37.25,118.75
207,Central Coromandel Fractured Charnockite and Gneiss Aquifers (Coromandel Coastal Plain),192,517,11.25,78.75
207,Central Coromandel Fractured Charnockite and Gneiss Aquifers (Coromandel Coastal Plain),193,518,11.75,79.25
207,Central Coromandel Fractured Charnockite and Gneiss Aquifers (Coromandel Coastal Plain),194,518,12.25,79.25
207,Central Coromandel Fractured Charnockite and Gneiss Aquifers (Coromandel Coastal Plain),194,519,12.25,79.75
207,Central Coromandel Fractured Charnockite and Gneiss Aquifers (Coromandel Coastal Plain),195,518,12.75,79.25
207,Central Coromandel Fractured Charnockite and Gneiss Aquifers (Coromandel Coastal Plain),195,519,12.75,79.75
208,Intermediate Aquifer (Floridan Aquifer System),223,195,26.75,-82.25
208,Intermediate Aquifer (Floridan Aquifer System),223,196,26.75,-81.75
208,Intermediate Aquifer (Floridan Aquifer System),224,195,27.25,-82.25
208,Intermediate Aquifer (Floridan Aquifer System),224,196,27.25,-81.75
208,Intermediate Aquifer (Floridan Aquifer System),225,195,27.75,-82.25
208,Intermediate Aquifer (Floridan Aquifer System),225,196,27.75,-81.75
208,Intermediate Aquifer (Floridan Aquifer System),226,196,28.25,-81.75
209,Malm Valangnian Aquifer,256,412,43.25,26.25
209,Malm Valangnian Aquifer,257,412,43.75,26.25
209,Malm Valangnian Aquifer,257,413,43.75,26.75
209,Malm Valangnian Aquifer,257,414,43.75,27.25
209,Malm Valangnian Aquifer,257,415,43.75,27.75
209,Malm Valangnian Aquifer,257,416,43.75,28.25
210,Southwestern Khorat Plateau (Khorat Plateau Aquifer System),199,563,14.75,101.75
210,Southwestern Khorat Plateau (Khorat Plateau Aquifer System),199,564,14.75,102.25
210,Southwestern Khorat Plateau (Khorat Plateau Aquifer System),199,565,14.75,102.75
210,Southwestern Khorat Plateau (Khorat Plateau Aquifer System),199,566,14.75,103.25
210,Southwestern Khorat Plateau (Khorat Plateau Aquifer System),200,565,15.25,102.75
210,Southwestern Khorat Plateau (Khorat Plateau Aquifer System),200,566,15.25,103.25
211,Western Cambay Basin (Cambay Basin),214,504,22.25,72.25
211,Western Cambay Basin (Cambay Basin),215,503,22.75,71.75
211,Western Cambay Basin (Cambay Basin),215,504,22.75,72.25
211,Western Cambay Basin (Cambay Basin),216,503,23.25,71.75
211,Western Cambay Basin (Cambay Basin),216,504,23.25,72.25
211,Western Cambay Basin (Cambay Basin),217,503,23.75,71.75
212,Western Pilbara Granite-Greenstone Terrane (Pilbara Craton),127,594,-21.25,117.25
212,Western Pilbara Granite-Greenstone Terrane (Pilbara Craton),127,595,-21.25,117.75
212,Western Pilbara Granite-Greenstone Terrane (Pilbara Craton),127,596,-21.25,118.25
212,Western Pilbara Granite-Greenstone Terrane (Pilbara Craton),128,593,-20.75,116.75
212,Western Pilbara Granite-Greenstone Terrane (Pilbara Craton),128,594,-20.75,117.25
212,Western Pilbara Granite-Greenstone Terrane (Pilbara Craton),128,595,-20.75,117.75
212,Western Pilbara Granite-Greenstone Terrane (Pilbara Craton),128,596,-20.75,118.25
213,Mississippi Delta (Gulf Coast Regional Aquifer System),228,178,29.25,-90.75
213,Mississippi Delta (Gulf Coast Regional Aquifer System),228,179,29.25,-90.25
213,Mississippi Delta (Gulf Coast Regional Aquifer System),228,181,29.25,-89.25
213,Mississippi Delta (Gulf Coast Regional Aquifer System),229,178,29.75,-90.75
213,Mississippi Delta (Gulf Coast Regional Aquifer System),229,179,29.75,-90.25
213,Mississippi Delta (Gulf Coast Regional Aquifer System),229,180,29.75,-89.75
213,Mississippi Delta (Gulf Coast Regional Aquifer System),230,177,30.25,-91.25
214,Central Cambay Basin (Cambay Basin),214,505,22.25,72.75
214,Central Cambay Basin (Cambay Basin),215,505,22.75,72.75
214,Central Cambay Basin (Cambay Basin),216,505,23.25,72.75
214,Central Cambay Basin (Cambay Basin),217,504,23.75,72.25
214,Central Cambay Basin (Cambay Basin),218,503,24.25,71.75
214,Central Cambay Basin (Cambay Basin),218,504,24.25,72.25
214,Central Cambay Basin (Cambay Basin),219,503,24.75,71.75
215,Eastern Duero Basin (Duero Basin),252,351,41.25,-4.25
215,Eastern Duero Basin (Duero Basin),252,352,41.25,-3.75
215,Eastern Duero Basin (Duero Basin),253,351,41.75,-4.25
215,Eastern Duero Basin (Duero Basin),253,352,41.75,-3.75
215,Eastern Duero Basin (Duero Basin),253,353,41.75,-3.25
215,Eastern Duero Basin (Duero Basin),253,354,41.75,-2.75
215,Eastern Duero Basin (Duero Basin),254,352,42.25,-3.75
216,Eastern Pennyroyal Plateau (Interior Low Plateaus),243,188,36.75,-85.75
216,Eastern Pennyroyal Plateau (Interior Low Plateaus),243,189,36.75,-85.25
216,Eastern Pennyroyal Plateau (Interior Low Plateaus),244,188,37.25,-85.75
216,Eastern Pennyroyal Plateau (Interior Low Plateaus),244,189,37.25,-85.25
216,Eastern Pennyroyal Plateau (Interior Low Plateaus),244,190,37.25,-84.75
216,Eastern Pennyroyal Plateau (Interior Low Plateaus),245,188,37.75,-85.75
217,Gunnedah Basin and Liverpool Plains,106,660,-31.75,150.25
217,Gunnedah Basin and Liverpool Plains,106,661,-31.75,150.75
217,Gunnedah Basin and Liverpool Plains,107,659,-31.25,149.75
217,Gunnedah Basin and Liverpool Plains,107,660,-31.25,150.25
217,Gunnedah Basin and Liverpool Plains,107,661,-31.25,150.75
217,Gunnedah Basin and Liverpool Plains,108,660,-30.75,150.25
217,Gunnedah Basin and Liverpool Plains,108,661,-30.75,150.75
218,Northern Piedmont Upland (Piedmont Plateau),249,208,39.75,-75.75
218,Northern Piedmont Upland (Piedmont Plateau),250,207,40.25,-76.25
218,Northern Piedmont Upland (Piedmont Plateau),250,208,40.25,-75.75
218,Northern Piedmont Upland (Piedmont Plateau),250,209,40.25,-75.25
218,Northern Piedmont Upland (Piedmont Plateau),250,210,40.25,-74.75
218,Northern Piedmont Upland (Piedmont Plateau),251,210,40.75,-74.75
218,Northern Piedmont Upland (Piedmont Plateau),251,211,40.75,-74.25
219,Lower Athabasca (Lower Athabasca Basin),283,135,56.75,-112.25
219,Lower Athabasca (Lower Athabasca Basin),283,136,56.75,-111.75
219,Lower Athabasca (Lower Athabasca Basin),283,137,56.75,-111.25
219,Lower Athabasca (Lower Athabasca Basin),283,138,56.75,-110.75
219,Lower Athabasca (Lower Athabasca Basin),284,136,57.25,-111.75
219,Lower Athabasca (Lower Athabasca Basin),284,137,57.25,-111.25
219,Lower Athabasca (Lower Athabasca Basin),284,138,57.25,-110.75
219,Lower Athabasca (Lower Athabasca Basin),284,139,57.25,-110.25
219,Lower Athabasca (Lower Athabasca Basin),285,137,57.75,-111.25
219,Lower Athabasca (Lower Athabasca Basin),286,136,58.25,-111.75
219,Lower Athabasca (Lower Athabasca Basin),286,137,58.25,-111.25
220,Southern Nuomin-Taoer System (Songnen Plain),260,604,45.25,122.25
220,Southern Nuomin-Taoer System (Songnen Plain),260,605,45.25,122.75
220,Southern Nuomin-Taoer System (Songnen Plain),261,605,45.75,122.75
220,Southern Nuomin-Taoer System (Songnen Plain),261,606,45.75,123.25
220,Southern Nuomin-Taoer System (Songnen Plain),262,605,46.25,122.75
220,Southern Nuomin-Taoer System (Songnen Plain),262,606,46.25,123.25
220,Southern Nuomin-Taoer System (Songnen Plain),262,607,46.25,123.75
220,Southern Nuomin-Taoer System (Songnen Plain),263,605,46.75,122.75
221,Umatilla Basin and Horse Heaven Hills (Columbia Plateau Regional Aquifer System),260,120,45.25,-119.75
221,Umatilla Basin and Horse Heaven Hills (Columbia Plateau Regional Aquifer System),260,121,45.25,-119.25
221,Umatilla Basin and Horse Heaven Hills (Columbia Plateau Regional Aquifer System),261,119,45.75,-120.25
221,Umatilla Basin and Horse Heaven Hills (Columbia Plateau Regional Aquifer System),261,120,45.75,-119.75
221,Umatilla Basin and Horse Heaven Hills (Columbia Plateau Regional Aquifer System),261,121,45.75,-119.25
221,Umatilla Basin and Horse Heaven Hills (Columbia Plateau Regional Aquifer System),261,122,45.75,-118.75
221,Umatilla Basin and Horse Heaven Hills (Columbia Plateau Regional Aquifer System),261,123,45.75,-118.25
222,Palouse Slope (Columbia Plateau Regional Aquifer System),262,122,46.25,-118.75
222,Palouse Slope (Columbia Plateau Regional Aquifer System),262,123,46.25,-118.25
222,Palouse Slope (Columbia Plateau Regional Aquifer System),262,124,46.25,-117.75
222,Palouse Slope (Columbia Plateau Regional Aquifer System),263,123,46.75,-118.25
222,Palouse Slope (Columbia Plateau Regional Aquifer System),263,124,46.75,-117.75
222,Palouse Slope (Columbia Plateau Regional Aquifer System),264,124,47.25,-117.75
222,Palouse Slope (Columbia Plateau Regional Aquifer System),264,125,47.25,-117.25
223,Letaba Lowveld,122,420,-23.75,30.25
223,Letaba Lowveld,122,421,-23.75,30.75
223,Letaba Lowveld,122,422,-23.75,31.25
223,Letaba Lowveld,123,420,-23.25,30.25
223,Letaba Lowveld,123,421,-23.25,30.75
223,Letaba Lowveld,123,422,-23.25,31.25
224,Landes Plain (Aquitaine Basin),257,357,43.75,-1.25
224,Landes Plain (Aquitaine Basin),258,357,44.25,-1.25
224,Landes Plain (Aquitaine Basin),258,358,44.25,-0.75
224,Landes Plain (Aquitaine Basin),258,359,44.25,-0.25
224,Landes Plain (Aquitaine Basin),258,360,44.25,0.25
224,Landes Plain (Aquitaine Basin),259,358,44.75,-0.75
224,Landes Plain (Aquitaine Basin),260,358,45.25,-0.75
225,Transboundary Odanah Shale,267,161,48.75,-99.25
225,Transboundary Odanah Shale,267,162,48.75,-98.75
225,Transboundary Odanah Shale,267,163,48.75,-98.25
225,Transboundary Odanah Shale,268,160,49.25,-99.75
225,Transboundary Odanah Shale,268,161,49.25,-99.25
225,Transboundary Odanah Shale,268,162,49.25,-98.75
226,Northern Hirri Basin (Chhattisgarh Basin),213,522,21.75,81.25
226,Northern Hirri Basin (Chhattisgarh Basin),213,523,21.75,81.75
226,Northern Hirri Basin (Chhattisgarh Basin),213,524,21.75,82.25
226,Northern Hirri Basin (Chhattisgarh Basin),214,522,22.25,81.25
226,Northern Hirri Basin (Chhattisgarh Basin),214,523,22.25,81.75
226,Northern Hirri Basin (Chhattisgarh Basin),214,524,22.25,82.25
227,Western Second Songhuajiang System (Songnen Plain),257,610,43.75,125.25
227,Western Second Songhuajiang System (Songnen Plain),258,609,44.25,124.75
227,Western Second Songhuajiang System (Songnen Plain),258,610,44.25,125.25
227,Western Second Songhuajiang System (Songnen Plain),258,611,44.25,125.75
227,Western Second Songhuajiang System (Songnen Plain),259,609,44.75,124.75
227,Western Second Songhuajiang System (Songnen Plain),259,610,44.75,125.25
227,Western Second Songhuajiang System (Songnen Plain),259,611,44.75,125.75
228,Tifton Upland (Floridan Aquifer System),231,191,30.75,-84.25
228,Tifton Upland (Floridan Aquifer System),231,193,30.75,-83.25
228,Tifton Upland (Floridan Aquifer System),232,192,31.25,-83.75
228,Tifton Upland (Floridan Aquifer System),232,193,31.25,-83.25
228,Tifton Upland (Floridan Aquifer System),233,192,31.75,-83.75
229,South-central High Plains (High Plains),240,156,35.25,-101.75
229,South-central High Plains (High Plains),240,157,35.25,-101.25
229,South-central High Plains (High Plains),240,158,35.25,-100.75
229,South-central High Plains (High Plains),241,158,35.75,-100.75
229,South-central High Plains (High Plains),241,159,35.75,-100.25
229,South-central High Plains (High Plains),241,160,35.75,-99.75
230,Northern Khorat Plateau (Khorat Plateau Aquifer System),202,565,16.25,102.75
230,Northern Khorat Plateau (Khorat Plateau Aquifer System),202,566,16.25,103.25
230,Northern Khorat Plateau (Khorat Plateau Aquifer System),202,567,16.25,103.75
230,Northern Khorat Plateau (Khorat Plateau Aquifer System),203,566,16.75,103.25
230,Northern Khorat Plateau (Khorat Plateau Aquifer System),203,567,16.75,103.75
231,Hill Country (Edwards-Trinity Aquifer System),229,160,29.75,-99.75
231,Hill Country (Edwards-Trinity Aquifer System),229,161,29.75,-99.25
231,Hill Country (Edwards-Trinity Aquifer System),229,162,29.75,-98.75
231,Hill Country (Edwards-Trinity Aquifer System),229,163,29.75,-98.25
231,Hill Country (Edwards-Trinity Aquifer System),230,162,30.25,-98.75
231,Hill Country (Edwards-Trinity Aquifer System),230,163,30.25,-98.25
232,Northern St. Lawrence Lowlands (St. Lawrence Lowlands),261,214,45.75,-72.75
232,Northern St. Lawrence Lowlands (St. Lawrence Lowlands),262,214,46.25,-72.75
232,Northern St. Lawrence Lowlands (St. Lawrence Lowlands),262,215,46.25,-72.25
232,Northern St. Lawrence Lowlands (St. Lawrence Lowlands),262,216,46.25,-71.75
232,Northern St. Lawrence Lowlands (St. Lawrence Lowlands),263,216,46.75,-71.75
232,Northern St. Lawrence Lowlands (St. Lawrence Lowlands),263,217,46.75,-71.25
233,Chicxulub Sedimentary Basin (Yucatan Peninsula),211,180,20.75,-89.75
233,Chicxulub Sedimentary Basin (Yucatan Peninsula),211,181,20.75,-89.25
233,Chicxulub Sedimentary Basin (Yucatan Peninsula),211,182,20.75,-88.75
233,Chicxulub Sedimentary Basin (Yucatan Peninsula),212,180,21.25,-89.75
233,Chicxulub Sedimentary Basin (Yucatan Peninsula),212,181,21.25,-89.25
233,Chicxulub Sedimentary Basin (Yucatan Peninsula),212,182,21.25,-88.75
234,West Jutland Quaternary and Tertiary Sand Aquifer System,279,377,54.75,8.75
234,West Jutland Quaternary and Tertiary Sand Aquifer System,279,378,54.75,9.25
234,West Jutland Quaternary and Tertiary Sand Aquifer System,280,377,55.25,8.75
234,West Jutland Quaternary and Tertiary Sand Aquifer System,280,378,55.25,9.25
234,West Jutland Quaternary and Tertiary Sand Aquifer System,281,376,55.75,8.25
234,West Jutland Quaternary and Tertiary Sand Aquifer System,281,377,55.75,8.75
234,West Jutland Quaternary and Tertiary Sand Aquifer System,281,378,55.75,9.25
234,West Jutland Quaternary and Tertiary Sand Aquifer System,282,376,56.25,8.25
234,West Jutland Quaternary and Tertiary Sand Aquifer System,282,377,56.25,8.75
234,West Jutland Quaternary and Tertiary Sand Aquifer System,282,378,56.25,9.25
235,South Platte Basin,249,152,39.75,-103.75
235,South Platte Basin,250,149,40.25,-105.25
235,South Platte Basin,250,152,40.25,-103.75
235,South Platte Basin,251,150,40.75,-104.75
235,South Platte Basin,251,151,40.75,-104.25
235,South Platte Basin,251,153,40.75,-103.25
236,North Rewa Basin (Son-Mahandai Valley Basins),216,522,23.25,81.25
236,North Rewa Basin (Son-Mahandai Valley Basins),217,521,23.75,80.75
236,North Rewa Basin (Son-Mahandai Valley Basins),217,522,23.75,81.25
236,North Rewa Basin (Son-Mahandai Valley Basins),217,523,23.75,81.75
236,North Rewa Basin (Son-Mahandai Valley Basins),217,524,23.75,82.25
237,Southern Coromandel Fractured Charnockite and Gneiss Aquifers (Coromandel Coastal Plain),187,515,8.75,77.75
237,Southern Coromandel Fractured Charnockite and Gneiss Aquifers (Coromandel Coastal Plain),188,515,9.25,77.75
237,Southern Coromandel Fractured Charnockite and Gneiss Aquifers (Coromandel Coastal Plain),188,516,9.25,78.25
237,Southern Coromandel Fractured Charnockite and Gneiss Aquifers (Coromandel Coastal Plain),189,515,9.75,77.75
238,Chaj Doab (Indus Basin),233,504,31.75,72.25
238,Chaj Doab (Indus Basin),233,505,31.75,72.75
238,Chaj Doab (Indus Basin),234,505,32.25,72.75
238,Chaj Doab (Indus Basin),234,506,32.25,73.25
238,Chaj Doab (Indus Basin),235,507,32.75,73.75
238,Chaj Doab (Indus Basin),235,508,32.75,74.25
239,Rush Springs Aquifer,240,162,35.25,-98.75
239,Rush Springs Aquifer,240,163,35.25,-98.25
239,Rush Springs Aquifer,241,161,35.75,-99.25
239,Rush Springs Aquifer,241,162,35.75,-98.75
239,Rush Springs Aquifer,242,161,36.25,-99.25
240,Silurian and Overlying Unconsolidated Aquifers (Southern Ontario Paleozoic Aquifer System),256,199,43.25,-80.25
240,Silurian and Overlying Unconsolidated Aquifers (Southern Ontario Paleozoic Aquifer System),257,198,43.75,-80.75
240,Silurian and Overlying Unconsolidated Aquifers (Southern Ontario Paleozoic Aquifer System),257,199,43.75,-80.25
240,Silurian and Overlying Unconsolidated Aquifers (Southern Ontario Paleozoic Aquifer System),258,197,44.25,-81.25
240,Silurian and Overlying Unconsolidated Aquifers (Southern Ontario Paleozoic Aquifer System),258,198,44.25,-80.75
240,Silurian and Overlying Unconsolidated Aquifers (Southern Ontario Paleozoic Aquifer System),258,199,44.25,-80.25
241,Bangkok Basin (Lower Chao Phraya Basin),197,560,13.75,100.25
241,Bangkok Basin (Lower Chao Phraya Basin),197,561,13.75,100.75
241,Bangkok Basin (Lower Chao Phraya Basin),198,560,14.25,100.25
241,Bangkok Basin (Lower Chao Phraya Basin),198,561,14.25,100.75
242,Gypsum Hills,243,158,36.75,-100.75
242,Gypsum Hills,243,159,36.75,-100.25
242,Gypsum Hills,243,160,36.75,-99.75
242,Gypsum Hills,243,161,36.75,-99.25
242,Gypsum Hills,244,160,37.25,-99.75
242,Gypsum Hills,244,162,37.25,-98.75
242,Gypsum Hills,244,163,37.25,-98.25
243,Clarence-Moreton Basin and Cecil Plains (Great Artesian Basin),113,664,-28.25,152.25
243,Clarence-Moreton Basin and Cecil Plains (Great Artesian Basin),114,662,-27.75,151.25
243,Clarence-Moreton Basin and Cecil Plains (Great Artesian Basin),114,663,-27.75,151.75
243,Clarence-Moreton Basin and Cecil Plains (Great Artesian Basin),115,662,-27.25,151.25
243,Clarence-Moreton Basin and Cecil Plains (Great Artesian Basin),115,663,-27.25,151.75
243,Clarence-Moreton Basin and Cecil Plains (Great Artesian Basin),116,662,-26.75,151.25
244,Hetao Basin,251,573,40.75,106.75
244,Hetao Basin,251,574,40.75,107.25
244,Hetao Basin,252,575,41.25,107.75
244,Hetao Basin,252,576,41.25,108.25
244,Hetao Basin,252,577,41.25,108.75
245,Western C Aquifer (The C Aquifer),239,137,34.75,-111.25
245,Western C Aquifer (The C Aquifer),239,138,34.75,-110.75
245,Western C Aquifer (The C Aquifer),240,136,35.25,-111.75
245,Western C Aquifer (The C Aquifer),240,137,35.25,-111.25
245,Western C Aquifer (The C Aquifer),240,138,35.25,-110.75
245,Western C Aquifer (The C Aquifer),240,139,35.25,-110.25
246,Arrowsmith and Dandaragan Plateau (Perth Basin),108,591,-30.75,115.75
246,Arrowsmith and Dandaragan Plateau (Perth Basin),109,590,-30.25,115.25
246,Arrowsmith and Dandaragan Plateau (Perth Basin),109,591,-30.25,115.75
246,Arrowsmith and Dandaragan Plateau (Perth Basin),111,590,-29.25,115.25
246,Arrowsmith and Dandaragan Plateau (Perth Basin),112,590,-28.75,115.25
247,Gambier Embayment (Otway Basin),94,641,-37.75,140.75
247,Gambier Embayment (Otway Basin),94,642,-37.75,141.25
247,Gambier Embayment (Otway Basin),95,640,-37.25,140.25
247,Gambier Embayment (Otway Basin),95,641,-37.25,140.75
248,Northern Columbia River Basin (Columbia Plateau Regional Aquifer System),264,123,47.25,-118.25
248,Northern Columbia River Basin (Columbia Plateau Regional Aquifer System),265,120,47.75,-119.75
248,Northern Columbia River Basin (Columbia Plateau Regional Aquifer System),265,121,47.75,-119.25
248,Northern Columbia River Basin (Columbia Plateau Regional Aquifer System),265,122,47.75,-118.75
248,Northern Columbia River Basin (Columbia Plateau Regional Aquifer System),265,123,47.75,-118.25
248,Northern Columbia River Basin (Columbia Plateau Regional Aquifer System),265,124,47.75,-117.75
249,San Luis Valley (Middle Rio Grande),243,148,36.75,-105.75
249,San Luis Valley (Middle Rio Grande),244,148,37.25,-105.75
249,San Luis Valley (Middle Rio Grande),245,147,37.75,-106.25
249,San Luis Valley (Middle Rio Grande),245,148,37.75,-105.75
250,Southern Cumberland Plateau - Pottsville Aquifer (Appalachian Plateaus),237,184,33.75,-87.75
250,Southern Cumberland Plateau - Pottsville Aquifer (Appalachian Plateaus),237,185,33.75,-87.25
250,Southern Cumberland Plateau - Pottsville Aquifer (Appalachian Plateaus),237,186,33.75,-86.75
250,Southern Cumberland Plateau - Pottsville Aquifer (Appalachian Plateaus),238,185,34.25,-87.25
250,Southern Cumberland Plateau - Pottsville Aquifer (Appalachian Plateaus),238,186,34.25,-86.75
250,Southern Cumberland Plateau - Pottsville Aquifer (Appalachian Plateaus),238,187,34.25,-86.25
251,Sylhet Basin (Bengal Basin),218,542,24.25,91.25
251,Sylhet Basin (Bengal Basin),219,541,24.75,90.75
251,Sylhet Basin (Bengal Basin),219,542,24.75,91.25
251,Sylhet Basin (Bengal Basin),219,543,24.75,91.75
252,Tuli Karoo Aquifer,125,417,-22.25,28.75
252,Tuli Karoo Aquifer,125,418,-22.25,29.25
252,Tuli Karoo Aquifer,126,418,-21.75,29.25
252,Tuli Karoo Aquifer,126,419,-21.75,29.75
252,Tuli Karoo Aquifer,126,420,-21.75,30.25
253,Antlers Aquifer,237,167,33.75,-96.25
253,Antlers Aquifer,237,170,33.75,-94.75
253,Antlers Aquifer,237,171,33.75,-94.25
253,Antlers Aquifer,238,167,34.25,-96.25
253,Antlers Aquifer,238,168,34.25,-95.75
254,New Jersey Coastal Plain (North Atlantic Coastal Plain),248,210,39.25,-74.75
254,New Jersey Coastal Plain (North Atlantic Coastal Plain),249,209,39.75,-75.25
254,New Jersey Coastal Plain (North Atlantic Coastal Plain),249,210,39.75,-74.75
254,New Jersey Coastal Plain (North Atlantic Coastal Plain),249,211,39.75,-74.25
254,New Jersey Coastal Plain (North Atlantic Coastal Plain),250,211,40.25,-74.25
255,Upper Deschutes Basin,257,116,43.75,-121.75
255,Upper Deschutes Basin,257,117,43.75,-121.25
255,Upper Deschutes Basin,258,117,44.25,-121.25
255,Upper Deschutes Basin,258,118,44.25,-120.75
255,Upper Deschutes Basin,259,117,44.75,-121.25
256,Southwestern Flatwoods (Floridan Aquifer System),221,197,25.75,-81.25
256,Southwestern Flatwoods (Floridan Aquifer System),222,196,26.25,-81.75
256,Southwestern Flatwoods (Floridan Aquifer System),222,197,26.25,-81.25
256,Southwestern Flatwoods (Floridan Aquifer System),223,197,26.75,-81.25
257,Central Cumberland Plateau and Sequatchie Valley (Appalachian Plateaus),239,187,34.75,-86.25
257,Central Cumberland Plateau and Sequatchie Valley (Appalachian Plateaus),239,188,34.75,-85.75
257,Central Cumberland Plateau and Sequatchie Valley (Appalachian Plateaus),240,188,35.25,-85.75
257,Central Cumberland Plateau and Sequatchie Valley (Appalachian Plateaus),241,189,35.75,-85.25
258,Eastern Malwa Plateau Alluvial Aquifer (Malwa Plateau),222,510,26.25,75.25
258,Eastern Malwa Plateau Alluvial Aquifer (Malwa Plateau),222,511,26.25,75.75
258,Eastern Malwa Plateau Alluvial Aquifer (Malwa Plateau),223,510,26.75,75.25
258,Eastern Malwa Plateau Alluvial Aquifer (Malwa Plateau),223,511,26.75,75.75
258,Eastern Malwa Plateau Alluvial Aquifer (Malwa Plateau),223,512,26.75,76.25
259,Northern Duero Basin (Duero Basin),253,349,41.75,-5.25
259,Northern Duero Basin (Duero Basin),253,350,41.75,-4.75
259,Northern Duero Basin (Duero Basin),254,350,42.25,-4.75
259,Northern Duero Basin (Duero Basin),254,351,42.25,-4.25
259,Northern Duero Basin (Duero Basin),255,350,42.75,-4.75
260,Central Littoral Plain (North China Plain),246,594,38.25,117.25
260,Central Littoral Plain (North China Plain),246,595,38.25,117.75
260,Central Littoral Plain (North China Plain),247,594,38.75,117.25
260,Central Littoral Plain (North China Plain),248,594,39.25,117.25
260,Central Littoral Plain (North China Plain),248,595,39.25,117.75
261,Red River Delta,210,572,20.25,106.25
261,Red River Delta,211,571,20.75,105.75
261,Red River Delta,211,572,20.75,106.25
261,Red River Delta,211,573,20.75,106.75
261,Red River Delta,212,571,21.25,105.75
262,Tipton Till Plain (Central Lowland Till Plain),249,186,39.75,-86.75
262,Tipton Till Plain (Central Lowland Till Plain),249,187,39.75,-86.25
262,Tipton Till Plain (Central Lowland Till Plain),250,186,40.25,-86.75
262,Tipton Till Plain (Central Lowland Till Plain),250,187,40.25,-86.25
262,Tipton Till Plain (Central Lowland Till Plain),251,187,40.75,-86.25
263,Upper Carbonate Aquifer (Northern Midwest Aquifer System),256,172,43.25,-93.75
263,Upper Carbonate Aquifer (Northern Midwest Aquifer System),256,173,43.25,-93.25
263,Upper Carbonate Aquifer (Northern Midwest Aquifer System),256,174,43.25,-92.75
263,Upper Carbonate Aquifer (Northern Midwest Aquifer System),256,175,43.25,-92.25
263,Upper Carbonate Aquifer (Northern Midwest Aquifer System),257,172,43.75,-93.75
263,Upper Carbonate Aquifer (Northern Midwest Aquifer System),257,173,43.75,-93.25
263,Upper Carbonate Aquifer (Northern Midwest Aquifer System),257,174,43.75,-92.75
264,Northern Saurashtra Deccan Trap Basalts (Saurashtra Deccan Trap Basalts),214,498,22.25,69.25
264,Northern Saurashtra Deccan Trap Basalts (Saurashtra Deccan Trap Basalts),214,499,22.25,69.75
264,Northern Saurashtra Deccan Trap Basalts (Saurashtra Deccan Trap Basalts),214,500,22.25,70.25
264,Northern Saurashtra Deccan Trap Basalts (Saurashtra Deccan Trap Basalts),214,501,22.25,70.75
264,Northern Saurashtra Deccan Trap Basalts (Saurashtra Deccan Trap Basalts),214,502,22.25,71.25
264,Northern Saurashtra Deccan Trap Basalts (Saurashtra Deccan Trap Basalts),215,501,22.75,70.75
265,Kurnool Basin (Cuddapah Sedimentary Basin),199,517,14.75,78.75
265,Kurnool Basin (Cuddapah Sedimentary Basin),200,516,15.25,78.25
265,Kurnool Basin (Cuddapah Sedimentary Basin),200,517,15.25,78.75
265,Kurnool Basin (Cuddapah Sedimentary Basin),201,516,15.75,78.25
265,Kurnool Basin (Cuddapah Sedimentary Basin),201,517,15.75,78.75
266,Coatzacoalcos Coastal Aquifer (Coastal Plain of Veracruz),205,170,17.75,-94.75
266,Coatzacoalcos Coastal Aquifer (Coastal Plain of Veracruz),205,171,17.75,-94.25
267,Northern Nuomin-Taoer System (Songnen Plain),263,606,46.75,123.25
267,Northern Nuomin-Taoer System (Songnen Plain),264,606,47.25,123.25
267,Northern Nuomin-Taoer System (Songnen Plain),264,607,47.25,123.75
267,Northern Nuomin-Taoer System (Songnen Plain),265,607,47.75,123.75
267,Northern Nuomin-Taoer System (Songnen Plain),266,608,48.25,124.25
268,Hatfield Valley,271,152,50.75,-103.75
268,Hatfield Valley,272,150,51.25,-104.75
268,Hatfield Valley,273,148,51.75,-105.75
268,Hatfield Valley,273,149,51.75,-105.25
268,Hatfield Valley,274,148,52.25,-105.75
269,Northcentral Coromandel Schist Aquifers (Coromandel Coastal Plain),197,519,13.75,79.75
269,Northcentral Coromandel Schist Aquifers (Coromandel Coastal Plain),198,519,14.25,79.75
269,Northcentral Coromandel Schist Aquifers (Coromandel Coastal Plain),199,518,14.75,79.25
269,Northcentral Coromandel Schist Aquifers (Coromandel Coastal Plain),199,519,14.75,79.75
269,Northcentral Coromandel Schist Aquifers (Coromandel Coastal Plain),200,519,15.25,79.75
270,Alsatian Aquifer and Upper Rhine Valley,265,374,47.75,7.25
270,Alsatian Aquifer and Upper Rhine Valley,266,375,48.25,7.75
270,Alsatian Aquifer and Upper Rhine Valley,267,375,48.75,7.75
270,Alsatian Aquifer and Upper Rhine Valley,268,376,49.25,8.25
270,Alsatian Aquifer and Upper Rhine Valley,269,376,49.75,8.25
271,Southern Odanah Shale,268,157,49.25,-101.25
271,Southern Odanah Shale,269,157,49.75,-101.25
271,Southern Odanah Shale,269,158,49.75,-100.75
271,Southern Odanah Shale,269,159,49.75,-100.25
272,Eastern Satpura Basalt Aquifers (Satpura Basalts),212,513,21.25,76.75
272,Eastern Satpura Basalt Aquifers (Satpura Basalts),212,514,21.25,77.25
272,Eastern Satpura Basalt Aquifers (Satpura Basalts),213,514,21.75,77.25
272,Eastern Satpura Basalt Aquifers (Satpura Basalts),213,515,21.75,77.75
272,Eastern Satpura Basalt Aquifers (Satpura Basalts),213,516,21.75,78.25
273,Southern Hirri Basin (Chhattisgarh Basin),211,522,20.75,81.25
273,Southern Hirri Basin (Chhattisgarh Basin),211,523,20.75,81.75
273,Southern Hirri Basin (Chhattisgarh Basin),212,522,21.25,81.25
273,Southern Hirri Basin (Chhattisgarh Basin),212,523,21.25,81.75
274,Limpopo Plateau,122,418,-23.75,29.25
274,Limpopo Plateau,122,419,-23.75,29.75
274,Limpopo Plateau,123,418,-23.25,29.25
274,Limpopo Plateau,123,419,-23.25,29.75
275,Southeastern Bengal Basin (Bengal Basin),215,541,22.75,90.75
275,Southeastern Bengal Basin (Bengal Basin),215,542,22.75,91.25
275,Southeastern Bengal Basin (Bengal Basin),216,541,23.25,90.75
275,Southeastern Bengal Basin (Bengal Basin),216,542,23.25,91.25
275,Southeastern Bengal Basin (Bengal Basin),217,541,23.75,90.75
