aquifer_idx,Study_area,lat_idx,lon_idx,lat,lon
0,Central Parana Basin and Torres Syncline (Guarani Aquifer System),109,254,-30.25,-52.75
0,Central Parana Basin and Torres Syncline (Guarani Aquifer System),109,255,-30.25,-52.25
0,Central Parana Basin and Torres Syncline (Guarani Aquifer System),110,251,-29.75,-54.25
0,Central Parana Basin and Torres Syncline (Guarani Aquifer System),110,252,-29.75,-53.75
0,Central Parana Basin and Torres Syncline (Guarani Aquifer System),110,253,-29.75,-53.25
0,Central Parana Basin and Torres Syncline (Guarani Aquifer System),110,254,-29.75,-52.75
0,Central Parana Basin and Torres Syncline (Guarani Aquifer System),110,255,-29.75,-52.25
0,Central Parana Basin and Torres Syncline (Guarani Aquifer System),110,256,-29.75,-51.75
0,Central Parana Basin and Torres Syncline (Guarani Aquifer System),110,257,-29.75,-51.25
0,Central Parana Basin and Torres Syncline (Guarani Aquifer System),110,258,-29.75,-50.75
0,Central Parana Basin and Torres Syncline (Guarani Aquifer System),110,259,-29.75,-50.25
0,Central Parana Basin and Torres Syncline (Guarani Aquifer System),111,250,-29.25,-54.75
0,Central Parana Basin and Torres Syncline (Guarani Aquifer System),111,251,-29.25,-54.25
0,Central Parana Basin and Torres Syncline (Guarani Aquifer System),111,252,-29.25,-53.75
0,Central Parana Basin and Torres Syncline (Guarani Aquifer System),111,253,-29.25,-53.25
0,Central Parana Basin and Torres Syncline (Guarani Aquifer System),111,254,-29.25,-52.75
0,Central Parana Basin and Torres Syncline (Guarani Aquifer System),111,255,-29.25,-52.25
0,Central Parana Basin and Torres Syncline (Guarani Aquifer System),111,256,-29.25,-51.75
0,Central Parana Basin and Torres Syncline (Guarani Aquifer System),111,257,-29.25,-51.25
0,Central Parana Basin and Torres Syncline (Guarani Aquifer System),111,258,-29.25,-50.75
0,Central Parana Basin and Torres Syncline (Guarani Aquifer System),111,259,-29.25,-50.25
0,Central Parana Basin and Torres Syncline (Guarani Aquifer System),112,249,-28.75,-55.25
0,Central Parana Basin and Torres Syncline (Guarani Aquifer System),112,250,-28.75,-54.75
0,Central Parana Basin and Torres Syncline (Guarani Aquifer System),112,251,-28.75,-54.25
0,Central Parana Basin and Torres Syncline (Guarani Aquifer System),112,252,-28.75,-53.75
0,Central Parana Basin and Torres Syncline (Guarani Aquifer System),112,253,-28.75,-53.25
0,Central Parana Basin and Torres Syncline (Guarani Aquifer System),112,254,-28.75,-52.75
0,Central Parana Basin and Torres Syncline (Guarani Aquifer System),112,255,-28.75,-52.25
0,Central Parana Basin and Torres Syncline (Guarani Aquifer System),112,256,-28.75,-51.75
0,Central Parana Basin and Torres Syncline (Guarani Aquifer System),112,257,-28.75,-51.25
0,Central Parana Basin and Torres Syncline (Guarani Aquifer System),112,258,-28.75,-50.75
0,Central Parana Basin and Torres Syncline (Guarani Aquifer System),112,259,-28.75,-50.25
0,Central Parana Basin and Torres Syncline (Guarani Aquifer System),113,248,-28.25,-55.75
0,Central Parana Basin and Torres Syncline (Guarani Aquifer System),113,249,-28.25,-55.25
0,Central Parana Basin and Torres Syncline (Guarani Aquifer System),113,250,-28.25,-54.75
0,Central Parana Basin and Torres Syncline (Guarani Aquifer System),113,251,-28.25,-54.25
0,Central Parana Basin and Torres Syncline (Guarani Aquifer System),113,252,-28.25,-53.75
0,Central Parana Basin and Torres Syncline (Guarani Aquifer System),113,253,-28.25,-53.25
0,Central Parana Basin and Torres Syncline (Guarani Aquifer System),113,254,-28.25,-52.75
0,Central Parana Basin and Torres Syncline (Guarani Aquifer System),113,255,-28.25,-52.25
0,Central Parana Basin and Torres Syncline (Guarani Aquifer System),113,256,-28.25,-51.75
0,Central Parana Basin and Torres Syncline (Guarani Aquifer System),113,257,-28.25,-51.25
0,Central Parana Basin and Torres Syncline (Guarani Aquifer System),113,258,-28.25,-50.75
0,Central Parana Basin and Torres Syncline (Guarani Aquifer System),113,259,-28.25,-50.25
0,Central Parana Basin and Torres Syncline (Guarani Aquifer System),113,260,-28.25,-49.75
0,Central Parana Basin and Torres Syncline (Guarani Aquifer System),114,248,-27.75,-55.75
0,Central Parana Basin and Torres Syncline (Guarani Aquifer System),114,249,-27.75,-55.25
0,Central Parana Basin and Torres Syncline (Guarani Aquifer System),114,250,-27.75,-54.75
0,Central Parana Basin and Torres Syncline (Guarani Aquifer System),114,251,-27.75,-54.25
0,Central Parana Basin and Torres Syncline (Guarani Aquifer System),114,252,-27.75,-53.75
0,Central Parana Basin and Torres Syncline (Guarani Aquifer System),114,253,-27.75,-53.25
0,Central Parana Basin and Torres Syncline (Guarani Aquifer System),114,254,-27.75,-52.75
0,Central Parana Basin and Torres Syncline (Guarani Aquifer System),114,255,-27.75,-52.25
0,Central Parana Basin and Torres Syncline (Guarani Aquifer System),114,256,-27.75,-51.75
0,Central Parana Basin and Torres Syncline (Guarani Aquifer System),114,257,-27.75,-51.25
0,Central Parana Basin and Torres Syncline (Guarani Aquifer System),114,258,-27.75,-50.75
0,Central Parana Basin and Torres Syncline (Guarani Aquifer System),115,248,-27.25,-55.75
0,Central Parana Basin and Torres Syncline (Guarani Aquifer System),115,249,-27.25,-55.25
0,Central Parana Basin and Torres Syncline (Guarani Aquifer System),115,250,-27.25,-54.75
0,Central Parana Basin and Torres Syncline (Guarani Aquifer System),115,251,-27.25,-54.25
0,Central Parana Basin and Torres Syncline (Guarani Aquifer System),115,252,-27.25,-53.75
0,Central Parana Basin and Torres Syncline (Guarani Aquifer System),115,253,-27.25,-53.25
0,Central Parana Basin and Torres Syncline (Guarani Aquifer System),115,254,-27.25,-52.75
0,Central Parana Basin and Torres Syncline (Guarani Aquifer System),115,255,-27.25,-52.25
0,Central Parana Basin and Torres Syncline (Guarani Aquifer System),115,256,-27.25,-51.75
0,Central Parana Basin and Torres Syncline (Guarani Aquifer System),115,257,-27.25,-51.25
0,Central Parana Basin and Torres Syncline (Guarani Aquifer System),115,258,-27.25,-50.75
0,Central Parana Basin and Torres Syncline (Guarani Aquifer System),116,248,-26.75,-55.75
0,Central Parana Basin and Torres Syncline (Guarani Aquifer System),116,249,-26.75,-55.25
0,Central Parana Basin and Torres Syncline (Guarani Aquifer System),116,250,-26.75,-54.75
0,Central Parana Basin and Torres Syncline (Guarani Aquifer System),116,251,-26.75,-54.25
0,Central Parana Basin and Torres Syncline (Guarani Aquifer System),116,252,-26.75,-53.75
0,Central Parana Basin and Torres Syncline (Guarani Aquifer System),116,253,-26.75,-53.25
0,Central Parana Basin and Torres Syncline (Guarani Aquifer System),116,254,-26.75,-52.75
0,Central Parana Basin and Torres Syncline (Guarani Aquifer System),116,255,-26.75,-52.25
0,Central Parana Basin and Torres Syncline (Guarani Aquifer System),116,256,-26.75,-51.75
0,Central Parana Basin and Torres Syncline (Guarani Aquifer System),116,257,-26.75,-51.25
0,Central Parana Basin and Torres Syncline (Guarani Aquifer System),116,258,-26.75,-50.75
0,Central Parana Basin and Torres Syncline (Guarani Aquifer System),117,248,-26.25,-55.75
0,Central Parana Basin and Torres Syncline (Guarani Aquifer System),117,249,-26.25,-55.25
0,Central Parana Basin and Torres Syncline (Guarani Aquifer System),117,250,-26.25,-54.75
0,Central Parana Basin and Torres Syncline (Guarani Aquifer System),117,251,-26.25,-54.25
0,Central Parana Basin and Torres Syncline (Guarani Aquifer System),117,252,-26.25,-53.75
0,Central Parana Basin and Torres Syncline (Guarani Aquifer System),117,253,-26.25,-53.25
0,Central Parana Basin and Torres Syncline (Guarani Aquifer System),117,254,-26.25,-52.75
0,Central Parana Basin and Torres Syncline (Guarani Aquifer System),117,255,-26.25,-52.25
0,Central Parana Basin and Torres Syncline (Guarani Aquifer System),117,256,-26.25,-51.75
0,Central Parana Basin and Torres Syncline (Guarani Aquifer System),117,257,-26.25,-51.25
0,Central Parana Basin and Torres Syncline (Guarani Aquifer System),118,248,-25.75,-55.75
0,Central Parana Basin and Torres Syncline (Guarani Aquifer System),118,249,-25.75,-55.25
0,Central Parana Basin and Torres Syncline (Guarani Aquifer System),118,250,-25.75,-54.75
0,Central Parana Basin and Torres Syncline (Guarani Aquifer System),118,251,-25.75,-54.25
0,Central Parana Basin and Torres Syncline (Guarani Aquifer System),118,252,-25.75,-53.75
0,Central Parana Basin and Torres Syncline (Guarani Aquifer System),118,253,-25.75,-53.25
0,Central Parana Basin and Torres Syncline (Guarani Aquifer System),118,254,-25.75,-52.75
0,Central Parana Basin and Torres Syncline (Guarani Aquifer System),118,255,-25.75,-52.25
0,Central Parana Basin and Torres Syncline (Guarani Aquifer System),118,256,-25.75,-51.75
0,Central Parana Basin and Torres Syncline (Guarani Aquifer System),118,257,-25.75,-51.25
0,Central Parana Basin and Torres Syncline (Guarani Aquifer System),119,248,-25.25,-55.75
0,Central Parana Basin and Torres Syncline (Guarani Aquifer System),119,249,-25.25,-55.25
0,Central Parana Basin and Torres Syncline (Guarani Aquifer System),119,250,-25.25,-54.75
0,Central Parana Basin and Torres Syncline (Guarani Aquifer System),119,251,-25.25,-54.25
0,Central Parana Basin and Torres Syncline (Guarani Aquifer System),119,252,-25.25,-53.75
0,Central Parana Basin and Torres Syncline (Guarani Aquifer System),119,253,-25.25,-53.25
0,Central Parana Basin and Torres Syncline (Guarani Aquifer System),119,254,-25.25,-52.75
0,Central Parana Basin and Torres Syncline (Guarani Aquifer System),119,255,-25.25,-52.25
0,Central Parana Basin and Torres Syncline (Guarani Aquifer System),119,256,-25.25,-51.75
0,Central Parana Basin and Torres Syncline (Guarani Aquifer System),119,257,-25.25,-51.25
0,Central Parana Basin and Torres Syncline (Guarani Aquifer System),120,248,-24.75,-55.75
0,Central Parana Basin and Torres Syncline (Guarani Aquifer System),120,249,-24.75,-55.25
0,Central Parana Basin and Torres Syncline (Guarani Aquifer System),120,250,-24.75,-54.75
0,Central Parana Basin and Torres Syncline (Guarani Aquifer System),120,251,-24.75,-54.25
0,Central Parana Basin and Torres Syncline (Guarani Aquifer System),120,252,-24.75,-53.75
0,Central Parana Basin and Torres Syncline (Guarani Aquifer System),120,253,-24.75,-53.25
0,Central Parana Basin and Torres Syncline (Guarani Aquifer System),120,254,-24.75,-52.75
0,Central Parana Basin and Torres Syncline (Guarani Aquifer System),120,255,-24.75,-52.25
0,Central Parana Basin and Torres Syncline (Guarani Aquifer System),120,256,-24.75,-51.75
0,Central Parana Basin and Torres Syncline (Guarani Aquifer System),121,247,-24.25,-56.25
0,Central Parana Basin and Torres Syncline (Guarani Aquifer System),121,248,-24.25,-55.75
0,Central Parana Basin and Torres Syncline (Guarani Aquifer System),121,249,-24.25,-55.25
0,Central Parana Basin and Torres Syncline (Guarani Aquifer System),121,250,-24.25,-54.75
0,Central Parana Basin and Torres Syncline (Guarani Aquifer System),121,251,-24.25,-54.25
0,Central Parana Basin and Torres Syncline (Guarani Aquifer System),121,252,-24.25,-53.75
0,Central Parana Basin and Torres Syncline (Guarani Aquifer System),121,253,-24.25,-53.25
0,Central Parana Basin and Torres Syncline (Guarani Aquifer System),121,254,-24.25,-52.75
0,Central Parana Basin and Torres Syncline (Guarani Aquifer System),121,255,-24.25,-52.25
0,Central Parana Basin and Torres Syncline (Guarani Aquifer System),121,256,-24.25,-51.75
0,Central Parana Basin and Torres Syncline (Guarani Aquifer System),122,247,-23.75,-56.25
0,Central Parana Basin and Torres Syncline (Guarani Aquifer System),122,248,-23.75,-55.75
0,Central Parana Basin and Torres Syncline (Guarani Aquifer System),122,249,-23.75,-55.25
0,Central Parana Basin and Torres Syncline (Guarani Aquifer System),122,250,-23.75,-54.75
0,Central Parana Basin and Torres Syncline (Guarani Aquifer System),122,251,-23.75,-54.25
0,Central Parana Basin and Torres Syncline (Guarani Aquifer System),122,252,-23.75,-53.75
0,Central Parana Basin and Torres Syncline (Guarani Aquifer System),122,253,-23.75,-53.25
0,Central Parana Basin and Torres Syncline (Guarani Aquifer System),122,254,-23.75,-52.75
0,Central Parana Basin and Torres Syncline (Guarani Aquifer System),122,255,-23.75,-52.25
0,Central Parana Basin and Torres Syncline (Guarani Aquifer System),122,256,-23.75,-51.75
0,Central Parana Basin and Torres Syncline (Guarani Aquifer System),122,257,-23.75,-51.25
0,Central Parana Basin and Torres Syncline (Guarani Aquifer System),123,247,-23.25,-56.25
0,Central Parana Basin and Torres Syncline (Guarani Aquifer System),123,248,-23.25,-55.75
0,Central Parana Basin and Torres Syncline (Guarani Aquifer System),123,249,-23.25,-55.25
0,Central Parana Basin and Torres Syncline (Guarani Aquifer System),123,250,-23.25,-54.75
0,Central Parana Basin and Torres Syncline (Guarani Aquifer System),123,251,-23.25,-54.25
0,Central Parana Basin and Torres Syncline (Guarani Aquifer System),123,252,-23.25,-53.75
0,Central Parana Basin and Torres Syncline (Guarani Aquifer System),123,253,-23.25,-53.25
0,Central Parana Basin and Torres Syncline (Guarani Aquifer System),123,254,-23.25,-52.75
0,Central Parana Basin and Torres Syncline (Guarani Aquifer System),123,255,-23.25,-52.25
0,Central Parana Basin and Torres Syncline (Guarani Aquifer System),123,256,-23.25,-51.75
0,Central Parana Basin and Torres Syncline (Guarani Aquifer System),123,257,-23.25,-51.25
0,Central Parana Basin and Torres Syncline (Guarani Aquifer System),123,258,-23.25,-50.75
0,Central Parana Basin and Torres Syncline (Guarani Aquifer System),123,259,-23.25,-50.25
0,Central Parana Basin and Torres Syncline (Guarani Aquifer System),124,248,-22.75,-55.75
0,Central Parana Basin and Torres Syncline (Guarani Aquifer System),124,249,-22.75,-55.25
0,Central Parana Basin and Torres Syncline (Guarani Aquifer System),124,250,-22.75,-54.75
0,Central Parana Basin and Torres Syncline (Guarani Aquifer System),124,251,-22.75,-54.25
0,Central Parana Basin and Torres Syncline (Guarani Aquifer System),124,252,-22.75,-53.75
0,Central Parana Basin and Torres Syncline (Guarani Aquifer System),124,253,-22.75,-53.25
0,Central Parana Basin and Torres Syncline (Guarani Aquifer System),124,254,-22.75,-52.75
0,Central Parana Basin and Torres Syncline (Guarani Aquifer System),124,255,-22.75,-52.25
0,Central Parana Basin and Torres Syncline (Guarani Aquifer System),124,256,-22.75,-51.75
0,Central Parana Basin and Torres Syncline (Guarani Aquifer System),124,257,-22.75,-51.25
0,Central Parana Basin and Torres Syncline (Guarani Aquifer System),125,248,-22.25,-55.75
0,Central Parana Basin and Torres Syncline (Guarani Aquifer System),125,249,-22.25,-55.25
0,Central Parana Basin and Torres Syncline (Guarani Aquifer System),125,250,-22.25,-54.75
0,Central Parana Basin and Torres Syncline (Guarani Aquifer System),125,251,-22.25,-54.25
0,Central Parana Basin and Torres Syncline (Guarani Aquifer System),125,252,-22.25,-53.75
0,Central Parana Basin and Torres Syncline (Guarani Aquifer System),125,253,-22.25,-53.25
0,Central Parana Basin and Torres Syncline (Guarani Aquifer System),125,254,-22.25,-52.75
0,Central Parana Basin and Torres Syncline (Guarani Aquifer System),126,248,-21.75,-55.75
0,Central Parana Basin and Torres Syncline (Guarani Aquifer System),126,249,-21.75,-55.25
0,Central Parana Basin and Torres Syncline (Guarani Aquifer System),126,250,-21.75,-54.75
0,Central Parana Basin and Torres Syncline (Guarani Aquifer System),126,251,-21.75,-54.25
0,Central Parana Basin and Torres Syncline (Guarani Aquifer System),126,252,-21.75,-53.75
0,Central Parana Basin and Torres Syncline (Guarani Aquifer System),126,253,-21.75,-53.25
0,Central Parana Basin and Torres Syncline (Guarani Aquifer System),126,254,-21.75,-52.75
0,Central Parana Basin and Torres Syncline (Guarani Aquifer System),126,255,-21.75,-52.25
0,Central Parana Basin and Torres Syncline (Guarani Aquifer System),127,248,-21.25,-55.75
0,Central Parana Basin and Torres Syncline (Guarani Aquifer System),127,249,-21.25,-55.25
0,Central Parana Basin and Torres Syncline (Guarani Aquifer System),127,250,-21.25,-54.75
0,Central Parana Basin and Torres Syncline (Guarani Aquifer System),128,249,-20.75,-55.25
0,Central Parana Basin and Torres Syncline (Guarani Aquifer System),128,250,-20.75,-54.75
1,Northern Guarani Aquifer (Guarani Aquifer System),123,261,-23.25,-49.25
1,Northern Guarani Aquifer (Guarani Aquifer System),124,258,-22.75,-50.75
1,Northern Guarani Aquifer (Guarani Aquifer System),124,259,-22.75,-50.25
1,Northern Guarani Aquifer (Guarani Aquifer System),124,260,-22.75,-49.75
1,Northern Guarani Aquifer (Guarani Aquifer System),124,261,-22.75,-49.25
1,Northern Guarani Aquifer (Guarani Aquifer System),124,262,-22.75,-48.75
1,Northern Guarani Aquifer (Guarani Aquifer System),124,263,-22.75,-48.25
1,Northern Guarani Aquifer (Guarani Aquifer System),124,264,-22.75,-47.75
1,Northern Guarani Aquifer (Guarani Aquifer System),125,255,-22.25,-52.25
1,Northern Guarani Aquifer (Guarani Aquifer System),125,256,-22.25,-51.75
1,Northern Guarani Aquifer (Guarani Aquifer System),125,257,-22.25,-51.25
1,Northern Guarani Aquifer (Guarani Aquifer System),125,258,-22.25,-50.75
1,Northern Guarani Aquifer (Guarani Aquifer System),125,259,-22.25,-50.25
1,Northern Guarani Aquifer (Guarani Aquifer System),125,260,-22.25,-49.75
1,Northern Guarani Aquifer (Guarani Aquifer System),125,261,-22.25,-49.25
1,Northern Guarani Aquifer (Guarani Aquifer System),125,262,-22.25,-48.75
1,Northern Guarani Aquifer (Guarani Aquifer System),125,263,-22.25,-48.25
1,Northern Guarani Aquifer (Guarani Aquifer System),125,264,-22.25,-47.75
1,Northern Guarani Aquifer (Guarani Aquifer System),126,256,-21.75,-51.75
1,Northern Guarani Aquifer (Guarani Aquifer System),126,257,-21.75,-51.25
1,Northern Guarani Aquifer (Guarani Aquifer System),126,258,-21.75,-50.75
1,Northern Guarani Aquifer (Guarani Aquifer System),126,259,-21.75,-50.25
1,Northern Guarani Aquifer (Guarani Aquifer System),126,260,-21.75,-49.75
1,Northern Guarani Aquifer (Guarani Aquifer System),126,261,-21.75,-49.25
1,Northern Guarani Aquifer (Guarani Aquifer System),126,262,-21.75,-48.75
1,Northern Guarani Aquifer (Guarani Aquifer System),126,263,-21.75,-48.25
1,Northern Guarani Aquifer (Guarani Aquifer System),126,264,-21.75,-47.75
1,Northern Guarani Aquifer (Guarani Aquifer System),126,265,-21.75,-47.25
1,Northern Guarani Aquifer (Guarani Aquifer System),127,251,-21.25,-54.25
1,Northern Guarani Aquifer (Guarani Aquifer System),127,252,-21.25,-53.75
1,Northern Guarani Aquifer (Guarani Aquifer System),127,253,-21.25,-53.25
1,Northern Guarani Aquifer (Guarani Aquifer System),127,254,-21.25,-52.75
1,Northern Guarani Aquifer (Guarani Aquifer System),127,255,-21.25,-52.25
1,Northern Guarani Aquifer (Guarani Aquifer System),127,256,-21.25,-51.75
1,Northern Guarani Aquifer (Guarani Aquifer System),127,257,-21.25,-51.25
1,Northern Guarani Aquifer (Guarani Aquifer System),127,258,-21.25,-50.75
1,Northern Guarani Aquifer (Guarani Aquifer System),127,259,-21.25,-50.25
1,Northern Guarani Aquifer (Guarani Aquifer System),127,260,-21.25,-49.75
1,Northern Guarani Aquifer (Guarani Aquifer System),127,261,-21.25,-49.25
1,Northern Guarani Aquifer (Guarani Aquifer System),127,262,-21.25,-48.75
1,Northern Guarani Aquifer (Guarani Aquifer System),127,263,-21.25,-48.25
1,Northern Guarani Aquifer (Guarani Aquifer System),127,264,-21.25,-47.75
1,Northern Guarani Aquifer (Guarani Aquifer System),127,265,-21.25,-47.25
1,Northern Guarani Aquifer (Guarani Aquifer System),128,251,-20.75,-54.25
1,Northern Guarani Aquifer (Guarani Aquifer System),128,252,-20.75,-53.75
1,Northern Guarani Aquifer (Guarani Aquifer System),128,253,-20.75,-53.25
1,Northern Guarani Aquifer (Guarani Aquifer System),128,254,-20.75,-52.75
1,Northern Guarani Aquifer (Guarani Aquifer System),128,255,-20.75,-52.25
1,Northern Guarani Aquifer (Guarani Aquifer System),128,256,-20.75,-51.75
1,Northern Guarani Aquifer (Guarani Aquifer System),128,257,-20.75,-51.25
1,Northern Guarani Aquifer (Guarani Aquifer System),128,258,-20.75,-50.75
1,Northern Guarani Aquifer (Guarani Aquifer System),128,259,-20.75,-50.25
1,Northern Guarani Aquifer (Guarani Aquifer System),128,260,-20.75,-49.75
1,Northern Guarani Aquifer (Guarani Aquifer System),128,261,-20.75,-49.25
1,Northern Guarani Aquifer (Guarani Aquifer System),128,262,-20.75,-48.75
1,Northern Guarani Aquifer (Guarani Aquifer System),128,263,-20.75,-48.25
1,Northern Guarani Aquifer (Guarani Aquifer System),128,264,-20.75,-47.75
1,Northern Guarani Aquifer (Guarani Aquifer System),128,265,-20.75,-47.25
1,Northern Guarani Aquifer (Guarani Aquifer System),129,250,-20.25,-54.75
1,Northern Guarani Aquifer (Guarani Aquifer System),129,251,-20.25,-54.25
1,Northern Guarani Aquifer (Guarani Aquifer System),129,252,-20.25,-53.75
1,Northern Guarani Aquifer (Guarani Aquifer System),129,253,-20.25,-53.25
1,Northern Guarani Aquifer (Guarani Aquifer System),129,254,-20.25,-52.75
1,Northern Guarani Aquifer (Guarani Aquifer System),129,255,-20.25,-52.25
1,Northern Guarani Aquifer (Guarani Aquifer System),129,256,-20.25,-51.75
1,Northern Guarani Aquifer (Guarani Aquifer System),129,257,-20.25,-51.25
1,Northern Guarani Aquifer (Guarani Aquifer System),129,258,-20.25,-50.75
1,Northern Guarani Aquifer (Guarani Aquifer System),129,259,-20.25,-50.25
1,Northern Guarani Aquifer (Guarani Aquifer System),129,260,-20.25,-49.75
1,Northern Guarani Aquifer (Guarani Aquifer System),129,261,-20.25,-49.25
1,Northern Guarani Aquifer (Guarani Aquifer System),129,262,-20.25,-48.75
1,Northern Guarani Aquifer (Guarani Aquifer System),129,263,-20.25,-48.25
1,Northern Guarani Aquifer (Guarani Aquifer System),129,264,-20.25,-47.75
1,Northern Guarani Aquifer (Guarani Aquifer System),130,251,-19.75,-54.25
1,Northern Guarani Aquifer (Guarani Aquifer System),130,252,-19.75,-53.75
1,Northern Guarani Aquifer (Guarani Aquifer System),130,253,-19.75,-53.25
1,Northern Guarani Aquifer (Guarani Aquifer System),130,254,-19.75,-52.75
1,Northern Guarani Aquifer (Guarani Aquifer System),130,255,-19.75,-52.25
1,Northern Guarani Aquifer (Guarani Aquifer System),130,256,-19.75,-51.75
1,Northern Guarani Aquifer (Guarani Aquifer System),130,257,-19.75,-51.25
1,Northern Guarani Aquifer (Guarani Aquifer System),130,258,-19.75,-50.75
1,Northern Guarani Aquifer (Guarani Aquifer System),130,259,-19.75,-50.25
1,Northern Guarani Aquifer (Guarani Aquifer System),130,260,-19.75,-49.75
1,Northern Guarani Aquifer (Guarani Aquifer System),130,261,-19.75,-49.25
1,Northern Guarani Aquifer (Guarani Aquifer System),130,262,-19.75,-48.75
1,Northern Guarani Aquifer (Guarani Aquifer System),130,263,-19.75,-48.25
1,Northern Guarani Aquifer (Guarani Aquifer System),130,264,-19.75,-47.75
1,Northern Guarani Aquifer (Guarani Aquifer System),131,251,-19.25,-54.25
1,Northern Guarani Aquifer (Guarani Aquifer System),131,252,-19.25,-53.75
1,Northern Guarani Aquifer (Guarani Aquifer System),131,253,-19.25,-53.25
1,Northern Guarani Aquifer (Guarani Aquifer System),131,254,-19.25,-52.75
1,Northern Guarani Aquifer (Guarani Aquifer System),131,255,-19.25,-52.25
1,Northern Guarani Aquifer (Guarani Aquifer System),131,256,-19.25,-51.75
1,Northern Guarani Aquifer (Guarani Aquifer System),131,257,-19.25,-51.25
1,Northern Guarani Aquifer (Guarani Aquifer System),131,258,-19.25,-50.75
1,Northern Guarani Aquifer (Guarani Aquifer System),131,259,-19.25,-50.25
1,Northern Guarani Aquifer (Guarani Aquifer System),131,260,-19.25,-49.75
1,Northern Guarani Aquifer (Guarani Aquifer System),131,261,-19.25,-49.25
1,Northern Guarani Aquifer (Guarani Aquifer System),131,262,-19.25,-48.75
1,Northern Guarani Aquifer (Guarani Aquifer System),131,263,-19.25,-48.25
1,Northern Guarani Aquifer (Guarani Aquifer System),131,264,-19.25,-47.75
1,Northern Guarani Aquifer (Guarani Aquifer System),132,251,-18.75,-54.25
1,Northern Guarani Aquifer (Guarani Aquifer System),132,252,-18.75,-53.75
1,Northern Guarani Aquifer (Guarani Aquifer System),132,253,-18.75,-53.25
1,Northern Guarani Aquifer (Guarani Aquifer System),132,254,-18.75,-52.75
1,Northern Guarani Aquifer (Guarani Aquifer System),132,255,-18.75,-52.25
1,Northern Guarani Aquifer (Guarani Aquifer System),132,256,-18.75,-51.75
1,Northern Guarani Aquifer (Guarani Aquifer System),132,257,-18.75,-51.25
1,Northern Guarani Aquifer (Guarani Aquifer System),132,258,-18.75,-50.75
1,Northern Guarani Aquifer (Guarani Aquifer System),132,259,-18.75,-50.25
1,Northern Guarani Aquifer (Guarani Aquifer System),132,260,-18.75,-49.75
1,Northern Guarani Aquifer (Guarani Aquifer System),132,261,-18.75,-49.25
1,Northern Guarani Aquifer (Guarani Aquifer System),132,262,-18.75,-48.75
1,Northern Guarani Aquifer (Guarani Aquifer System),132,263,-18.75,-48.25
1,Northern Guarani Aquifer (Guarani Aquifer System),132,264,-18.75,-47.75
1,Northern Guarani Aquifer (Guarani Aquifer System),133,252,-18.25,-53.75
1,Northern Guarani Aquifer (Guarani Aquifer System),133,253,-18.25,-53.25
1,Northern Guarani Aquifer (Guarani Aquifer System),133,254,-18.25,-52.75
1,Northern Guarani Aquifer (Guarani Aquifer System),133,255,-18.25,-52.25
1,Northern Guarani Aquifer (Guarani Aquifer System),133,256,-18.25,-51.75
1,Northern Guarani Aquifer (Guarani Aquifer System),133,257,-18.25,-51.25
1,Northern Guarani Aquifer (Guarani Aquifer System),133,258,-18.25,-50.75
1,Northern Guarani Aquifer (Guarani Aquifer System),133,259,-18.25,-50.25
1,Northern Guarani Aquifer (Guarani Aquifer System),133,260,-18.25,-49.75
1,Northern Guarani Aquifer (Guarani Aquifer System),133,261,-18.25,-49.25
1,Northern Guarani Aquifer (Guarani Aquifer System),134,252,-17.75,-53.75
1,Northern Guarani Aquifer (Guarani Aquifer System),134,253,-17.75,-53.25
1,Northern Guarani Aquifer (Guarani Aquifer System),134,254,-17.75,-52.75
1,Northern Guarani Aquifer (Guarani Aquifer System),134,255,-17.75,-52.25
1,Northern Guarani Aquifer (Guarani Aquifer System),134,256,-17.75,-51.75
1,Northern Guarani Aquifer (Guarani Aquifer System),134,257,-17.75,-51.25
1,Northern Guarani Aquifer (Guarani Aquifer System),134,258,-17.75,-50.75
1,Northern Guarani Aquifer (Guarani Aquifer System),134,259,-17.75,-50.25
1,Northern Guarani Aquifer (Guarani Aquifer System),134,260,-17.75,-49.75
1,Northern Guarani Aquifer (Guarani Aquifer System),135,252,-17.25,-53.75
1,Northern Guarani Aquifer (Guarani Aquifer System),135,253,-17.25,-53.25
1,Northern Guarani Aquifer (Guarani Aquifer System),135,254,-17.25,-52.75
1,Northern Guarani Aquifer (Guarani Aquifer System),135,256,-17.25,-51.75
1,Northern Guarani Aquifer (Guarani Aquifer System),135,257,-17.25,-51.25
1,Northern Guarani Aquifer (Guarani Aquifer System),135,258,-17.25,-50.75
1,Northern Guarani Aquifer (Guarani Aquifer System),136,253,-16.75,-53.25
2,Southwestern Chaco-Lower Parana Basin (Guarani Aquifer System),105,246,-32.25,-56.75
2,Southwestern Chaco-Lower Parana Basin (Guarani Aquifer System),105,247,-32.25,-56.25
2,Southwestern Chaco-Lower Parana Basin (Guarani Aquifer System),106,244,-31.75,-57.75
2,Southwestern Chaco-Lower Parana Basin (Guarani Aquifer System),106,245,-31.75,-57.25
2,Southwestern Chaco-Lower Parana Basin (Guarani Aquifer System),106,246,-31.75,-56.75
2,Southwestern Chaco-Lower Parana Basin (Guarani Aquifer System),106,247,-31.75,-56.25
2,Southwestern Chaco-Lower Parana Basin (Guarani Aquifer System),106,248,-31.75,-55.75
2,Southwestern Chaco-Lower Parana Basin (Guarani Aquifer System),107,243,-31.25,-58.25
2,Southwestern Chaco-Lower Parana Basin (Guarani Aquifer System),107,244,-31.25,-57.75
2,Southwestern Chaco-Lower Parana Basin (Guarani Aquifer System),107,245,-31.25,-57.25
2,Southwestern Chaco-Lower Parana Basin (Guarani Aquifer System),107,246,-31.25,-56.75
2,Southwestern Chaco-Lower Parana Basin (Guarani Aquifer System),107,247,-31.25,-56.25
2,Southwestern Chaco-Lower Parana Basin (Guarani Aquifer System),107,248,-31.25,-55.75
2,Southwestern Chaco-Lower Parana Basin (Guarani Aquifer System),108,242,-30.75,-58.75
2,Southwestern Chaco-Lower Parana Basin (Guarani Aquifer System),108,243,-30.75,-58.25
2,Southwestern Chaco-Lower Parana Basin (Guarani Aquifer System),108,244,-30.75,-57.75
2,Southwestern Chaco-Lower Parana Basin (Guarani Aquifer System),108,245,-30.75,-57.25
2,Southwestern Chaco-Lower Parana Basin (Guarani Aquifer System),108,246,-30.75,-56.75
2,Southwestern Chaco-Lower Parana Basin (Guarani Aquifer System),108,247,-30.75,-56.25
2,Southwestern Chaco-Lower Parana Basin (Guarani Aquifer System),108,248,-30.75,-55.75
2,Southwestern Chaco-Lower Parana Basin (Guarani Aquifer System),108,249,-30.75,-55.25
2,Southwestern Chaco-Lower Parana Basin (Guarani Aquifer System),109,240,-30.25,-59.75
2,Southwestern Chaco-Lower Parana Basin (Guarani Aquifer System),109,241,-30.25,-59.25
2,Southwestern Chaco-Lower Parana Basin (Guarani Aquifer System),109,242,-30.25,-58.75
2,Southwestern Chaco-Lower Parana Basin (Guarani Aquifer System),109,243,-30.25,-58.25
2,Southwestern Chaco-Lower Parana Basin (Guarani Aquifer System),109,244,-30.25,-57.75
2,Southwestern Chaco-Lower Parana Basin (Guarani Aquifer System),109,245,-30.25,-57.25
2,Southwestern Chaco-Lower Parana Basin (Guarani Aquifer System),109,246,-30.25,-56.75
2,Southwestern Chaco-Lower Parana Basin (Guarani Aquifer System),109,247,-30.25,-56.25
2,Southwestern Chaco-Lower Parana Basin (Guarani Aquifer System),109,248,-30.25,-55.75
2,Southwestern Chaco-Lower Parana Basin (Guarani Aquifer System),109,249,-30.25,-55.25
2,Southwestern Chaco-Lower Parana Basin (Guarani Aquifer System),110,238,-29.75,-60.75
2,Southwestern Chaco-Lower Parana Basin (Guarani Aquifer System),110,239,-29.75,-60.25
2,Southwestern Chaco-Lower Parana Basin (Guarani Aquifer System),110,240,-29.75,-59.75
2,Southwestern Chaco-Lower Parana Basin (Guarani Aquifer System),110,241,-29.75,-59.25
2,Southwestern Chaco-Lower Parana Basin (Guarani Aquifer System),110,242,-29.75,-58.75
2,Southwestern Chaco-Lower Parana Basin (Guarani Aquifer System),110,243,-29.75,-58.25
2,Southwestern Chaco-Lower Parana Basin (Guarani Aquifer System),110,244,-29.75,-57.75
2,Southwestern Chaco-Lower Parana Basin (Guarani Aquifer System),110,245,-29.75,-57.25
2,Southwestern Chaco-Lower Parana Basin (Guarani Aquifer System),110,246,-29.75,-56.75
2,Southwestern Chaco-Lower Parana Basin (Guarani Aquifer System),110,247,-29.75,-56.25
2,Southwestern Chaco-Lower Parana Basin (Guarani Aquifer System),110,248,-29.75,-55.75
2,Southwestern Chaco-Lower Parana Basin (Guarani Aquifer System),110,249,-29.75,-55.25
2,Southwestern Chaco-Lower Parana Basin (Guarani Aquifer System),110,250,-29.75,-54.75
2,Southwestern Chaco-Lower Parana Basin (Guarani Aquifer System),111,237,-29.25,-61.25
2,Southwestern Chaco-Lower Parana Basin (Guarani Aquifer System),111,238,-29.25,-60.75
2,Southwestern Chaco-Lower Parana Basin (Guarani Aquifer System),111,239,-29.25,-60.25
2,Southwestern Chaco-Lower Parana Basin (Guarani Aquifer System),111,240,-29.25,-59.75
2,Southwestern Chaco-Lower Parana Basin (Guarani Aquifer System),111,241,-29.25,-59.25
2,Southwestern Chaco-Lower Parana Basin (Guarani Aquifer System),111,242,-29.25,-58.75
2,Southwestern Chaco-Lower Parana Basin (Guarani Aquifer System),111,243,-29.25,-58.25
2,Southwestern Chaco-Lower Parana Basin (Guarani Aquifer System),111,244,-29.25,-57.75
2,Southwestern Chaco-Lower Parana Basin (Guarani Aquifer System),111,245,-29.25,-57.25
2,Southwestern Chaco-Lower Parana Basin (Guarani Aquifer System),111,246,-29.25,-56.75
2,Southwestern Chaco-Lower Parana Basin (Guarani Aquifer System),111,247,-29.25,-56.25
2,Southwestern Chaco-Lower Parana Basin (Guarani Aquifer System),111,248,-29.25,-55.75
2,Southwestern Chaco-Lower Parana Basin (Guarani Aquifer System),111,249,-29.25,-55.25
2,Southwestern Chaco-Lower Parana Basin (Guarani Aquifer System),112,237,-28.75,-61.25
2,Southwestern Chaco-Lower Parana Basin (Guarani Aquifer System),112,238,-28.75,-60.75
2,Southwestern Chaco-Lower Parana Basin (Guarani Aquifer System),112,239,-28.75,-60.25
2,Southwestern Chaco-Lower Parana Basin (Guarani Aquifer System),112,240,-28.75,-59.75
2,Southwestern Chaco-Lower Parana Basin (Guarani Aquifer System),112,241,-28.75,-59.25
2,Southwestern Chaco-Lower Parana Basin (Guarani Aquifer System),112,242,-28.75,-58.75
2,Southwestern Chaco-Lower Parana Basin (Guarani Aquifer System),112,243,-28.75,-58.25
2,Southwestern Chaco-Lower Parana Basin (Guarani Aquifer System),112,244,-28.75,-57.75
2,Southwestern Chaco-Lower Parana Basin (Guarani Aquifer System),112,245,-28.75,-57.25
2,Southwestern Chaco-Lower Parana Basin (Guarani Aquifer System),112,246,-28.75,-56.75
2,Southwestern Chaco-Lower Parana Basin (Guarani Aquifer System),112,247,-28.75,-56.25
2,Southwestern Chaco-Lower Parana Basin (Guarani Aquifer System),112,248,-28.75,-55.75
2,Southwestern Chaco-Lower Parana Basin (Guarani Aquifer System),113,236,-28.25,-61.75
2,Southwestern Chaco-Lower Parana Basin (Guarani Aquifer System),113,237,-28.25,-61.25
2,Southwestern Chaco-Lower Parana Basin (Guarani Aquifer System),113,238,-28.25,-60.75
2,Southwestern Chaco-Lower Parana Basin (Guarani Aquifer System),113,239,-28.25,-60.25
2,Southwestern Chaco-Lower Parana Basin (Guarani Aquifer System),113,240,-28.25,-59.75
2,Southwestern Chaco-Lower Parana Basin (Guarani Aquifer System),113,241,-28.25,-59.25
2,Southwestern Chaco-Lower Parana Basin (Guarani Aquifer System),113,242,-28.25,-58.75
2,Southwestern Chaco-Lower Parana Basin (Guarani Aquifer System),113,243,-28.25,-58.25
2,Southwestern Chaco-Lower Parana Basin (Guarani Aquifer System),113,244,-28.25,-57.75
2,Southwestern Chaco-Lower Parana Basin (Guarani Aquifer System),113,245,-28.25,-57.25
2,Southwestern Chaco-Lower Parana Basin (Guarani Aquifer System),113,246,-28.25,-56.75
2,Southwestern Chaco-Lower Parana Basin (Guarani Aquifer System),113,247,-28.25,-56.25
2,Southwestern Chaco-Lower Parana Basin (Guarani Aquifer System),114,237,-27.75,-61.25
2,Southwestern Chaco-Lower Parana Basin (Guarani Aquifer System),114,238,-27.75,-60.75
2,Southwestern Chaco-Lower Parana Basin (Guarani Aquifer System),114,239,-27.75,-60.25
2,Southwestern Chaco-Lower Parana Basin (Guarani Aquifer System),114,240,-27.75,-59.75
2,Southwestern Chaco-Lower Parana Basin (Guarani Aquifer System),114,241,-27.75,-59.25
2,Southwestern Chaco-Lower Parana Basin (Guarani Aquifer System),114,242,-27.75,-58.75
2,Southwestern Chaco-Lower Parana Basin (Guarani Aquifer System),114,243,-27.75,-58.25
2,Southwestern Chaco-Lower Parana Basin (Guarani Aquifer System),114,244,-27.75,-57.75
2,Southwestern Chaco-Lower Parana Basin (Guarani Aquifer System),114,245,-27.75,-57.25
2,Southwestern Chaco-Lower Parana Basin (Guarani Aquifer System),114,246,-27.75,-56.75
2,Southwestern Chaco-Lower Parana Basin (Guarani Aquifer System),114,247,-27.75,-56.25
2,Southwestern Chaco-Lower Parana Basin (Guarani Aquifer System),115,237,-27.25,-61.25
2,Southwestern Chaco-Lower Parana Basin (Guarani Aquifer System),115,238,-27.25,-60.75
2,Southwestern Chaco-Lower Parana Basin (Guarani Aquifer System),115,239,-27.25,-60.25
2,Southwestern Chaco-Lower Parana Basin (Guarani Aquifer System),115,240,-27.25,-59.75
2,Southwestern Chaco-Lower Parana Basin (Guarani Aquifer System),115,241,-27.25,-59.25
2,Southwestern Chaco-Lower Parana Basin (Guarani Aquifer System),115,242,-27.25,-58.75
2,Southwestern Chaco-Lower Parana Basin (Guarani Aquifer System),115,243,-27.25,-58.25
2,Southwestern Chaco-Lower Parana Basin (Guarani Aquifer System),115,244,-27.25,-57.75
2,Southwestern Chaco-Lower Parana Basin (Guarani Aquifer System),115,245,-27.25,-57.25
2,Southwestern Chaco-Lower Parana Basin (Guarani Aquifer System),115,246,-27.25,-56.75
2,Southwestern Chaco-Lower Parana Basin (Guarani Aquifer System),115,247,-27.25,-56.25
2,Southwestern Chaco-Lower Parana Basin (Guarani Aquifer System),116,237,-26.75,-61.25
2,Southwestern Chaco-Lower Parana Basin (Guarani Aquifer System),116,238,-26.75,-60.75
2,Southwestern Chaco-Lower Parana Basin (Guarani Aquifer System),116,239,-26.75,-60.25
2,Southwestern Chaco-Lower Parana Basin (Guarani Aquifer System),116,240,-26.75,-59.75
2,Southwestern Chaco-Lower Parana Basin (Guarani Aquifer System),116,241,-26.75,-59.25
2,Southwestern Chaco-Lower Parana Basin (Guarani Aquifer System),116,242,-26.75,-58.75
2,Southwestern Chaco-Lower Parana Basin (Guarani Aquifer System),116,243,-26.75,-58.25
2,Southwestern Chaco-Lower Parana Basin (Guarani Aquifer System),116,244,-26.75,-57.75
2,Southwestern Chaco-Lower Parana Basin (Guarani Aquifer System),116,245,-26.75,-57.25
2,Southwestern Chaco-Lower Parana Basin (Guarani Aquifer System),117,238,-26.25,-60.75
2,Southwestern Chaco-Lower Parana Basin (Guarani Aquifer System),117,239,-26.25,-60.25
2,Southwestern Chaco-Lower Parana Basin (Guarani Aquifer System),117,240,-26.25,-59.75
2,Southwestern Chaco-Lower Parana Basin (Guarani Aquifer System),117,241,-26.25,-59.25
2,Southwestern Chaco-Lower Parana Basin (Guarani Aquifer System),117,242,-26.25,-58.75
2,Southwestern Chaco-Lower Parana Basin (Guarani Aquifer System),117,243,-26.25,-58.25
2,Southwestern Chaco-Lower Parana Basin (Guarani Aquifer System),118,240,-25.75,-59.75
2,Southwestern Chaco-Lower Parana Basin (Guarani Aquifer System),118,241,-25.75,-59.25
2,Southwestern Chaco-Lower Parana Basin (Guarani Aquifer System),118,242,-25.75,-58.75
2,Southwestern Chaco-Lower Parana Basin (Guarani Aquifer System),118,243,-25.75,-58.25
3,Amazonas Basin and Alter de Chao Aquifer System (Amazon Aquifer System),158,240,-5.75,-59.75
3,Amazonas Basin and Alter de Chao Aquifer System (Amazon Aquifer System),159,241,-5.25,-59.25
3,Amazonas Basin and Alter de Chao Aquifer System (Amazon Aquifer System),159,242,-5.25,-58.75
3,Amazonas Basin and Alter de Chao Aquifer System (Amazon Aquifer System),159,243,-5.25,-58.25
3,Amazonas Basin and Alter de Chao Aquifer System (Amazon Aquifer System),160,241,-4.75,-59.25
3,Amazonas Basin and Alter de Chao Aquifer System (Amazon Aquifer System),160,242,-4.75,-58.75
3,Amazonas Basin and Alter de Chao Aquifer System (Amazon Aquifer System),160,243,-4.75,-58.25
3,Amazonas Basin and Alter de Chao Aquifer System (Amazon Aquifer System),161,242,-4.25,-58.75
3,Amazonas Basin and Alter de Chao Aquifer System (Amazon Aquifer System),161,243,-4.25,-58.25
3,Amazonas Basin and Alter de Chao Aquifer System (Amazon Aquifer System),161,244,-4.25,-57.75
3,Amazonas Basin and Alter de Chao Aquifer System (Amazon Aquifer System),161,245,-4.25,-57.25
3,Amazonas Basin and Alter de Chao Aquifer System (Amazon Aquifer System),161,246,-4.25,-56.75
3,Amazonas Basin and Alter de Chao Aquifer System (Amazon Aquifer System),162,243,-3.75,-58.25
3,Amazonas Basin and Alter de Chao Aquifer System (Amazon Aquifer System),162,244,-3.75,-57.75
3,Amazonas Basin and Alter de Chao Aquifer System (Amazon Aquifer System),162,245,-3.75,-57.25
3,Amazonas Basin and Alter de Chao Aquifer System (Amazon Aquifer System),162,246,-3.75,-56.75
3,Amazonas Basin and Alter de Chao Aquifer System (Amazon Aquifer System),162,247,-3.75,-56.25
3,Amazonas Basin and Alter de Chao Aquifer System (Amazon Aquifer System),162,248,-3.75,-55.75
3,Amazonas Basin and Alter de Chao Aquifer System (Amazon Aquifer System),162,249,-3.75,-55.25
3,Amazonas Basin and Alter de Chao Aquifer System (Amazon Aquifer System),162,250,-3.75,-54.75
3,Amazonas Basin and Alter de Chao Aquifer System (Amazon Aquifer System),162,251,-3.75,-54.25
3,Amazonas Basin and Alter de Chao Aquifer System (Amazon Aquifer System),162,252,-3.75,-53.75
3,Amazonas Basin and Alter de Chao Aquifer System (Amazon Aquifer System),163,239,-3.25,-60.25
3,Amazonas Basin and Alter de Chao Aquifer System (Amazon Aquifer System),163,240,-3.25,-59.75
3,Amazonas Basin and Alter de Chao Aquifer System (Amazon Aquifer System),163,241,-3.25,-59.25
3,Amazonas Basin and Alter de Chao Aquifer System (Amazon Aquifer System),163,242,-3.25,-58.75
3,Amazonas Basin and Alter de Chao Aquifer System (Amazon Aquifer System),163,243,-3.25,-58.25
3,Amazonas Basin and Alter de Chao Aquifer System (Amazon Aquifer System),163,244,-3.25,-57.75
3,Amazonas Basin and Alter de Chao Aquifer System (Amazon Aquifer System),163,245,-3.25,-57.25
3,Amazonas Basin and Alter de Chao Aquifer System (Amazon Aquifer System),163,246,-3.25,-56.75
3,Amazonas Basin and Alter de Chao Aquifer System (Amazon Aquifer System),163,247,-3.25,-56.25
3,Amazonas Basin and Alter de Chao Aquifer System (Amazon Aquifer System),163,248,-3.25,-55.75
3,Amazonas Basin and Alter de Chao Aquifer System (Amazon Aquifer System),163,249,-3.25,-55.25
3,Amazonas Basin and Alter de Chao Aquifer System (Amazon Aquifer System),163,250,-3.25,-54.75
3,Amazonas Basin and Alter de Chao Aquifer System (Amazon Aquifer System),163,251,-3.25,-54.25
3,Amazonas Basin and Alter de Chao Aquifer System (Amazon Aquifer System),163,252,-3.25,-53.75
3,Amazonas Basin and Alter de Chao Aquifer System (Amazon Aquifer System),163,253,-3.25,-53.25
3,Amazonas Basin and Alter de Chao Aquifer System (Amazon Aquifer System),163,254,-3.25,-52.75
3,Amazonas Basin and Alter de Chao Aquifer System (Amazon Aquifer System),163,255,-3.25,-52.25
3,Amazonas Basin and Alter de Chao Aquifer System (Amazon Aquifer System),163,259,-3.25,-50.25
3,Amazonas Basin and Alter de Chao Aquifer System (Amazon Aquifer System),164,237,-2.75,-61.25
3,Amazonas Basin and Alter de Chao Aquifer System (Amazon Aquifer System),164,238,-2.75,-60.75
3,Amazonas Basin and Alter de Chao Aquifer System (Amazon Aquifer System),164,239,-2.75,-60.25
3,Amazonas Basin and Alter de Chao Aquifer System (Amazon Aquifer System),164,240,-2.75,-59.75
3,Amazonas Basin and Alter de Chao Aquifer System (Amazon Aquifer System),164,241,-2.75,-59.25
3,Amazonas Basin and Alter de Chao Aquifer System (Amazon Aquifer System),164,242,-2.75,-58.75
3,Amazonas Basin and Alter de Chao Aquifer System (Amazon Aquifer System),164,243,-2.75,-58.25
3,Amazonas Basin and Alter de Chao Aquifer System (Amazon Aquifer System),164,244,-2.75,-57.75
3,Amazonas Basin and Alter de Chao Aquifer System (Amazon Aquifer System),164,245,-2.75,-57.25
3,Amazonas Basin and Alter de Chao Aquifer System (Amazon Aquifer System),164,246,-2.75,-56.75
3,Amazonas Basin and Alter de Chao Aquifer System (Amazon Aquifer System),164,247,-2.75,-56.25
3,Amazonas Basin and Alter de Chao Aquifer System (Amazon Aquifer System),164,248,-2.75,-55.75
3,Amazonas Basin and Alter de Chao Aquifer System (Amazon Aquifer System),164,249,-2.75,-55.25
3,Amazonas Basin and Alter de Chao Aquifer System (Amazon Aquifer System),164,250,-2.75,-54.75
3,Amazonas Basin and Alter de Chao Aquifer System (Amazon Aquifer System),164,251,-2.75,-54.25
3,Amazonas Basin and Alter de Chao Aquifer System (Amazon Aquifer System),164,252,-2.75,-53.75
3,Amazonas Basin and Alter de Chao Aquifer System (Amazon Aquifer System),164,253,-2.75,-53.25
3,Amazonas Basin and Alter de Chao Aquifer System (Amazon Aquifer System),164,254,-2.75,-52.75
3,Amazonas Basin and Alter de Chao Aquifer System (Amazon Aquifer System),164,255,-2.75,-52.25
3,Amazonas Basin and Alter de Chao Aquifer System (Amazon Aquifer System),164,256,-2.75,-51.75
3,Amazonas Basin and Alter de Chao Aquifer System (Amazon Aquifer System),164,257,-2.75,-51.25
3,Amazonas Basin and Alter de Chao Aquifer System (Amazon Aquifer System),164,258,-2.75,-50.75
3,Amazonas Basin and Alter de Chao Aquifer System (Amazon Aquifer System),164,259,-2.75,-50.25
3,Amazonas Basin and Alter de Chao Aquifer System (Amazon Aquifer System),165,236,-2.25,-61.75
3,Amazonas Basin and Alter de Chao Aquifer System (Amazon Aquifer System),165,237,-2.25,-61.25
3,Amazonas Basin and Alter de Chao Aquifer System (Amazon Aquifer System),165,239,-2.25,-60.25
3,Amazonas Basin and Alter de Chao Aquifer System (Amazon Aquifer System),165,240,-2.25,-59.75
3,Amazonas Basin and Alter de Chao Aquifer System (Amazon Aquifer System),165,241,-2.25,-59.25
3,Amazonas Basin and Alter de Chao Aquifer System (Amazon Aquifer System),165,242,-2.25,-58.75
3,Amazonas Basin and Alter de Chao Aquifer System (Amazon Aquifer System),165,243,-2.25,-58.25
3,Amazonas Basin and Alter de Chao Aquifer System (Amazon Aquifer System),165,244,-2.25,-57.75
3,Amazonas Basin and Alter de Chao Aquifer System (Amazon Aquifer System),165,245,-2.25,-57.25
3,Amazonas Basin and Alter de Chao Aquifer System (Amazon Aquifer System),165,246,-2.25,-56.75
3,Amazonas Basin and Alter de Chao Aquifer System (Amazon Aquifer System),165,247,-2.25,-56.25
3,Amazonas Basin and Alter de Chao Aquifer System (Amazon Aquifer System),165,248,-2.25,-55.75
3,Amazonas Basin and Alter de Chao Aquifer System (Amazon Aquifer System),165,249,-2.25,-55.25
3,Amazonas Basin and Alter de Chao Aquifer System (Amazon Aquifer System),165,250,-2.25,-54.75
3,Amazonas Basin and Alter de Chao Aquifer System (Amazon Aquifer System),165,251,-2.25,-54.25
3,Amazonas Basin and Alter de Chao Aquifer System (Amazon Aquifer System),165,252,-2.25,-53.75
3,Amazonas Basin and Alter de Chao Aquifer System (Amazon Aquifer System),165,253,-2.25,-53.25
3,Amazonas Basin and Alter de Chao Aquifer System (Amazon Aquifer System),165,254,-2.25,-52.75
3,Amazonas Basin and Alter de Chao Aquifer System (Amazon Aquifer System),165,255,-2.25,-52.25
3,Amazonas Basin and Alter de Chao Aquifer System (Amazon Aquifer System),165,256,-2.25,-51.75
3,Amazonas Basin and Alter de Chao Aquifer System (Amazon Aquifer System),165,257,-2.25,-51.25
3,Amazonas Basin and Alter de Chao Aquifer System (Amazon Aquifer System),166,243,-1.75,-58.25
3,Amazonas Basin and Alter de Chao Aquifer System (Amazon Aquifer System),166,244,-1.75,-57.75
3,Amazonas Basin and Alter de Chao Aquifer System (Amazon Aquifer System),166,245,-1.75,-57.25
3,Amazonas Basin and Alter de Chao Aquifer System (Amazon Aquifer System),166,246,-1.75,-56.75
3,Amazonas Basin and Alter de Chao Aquifer System (Amazon Aquifer System),166,247,-1.75,-56.25
3,Amazonas Basin and Alter de Chao Aquifer System (Amazon Aquifer System),166,248,-1.75,-55.75
3,Amazonas Basin and Alter de Chao Aquifer System (Amazon Aquifer System),166,249,-1.75,-55.25
3,Amazonas Basin and Alter de Chao Aquifer System (Amazon Aquifer System),166,252,-1.75,-53.75
3,Amazonas Basin and Alter de Chao Aquifer System (Amazon Aquifer System),166,253,-1.75,-53.25
3,Amazonas Basin and Alter de Chao Aquifer System (Amazon Aquifer System),166,254,-1.75,-52.75
3,Amazonas Basin and Alter de Chao Aquifer System (Amazon Aquifer System),166,255,-1.75,-52.25
3,Amazonas Basin and Alter de Chao Aquifer System (Amazon Aquifer System),166,256,-1.75,-51.75
3,Amazonas Basin and Alter de Chao Aquifer System (Amazon Aquifer System),167,253,-1.25,-53.25
3,Amazonas Basin and Alter de Chao Aquifer System (Amazon Aquifer System),167,254,-1.25,-52.75
3,Amazonas Basin and Alter de Chao Aquifer System (Amazon Aquifer System),167,255,-1.25,-52.25
3,Amazonas Basin and Alter de Chao Aquifer System (Amazon Aquifer System),168,255,-0.75,-52.25
3,Amazonas Basin and Alter de Chao Aquifer System (Amazon Aquifer System),168,256,-0.75,-51.75
4,Poolowanna Trough and Western Eromanga Basin (Great Artesian Basin),110,635,-29.75,137.75
4,Poolowanna Trough and Western Eromanga Basin (Great Artesian Basin),110,637,-29.75,138.75
4,Poolowanna Trough and Western Eromanga Basin (Great Artesian Basin),110,638,-29.75,139.25
4,Poolowanna Trough and Western Eromanga Basin (Great Artesian Basin),110,639,-29.75,139.75
4,Poolowanna Trough and Western Eromanga Basin (Great Artesian Basin),111,633,-29.25,136.75
4,Poolowanna Trough and Western Eromanga Basin (Great Artesian Basin),111,634,-29.25,137.25
4,Poolowanna Trough and Western Eromanga Basin (Great Artesian Basin),111,635,-29.25,137.75
4,Poolowanna Trough and Western Eromanga Basin (Great Artesian Basin),111,636,-29.25,138.25
4,Poolowanna Trough and Western Eromanga Basin (Great Artesian Basin),111,637,-29.25,138.75
4,Poolowanna Trough and Western Eromanga Basin (Great Artesian Basin),111,638,-29.25,139.25
4,Poolowanna Trough and Western Eromanga Basin (Great Artesian Basin),111,639,-29.25,139.75
4,Poolowanna Trough and Western Eromanga Basin (Great Artesian Basin),112,632,-28.75,136.25
4,Poolowanna Trough and Western Eromanga Basin (Great Artesian Basin),112,633,-28.75,136.75
4,Poolowanna Trough and Western Eromanga Basin (Great Artesian Basin),112,634,-28.75,137.25
4,Poolowanna Trough and Western Eromanga Basin (Great Artesian Basin),112,635,-28.75,137.75
4,Poolowanna Trough and Western Eromanga Basin (Great Artesian Basin),112,636,-28.75,138.25
4,Poolowanna Trough and Western Eromanga Basin (Great Artesian Basin),112,637,-28.75,138.75
4,Poolowanna Trough and Western Eromanga Basin (Great Artesian Basin),113,632,-28.25,136.25
4,Poolowanna Trough and Western Eromanga Basin (Great Artesian Basin),113,633,-28.25,136.75
4,Poolowanna Trough and Western Eromanga Basin (Great Artesian Basin),113,634,-28.25,137.25
4,Poolowanna Trough and Western Eromanga Basin (Great Artesian Basin),113,635,-28.25,137.75
4,Poolowanna Trough and Western Eromanga Basin (Great Artesian Basin),113,636,-28.25,138.25
4,Poolowanna Trough and Western Eromanga Basin (Great Artesian Basin),113,637,-28.25,138.75
4,Poolowanna Trough and Western Eromanga Basin (Great Artesian Basin),114,631,-27.75,135.75
4,Poolowanna Trough and Western Eromanga Basin (Great Artesian Basin),114,632,-27.75,136.25
4,Poolowanna Trough and Western Eromanga Basin (Great Artesian Basin),114,633,-27.75,136.75
4,Poolowanna Trough and Western Eromanga Basin (Great Artesian Basin),114,634,-27.75,137.25
4,Poolowanna Trough and Western Eromanga Basin (Great Artesian Basin),114,635,-27.75,137.75
4,Poolowanna Trough and Western Eromanga Basin (Great Artesian Basin),114,636,-27.75,138.25
4,Poolowanna Trough and Western Eromanga Basin (Great Artesian Basin),114,637,-27.75,138.75
4,Poolowanna Trough and Western Eromanga Basin (Great Artesian Basin),114,638,-27.75,139.25
4,Poolowanna Trough and Western Eromanga Basin (Great Artesian Basin),115,630,-27.25,135.25
4,Poolowanna Trough and Western Eromanga Basin (Great Artesian Basin),115,631,-27.25,135.75
4,Poolowanna Trough and Western Eromanga Basin (Great Artesian Basin),115,632,-27.25,136.25
4,Poolowanna Trough and Western Eromanga Basin (Great Artesian Basin),115,633,-27.25,136.75
4,Poolowanna Trough and Western Eromanga Basin (Great Artesian Basin),115,634,-27.25,137.25
4,Poolowanna Trough and Western Eromanga Basin (Great Artesian Basin),115,635,-27.25,137.75
4,Poolowanna Trough and Western Eromanga Basin (Great Artesian Basin),115,636,-27.25,138.25
4,Poolowanna Trough and Western Eromanga Basin (Great Artesian Basin),115,637,-27.25,138.75
4,Poolowanna Trough and Western Eromanga Basin (Great Artesian Basin),115,638,-27.25,139.25
4,Poolowanna Trough and Western Eromanga Basin (Great Artesian Basin),116,627,-26.75,133.75
4,Poolowanna Trough and Western Eromanga Basin (Great Artesian Basin),116,628,-26.75,134.25
4,Poolowanna Trough and Western Eromanga Basin (Great Artesian Basin),116,629,-26.75,134.75
4,Poolowanna Trough and Western Eromanga Basin (Great Artesian Basin),116,630,-26.75,135.25
4,Poolowanna Trough and Western Eromanga Basin (Great Artesian Basin),116,631,-26.75,135.75
4,Poolowanna Trough and Western Eromanga Basin (Great Artesian Basin),116,632,-26.75,136.25
4,Poolowanna Trough and Western Eromanga Basin (Great Artesian Basin),116,633,-26.75,136.75
4,Poolowanna Trough and Western Eromanga Basin (Great Artesian Basin),116,634,-26.75,137.25
4,Poolowanna Trough and Western Eromanga Basin (Great Artesian Basin),116,635,-26.75,137.75
4,Poolowanna Trough and Western Eromanga Basin (Great Artesian Basin),116,636,-26.75,138.25
4,Poolowanna Trough and Western Eromanga Basin (Great Artesian Basin),116,637,-26.75,138.75
4,Poolowanna Trough and Western Eromanga Basin (Great Artesian Basin),116,638,-26.75,139.25
4,Poolowanna Trough and Western Eromanga Basin (Great Artesian Basin),117,628,-26.25,134.25
4,Poolowanna Trough and Western Eromanga Basin (Great Artesian Basin),117,629,-26.25,134.75
4,Poolowanna Trough and Western Eromanga Basin (Great Artesian Basin),117,630,-26.25,135.25
4,Poolowanna Trough and Western Eromanga Basin (Great Artesian Basin),117,631,-26.25,135.75
4,Poolowanna Trough and Western Eromanga Basin (Great Artesian Basin),117,632,-26.25,136.25
4,Poolowanna Trough and Western Eromanga Basin (Great Artesian Basin),117,633,-26.25,136.75
4,Poolowanna Trough and Western Eromanga Basin (Great Artesian Basin),117,634,-26.25,137.25
4,Poolowanna Trough and Western Eromanga Basin (Great Artesian Basin),117,635,-26.25,137.75
4,Poolowanna Trough and Western Eromanga Basin (Great Artesian Basin),117,636,-26.25,138.25
4,Poolowanna Trough and Western Eromanga Basin (Great Artesian Basin),117,637,-26.25,138.75
4,Poolowanna Trough and Western Eromanga Basin (Great Artesian Basin),117,638,-26.25,139.25
4,Poolowanna Trough and Western Eromanga Basin (Great Artesian Basin),118,628,-25.75,134.25
4,Poolowanna Trough and Western Eromanga Basin (Great Artesian Basin),118,629,-25.75,134.75
4,Poolowanna Trough and Western Eromanga Basin (Great Artesian Basin),118,630,-25.75,135.25
4,Poolowanna Trough and Western Eromanga Basin (Great Artesian Basin),118,631,-25.75,135.75
4,Poolowanna Trough and Western Eromanga Basin (Great Artesian Basin),118,632,-25.75,136.25
4,Poolowanna Trough and Western Eromanga Basin (Great Artesian Basin),118,633,-25.75,136.75
4,Poolowanna Trough and Western Eromanga Basin (Great Artesian Basin),118,634,-25.75,137.25
4,Poolowanna Trough and Western Eromanga Basin (Great Artesian Basin),118,635,-25.75,137.75
4,Poolowanna Trough and Western Eromanga Basin (Great Artesian Basin),118,636,-25.75,138.25
4,Poolowanna Trough and Western Eromanga Basin (Great Artesian Basin),118,637,-25.75,138.75
4,Poolowanna Trough and Western Eromanga Basin (Great Artesian Basin),118,638,-25.75,139.25
4,Poolowanna Trough and Western Eromanga Basin (Great Artesian Basin),119,629,-25.25,134.75
4,Poolowanna Trough and Western Eromanga Basin (Great Artesian Basin),119,630,-25.25,135.25
4,Poolowanna Trough and Western Eromanga Basin (Great Artesian Basin),119,631,-25.25,135.75
4,Poolowanna Trough and Western Eromanga Basin (Great Artesian Basin),119,632,-25.25,136.25
4,Poolowanna Trough and Western Eromanga Basin (Great Artesian Basin),119,633,-25.25,136.75
4,Poolowanna Trough and Western Eromanga Basin (Great Artesian Basin),119,634,-25.25,137.25
4,Poolowanna Trough and Western Eromanga Basin (Great Artesian Basin),119,635,-25.25,137.75
4,Poolowanna Trough and Western Eromanga Basin (Great Artesian Basin),119,636,-25.25,138.25
4,Poolowanna Trough and Western Eromanga Basin (Great Artesian Basin),119,637,-25.25,138.75
4,Poolowanna Trough and Western Eromanga Basin (Great Artesian Basin),119,638,-25.25,139.25
4,Poolowanna Trough and Western Eromanga Basin (Great Artesian Basin),120,631,-24.75,135.75
4,Poolowanna Trough and Western Eromanga Basin (Great Artesian Basin),120,632,-24.75,136.25
4,Poolowanna Trough and Western Eromanga Basin (Great Artesian Basin),120,633,-24.75,136.75
4,Poolowanna Trough and Western Eromanga Basin (Great Artesian Basin),120,634,-24.75,137.25
4,Poolowanna Trough and Western Eromanga Basin (Great Artesian Basin),120,635,-24.75,137.75
4,Poolowanna Trough and Western Eromanga Basin (Great Artesian Basin),120,636,-24.75,138.25
4,Poolowanna Trough and Western Eromanga Basin (Great Artesian Basin),120,637,-24.75,138.75
4,Poolowanna Trough and Western Eromanga Basin (Great Artesian Basin),121,631,-24.25,135.75
4,Poolowanna Trough and Western Eromanga Basin (Great Artesian Basin),121,632,-24.25,136.25
4,Poolowanna Trough and Western Eromanga Basin (Great Artesian Basin),121,633,-24.25,136.75
4,Poolowanna Trough and Western Eromanga Basin (Great Artesian Basin),121,634,-24.25,137.25
4,Poolowanna Trough and Western Eromanga Basin (Great Artesian Basin),121,635,-24.25,137.75
4,Poolowanna Trough and Western Eromanga Basin (Great Artesian Basin),121,636,-24.25,138.25
4,Poolowanna Trough and Western Eromanga Basin (Great Artesian Basin),121,637,-24.25,138.75
4,Poolowanna Trough and Western Eromanga Basin (Great Artesian Basin),122,632,-23.75,136.25
4,Poolowanna Trough and Western Eromanga Basin (Great Artesian Basin),122,633,-23.75,136.75
4,Poolowanna Trough and Western Eromanga Basin (Great Artesian Basin),122,634,-23.75,137.25
4,Poolowanna Trough and Western Eromanga Basin (Great Artesian Basin),122,635,-23.75,137.75
4,Poolowanna Trough and Western Eromanga Basin (Great Artesian Basin),122,636,-23.75,138.25
4,Poolowanna Trough and Western Eromanga Basin (Great Artesian Basin),122,637,-23.75,138.75
4,Poolowanna Trough and Western Eromanga Basin (Great Artesian Basin),123,636,-23.25,138.25
5,Eastern Eromanga Basin (Great Artesian Basin),107,646,-31.25,143.25
5,Eastern Eromanga Basin (Great Artesian Basin),108,646,-30.75,143.25
5,Eastern Eromanga Basin (Great Artesian Basin),109,643,-30.25,141.75
5,Eastern Eromanga Basin (Great Artesian Basin),109,644,-30.25,142.25
5,Eastern Eromanga Basin (Great Artesian Basin),109,645,-30.25,142.75
5,Eastern Eromanga Basin (Great Artesian Basin),109,646,-30.25,143.25
5,Eastern Eromanga Basin (Great Artesian Basin),109,647,-30.25,143.75
5,Eastern Eromanga Basin (Great Artesian Basin),109,648,-30.25,144.25
5,Eastern Eromanga Basin (Great Artesian Basin),109,649,-30.25,144.75
5,Eastern Eromanga Basin (Great Artesian Basin),109,650,-30.25,145.25
5,Eastern Eromanga Basin (Great Artesian Basin),110,643,-29.75,141.75
5,Eastern Eromanga Basin (Great Artesian Basin),110,644,-29.75,142.25
5,Eastern Eromanga Basin (Great Artesian Basin),110,645,-29.75,142.75
5,Eastern Eromanga Basin (Great Artesian Basin),110,646,-29.75,143.25
5,Eastern Eromanga Basin (Great Artesian Basin),110,647,-29.75,143.75
5,Eastern Eromanga Basin (Great Artesian Basin),110,648,-29.75,144.25
5,Eastern Eromanga Basin (Great Artesian Basin),110,649,-29.75,144.75
5,Eastern Eromanga Basin (Great Artesian Basin),110,650,-29.75,145.25
5,Eastern Eromanga Basin (Great Artesian Basin),110,651,-29.75,145.75
5,Eastern Eromanga Basin (Great Artesian Basin),110,652,-29.75,146.25
5,Eastern Eromanga Basin (Great Artesian Basin),110,653,-29.75,146.75
5,Eastern Eromanga Basin (Great Artesian Basin),111,644,-29.25,142.25
5,Eastern Eromanga Basin (Great Artesian Basin),111,645,-29.25,142.75
5,Eastern Eromanga Basin (Great Artesian Basin),111,646,-29.25,143.25
5,Eastern Eromanga Basin (Great Artesian Basin),111,647,-29.25,143.75
5,Eastern Eromanga Basin (Great Artesian Basin),111,648,-29.25,144.25
5,Eastern Eromanga Basin (Great Artesian Basin),111,649,-29.25,144.75
5,Eastern Eromanga Basin (Great Artesian Basin),111,650,-29.25,145.25
5,Eastern Eromanga Basin (Great Artesian Basin),111,651,-29.25,145.75
5,Eastern Eromanga Basin (Great Artesian Basin),111,652,-29.25,146.25
5,Eastern Eromanga Basin (Great Artesian Basin),112,644,-28.75,142.25
5,Eastern Eromanga Basin (Great Artesian Basin),112,645,-28.75,142.75
5,Eastern Eromanga Basin (Great Artesian Basin),112,646,-28.75,143.25
5,Eastern Eromanga Basin (Great Artesian Basin),112,647,-28.75,143.75
5,Eastern Eromanga Basin (Great Artesian Basin),112,648,-28.75,144.25
5,Eastern Eromanga Basin (Great Artesian Basin),112,649,-28.75,144.75
5,Eastern Eromanga Basin (Great Artesian Basin),112,650,-28.75,145.25
5,Eastern Eromanga Basin (Great Artesian Basin),112,651,-28.75,145.75
5,Eastern Eromanga Basin (Great Artesian Basin),112,652,-28.75,146.25
5,Eastern Eromanga Basin (Great Artesian Basin),113,644,-28.25,142.25
5,Eastern Eromanga Basin (Great Artesian Basin),113,645,-28.25,142.75
5,Eastern Eromanga Basin (Great Artesian Basin),113,646,-28.25,143.25
5,Eastern Eromanga Basin (Great Artesian Basin),113,647,-28.25,143.75
5,Eastern Eromanga Basin (Great Artesian Basin),113,648,-28.25,144.25
5,Eastern Eromanga Basin (Great Artesian Basin),113,649,-28.25,144.75
5,Eastern Eromanga Basin (Great Artesian Basin),113,650,-28.25,145.25
5,Eastern Eromanga Basin (Great Artesian Basin),113,651,-28.25,145.75
5,Eastern Eromanga Basin (Great Artesian Basin),113,652,-28.25,146.25
5,Eastern Eromanga Basin (Great Artesian Basin),113,653,-28.25,146.75
5,Eastern Eromanga Basin (Great Artesian Basin),114,646,-27.75,143.25
5,Eastern Eromanga Basin (Great Artesian Basin),114,647,-27.75,143.75
5,Eastern Eromanga Basin (Great Artesian Basin),114,648,-27.75,144.25
5,Eastern Eromanga Basin (Great Artesian Basin),114,649,-27.75,144.75
5,Eastern Eromanga Basin (Great Artesian Basin),114,650,-27.75,145.25
5,Eastern Eromanga Basin (Great Artesian Basin),114,651,-27.75,145.75
5,Eastern Eromanga Basin (Great Artesian Basin),114,652,-27.75,146.25
5,Eastern Eromanga Basin (Great Artesian Basin),114,653,-27.75,146.75
5,Eastern Eromanga Basin (Great Artesian Basin),115,646,-27.25,143.25
5,Eastern Eromanga Basin (Great Artesian Basin),115,647,-27.25,143.75
5,Eastern Eromanga Basin (Great Artesian Basin),115,648,-27.25,144.25
5,Eastern Eromanga Basin (Great Artesian Basin),115,649,-27.25,144.75
5,Eastern Eromanga Basin (Great Artesian Basin),115,650,-27.25,145.25
5,Eastern Eromanga Basin (Great Artesian Basin),115,651,-27.25,145.75
5,Eastern Eromanga Basin (Great Artesian Basin),115,652,-27.25,146.25
5,Eastern Eromanga Basin (Great Artesian Basin),115,653,-27.25,146.75
5,Eastern Eromanga Basin (Great Artesian Basin),116,647,-26.75,143.75
5,Eastern Eromanga Basin (Great Artesian Basin),116,648,-26.75,144.25
5,Eastern Eromanga Basin (Great Artesian Basin),116,649,-26.75,144.75
5,Eastern Eromanga Basin (Great Artesian Basin),116,650,-26.75,145.25
5,Eastern Eromanga Basin (Great Artesian Basin),116,651,-26.75,145.75
5,Eastern Eromanga Basin (Great Artesian Basin),116,652,-26.75,146.25
5,Eastern Eromanga Basin (Great Artesian Basin),116,653,-26.75,146.75
5,Eastern Eromanga Basin (Great Artesian Basin),117,648,-26.25,144.25
5,Eastern Eromanga Basin (Great Artesian Basin),117,649,-26.25,144.75
5,Eastern Eromanga Basin (Great Artesian Basin),117,650,-26.25,145.25
5,Eastern Eromanga Basin (Great Artesian Basin),117,651,-26.25,145.75
5,Eastern Eromanga Basin (Great Artesian Basin),117,652,-26.25,146.25
5,Eastern Eromanga Basin (Great Artesian Basin),117,653,-26.25,146.75
5,Eastern Eromanga Basin (Great Artesian Basin),117,654,-26.25,147.25
5,Eastern Eromanga Basin (Great Artesian Basin),118,648,-25.75,144.25
5,Eastern Eromanga Basin (Great Artesian Basin),118,649,-25.75,144.75
5,Eastern Eromanga Basin (Great Artesian Basin),118,650,-25.75,145.25
5,Eastern Eromanga Basin (Great Artesian Basin),118,651,-25.75,145.75
5,Eastern Eromanga Basin (Great Artesian Basin),118,652,-25.75,146.25
5,Eastern Eromanga Basin (Great Artesian Basin),118,653,-25.75,146.75
5,Eastern Eromanga Basin (Great Artesian Basin),118,654,-25.75,147.25
5,Eastern Eromanga Basin (Great Artesian Basin),118,655,-25.75,147.75
5,Eastern Eromanga Basin (Great Artesian Basin),119,648,-25.25,144.25
5,Eastern Eromanga Basin (Great Artesian Basin),119,649,-25.25,144.75
5,Eastern Eromanga Basin (Great Artesian Basin),119,650,-25.25,145.25
5,Eastern Eromanga Basin (Great Artesian Basin),119,651,-25.25,145.75
5,Eastern Eromanga Basin (Great Artesian Basin),119,652,-25.25,146.25
5,Eastern Eromanga Basin (Great Artesian Basin),119,653,-25.25,146.75
5,Eastern Eromanga Basin (Great Artesian Basin),119,654,-25.25,147.25
5,Eastern Eromanga Basin (Great Artesian Basin),120,648,-24.75,144.25
5,Eastern Eromanga Basin (Great Artesian Basin),120,649,-24.75,144.75
5,Eastern Eromanga Basin (Great Artesian Basin),120,650,-24.75,145.25
5,Eastern Eromanga Basin (Great Artesian Basin),120,651,-24.75,145.75
5,Eastern Eromanga Basin (Great Artesian Basin),120,652,-24.75,146.25
5,Eastern Eromanga Basin (Great Artesian Basin),120,653,-24.75,146.75
5,Eastern Eromanga Basin (Great Artesian Basin),120,655,-24.75,147.75
5,Eastern Eromanga Basin (Great Artesian Basin),121,649,-24.25,144.75
5,Eastern Eromanga Basin (Great Artesian Basin),121,650,-24.25,145.25
5,Eastern Eromanga Basin (Great Artesian Basin),121,651,-24.25,145.75
5,Eastern Eromanga Basin (Great Artesian Basin),121,652,-24.25,146.25
5,Eastern Eromanga Basin (Great Artesian Basin),122,650,-23.75,145.25
6,Northern Eromanga Basin (Great Artesian Basin),120,638,-24.75,139.25
6,Northern Eromanga Basin (Great Artesian Basin),121,638,-24.25,139.25
6,Northern Eromanga Basin (Great Artesian Basin),121,639,-24.25,139.75
6,Northern Eromanga Basin (Great Artesian Basin),121,640,-24.25,140.25
6,Northern Eromanga Basin (Great Artesian Basin),121,641,-24.25,140.75
6,Northern Eromanga Basin (Great Artesian Basin),121,643,-24.25,141.75
6,Northern Eromanga Basin (Great Artesian Basin),121,644,-24.25,142.25
6,Northern Eromanga Basin (Great Artesian Basin),121,645,-24.25,142.75
6,Northern Eromanga Basin (Great Artesian Basin),121,648,-24.25,144.25
6,Northern Eromanga Basin (Great Artesian Basin),122,638,-23.75,139.25
6,Northern Eromanga Basin (Great Artesian Basin),122,639,-23.75,139.75
6,Northern Eromanga Basin (Great Artesian Basin),122,640,-23.75,140.25
6,Northern Eromanga Basin (Great Artesian Basin),122,641,-23.75,140.75
6,Northern Eromanga Basin (Great Artesian Basin),122,642,-23.75,141.25
6,Northern Eromanga Basin (Great Artesian Basin),122,643,-23.75,141.75
6,Northern Eromanga Basin (Great Artesian Basin),122,644,-23.75,142.25
6,Northern Eromanga Basin (Great Artesian Basin),122,645,-23.75,142.75
6,Northern Eromanga Basin (Great Artesian Basin),122,646,-23.75,143.25
6,Northern Eromanga Basin (Great Artesian Basin),122,647,-23.75,143.75
6,Northern Eromanga Basin (Great Artesian Basin),122,648,-23.75,144.25
6,Northern Eromanga Basin (Great Artesian Basin),122,649,-23.75,144.75
6,Northern Eromanga Basin (Great Artesian Basin),122,651,-23.75,145.75
6,Northern Eromanga Basin (Great Artesian Basin),123,637,-23.25,138.75
6,Northern Eromanga Basin (Great Artesian Basin),123,638,-23.25,139.25
6,Northern Eromanga Basin (Great Artesian Basin),123,639,-23.25,139.75
6,Northern Eromanga Basin (Great Artesian Basin),123,640,-23.25,140.25
6,Northern Eromanga Basin (Great Artesian Basin),123,641,-23.25,140.75
6,Northern Eromanga Basin (Great Artesian Basin),123,642,-23.25,141.25
6,Northern Eromanga Basin (Great Artesian Basin),123,643,-23.25,141.75
6,Northern Eromanga Basin (Great Artesian Basin),123,644,-23.25,142.25
6,Northern Eromanga Basin (Great Artesian Basin),123,645,-23.25,142.75
6,Northern Eromanga Basin (Great Artesian Basin),123,646,-23.25,143.25
6,Northern Eromanga Basin (Great Artesian Basin),123,647,-23.25,143.75
6,Northern Eromanga Basin (Great Artesian Basin),123,648,-23.25,144.25
6,Northern Eromanga Basin (Great Artesian Basin),123,649,-23.25,144.75
6,Northern Eromanga Basin (Great Artesian Basin),123,650,-23.25,145.25
6,Northern Eromanga Basin (Great Artesian Basin),123,651,-23.25,145.75
6,Northern Eromanga Basin (Great Artesian Basin),124,639,-22.75,139.75
6,Northern Eromanga Basin (Great Artesian Basin),124,640,-22.75,140.25
6,Northern Eromanga Basin (Great Artesian Basin),124,641,-22.75,140.75
6,Northern Eromanga Basin (Great Artesian Basin),124,642,-22.75,141.25
6,Northern Eromanga Basin (Great Artesian Basin),124,643,-22.75,141.75
6,Northern Eromanga Basin (Great Artesian Basin),124,644,-22.75,142.25
6,Northern Eromanga Basin (Great Artesian Basin),124,645,-22.75,142.75
6,Northern Eromanga Basin (Great Artesian Basin),124,646,-22.75,143.25
6,Northern Eromanga Basin (Great Artesian Basin),124,647,-22.75,143.75
6,Northern Eromanga Basin (Great Artesian Basin),124,648,-22.75,144.25
6,Northern Eromanga Basin (Great Artesian Basin),124,649,-22.75,144.75
6,Northern Eromanga Basin (Great Artesian Basin),124,650,-22.75,145.25
6,Northern Eromanga Basin (Great Artesian Basin),124,651,-22.75,145.75
6,Northern Eromanga Basin (Great Artesian Basin),125,638,-22.25,139.25
6,Northern Eromanga Basin (Great Artesian Basin),125,639,-22.25,139.75
6,Northern Eromanga Basin (Great Artesian Basin),125,641,-22.25,140.75
6,Northern Eromanga Basin (Great Artesian Basin),125,642,-22.25,141.25
6,Northern Eromanga Basin (Great Artesian Basin),125,643,-22.25,141.75
6,Northern Eromanga Basin (Great Artesian Basin),125,644,-22.25,142.25
6,Northern Eromanga Basin (Great Artesian Basin),125,645,-22.25,142.75
6,Northern Eromanga Basin (Great Artesian Basin),125,646,-22.25,143.25
6,Northern Eromanga Basin (Great Artesian Basin),125,647,-22.25,143.75
6,Northern Eromanga Basin (Great Artesian Basin),125,648,-22.25,144.25
6,Northern Eromanga Basin (Great Artesian Basin),125,649,-22.25,144.75
6,Northern Eromanga Basin (Great Artesian Basin),125,650,-22.25,145.25
6,Northern Eromanga Basin (Great Artesian Basin),126,642,-21.75,141.25
6,Northern Eromanga Basin (Great Artesian Basin),126,643,-21.75,141.75
6,Northern Eromanga Basin (Great Artesian Basin),126,644,-21.75,142.25
6,Northern Eromanga Basin (Great Artesian Basin),126,645,-21.75,142.75
6,Northern Eromanga Basin (Great Artesian Basin),126,646,-21.75,143.25
6,Northern Eromanga Basin (Great Artesian Basin),126,647,-21.75,143.75
6,Northern Eromanga Basin (Great Artesian Basin),126,648,-21.75,144.25
6,Northern Eromanga Basin (Great Artesian Basin),126,649,-21.75,144.75
6,Northern Eromanga Basin (Great Artesian Basin),126,650,-21.75,145.25
6,Northern Eromanga Basin (Great Artesian Basin),126,651,-21.75,145.75
6,Northern Eromanga Basin (Great Artesian Basin),127,642,-21.25,141.25
6,Northern Eromanga Basin (Great Artesian Basin),127,643,-21.25,141.75
6,Northern Eromanga Basin (Great Artesian Basin),127,644,-21.25,142.25
6,Northern Eromanga Basin (Great Artesian Basin),127,645,-21.25,142.75
6,Northern Eromanga Basin (Great Artesian Basin),127,646,-21.25,143.25
6,Northern Eromanga Basin (Great Artesian Basin),127,647,-21.25,143.75
6,Northern Eromanga Basin (Great Artesian Basin),127,648,-21.25,144.25
6,Northern Eromanga Basin (Great Artesian Basin),127,649,-21.25,144.75
6,Northern Eromanga Basin (Great Artesian Basin),127,650,-21.25,145.25
6,Northern Eromanga Basin (Great Artesian Basin),128,642,-20.75,141.25
6,Northern Eromanga Basin (Great Artesian Basin),128,643,-20.75,141.75
6,Northern Eromanga Basin (Great Artesian Basin),128,644,-20.75,142.25
6,Northern Eromanga Basin (Great Artesian Basin),128,645,-20.75,142.75
6,Northern Eromanga Basin (Great Artesian Basin),128,646,-20.75,143.25
6,Northern Eromanga Basin (Great Artesian Basin),128,647,-20.75,143.75
6,Northern Eromanga Basin (Great Artesian Basin),128,648,-20.75,144.25
6,Northern Eromanga Basin (Great Artesian Basin),128,649,-20.75,144.75
6,Northern Eromanga Basin (Great Artesian Basin),129,644,-20.25,142.25
6,Northern Eromanga Basin (Great Artesian Basin),129,645,-20.25,142.75
6,Northern Eromanga Basin (Great Artesian Basin),129,646,-20.25,143.25
6,Northern Eromanga Basin (Great Artesian Basin),129,647,-20.25,143.75
6,Northern Eromanga Basin (Great Artesian Basin),129,648,-20.25,144.25
6,Northern Eromanga Basin (Great Artesian Basin),130,645,-19.75,142.75
6,Northern Eromanga Basin (Great Artesian Basin),130,646,-19.75,143.25
6,Northern Eromanga Basin (Great Artesian Basin),130,647,-19.75,143.75
6,Northern Eromanga Basin (Great Artesian Basin),130,648,-19.75,144.25
6,Northern Eromanga Basin (Great Artesian Basin),131,646,-19.25,143.25
7,Northern High Plains (High Plains),248,153,39.25,-103.25
7,Northern High Plains (High Plains),248,154,39.25,-102.75
7,Northern High Plains (High Plains),248,155,39.25,-102.25
7,Northern High Plains (High Plains),248,156,39.25,-101.75
7,Northern High Plains (High Plains),248,157,39.25,-101.25
7,Northern High Plains (High Plains),248,158,39.25,-100.75
7,Northern High Plains (High Plains),248,159,39.25,-100.25
7,Northern High Plains (High Plains),248,160,39.25,-99.75
7,Northern High Plains (High Plains),248,161,39.25,-99.25
7,Northern High Plains (High Plains),249,153,39.75,-103.25
7,Northern High Plains (High Plains),249,154,39.75,-102.75
7,Northern High Plains (High Plains),249,155,39.75,-102.25
7,Northern High Plains (High Plains),249,156,39.75,-101.75
7,Northern High Plains (High Plains),249,157,39.75,-101.25
7,Northern High Plains (High Plains),249,158,39.75,-100.75
7,Northern High Plains (High Plains),249,159,39.75,-100.25
7,Northern High Plains (High Plains),249,160,39.75,-99.75
7,Northern High Plains (High Plains),250,153,40.25,-103.25
7,Northern High Plains (High Plains),250,154,40.25,-102.75
7,Northern High Plains (High Plains),250,155,40.25,-102.25
7,Northern High Plains (High Plains),250,156,40.25,-101.75
7,Northern High Plains (High Plains),250,157,40.25,-101.25
7,Northern High Plains (High Plains),250,158,40.25,-100.75
7,Northern High Plains (High Plains),250,159,40.25,-100.25
7,Northern High Plains (High Plains),250,160,40.25,-99.75
7,Northern High Plains (High Plains),250,161,40.25,-99.25
7,Northern High Plains (High Plains),250,162,40.25,-98.75
7,Northern High Plains (High Plains),250,163,40.25,-98.25
7,Northern High Plains (High Plains),250,164,40.25,-97.75
7,Northern High Plains (High Plains),250,165,40.25,-97.25
7,Northern High Plains (High Plains),251,152,40.75,-103.75
7,Northern High Plains (High Plains),251,154,40.75,-102.75
7,Northern High Plains (High Plains),251,155,40.75,-102.25
7,Northern High Plains (High Plains),251,156,40.75,-101.75
7,Northern High Plains (High Plains),251,157,40.75,-101.25
7,Northern High Plains (High Plains),251,158,40.75,-100.75
7,Northern High Plains (High Plains),251,159,40.75,-100.25
7,Northern High Plains (High Plains),251,160,40.75,-99.75
7,Northern High Plains (High Plains),251,161,40.75,-99.25
7,Northern High Plains (High Plains),251,162,40.75,-98.75
7,Northern High Plains (High Plains),251,163,40.75,-98.25
7,Northern High Plains (High Plains),251,164,40.75,-97.75
7,Northern High Plains (High Plains),251,165,40.75,-97.25
7,Northern High Plains (High Plains),252,150,41.25,-104.75
7,Northern High Plains (High Plains),252,151,41.25,-104.25
7,Northern High Plains (High Plains),252,152,41.25,-103.75
7,Northern High Plains (High Plains),252,153,41.25,-103.25
7,Northern High Plains (High Plains),252,154,41.25,-102.75
7,Northern High Plains (High Plains),252,155,41.25,-102.25
7,Northern High Plains (High Plains),252,156,41.25,-101.75
7,Northern High Plains (High Plains),252,157,41.25,-101.25
7,Northern High Plains (High Plains),252,158,41.25,-100.75
7,Northern High Plains (High Plains),252,159,41.25,-100.25
7,Northern High Plains (High Plains),252,160,41.25,-99.75
7,Northern High Plains (High Plains),252,161,41.25,-99.25
7,Northern High Plains (High Plains),252,162,41.25,-98.75
7,Northern High Plains (High Plains),252,163,41.25,-98.25
7,Northern High Plains (High Plains),252,164,41.25,-97.75
7,Northern High Plains (High Plains),252,165,41.25,-97.25
7,Northern High Plains (High Plains),253,150,41.75,-104.75
7,Northern High Plains (High Plains),253,151,41.75,-104.25
7,Northern High Plains (High Plains),253,152,41.75,-103.75
7,Northern High Plains (High Plains),253,153,41.75,-103.25
7,Northern High Plains (High Plains),253,154,41.75,-102.75
7,Northern High Plains (High Plains),253,155,41.75,-102.25
7,Northern High Plains (High Plains),253,156,41.75,-101.75
7,Northern High Plains (High Plains),253,157,41.75,-101.25
7,Northern High Plains (High Plains),253,158,41.75,-100.75
7,Northern High Plains (High Plains),253,159,41.75,-100.25
7,Northern High Plains (High Plains),253,160,41.75,-99.75
7,Northern High Plains (High Plains),253,161,41.75,-99.25
7,Northern High Plains (High Plains),253,162,41.75,-98.75
7,Northern High Plains (High Plains),253,163,41.75,-98.25
7,Northern High Plains (High Plains),253,164,41.75,-97.75
7,Northern High Plains (High Plains),253,165,41.75,-97.25
7,Northern High Plains (High Plains),253,166,41.75,-96.75
7,Northern High Plains (High Plains),254,150,42.25,-104.75
7,Northern High Plains (High Plains),254,151,42.25,-104.25
7,Northern High Plains (High Plains),254,152,42.25,-103.75
7,Northern High Plains (High Plains),254,153,42.25,-103.25
7,Northern High Plains (High Plains),254,154,42.25,-102.75
7,Northern High Plains (High Plains),254,155,42.25,-102.25
7,Northern High Plains (High Plains),254,156,42.25,-101.75
7,Northern High Plains (High Plains),254,157,42.25,-101.25
7,Northern High Plains (High Plains),254,158,42.25,-100.75
7,Northern High Plains (High Plains),254,159,42.25,-100.25
7,Northern High Plains (High Plains),254,160,42.25,-99.75
7,Northern High Plains (High Plains),254,161,42.25,-99.25
7,Northern High Plains (High Plains),254,162,42.25,-98.75
7,Northern High Plains (High Plains),254,163,42.25,-98.25
7,Northern High Plains (High Plains),254,164,42.25,-97.75
7,Northern High Plains (High Plains),254,165,42.25,-97.25
7,Northern High Plains (High Plains),255,150,42.75,-104.75
7,Northern High Plains (High Plains),255,151,42.75,-104.25
7,Northern High Plains (High Plains),255,152,42.75,-103.75
7,Northern High Plains (High Plains),255,154,42.75,-102.75
7,Northern High Plains (High Plains),255,155,42.75,-102.25
7,Northern High Plains (High Plains),255,156,42.75,-101.75
7,Northern High Plains (High Plains),255,157,42.75,-101.25
7,Northern High Plains (High Plains),255,158,42.75,-100.75
7,Northern High Plains (High Plains),255,159,42.75,-100.25
7,Northern High Plains (High Plains),255,160,42.75,-99.75
7,Northern High Plains (High Plains),255,161,42.75,-99.25
7,Northern High Plains (High Plains),255,162,42.75,-98.75
7,Northern High Plains (High Plains),256,154,43.25,-102.75
7,Northern High Plains (High Plains),256,155,43.25,-102.25
7,Northern High Plains (High Plains),256,156,43.25,-101.75
7,Northern High Plains (High Plains),256,157,43.25,-101.25
7,Northern High Plains (High Plains),256,158,43.25,-100.75
7,Northern High Plains (High Plains),256,159,43.25,-100.25
7,Northern High Plains (High Plains),256,160,43.25,-99.75
8,Williston Basin (Northern Great Plains),259,154,44.75,-102.75
8,Williston Basin (Northern Great Plains),259,155,44.75,-102.25
8,Williston Basin (Northern Great Plains),259,156,44.75,-101.75
8,Williston Basin (Northern Great Plains),260,152,45.25,-103.75
8,Williston Basin (Northern Great Plains),260,153,45.25,-103.25
8,Williston Basin (Northern Great Plains),260,154,45.25,-102.75
8,Williston Basin (Northern Great Plains),260,155,45.25,-102.25
8,Williston Basin (Northern Great Plains),260,156,45.25,-101.75
8,Williston Basin (Northern Great Plains),260,157,45.25,-101.25
8,Williston Basin (Northern Great Plains),261,150,45.75,-104.75
8,Williston Basin (Northern Great Plains),261,151,45.75,-104.25
8,Williston Basin (Northern Great Plains),261,152,45.75,-103.75
8,Williston Basin (Northern Great Plains),261,153,45.75,-103.25
8,Williston Basin (Northern Great Plains),261,154,45.75,-102.75
8,Williston Basin (Northern Great Plains),261,155,45.75,-102.25
8,Williston Basin (Northern Great Plains),261,156,45.75,-101.75
8,Williston Basin (Northern Great Plains),261,157,45.75,-101.25
8,Williston Basin (Northern Great Plains),262,148,46.25,-105.75
8,Williston Basin (Northern Great Plains),262,149,46.25,-105.25
8,Williston Basin (Northern Great Plains),262,150,46.25,-104.75
8,Williston Basin (Northern Great Plains),262,151,46.25,-104.25
8,Williston Basin (Northern Great Plains),262,152,46.25,-103.75
8,Williston Basin (Northern Great Plains),262,153,46.25,-103.25
8,Williston Basin (Northern Great Plains),262,154,46.25,-102.75
8,Williston Basin (Northern Great Plains),262,155,46.25,-102.25
8,Williston Basin (Northern Great Plains),262,156,46.25,-101.75
8,Williston Basin (Northern Great Plains),262,157,46.25,-101.25
8,Williston Basin (Northern Great Plains),262,158,46.25,-100.75
8,Williston Basin (Northern Great Plains),263,147,46.75,-106.25
8,Williston Basin (Northern Great Plains),263,148,46.75,-105.75
8,Williston Basin (Northern Great Plains),263,149,46.75,-105.25
8,Williston Basin (Northern Great Plains),263,150,46.75,-104.75
8,Williston Basin (Northern Great Plains),263,151,46.75,-104.25
8,Williston Basin (Northern Great Plains),263,152,46.75,-103.75
8,Williston Basin (Northern Great Plains),263,153,46.75,-103.25
8,Williston Basin (Northern Great Plains),263,154,46.75,-102.75
8,Williston Basin (Northern Great Plains),263,155,46.75,-102.25
8,Williston Basin (Northern Great Plains),263,156,46.75,-101.75
8,Williston Basin (Northern Great Plains),263,157,46.75,-101.25
8,Williston Basin (Northern Great Plains),263,158,46.75,-100.75
8,Williston Basin (Northern Great Plains),263,159,46.75,-100.25
8,Williston Basin (Northern Great Plains),264,144,47.25,-107.75
8,Williston Basin (Northern Great Plains),264,145,47.25,-107.25
8,Williston Basin (Northern Great Plains),264,146,47.25,-106.75
8,Williston Basin (Northern Great Plains),264,147,47.25,-106.25
8,Williston Basin (Northern Great Plains),264,148,47.25,-105.75
8,Williston Basin (Northern Great Plains),264,149,47.25,-105.25
8,Williston Basin (Northern Great Plains),264,150,47.25,-104.75
8,Williston Basin (Northern Great Plains),264,151,47.25,-104.25
8,Williston Basin (Northern Great Plains),264,152,47.25,-103.75
8,Williston Basin (Northern Great Plains),264,153,47.25,-103.25
8,Williston Basin (Northern Great Plains),264,154,47.25,-102.75
8,Williston Basin (Northern Great Plains),264,155,47.25,-102.25
8,Williston Basin (Northern Great Plains),264,156,47.25,-101.75
8,Williston Basin (Northern Great Plains),264,157,47.25,-101.25
8,Williston Basin (Northern Great Plains),264,158,47.25,-100.75
8,Williston Basin (Northern Great Plains),264,159,47.25,-100.25
8,Williston Basin (Northern Great Plains),264,160,47.25,-99.75
8,Williston Basin (Northern Great Plains),265,147,47.75,-106.25
8,Williston Basin (Northern Great Plains),265,148,47.75,-105.75
8,Williston Basin (Northern Great Plains),265,149,47.75,-105.25
8,Williston Basin (Northern Great Plains),265,150,47.75,-104.75
8,Williston Basin (Northern Great Plains),265,151,47.75,-104.25
8,Williston Basin (Northern Great Plains),265,152,47.75,-103.75
8,Williston Basin (Northern Great Plains),265,153,47.75,-103.25
8,Williston Basin (Northern Great Plains),265,154,47.75,-102.75
8,Williston Basin (Northern Great Plains),265,155,47.75,-102.25
8,Williston Basin (Northern Great Plains),265,156,47.75,-101.75
8,Williston Basin (Northern Great Plains),265,157,47.75,-101.25
8,Williston Basin (Northern Great Plains),265,158,47.75,-100.75
8,Williston Basin (Northern Great Plains),265,159,47.75,-100.25
8,Williston Basin (Northern Great Plains),265,160,47.75,-99.75
8,Williston Basin (Northern Great Plains),266,148,48.25,-105.75
8,Williston Basin (Northern Great Plains),266,149,48.25,-105.25
8,Williston Basin (Northern Great Plains),266,150,48.25,-104.75
8,Williston Basin (Northern Great Plains),266,151,48.25,-104.25
8,Williston Basin (Northern Great Plains),266,152,48.25,-103.75
8,Williston Basin (Northern Great Plains),266,153,48.25,-103.25
8,Williston Basin (Northern Great Plains),266,154,48.25,-102.75
8,Williston Basin (Northern Great Plains),266,155,48.25,-102.25
8,Williston Basin (Northern Great Plains),266,156,48.25,-101.75
8,Williston Basin (Northern Great Plains),266,157,48.25,-101.25
8,Williston Basin (Northern Great Plains),266,158,48.25,-100.75
8,Williston Basin (Northern Great Plains),266,159,48.25,-100.25
8,Williston Basin (Northern Great Plains),266,160,48.25,-99.75
8,Williston Basin (Northern Great Plains),267,147,48.75,-106.25
8,Williston Basin (Northern Great Plains),267,148,48.75,-105.75
8,Williston Basin (Northern Great Plains),267,149,48.75,-105.25
8,Williston Basin (Northern Great Plains),267,150,48.75,-104.75
8,Williston Basin (Northern Great Plains),267,151,48.75,-104.25
8,Williston Basin (Northern Great Plains),267,152,48.75,-103.75
8,Williston Basin (Northern Great Plains),267,153,48.75,-103.25
8,Williston Basin (Northern Great Plains),267,154,48.75,-102.75
8,Williston Basin (Northern Great Plains),267,155,48.75,-102.25
8,Williston Basin (Northern Great Plains),267,156,48.75,-101.75
8,Williston Basin (Northern Great Plains),267,157,48.75,-101.25
8,Williston Basin (Northern Great Plains),267,158,48.75,-100.75
8,Williston Basin (Northern Great Plains),267,159,48.75,-100.25
8,Williston Basin (Northern Great Plains),267,160,48.75,-99.75
8,Williston Basin (Northern Great Plains),268,146,49.25,-106.75
8,Williston Basin (Northern Great Plains),268,147,49.25,-106.25
8,Williston Basin (Northern Great Plains),268,148,49.25,-105.75
8,Williston Basin (Northern Great Plains),268,149,49.25,-105.25
8,Williston Basin (Northern Great Plains),268,150,49.25,-104.75
8,Williston Basin (Northern Great Plains),268,151,49.25,-104.25
8,Williston Basin (Northern Great Plains),268,152,49.25,-103.75
8,Williston Basin (Northern Great Plains),268,153,49.25,-103.25
8,Williston Basin (Northern Great Plains),268,154,49.25,-102.75
8,Williston Basin (Northern Great Plains),268,155,49.25,-102.25
8,Williston Basin (Northern Great Plains),268,156,49.25,-101.75
8,Williston Basin (Northern Great Plains),268,158,49.25,-100.75
8,Williston Basin (Northern Great Plains),268,159,49.25,-100.25
8,Williston Basin (Northern Great Plains),269,148,49.75,-105.75
8,Williston Basin (Northern Great Plains),269,149,49.75,-105.25
8,Williston Basin (Northern Great Plains),269,154,49.75,-102.75
8,Williston Basin (Northern Great Plains),269,155,49.75,-102.25
9,Central Eromanga Depocenter (Great Artesian Basin),110,640,-29.75,140.25
9,Central Eromanga Depocenter (Great Artesian Basin),111,640,-29.25,140.25
9,Central Eromanga Depocenter (Great Artesian Basin),111,641,-29.25,140.75
9,Central Eromanga Depocenter (Great Artesian Basin),111,642,-29.25,141.25
9,Central Eromanga Depocenter (Great Artesian Basin),111,643,-29.25,141.75
9,Central Eromanga Depocenter (Great Artesian Basin),112,638,-28.75,139.25
9,Central Eromanga Depocenter (Great Artesian Basin),112,639,-28.75,139.75
9,Central Eromanga Depocenter (Great Artesian Basin),112,640,-28.75,140.25
9,Central Eromanga Depocenter (Great Artesian Basin),112,641,-28.75,140.75
9,Central Eromanga Depocenter (Great Artesian Basin),112,642,-28.75,141.25
9,Central Eromanga Depocenter (Great Artesian Basin),112,643,-28.75,141.75
9,Central Eromanga Depocenter (Great Artesian Basin),113,638,-28.25,139.25
9,Central Eromanga Depocenter (Great Artesian Basin),113,639,-28.25,139.75
9,Central Eromanga Depocenter (Great Artesian Basin),113,640,-28.25,140.25
9,Central Eromanga Depocenter (Great Artesian Basin),113,641,-28.25,140.75
9,Central Eromanga Depocenter (Great Artesian Basin),113,642,-28.25,141.25
9,Central Eromanga Depocenter (Great Artesian Basin),113,643,-28.25,141.75
9,Central Eromanga Depocenter (Great Artesian Basin),114,639,-27.75,139.75
9,Central Eromanga Depocenter (Great Artesian Basin),114,640,-27.75,140.25
9,Central Eromanga Depocenter (Great Artesian Basin),114,641,-27.75,140.75
9,Central Eromanga Depocenter (Great Artesian Basin),114,642,-27.75,141.25
9,Central Eromanga Depocenter (Great Artesian Basin),114,643,-27.75,141.75
9,Central Eromanga Depocenter (Great Artesian Basin),114,644,-27.75,142.25
9,Central Eromanga Depocenter (Great Artesian Basin),114,645,-27.75,142.75
9,Central Eromanga Depocenter (Great Artesian Basin),115,639,-27.25,139.75
9,Central Eromanga Depocenter (Great Artesian Basin),115,640,-27.25,140.25
9,Central Eromanga Depocenter (Great Artesian Basin),115,641,-27.25,140.75
9,Central Eromanga Depocenter (Great Artesian Basin),115,642,-27.25,141.25
9,Central Eromanga Depocenter (Great Artesian Basin),115,643,-27.25,141.75
9,Central Eromanga Depocenter (Great Artesian Basin),115,644,-27.25,142.25
9,Central Eromanga Depocenter (Great Artesian Basin),115,645,-27.25,142.75
9,Central Eromanga Depocenter (Great Artesian Basin),116,639,-26.75,139.75
9,Central Eromanga Depocenter (Great Artesian Basin),116,640,-26.75,140.25
9,Central Eromanga Depocenter (Great Artesian Basin),116,641,-26.75,140.75
9,Central Eromanga Depocenter (Great Artesian Basin),116,642,-26.75,141.25
9,Central Eromanga Depocenter (Great Artesian Basin),116,643,-26.75,141.75
9,Central Eromanga Depocenter (Great Artesian Basin),116,644,-26.75,142.25
9,Central Eromanga Depocenter (Great Artesian Basin),116,645,-26.75,142.75
9,Central Eromanga Depocenter (Great Artesian Basin),116,646,-26.75,143.25
9,Central Eromanga Depocenter (Great Artesian Basin),117,639,-26.25,139.75
9,Central Eromanga Depocenter (Great Artesian Basin),117,640,-26.25,140.25
9,Central Eromanga Depocenter (Great Artesian Basin),117,641,-26.25,140.75
9,Central Eromanga Depocenter (Great Artesian Basin),117,642,-26.25,141.25
9,Central Eromanga Depocenter (Great Artesian Basin),117,643,-26.25,141.75
9,Central Eromanga Depocenter (Great Artesian Basin),117,644,-26.25,142.25
9,Central Eromanga Depocenter (Great Artesian Basin),117,645,-26.25,142.75
9,Central Eromanga Depocenter (Great Artesian Basin),117,646,-26.25,143.25
9,Central Eromanga Depocenter (Great Artesian Basin),117,647,-26.25,143.75
9,Central Eromanga Depocenter (Great Artesian Basin),118,639,-25.75,139.75
9,Central Eromanga Depocenter (Great Artesian Basin),118,640,-25.75,140.25
9,Central Eromanga Depocenter (Great Artesian Basin),118,641,-25.75,140.75
9,Central Eromanga Depocenter (Great Artesian Basin),118,642,-25.75,141.25
9,Central Eromanga Depocenter (Great Artesian Basin),118,643,-25.75,141.75
9,Central Eromanga Depocenter (Great Artesian Basin),118,644,-25.75,142.25
9,Central Eromanga Depocenter (Great Artesian Basin),118,645,-25.75,142.75
9,Central Eromanga Depocenter (Great Artesian Basin),118,646,-25.75,143.25
9,Central Eromanga Depocenter (Great Artesian Basin),118,647,-25.75,143.75
9,Central Eromanga Depocenter (Great Artesian Basin),119,639,-25.25,139.75
9,Central Eromanga Depocenter (Great Artesian Basin),119,640,-25.25,140.25
9,Central Eromanga Depocenter (Great Artesian Basin),119,641,-25.25,140.75
9,Central Eromanga Depocenter (Great Artesian Basin),119,642,-25.25,141.25
9,Central Eromanga Depocenter (Great Artesian Basin),119,643,-25.25,141.75
9,Central Eromanga Depocenter (Great Artesian Basin),119,644,-25.25,142.25
9,Central Eromanga Depocenter (Great Artesian Basin),119,645,-25.25,142.75
9,Central Eromanga Depocenter (Great Artesian Basin),119,646,-25.25,143.25
9,Central Eromanga Depocenter (Great Artesian Basin),119,647,-25.25,143.75
9,Central Eromanga Depocenter (Great Artesian Basin),120,639,-24.75,139.75
9,Central Eromanga Depocenter (Great Artesian Basin),120,640,-24.75,140.25
9,Central Eromanga Depocenter (Great Artesian Basin),120,641,-24.75,140.75
9,Central Eromanga Depocenter (Great Artesian Basin),120,642,-24.75,141.25
9,Central Eromanga Depocenter (Great Artesian Basin),120,643,-24.75,141.75
9,Central Eromanga Depocenter (Great Artesian Basin),120,644,-24.75,142.25
9,Central Eromanga Depocenter (Great Artesian Basin),120,645,-24.75,142.75
9,Central Eromanga Depocenter (Great Artesian Basin),120,646,-24.75,143.25
9,Central Eromanga Depocenter (Great Artesian Basin),120,647,-24.75,143.75
9,Central Eromanga Depocenter (Great Artesian Basin),121,642,-24.25,141.25
9,Central Eromanga Depocenter (Great Artesian Basin),121,646,-24.25,143.25
9,Central Eromanga Depocenter (Great Artesian Basin),121,647,-24.25,143.75
10,Western Parecis Basin (Parecis Basin),140,241,-14.75,-59.25
10,Western Parecis Basin (Parecis Basin),140,242,-14.75,-58.75
10,Western Parecis Basin (Parecis Basin),140,243,-14.75,-58.25
10,Western Parecis Basin (Parecis Basin),141,241,-14.25,-59.25
10,Western Parecis Basin (Parecis Basin),141,242,-14.25,-58.75
10,Western Parecis Basin (Parecis Basin),141,243,-14.25,-58.25
10,Western Parecis Basin (Parecis Basin),141,244,-14.25,-57.75
10,Western Parecis Basin (Parecis Basin),141,245,-14.25,-57.25
10,Western Parecis Basin (Parecis Basin),141,246,-14.25,-56.75
10,Western Parecis Basin (Parecis Basin),142,240,-13.75,-59.75
10,Western Parecis Basin (Parecis Basin),142,241,-13.75,-59.25
10,Western Parecis Basin (Parecis Basin),142,242,-13.75,-58.75
10,Western Parecis Basin (Parecis Basin),142,243,-13.75,-58.25
10,Western Parecis Basin (Parecis Basin),142,244,-13.75,-57.75
10,Western Parecis Basin (Parecis Basin),142,245,-13.75,-57.25
10,Western Parecis Basin (Parecis Basin),142,246,-13.75,-56.75
10,Western Parecis Basin (Parecis Basin),142,247,-13.75,-56.25
10,Western Parecis Basin (Parecis Basin),142,248,-13.75,-55.75
10,Western Parecis Basin (Parecis Basin),142,249,-13.75,-55.25
10,Western Parecis Basin (Parecis Basin),142,250,-13.75,-54.75
10,Western Parecis Basin (Parecis Basin),142,251,-13.75,-54.25
10,Western Parecis Basin (Parecis Basin),143,240,-13.25,-59.75
10,Western Parecis Basin (Parecis Basin),143,241,-13.25,-59.25
10,Western Parecis Basin (Parecis Basin),143,242,-13.25,-58.75
10,Western Parecis Basin (Parecis Basin),143,243,-13.25,-58.25
10,Western Parecis Basin (Parecis Basin),143,244,-13.25,-57.75
10,Western Parecis Basin (Parecis Basin),143,245,-13.25,-57.25
10,Western Parecis Basin (Parecis Basin),143,246,-13.25,-56.75
10,Western Parecis Basin (Parecis Basin),143,247,-13.25,-56.25
10,Western Parecis Basin (Parecis Basin),143,248,-13.25,-55.75
10,Western Parecis Basin (Parecis Basin),143,249,-13.25,-55.25
10,Western Parecis Basin (Parecis Basin),144,238,-12.75,-60.75
10,Western Parecis Basin (Parecis Basin),144,239,-12.75,-60.25
10,Western Parecis Basin (Parecis Basin),144,240,-12.75,-59.75
10,Western Parecis Basin (Parecis Basin),144,241,-12.75,-59.25
10,Western Parecis Basin (Parecis Basin),144,242,-12.75,-58.75
10,Western Parecis Basin (Parecis Basin),144,243,-12.75,-58.25
10,Western Parecis Basin (Parecis Basin),144,244,-12.75,-57.75
10,Western Parecis Basin (Parecis Basin),144,245,-12.75,-57.25
10,Western Parecis Basin (Parecis Basin),144,246,-12.75,-56.75
10,Western Parecis Basin (Parecis Basin),144,247,-12.75,-56.25
10,Western Parecis Basin (Parecis Basin),144,248,-12.75,-55.75
10,Western Parecis Basin (Parecis Basin),144,249,-12.75,-55.25
10,Western Parecis Basin (Parecis Basin),145,235,-12.25,-62.25
10,Western Parecis Basin (Parecis Basin),145,236,-12.25,-61.75
10,Western Parecis Basin (Parecis Basin),145,237,-12.25,-61.25
10,Western Parecis Basin (Parecis Basin),145,238,-12.25,-60.75
10,Western Parecis Basin (Parecis Basin),145,239,-12.25,-60.25
10,Western Parecis Basin (Parecis Basin),145,240,-12.25,-59.75
10,Western Parecis Basin (Parecis Basin),145,241,-12.25,-59.25
10,Western Parecis Basin (Parecis Basin),145,242,-12.25,-58.75
10,Western Parecis Basin (Parecis Basin),145,243,-12.25,-58.25
10,Western Parecis Basin (Parecis Basin),145,244,-12.25,-57.75
10,Western Parecis Basin (Parecis Basin),145,245,-12.25,-57.25
10,Western Parecis Basin (Parecis Basin),145,246,-12.25,-56.75
10,Western Parecis Basin (Parecis Basin),145,247,-12.25,-56.25
10,Western Parecis Basin (Parecis Basin),145,248,-12.25,-55.75
10,Western Parecis Basin (Parecis Basin),145,249,-12.25,-55.25
10,Western Parecis Basin (Parecis Basin),146,237,-11.75,-61.25
10,Western Parecis Basin (Parecis Basin),146,238,-11.75,-60.75
10,Western Parecis Basin (Parecis Basin),146,239,-11.75,-60.25
10,Western Parecis Basin (Parecis Basin),146,240,-11.75,-59.75
10,Western Parecis Basin (Parecis Basin),146,241,-11.75,-59.25
10,Western Parecis Basin (Parecis Basin),146,242,-11.75,-58.75
10,Western Parecis Basin (Parecis Basin),146,243,-11.75,-58.25
10,Western Parecis Basin (Parecis Basin),146,244,-11.75,-57.75
10,Western Parecis Basin (Parecis Basin),146,245,-11.75,-57.25
10,Western Parecis Basin (Parecis Basin),146,246,-11.75,-56.75
10,Western Parecis Basin (Parecis Basin),146,247,-11.75,-56.25
10,Western Parecis Basin (Parecis Basin),146,248,-11.75,-55.75
10,Western Parecis Basin (Parecis Basin),147,235,-11.25,-62.25
11,Upper Gangetic Plain (Indo-Gangetic Plain),220,520,25.25,80.25
11,Upper Gangetic Plain (Indo-Gangetic Plain),220,521,25.25,80.75
11,Upper Gangetic Plain (Indo-Gangetic Plain),220,523,25.25,81.75
11,Upper Gangetic Plain (Indo-Gangetic Plain),220,524,25.25,82.25
11,Upper Gangetic Plain (Indo-Gangetic Plain),221,516,25.75,78.25
11,Upper Gangetic Plain (Indo-Gangetic Plain),221,518,25.75,79.25
11,Upper Gangetic Plain (Indo-Gangetic Plain),221,519,25.75,79.75
11,Upper Gangetic Plain (Indo-Gangetic Plain),221,520,25.75,80.25
11,Upper Gangetic Plain (Indo-Gangetic Plain),221,521,25.75,80.75
11,Upper Gangetic Plain (Indo-Gangetic Plain),221,522,25.75,81.25
11,Upper Gangetic Plain (Indo-Gangetic Plain),221,523,25.75,81.75
11,Upper Gangetic Plain (Indo-Gangetic Plain),221,524,25.75,82.25
11,Upper Gangetic Plain (Indo-Gangetic Plain),222,514,26.25,77.25
11,Upper Gangetic Plain (Indo-Gangetic Plain),222,516,26.25,78.25
11,Upper Gangetic Plain (Indo-Gangetic Plain),222,517,26.25,78.75
11,Upper Gangetic Plain (Indo-Gangetic Plain),222,518,26.25,79.25
11,Upper Gangetic Plain (Indo-Gangetic Plain),222,519,26.25,79.75
11,Upper Gangetic Plain (Indo-Gangetic Plain),222,520,26.25,80.25
11,Upper Gangetic Plain (Indo-Gangetic Plain),222,521,26.25,80.75
11,Upper Gangetic Plain (Indo-Gangetic Plain),222,522,26.25,81.25
11,Upper Gangetic Plain (Indo-Gangetic Plain),222,523,26.25,81.75
11,Upper Gangetic Plain (Indo-Gangetic Plain),222,524,26.25,82.25
11,Upper Gangetic Plain (Indo-Gangetic Plain),222,525,26.25,82.75
11,Upper Gangetic Plain (Indo-Gangetic Plain),223,515,26.75,77.75
11,Upper Gangetic Plain (Indo-Gangetic Plain),223,516,26.75,78.25
11,Upper Gangetic Plain (Indo-Gangetic Plain),223,517,26.75,78.75
11,Upper Gangetic Plain (Indo-Gangetic Plain),223,518,26.75,79.25
11,Upper Gangetic Plain (Indo-Gangetic Plain),223,519,26.75,79.75
11,Upper Gangetic Plain (Indo-Gangetic Plain),223,520,26.75,80.25
11,Upper Gangetic Plain (Indo-Gangetic Plain),223,521,26.75,80.75
11,Upper Gangetic Plain (Indo-Gangetic Plain),223,522,26.75,81.25
11,Upper Gangetic Plain (Indo-Gangetic Plain),223,523,26.75,81.75
11,Upper Gangetic Plain (Indo-Gangetic Plain),223,524,26.75,82.25
11,Upper Gangetic Plain (Indo-Gangetic Plain),224,514,27.25,77.25
11,Upper Gangetic Plain (Indo-Gangetic Plain),224,515,27.25,77.75
11,Upper Gangetic Plain (Indo-Gangetic Plain),224,516,27.25,78.25
11,Upper Gangetic Plain (Indo-Gangetic Plain),224,517,27.25,78.75
11,Upper Gangetic Plain (Indo-Gangetic Plain),224,518,27.25,79.25
11,Upper Gangetic Plain (Indo-Gangetic Plain),224,519,27.25,79.75
11,Upper Gangetic Plain (Indo-Gangetic Plain),224,520,27.25,80.25
11,Upper Gangetic Plain (Indo-Gangetic Plain),224,521,27.25,80.75
11,Upper Gangetic Plain (Indo-Gangetic Plain),224,522,27.25,81.25
11,Upper Gangetic Plain (Indo-Gangetic Plain),224,523,27.25,81.75
11,Upper Gangetic Plain (Indo-Gangetic Plain),225,514,27.75,77.25
11,Upper Gangetic Plain (Indo-Gangetic Plain),225,515,27.75,77.75
11,Upper Gangetic Plain (Indo-Gangetic Plain),225,516,27.75,78.25
11,Upper Gangetic Plain (Indo-Gangetic Plain),225,517,27.75,78.75
11,Upper Gangetic Plain (Indo-Gangetic Plain),225,518,27.75,79.25
11,Upper Gangetic Plain (Indo-Gangetic Plain),225,519,27.75,79.75
11,Upper Gangetic Plain (Indo-Gangetic Plain),225,520,27.75,80.25
11,Upper Gangetic Plain (Indo-Gangetic Plain),225,521,27.75,80.75
11,Upper Gangetic Plain (Indo-Gangetic Plain),225,522,27.75,81.25
11,Upper Gangetic Plain (Indo-Gangetic Plain),226,515,28.25,77.75
11,Upper Gangetic Plain (Indo-Gangetic Plain),226,516,28.25,78.25
11,Upper Gangetic Plain (Indo-Gangetic Plain),226,517,28.25,78.75
11,Upper Gangetic Plain (Indo-Gangetic Plain),226,518,28.25,79.25
11,Upper Gangetic Plain (Indo-Gangetic Plain),226,519,28.25,79.75
11,Upper Gangetic Plain (Indo-Gangetic Plain),226,520,28.25,80.25
11,Upper Gangetic Plain (Indo-Gangetic Plain),226,521,28.25,80.75
11,Upper Gangetic Plain (Indo-Gangetic Plain),226,522,28.25,81.25
11,Upper Gangetic Plain (Indo-Gangetic Plain),227,515,28.75,77.75
11,Upper Gangetic Plain (Indo-Gangetic Plain),227,516,28.75,78.25
11,Upper Gangetic Plain (Indo-Gangetic Plain),227,517,28.75,78.75
11,Upper Gangetic Plain (Indo-Gangetic Plain),227,518,28.75,79.25
11,Upper Gangetic Plain (Indo-Gangetic Plain),227,519,28.75,79.75
11,Upper Gangetic Plain (Indo-Gangetic Plain),227,520,28.75,80.25
11,Upper Gangetic Plain (Indo-Gangetic Plain),227,521,28.75,80.75
11,Upper Gangetic Plain (Indo-Gangetic Plain),228,515,29.25,77.75
11,Upper Gangetic Plain (Indo-Gangetic Plain),228,516,29.25,78.25
11,Upper Gangetic Plain (Indo-Gangetic Plain),228,517,29.25,78.75
11,Upper Gangetic Plain (Indo-Gangetic Plain),228,518,29.25,79.25
11,Upper Gangetic Plain (Indo-Gangetic Plain),229,515,29.75,77.75
11,Upper Gangetic Plain (Indo-Gangetic Plain),229,516,29.75,78.25
12,Stampriet Kalahari Karoo Aquifer System,115,399,-27.25,19.75
12,Stampriet Kalahari Karoo Aquifer System,115,400,-27.25,20.25
12,Stampriet Kalahari Karoo Aquifer System,116,398,-26.75,19.25
12,Stampriet Kalahari Karoo Aquifer System,116,399,-26.75,19.75
12,Stampriet Kalahari Karoo Aquifer System,116,400,-26.75,20.25
12,Stampriet Kalahari Karoo Aquifer System,116,401,-26.75,20.75
12,Stampriet Kalahari Karoo Aquifer System,117,397,-26.25,18.75
12,Stampriet Kalahari Karoo Aquifer System,117,398,-26.25,19.25
12,Stampriet Kalahari Karoo Aquifer System,117,399,-26.25,19.75
12,Stampriet Kalahari Karoo Aquifer System,117,400,-26.25,20.25
12,Stampriet Kalahari Karoo Aquifer System,117,401,-26.25,20.75
12,Stampriet Kalahari Karoo Aquifer System,117,402,-26.25,21.25
12,Stampriet Kalahari Karoo Aquifer System,118,397,-25.75,18.75
12,Stampriet Kalahari Karoo Aquifer System,118,398,-25.75,19.25
12,Stampriet Kalahari Karoo Aquifer System,118,399,-25.75,19.75
12,Stampriet Kalahari Karoo Aquifer System,118,400,-25.75,20.25
12,Stampriet Kalahari Karoo Aquifer System,118,401,-25.75,20.75
12,Stampriet Kalahari Karoo Aquifer System,118,402,-25.75,21.25
12,Stampriet Kalahari Karoo Aquifer System,118,403,-25.75,21.75
12,Stampriet Kalahari Karoo Aquifer System,119,396,-25.25,18.25
12,Stampriet Kalahari Karoo Aquifer System,119,397,-25.25,18.75
12,Stampriet Kalahari Karoo Aquifer System,119,398,-25.25,19.25
12,Stampriet Kalahari Karoo Aquifer System,119,399,-25.25,19.75
12,Stampriet Kalahari Karoo Aquifer System,119,400,-25.25,20.25
12,Stampriet Kalahari Karoo Aquifer System,119,401,-25.25,20.75
12,Stampriet Kalahari Karoo Aquifer System,119,402,-25.25,21.25
12,Stampriet Kalahari Karoo Aquifer System,119,403,-25.25,21.75
12,Stampriet Kalahari Karoo Aquifer System,120,396,-24.75,18.25
12,Stampriet Kalahari Karoo Aquifer System,120,397,-24.75,18.75
12,Stampriet Kalahari Karoo Aquifer System,120,398,-24.75,19.25
12,Stampriet Kalahari Karoo Aquifer System,120,399,-24.75,19.75
12,Stampriet Kalahari Karoo Aquifer System,120,400,-24.75,20.25
12,Stampriet Kalahari Karoo Aquifer System,120,401,-24.75,20.75
12,Stampriet Kalahari Karoo Aquifer System,120,402,-24.75,21.25
12,Stampriet Kalahari Karoo Aquifer System,120,403,-24.75,21.75
12,Stampriet Kalahari Karoo Aquifer System,121,395,-24.25,17.75
12,Stampriet Kalahari Karoo Aquifer System,121,396,-24.25,18.25
12,Stampriet Kalahari Karoo Aquifer System,121,397,-24.25,18.75
12,Stampriet Kalahari Karoo Aquifer System,121,398,-24.25,19.25
12,Stampriet Kalahari Karoo Aquifer System,121,399,-24.25,19.75
12,Stampriet Kalahari Karoo Aquifer System,121,400,-24.25,20.25
12,Stampriet Kalahari Karoo Aquifer System,121,401,-24.25,20.75
12,Stampriet Kalahari Karoo Aquifer System,121,402,-24.25,21.25
12,Stampriet Kalahari Karoo Aquifer System,121,403,-24.25,21.75
12,Stampriet Kalahari Karoo Aquifer System,122,394,-23.75,17.25
12,Stampriet Kalahari Karoo Aquifer System,122,395,-23.75,17.75
12,Stampriet Kalahari Karoo Aquifer System,122,396,-23.75,18.25
12,Stampriet Kalahari Karoo Aquifer System,122,397,-23.75,18.75
12,Stampriet Kalahari Karoo Aquifer System,122,398,-23.75,19.25
12,Stampriet Kalahari Karoo Aquifer System,122,399,-23.75,19.75
12,Stampriet Kalahari Karoo Aquifer System,122,400,-23.75,20.25
12,Stampriet Kalahari Karoo Aquifer System,122,401,-23.75,20.75
12,Stampriet Kalahari Karoo Aquifer System,123,393,-23.25,16.75
12,Stampriet Kalahari Karoo Aquifer System,123,394,-23.25,17.25
12,Stampriet Kalahari Karoo Aquifer System,123,395,-23.25,17.75
12,Stampriet Kalahari Karoo Aquifer System,123,396,-23.25,18.25
12,Stampriet Kalahari Karoo Aquifer System,123,397,-23.25,18.75
12,Stampriet Kalahari Karoo Aquifer System,123,398,-23.25,19.25
12,Stampriet Kalahari Karoo Aquifer System,123,399,-23.25,19.75
12,Stampriet Kalahari Karoo Aquifer System,123,400,-23.25,20.25
12,Stampriet Kalahari Karoo Aquifer System,124,394,-22.75,17.25
12,Stampriet Kalahari Karoo Aquifer System,124,395,-22.75,17.75
12,Stampriet Kalahari Karoo Aquifer System,124,396,-22.75,18.25
12,Stampriet Kalahari Karoo Aquifer System,124,397,-22.75,18.75
12,Stampriet Kalahari Karoo Aquifer System,124,398,-22.75,19.25
12,Stampriet Kalahari Karoo Aquifer System,124,399,-22.75,19.75
12,Stampriet Kalahari Karoo Aquifer System,124,400,-22.75,20.25
12,Stampriet Kalahari Karoo Aquifer System,125,394,-22.25,17.25
12,Stampriet Kalahari Karoo Aquifer System,125,395,-22.25,17.75
12,Stampriet Kalahari Karoo Aquifer System,125,396,-22.25,18.25
12,Stampriet Kalahari Karoo Aquifer System,125,397,-22.25,18.75
12,Stampriet Kalahari Karoo Aquifer System,126,395,-21.75,17.75
12,Stampriet Kalahari Karoo Aquifer System,126,396,-21.75,18.25
13,Northcentral Mega Aquifer System (Mega Aquifer System),221,454,25.75,47.25
13,Northcentral Mega Aquifer System (Mega Aquifer System),221,455,25.75,47.75
13,Northcentral Mega Aquifer System (Mega Aquifer System),221,456,25.75,48.25
13,Northcentral Mega Aquifer System (Mega Aquifer System),222,453,26.25,46.75
13,Northcentral Mega Aquifer System (Mega Aquifer System),222,454,26.25,47.25
13,Northcentral Mega Aquifer System (Mega Aquifer System),222,455,26.25,47.75
13,Northcentral Mega Aquifer System (Mega Aquifer System),222,456,26.25,48.25
13,Northcentral Mega Aquifer System (Mega Aquifer System),222,457,26.25,48.75
13,Northcentral Mega Aquifer System (Mega Aquifer System),222,458,26.25,49.25
13,Northcentral Mega Aquifer System (Mega Aquifer System),222,459,26.25,49.75
13,Northcentral Mega Aquifer System (Mega Aquifer System),222,460,26.25,50.25
13,Northcentral Mega Aquifer System (Mega Aquifer System),223,451,26.75,45.75
13,Northcentral Mega Aquifer System (Mega Aquifer System),223,452,26.75,46.25
13,Northcentral Mega Aquifer System (Mega Aquifer System),223,453,26.75,46.75
13,Northcentral Mega Aquifer System (Mega Aquifer System),223,454,26.75,47.25
13,Northcentral Mega Aquifer System (Mega Aquifer System),223,455,26.75,47.75
13,Northcentral Mega Aquifer System (Mega Aquifer System),223,456,26.75,48.25
13,Northcentral Mega Aquifer System (Mega Aquifer System),223,457,26.75,48.75
13,Northcentral Mega Aquifer System (Mega Aquifer System),223,458,26.75,49.25
13,Northcentral Mega Aquifer System (Mega Aquifer System),223,459,26.75,49.75
13,Northcentral Mega Aquifer System (Mega Aquifer System),224,451,27.25,45.75
13,Northcentral Mega Aquifer System (Mega Aquifer System),224,452,27.25,46.25
13,Northcentral Mega Aquifer System (Mega Aquifer System),224,453,27.25,46.75
13,Northcentral Mega Aquifer System (Mega Aquifer System),224,454,27.25,47.25
13,Northcentral Mega Aquifer System (Mega Aquifer System),224,455,27.25,47.75
13,Northcentral Mega Aquifer System (Mega Aquifer System),224,456,27.25,48.25
13,Northcentral Mega Aquifer System (Mega Aquifer System),224,457,27.25,48.75
13,Northcentral Mega Aquifer System (Mega Aquifer System),224,458,27.25,49.25
13,Northcentral Mega Aquifer System (Mega Aquifer System),225,450,27.75,45.25
13,Northcentral Mega Aquifer System (Mega Aquifer System),225,451,27.75,45.75
13,Northcentral Mega Aquifer System (Mega Aquifer System),225,452,27.75,46.25
13,Northcentral Mega Aquifer System (Mega Aquifer System),225,453,27.75,46.75
13,Northcentral Mega Aquifer System (Mega Aquifer System),225,454,27.75,47.25
13,Northcentral Mega Aquifer System (Mega Aquifer System),225,455,27.75,47.75
13,Northcentral Mega Aquifer System (Mega Aquifer System),225,456,27.75,48.25
13,Northcentral Mega Aquifer System (Mega Aquifer System),225,457,27.75,48.75
13,Northcentral Mega Aquifer System (Mega Aquifer System),226,450,28.25,45.25
13,Northcentral Mega Aquifer System (Mega Aquifer System),226,451,28.25,45.75
13,Northcentral Mega Aquifer System (Mega Aquifer System),226,452,28.25,46.25
13,Northcentral Mega Aquifer System (Mega Aquifer System),226,453,28.25,46.75
13,Northcentral Mega Aquifer System (Mega Aquifer System),226,454,28.25,47.25
13,Northcentral Mega Aquifer System (Mega Aquifer System),226,455,28.25,47.75
13,Northcentral Mega Aquifer System (Mega Aquifer System),226,456,28.25,48.25
13,Northcentral Mega Aquifer System (Mega Aquifer System),227,450,28.75,45.25
13,Northcentral Mega Aquifer System (Mega Aquifer System),227,451,28.75,45.75
13,Northcentral Mega Aquifer System (Mega Aquifer System),227,452,28.75,46.25
13,Northcentral Mega Aquifer System (Mega Aquifer System),227,453,28.75,46.75
13,Northcentral Mega Aquifer System (Mega Aquifer System),227,454,28.75,47.25
13,Northcentral Mega Aquifer System (Mega Aquifer System),227,455,28.75,47.75
13,Northcentral Mega Aquifer System (Mega Aquifer System),227,456,28.75,48.25
13,Northcentral Mega Aquifer System (Mega Aquifer System),228,451,29.25,45.75
13,Northcentral Mega Aquifer System (Mega Aquifer System),228,452,29.25,46.25
13,Northcentral Mega Aquifer System (Mega Aquifer System),228,453,29.25,46.75
13,Northcentral Mega Aquifer System (Mega Aquifer System),228,454,29.25,47.25
13,Northcentral Mega Aquifer System (Mega Aquifer System),228,455,29.25,47.75
13,Northcentral Mega Aquifer System (Mega Aquifer System),229,451,29.75,45.75
13,Northcentral Mega Aquifer System (Mega Aquifer System),229,452,29.75,46.25
13,Northcentral Mega Aquifer System (Mega Aquifer System),229,453,29.75,46.75
13,Northcentral Mega Aquifer System (Mega Aquifer System),229,454,29.75,47.25
13,Northcentral Mega Aquifer System (Mega Aquifer System),229,455,29.75,47.75
13,Northcentral Mega Aquifer System (Mega Aquifer System),230,451,30.25,45.75
13,Northcentral Mega Aquifer System (Mega Aquifer System),230,452,30.25,46.25
13,Northcentral Mega Aquifer System (Mega Aquifer System),230,453,30.25,46.75
13,Northcentral Mega Aquifer System (Mega Aquifer System),230,454,30.25,47.25
13,Northcentral Mega Aquifer System (Mega Aquifer System),230,455,30.25,47.75
14,Ozark Plateaus Aquifer System,240,174,35.25,-92.75
14,Ozark Plateaus Aquifer System,240,175,35.25,-92.25
14,Ozark Plateaus Aquifer System,240,176,35.25,-91.75
14,Ozark Plateaus Aquifer System,241,169,35.75,-95.25
14,Ozark Plateaus Aquifer System,241,170,35.75,-94.75
14,Ozark Plateaus Aquifer System,241,171,35.75,-94.25
14,Ozark Plateaus Aquifer System,241,172,35.75,-93.75
14,Ozark Plateaus Aquifer System,241,173,35.75,-93.25
14,Ozark Plateaus Aquifer System,241,174,35.75,-92.75
14,Ozark Plateaus Aquifer System,241,175,35.75,-92.25
14,Ozark Plateaus Aquifer System,241,176,35.75,-91.75
14,Ozark Plateaus Aquifer System,242,169,36.25,-95.25
14,Ozark Plateaus Aquifer System,242,170,36.25,-94.75
14,Ozark Plateaus Aquifer System,242,171,36.25,-94.25
14,Ozark Plateaus Aquifer System,242,172,36.25,-93.75
14,Ozark Plateaus Aquifer System,242,173,36.25,-93.25
14,Ozark Plateaus Aquifer System,242,174,36.25,-92.75
14,Ozark Plateaus Aquifer System,242,175,36.25,-92.25
14,Ozark Plateaus Aquifer System,242,176,36.25,-91.75
14,Ozark Plateaus Aquifer System,242,177,36.25,-91.25
14,Ozark Plateaus Aquifer System,243,169,36.75,-95.25
14,Ozark Plateaus Aquifer System,243,170,36.75,-94.75
14,Ozark Plateaus Aquifer System,243,171,36.75,-94.25
14,Ozark Plateaus Aquifer System,243,172,36.75,-93.75
14,Ozark Plateaus Aquifer System,243,173,36.75,-93.25
14,Ozark Plateaus Aquifer System,243,174,36.75,-92.75
14,Ozark Plateaus Aquifer System,243,175,36.75,-92.25
14,Ozark Plateaus Aquifer System,243,176,36.75,-91.75
14,Ozark Plateaus Aquifer System,243,177,36.75,-91.25
14,Ozark Plateaus Aquifer System,243,178,36.75,-90.75
14,Ozark Plateaus Aquifer System,244,169,37.25,-95.25
14,Ozark Plateaus Aquifer System,244,170,37.25,-94.75
14,Ozark Plateaus Aquifer System,244,171,37.25,-94.25
14,Ozark Plateaus Aquifer System,244,172,37.25,-93.75
14,Ozark Plateaus Aquifer System,244,173,37.25,-93.25
14,Ozark Plateaus Aquifer System,244,174,37.25,-92.75
14,Ozark Plateaus Aquifer System,244,175,37.25,-92.25
14,Ozark Plateaus Aquifer System,244,176,37.25,-91.75
14,Ozark Plateaus Aquifer System,244,177,37.25,-91.25
14,Ozark Plateaus Aquifer System,244,178,37.25,-90.75
14,Ozark Plateaus Aquifer System,244,179,37.25,-90.25
14,Ozark Plateaus Aquifer System,244,180,37.25,-89.75
14,Ozark Plateaus Aquifer System,245,169,37.75,-95.25
14,Ozark Plateaus Aquifer System,245,170,37.75,-94.75
14,Ozark Plateaus Aquifer System,245,171,37.75,-94.25
14,Ozark Plateaus Aquifer System,245,172,37.75,-93.75
14,Ozark Plateaus Aquifer System,245,173,37.75,-93.25
14,Ozark Plateaus Aquifer System,245,174,37.75,-92.75
14,Ozark Plateaus Aquifer System,245,175,37.75,-92.25
14,Ozark Plateaus Aquifer System,245,176,37.75,-91.75
14,Ozark Plateaus Aquifer System,245,177,37.75,-91.25
14,Ozark Plateaus Aquifer System,245,178,37.75,-90.75
14,Ozark Plateaus Aquifer System,245,179,37.75,-90.25
14,Ozark Plateaus Aquifer System,245,180,37.75,-89.75
14,Ozark Plateaus Aquifer System,246,170,38.25,-94.75
14,Ozark Plateaus Aquifer System,246,171,38.25,-94.25
14,Ozark Plateaus Aquifer System,246,172,38.25,-93.75
14,Ozark Plateaus Aquifer System,246,173,38.25,-93.25
14,Ozark Plateaus Aquifer System,246,174,38.25,-92.75
14,Ozark Plateaus Aquifer System,246,175,38.25,-92.25
14,Ozark Plateaus Aquifer System,246,176,38.25,-91.75
14,Ozark Plateaus Aquifer System,246,177,38.25,-91.25
14,Ozark Plateaus Aquifer System,246,178,38.25,-90.75
14,Ozark Plateaus Aquifer System,247,171,38.75,-94.25
14,Ozark Plateaus Aquifer System,247,172,38.75,-93.75
14,Ozark Plateaus Aquifer System,247,173,38.75,-93.25
14,Ozark Plateaus Aquifer System,247,174,38.75,-92.75
14,Ozark Plateaus Aquifer System,247,175,38.75,-92.25
14,Ozark Plateaus Aquifer System,247,179,38.75,-90.25
14,Ozark Plateaus Aquifer System,248,173,39.25,-93.25
15,Western Karoo Basin (Main Karoo Basin),105,401,-32.25,20.75
15,Western Karoo Basin (Main Karoo Basin),105,402,-32.25,21.25
15,Western Karoo Basin (Main Karoo Basin),106,400,-31.75,20.25
15,Western Karoo Basin (Main Karoo Basin),106,401,-31.75,20.75
15,Western Karoo Basin (Main Karoo Basin),106,402,-31.75,21.25
15,Western Karoo Basin (Main Karoo Basin),106,403,-31.75,21.75
15,Western Karoo Basin (Main Karoo Basin),106,404,-31.75,22.25
15,Western Karoo Basin (Main Karoo Basin),107,399,-31.25,19.75
15,Western Karoo Basin (Main Karoo Basin),107,400,-31.25,20.25
15,Western Karoo Basin (Main Karoo Basin),107,401,-31.25,20.75
15,Western Karoo Basin (Main Karoo Basin),107,402,-31.25,21.25
15,Western Karoo Basin (Main Karoo Basin),107,403,-31.25,21.75
15,Western Karoo Basin (Main Karoo Basin),107,404,-31.25,22.25
15,Western Karoo Basin (Main Karoo Basin),107,405,-31.25,22.75
15,Western Karoo Basin (Main Karoo Basin),107,406,-31.25,23.25
15,Western Karoo Basin (Main Karoo Basin),107,407,-31.25,23.75
15,Western Karoo Basin (Main Karoo Basin),107,408,-31.25,24.25
15,Western Karoo Basin (Main Karoo Basin),107,409,-31.25,24.75
15,Western Karoo Basin (Main Karoo Basin),108,398,-30.75,19.25
15,Western Karoo Basin (Main Karoo Basin),108,399,-30.75,19.75
15,Western Karoo Basin (Main Karoo Basin),108,400,-30.75,20.25
15,Western Karoo Basin (Main Karoo Basin),108,401,-30.75,20.75
15,Western Karoo Basin (Main Karoo Basin),108,402,-30.75,21.25
15,Western Karoo Basin (Main Karoo Basin),108,403,-30.75,21.75
15,Western Karoo Basin (Main Karoo Basin),108,404,-30.75,22.25
15,Western Karoo Basin (Main Karoo Basin),108,405,-30.75,22.75
15,Western Karoo Basin (Main Karoo Basin),108,406,-30.75,23.25
15,Western Karoo Basin (Main Karoo Basin),108,407,-30.75,23.75
15,Western Karoo Basin (Main Karoo Basin),108,408,-30.75,24.25
15,Western Karoo Basin (Main Karoo Basin),108,409,-30.75,24.75
15,Western Karoo Basin (Main Karoo Basin),108,410,-30.75,25.25
15,Western Karoo Basin (Main Karoo Basin),109,397,-30.25,18.75
15,Western Karoo Basin (Main Karoo Basin),109,398,-30.25,19.25
15,Western Karoo Basin (Main Karoo Basin),109,399,-30.25,19.75
15,Western Karoo Basin (Main Karoo Basin),109,400,-30.25,20.25
15,Western Karoo Basin (Main Karoo Basin),109,401,-30.25,20.75
15,Western Karoo Basin (Main Karoo Basin),109,402,-30.25,21.25
15,Western Karoo Basin (Main Karoo Basin),109,403,-30.25,21.75
15,Western Karoo Basin (Main Karoo Basin),109,404,-30.25,22.25
15,Western Karoo Basin (Main Karoo Basin),109,405,-30.25,22.75
15,Western Karoo Basin (Main Karoo Basin),109,406,-30.25,23.25
15,Western Karoo Basin (Main Karoo Basin),109,407,-30.25,23.75
15,Western Karoo Basin (Main Karoo Basin),109,408,-30.25,24.25
15,Western Karoo Basin (Main Karoo Basin),109,409,-30.25,24.75
15,Western Karoo Basin (Main Karoo Basin),110,399,-29.75,19.75
15,Western Karoo Basin (Main Karoo Basin),110,400,-29.75,20.25
15,Western Karoo Basin (Main Karoo Basin),110,401,-29.75,20.75
15,Western Karoo Basin (Main Karoo Basin),110,402,-29.75,21.25
15,Western Karoo Basin (Main Karoo Basin),110,406,-29.75,23.25
15,Western Karoo Basin (Main Karoo Basin),110,407,-29.75,23.75
15,Western Karoo Basin (Main Karoo Basin),110,408,-29.75,24.25
15,Western Karoo Basin (Main Karoo Basin),111,406,-29.25,23.25
16,Middle Gangetic Plain (Indo-Gangetic Plain),219,528,24.75,84.25
16,Middle Gangetic Plain (Indo-Gangetic Plain),219,529,24.75,84.75
16,Middle Gangetic Plain (Indo-Gangetic Plain),219,530,24.75,85.25
16,Middle Gangetic Plain (Indo-Gangetic Plain),220,525,25.25,82.75
16,Middle Gangetic Plain (Indo-Gangetic Plain),220,526,25.25,83.25
16,Middle Gangetic Plain (Indo-Gangetic Plain),220,527,25.25,83.75
16,Middle Gangetic Plain (Indo-Gangetic Plain),220,528,25.25,84.25
16,Middle Gangetic Plain (Indo-Gangetic Plain),220,529,25.25,84.75
16,Middle Gangetic Plain (Indo-Gangetic Plain),220,530,25.25,85.25
16,Middle Gangetic Plain (Indo-Gangetic Plain),220,531,25.25,85.75
16,Middle Gangetic Plain (Indo-Gangetic Plain),220,532,25.25,86.25
16,Middle Gangetic Plain (Indo-Gangetic Plain),220,533,25.25,86.75
16,Middle Gangetic Plain (Indo-Gangetic Plain),220,534,25.25,87.25
16,Middle Gangetic Plain (Indo-Gangetic Plain),220,535,25.25,87.75
16,Middle Gangetic Plain (Indo-Gangetic Plain),221,525,25.75,82.75
16,Middle Gangetic Plain (Indo-Gangetic Plain),221,526,25.75,83.25
16,Middle Gangetic Plain (Indo-Gangetic Plain),221,527,25.75,83.75
16,Middle Gangetic Plain (Indo-Gangetic Plain),221,528,25.75,84.25
16,Middle Gangetic Plain (Indo-Gangetic Plain),221,529,25.75,84.75
16,Middle Gangetic Plain (Indo-Gangetic Plain),221,530,25.75,85.25
16,Middle Gangetic Plain (Indo-Gangetic Plain),221,531,25.75,85.75
16,Middle Gangetic Plain (Indo-Gangetic Plain),221,532,25.75,86.25
16,Middle Gangetic Plain (Indo-Gangetic Plain),221,533,25.75,86.75
16,Middle Gangetic Plain (Indo-Gangetic Plain),221,534,25.75,87.25
16,Middle Gangetic Plain (Indo-Gangetic Plain),221,535,25.75,87.75
16,Middle Gangetic Plain (Indo-Gangetic Plain),222,526,26.25,83.25
16,Middle Gangetic Plain (Indo-Gangetic Plain),222,527,26.25,83.75
16,Middle Gangetic Plain (Indo-Gangetic Plain),222,528,26.25,84.25
16,Middle Gangetic Plain (Indo-Gangetic Plain),222,529,26.25,84.75
16,Middle Gangetic Plain (Indo-Gangetic Plain),222,530,26.25,85.25
16,Middle Gangetic Plain (Indo-Gangetic Plain),222,531,26.25,85.75
16,Middle Gangetic Plain (Indo-Gangetic Plain),222,532,26.25,86.25
16,Middle Gangetic Plain (Indo-Gangetic Plain),222,533,26.25,86.75
16,Middle Gangetic Plain (Indo-Gangetic Plain),222,534,26.25,87.25
16,Middle Gangetic Plain (Indo-Gangetic Plain),222,535,26.25,87.75
16,Middle Gangetic Plain (Indo-Gangetic Plain),223,525,26.75,82.75
16,Middle Gangetic Plain (Indo-Gangetic Plain),223,526,26.75,83.25
16,Middle Gangetic Plain (Indo-Gangetic Plain),223,527,26.75,83.75
16,Middle Gangetic Plain (Indo-Gangetic Plain),223,528,26.75,84.25
16,Middle Gangetic Plain (Indo-Gangetic Plain),223,529,26.75,84.75
16,Middle Gangetic Plain (Indo-Gangetic Plain),223,530,26.75,85.25
16,Middle Gangetic Plain (Indo-Gangetic Plain),223,531,26.75,85.75
16,Middle Gangetic Plain (Indo-Gangetic Plain),223,532,26.75,86.25
16,Middle Gangetic Plain (Indo-Gangetic Plain),223,534,26.75,87.25
16,Middle Gangetic Plain (Indo-Gangetic Plain),224,524,27.25,82.25
16,Middle Gangetic Plain (Indo-Gangetic Plain),224,525,27.25,82.75
16,Middle Gangetic Plain (Indo-Gangetic Plain),224,526,27.25,83.25
16,Middle Gangetic Plain (Indo-Gangetic Plain),224,527,27.25,83.75
16,Middle Gangetic Plain (Indo-Gangetic Plain),224,528,27.25,84.25
16,Middle Gangetic Plain (Indo-Gangetic Plain),224,529,27.25,84.75
16,Middle Gangetic Plain (Indo-Gangetic Plain),225,523,27.75,81.75
16,Middle Gangetic Plain (Indo-Gangetic Plain),225,524,27.75,82.25
16,Middle Gangetic Plain (Indo-Gangetic Plain),226,523,28.25,81.75
17,Northern Mega Aquifer System (Mega Aquifer System),226,449,28.25,44.75
17,Northern Mega Aquifer System (Mega Aquifer System),227,447,28.75,43.75
17,Northern Mega Aquifer System (Mega Aquifer System),227,448,28.75,44.25
17,Northern Mega Aquifer System (Mega Aquifer System),227,449,28.75,44.75
17,Northern Mega Aquifer System (Mega Aquifer System),228,447,29.25,43.75
17,Northern Mega Aquifer System (Mega Aquifer System),228,448,29.25,44.25
17,Northern Mega Aquifer System (Mega Aquifer System),228,449,29.25,44.75
17,Northern Mega Aquifer System (Mega Aquifer System),228,450,29.25,45.25
17,Northern Mega Aquifer System (Mega Aquifer System),229,445,29.75,42.75
17,Northern Mega Aquifer System (Mega Aquifer System),229,446,29.75,43.25
17,Northern Mega Aquifer System (Mega Aquifer System),229,447,29.75,43.75
17,Northern Mega Aquifer System (Mega Aquifer System),229,448,29.75,44.25
17,Northern Mega Aquifer System (Mega Aquifer System),229,449,29.75,44.75
17,Northern Mega Aquifer System (Mega Aquifer System),229,450,29.75,45.25
17,Northern Mega Aquifer System (Mega Aquifer System),230,444,30.25,42.25
17,Northern Mega Aquifer System (Mega Aquifer System),230,445,30.25,42.75
17,Northern Mega Aquifer System (Mega Aquifer System),230,446,30.25,43.25
17,Northern Mega Aquifer System (Mega Aquifer System),230,447,30.25,43.75
17,Northern Mega Aquifer System (Mega Aquifer System),230,448,30.25,44.25
17,Northern Mega Aquifer System (Mega Aquifer System),230,449,30.25,44.75
17,Northern Mega Aquifer System (Mega Aquifer System),230,450,30.25,45.25
17,Northern Mega Aquifer System (Mega Aquifer System),231,443,30.75,41.75
17,Northern Mega Aquifer System (Mega Aquifer System),231,444,30.75,42.25
17,Northern Mega Aquifer System (Mega Aquifer System),231,445,30.75,42.75
17,Northern Mega Aquifer System (Mega Aquifer System),231,446,30.75,43.25
17,Northern Mega Aquifer System (Mega Aquifer System),231,447,30.75,43.75
17,Northern Mega Aquifer System (Mega Aquifer System),231,448,30.75,44.25
17,Northern Mega Aquifer System (Mega Aquifer System),231,449,30.75,44.75
17,Northern Mega Aquifer System (Mega Aquifer System),231,450,30.75,45.25
17,Northern Mega Aquifer System (Mega Aquifer System),232,443,31.25,41.75
17,Northern Mega Aquifer System (Mega Aquifer System),232,444,31.25,42.25
17,Northern Mega Aquifer System (Mega Aquifer System),232,445,31.25,42.75
17,Northern Mega Aquifer System (Mega Aquifer System),232,446,31.25,43.25
17,Northern Mega Aquifer System (Mega Aquifer System),232,447,31.25,43.75
17,Northern Mega Aquifer System (Mega Aquifer System),232,448,31.25,44.25
17,Northern Mega Aquifer System (Mega Aquifer System),232,449,31.25,44.75
17,Northern Mega Aquifer System (Mega Aquifer System),233,443,31.75,41.75
17,Northern Mega Aquifer System (Mega Aquifer System),233,444,31.75,42.25
17,Northern Mega Aquifer System (Mega Aquifer System),233,445,31.75,42.75
17,Northern Mega Aquifer System (Mega Aquifer System),233,446,31.75,43.25
17,Northern Mega Aquifer System (Mega Aquifer System),233,447,31.75,43.75
17,Northern Mega Aquifer System (Mega Aquifer System),233,448,31.75,44.25
17,Northern Mega Aquifer System (Mega Aquifer System),234,443,32.25,41.75
17,Northern Mega Aquifer System (Mega Aquifer System),234,444,32.25,42.25
17,Northern Mega Aquifer System (Mega Aquifer System),234,445,32.25,42.75
17,Northern Mega Aquifer System (Mega Aquifer System),234,446,32.25,43.25
17,Northern Mega Aquifer System (Mega Aquifer System),234,447,32.25,43.75
17,Northern Mega Aquifer System (Mega Aquifer System),235,443,32.75,41.75
17,Northern Mega Aquifer System (Mega Aquifer System),235,444,32.75,42.25
17,Northern Mega Aquifer System (Mega Aquifer System),235,445,32.75,42.75
17,Northern Mega Aquifer System (Mega Aquifer System),235,446,32.75,43.25
17,Northern Mega Aquifer System (Mega Aquifer System),236,444,33.25,42.25
17,Northern Mega Aquifer System (Mega Aquifer System),236,445,33.25,42.75
17,Northern Mega Aquifer System (Mega Aquifer System),236,446,33.25,43.25
18,Canning Basin,126,603,-21.75,121.75
18,Canning Basin,126,605,-21.75,122.75
18,Canning Basin,127,603,-21.25,121.75
18,Canning Basin,127,605,-21.25,122.75
18,Canning Basin,128,602,-20.75,121.25
18,Canning Basin,128,603,-20.75,121.75
18,Canning Basin,128,604,-20.75,122.25
18,Canning Basin,128,605,-20.75,122.75
18,Canning Basin,128,606,-20.75,123.25
18,Canning Basin,129,602,-20.25,121.25
18,Canning Basin,129,603,-20.25,121.75
18,Canning Basin,129,604,-20.25,122.25
18,Canning Basin,129,605,-20.25,122.75
18,Canning Basin,129,606,-20.25,123.25
18,Canning Basin,129,607,-20.25,123.75
18,Canning Basin,130,602,-19.75,121.25
18,Canning Basin,130,603,-19.75,121.75
18,Canning Basin,130,604,-19.75,122.25
18,Canning Basin,130,605,-19.75,122.75
18,Canning Basin,130,606,-19.75,123.25
18,Canning Basin,130,607,-19.75,123.75
18,Canning Basin,130,608,-19.75,124.25
18,Canning Basin,131,603,-19.25,121.75
18,Canning Basin,131,604,-19.25,122.25
18,Canning Basin,131,605,-19.25,122.75
18,Canning Basin,131,606,-19.25,123.25
18,Canning Basin,131,607,-19.25,123.75
18,Canning Basin,131,608,-19.25,124.25
18,Canning Basin,131,609,-19.25,124.75
18,Canning Basin,132,603,-18.75,121.75
18,Canning Basin,132,604,-18.75,122.25
18,Canning Basin,132,605,-18.75,122.75
18,Canning Basin,132,606,-18.75,123.25
18,Canning Basin,132,607,-18.75,123.75
18,Canning Basin,132,608,-18.75,124.25
18,Canning Basin,133,604,-18.25,122.25
18,Canning Basin,133,605,-18.25,122.75
18,Canning Basin,133,606,-18.25,123.25
18,Canning Basin,133,607,-18.25,123.75
18,Canning Basin,134,604,-17.75,122.25
18,Canning Basin,134,605,-17.75,122.75
18,Canning Basin,134,606,-17.75,123.25
18,Canning Basin,135,604,-17.25,122.25
18,Canning Basin,135,605,-17.25,122.75
18,Canning Basin,135,606,-17.25,123.25
18,Canning Basin,135,607,-17.25,123.75
18,Canning Basin,136,605,-16.75,122.75
19,Central Karoo Basin (Main Karoo Basin),105,412,-32.25,26.25
19,Central Karoo Basin (Main Karoo Basin),105,413,-32.25,26.75
19,Central Karoo Basin (Main Karoo Basin),105,414,-32.25,27.25
19,Central Karoo Basin (Main Karoo Basin),106,409,-31.75,24.75
19,Central Karoo Basin (Main Karoo Basin),106,411,-31.75,25.75
19,Central Karoo Basin (Main Karoo Basin),106,412,-31.75,26.25
19,Central Karoo Basin (Main Karoo Basin),106,413,-31.75,26.75
19,Central Karoo Basin (Main Karoo Basin),106,414,-31.75,27.25
19,Central Karoo Basin (Main Karoo Basin),106,415,-31.75,27.75
19,Central Karoo Basin (Main Karoo Basin),106,416,-31.75,28.25
19,Central Karoo Basin (Main Karoo Basin),107,410,-31.25,25.25
19,Central Karoo Basin (Main Karoo Basin),107,411,-31.25,25.75
19,Central Karoo Basin (Main Karoo Basin),107,412,-31.25,26.25
19,Central Karoo Basin (Main Karoo Basin),107,413,-31.25,26.75
19,Central Karoo Basin (Main Karoo Basin),107,414,-31.25,27.25
19,Central Karoo Basin (Main Karoo Basin),107,415,-31.25,27.75
19,Central Karoo Basin (Main Karoo Basin),107,416,-31.25,28.25
19,Central Karoo Basin (Main Karoo Basin),107,417,-31.25,28.75
19,Central Karoo Basin (Main Karoo Basin),108,411,-30.75,25.75
19,Central Karoo Basin (Main Karoo Basin),108,412,-30.75,26.25
19,Central Karoo Basin (Main Karoo Basin),108,413,-30.75,26.75
19,Central Karoo Basin (Main Karoo Basin),108,414,-30.75,27.25
19,Central Karoo Basin (Main Karoo Basin),108,415,-30.75,27.75
19,Central Karoo Basin (Main Karoo Basin),108,416,-30.75,28.25
19,Central Karoo Basin (Main Karoo Basin),108,417,-30.75,28.75
19,Central Karoo Basin (Main Karoo Basin),109,412,-30.25,26.25
19,Central Karoo Basin (Main Karoo Basin),109,413,-30.25,26.75
19,Central Karoo Basin (Main Karoo Basin),109,414,-30.25,27.25
19,Central Karoo Basin (Main Karoo Basin),109,415,-30.25,27.75
19,Central Karoo Basin (Main Karoo Basin),109,416,-30.25,28.25
19,Central Karoo Basin (Main Karoo Basin),109,417,-30.25,28.75
19,Central Karoo Basin (Main Karoo Basin),110,413,-29.75,26.75
19,Central Karoo Basin (Main Karoo Basin),110,414,-29.75,27.25
19,Central Karoo Basin (Main Karoo Basin),110,415,-29.75,27.75
19,Central Karoo Basin (Main Karoo Basin),110,416,-29.75,28.25
19,Central Karoo Basin (Main Karoo Basin),110,417,-29.75,28.75
19,Central Karoo Basin (Main Karoo Basin),110,418,-29.75,29.25
19,Central Karoo Basin (Main Karoo Basin),111,414,-29.25,27.25
19,Central Karoo Basin (Main Karoo Basin),111,415,-29.25,27.75
19,Central Karoo Basin (Main Karoo Basin),111,416,-29.25,28.25
19,Central Karoo Basin (Main Karoo Basin),111,417,-29.25,28.75
19,Central Karoo Basin (Main Karoo Basin),111,418,-29.25,29.25
19,Central Karoo Basin (Main Karoo Basin),112,414,-28.75,27.25
19,Central Karoo Basin (Main Karoo Basin),112,415,-28.75,27.75
19,Central Karoo Basin (Main Karoo Basin),112,416,-28.75,28.25
19,Central Karoo Basin (Main Karoo Basin),112,417,-28.75,28.75
19,Central Karoo Basin (Main Karoo Basin),113,415,-28.25,27.75
19,Central Karoo Basin (Main Karoo Basin),113,416,-28.25,28.25
19,Central Karoo Basin (Main Karoo Basin),113,417,-28.25,28.75
20,Southern Carpentaria Basin (Great Artesian Basin),129,641,-20.25,140.75
20,Southern Carpentaria Basin (Great Artesian Basin),129,642,-20.25,141.25
20,Southern Carpentaria Basin (Great Artesian Basin),129,643,-20.25,141.75
20,Southern Carpentaria Basin (Great Artesian Basin),130,640,-19.75,140.25
20,Southern Carpentaria Basin (Great Artesian Basin),130,641,-19.75,140.75
20,Southern Carpentaria Basin (Great Artesian Basin),130,642,-19.75,141.25
20,Southern Carpentaria Basin (Great Artesian Basin),130,643,-19.75,141.75
20,Southern Carpentaria Basin (Great Artesian Basin),130,644,-19.75,142.25
20,Southern Carpentaria Basin (Great Artesian Basin),131,639,-19.25,139.75
20,Southern Carpentaria Basin (Great Artesian Basin),131,640,-19.25,140.25
20,Southern Carpentaria Basin (Great Artesian Basin),131,641,-19.25,140.75
20,Southern Carpentaria Basin (Great Artesian Basin),131,642,-19.25,141.25
20,Southern Carpentaria Basin (Great Artesian Basin),131,643,-19.25,141.75
20,Southern Carpentaria Basin (Great Artesian Basin),131,644,-19.25,142.25
20,Southern Carpentaria Basin (Great Artesian Basin),131,645,-19.25,142.75
20,Southern Carpentaria Basin (Great Artesian Basin),132,638,-18.75,139.25
20,Southern Carpentaria Basin (Great Artesian Basin),132,639,-18.75,139.75
20,Southern Carpentaria Basin (Great Artesian Basin),132,640,-18.75,140.25
20,Southern Carpentaria Basin (Great Artesian Basin),132,641,-18.75,140.75
20,Southern Carpentaria Basin (Great Artesian Basin),132,642,-18.75,141.25
20,Southern Carpentaria Basin (Great Artesian Basin),132,643,-18.75,141.75
20,Southern Carpentaria Basin (Great Artesian Basin),132,644,-18.75,142.25
20,Southern Carpentaria Basin (Great Artesian Basin),133,637,-18.25,138.75
20,Southern Carpentaria Basin (Great Artesian Basin),133,638,-18.25,139.25
20,Southern Carpentaria Basin (Great Artesian Basin),133,639,-18.25,139.75
20,Southern Carpentaria Basin (Great Artesian Basin),133,640,-18.25,140.25
20,Southern Carpentaria Basin (Great Artesian Basin),133,641,-18.25,140.75
20,Southern Carpentaria Basin (Great Artesian Basin),133,642,-18.25,141.25
20,Southern Carpentaria Basin (Great Artesian Basin),133,643,-18.25,141.75
20,Southern Carpentaria Basin (Great Artesian Basin),133,644,-18.25,142.25
20,Southern Carpentaria Basin (Great Artesian Basin),134,637,-17.75,138.75
20,Southern Carpentaria Basin (Great Artesian Basin),134,638,-17.75,139.25
20,Southern Carpentaria Basin (Great Artesian Basin),134,639,-17.75,139.75
20,Southern Carpentaria Basin (Great Artesian Basin),134,640,-17.75,140.25
20,Southern Carpentaria Basin (Great Artesian Basin),134,641,-17.75,140.75
20,Southern Carpentaria Basin (Great Artesian Basin),134,642,-17.75,141.25
20,Southern Carpentaria Basin (Great Artesian Basin),134,643,-17.75,141.75
20,Southern Carpentaria Basin (Great Artesian Basin),134,644,-17.75,142.25
20,Southern Carpentaria Basin (Great Artesian Basin),135,636,-17.25,138.25
20,Southern Carpentaria Basin (Great Artesian Basin),135,637,-17.25,138.75
20,Southern Carpentaria Basin (Great Artesian Basin),135,642,-17.25,141.25
20,Southern Carpentaria Basin (Great Artesian Basin),135,643,-17.25,141.75
20,Southern Carpentaria Basin (Great Artesian Basin),136,636,-16.75,138.25
20,Southern Carpentaria Basin (Great Artesian Basin),136,642,-16.75,141.25
21,Eastern Parecis Basin (Parecis Basin),143,250,-13.25,-54.75
21,Eastern Parecis Basin (Parecis Basin),143,251,-13.25,-54.25
21,Eastern Parecis Basin (Parecis Basin),143,252,-13.25,-53.75
21,Eastern Parecis Basin (Parecis Basin),143,253,-13.25,-53.25
21,Eastern Parecis Basin (Parecis Basin),143,254,-13.25,-52.75
21,Eastern Parecis Basin (Parecis Basin),144,250,-12.75,-54.75
21,Eastern Parecis Basin (Parecis Basin),144,251,-12.75,-54.25
21,Eastern Parecis Basin (Parecis Basin),144,252,-12.75,-53.75
21,Eastern Parecis Basin (Parecis Basin),144,253,-12.75,-53.25
21,Eastern Parecis Basin (Parecis Basin),144,254,-12.75,-52.75
21,Eastern Parecis Basin (Parecis Basin),144,255,-12.75,-52.25
21,Eastern Parecis Basin (Parecis Basin),145,250,-12.25,-54.75
21,Eastern Parecis Basin (Parecis Basin),145,251,-12.25,-54.25
21,Eastern Parecis Basin (Parecis Basin),145,252,-12.25,-53.75
21,Eastern Parecis Basin (Parecis Basin),145,253,-12.25,-53.25
21,Eastern Parecis Basin (Parecis Basin),145,254,-12.25,-52.75
21,Eastern Parecis Basin (Parecis Basin),145,255,-12.25,-52.25
21,Eastern Parecis Basin (Parecis Basin),145,256,-12.25,-51.75
21,Eastern Parecis Basin (Parecis Basin),146,249,-11.75,-55.25
21,Eastern Parecis Basin (Parecis Basin),146,250,-11.75,-54.75
21,Eastern Parecis Basin (Parecis Basin),146,251,-11.75,-54.25
21,Eastern Parecis Basin (Parecis Basin),146,252,-11.75,-53.75
21,Eastern Parecis Basin (Parecis Basin),146,253,-11.75,-53.25
21,Eastern Parecis Basin (Parecis Basin),146,254,-11.75,-52.75
21,Eastern Parecis Basin (Parecis Basin),146,255,-11.75,-52.25
21,Eastern Parecis Basin (Parecis Basin),146,256,-11.75,-51.75
21,Eastern Parecis Basin (Parecis Basin),147,250,-11.25,-54.75
21,Eastern Parecis Basin (Parecis Basin),147,251,-11.25,-54.25
21,Eastern Parecis Basin (Parecis Basin),147,252,-11.25,-53.75
21,Eastern Parecis Basin (Parecis Basin),147,253,-11.25,-53.25
21,Eastern Parecis Basin (Parecis Basin),147,254,-11.25,-52.75
21,Eastern Parecis Basin (Parecis Basin),147,255,-11.25,-52.25
21,Eastern Parecis Basin (Parecis Basin),148,252,-10.75,-53.75
21,Eastern Parecis Basin (Parecis Basin),148,253,-10.75,-53.25
21,Eastern Parecis Basin (Parecis Basin),148,254,-10.75,-52.75
21,Eastern Parecis Basin (Parecis Basin),148,255,-10.75,-52.25
21,Eastern Parecis Basin (Parecis Basin),149,254,-10.25,-52.75
21,Eastern Parecis Basin (Parecis Basin),149,255,-10.25,-52.25
22,Eastern Poti and Piaui and Cabecas and Serra Grande Aquifers (Parnaiba Basin),153,275,-8.25,-42.25
22,Eastern Poti and Piaui and Cabecas and Serra Grande Aquifers (Parnaiba Basin),153,276,-8.25,-41.75
22,Eastern Poti and Piaui and Cabecas and Serra Grande Aquifers (Parnaiba Basin),154,274,-7.75,-42.75
22,Eastern Poti and Piaui and Cabecas and Serra Grande Aquifers (Parnaiba Basin),154,275,-7.75,-42.25
22,Eastern Poti and Piaui and Cabecas and Serra Grande Aquifers (Parnaiba Basin),154,276,-7.75,-41.75
22,Eastern Poti and Piaui and Cabecas and Serra Grande Aquifers (Parnaiba Basin),154,277,-7.75,-41.25
22,Eastern Poti and Piaui and Cabecas and Serra Grande Aquifers (Parnaiba Basin),155,274,-7.25,-42.75
22,Eastern Poti and Piaui and Cabecas and Serra Grande Aquifers (Parnaiba Basin),155,275,-7.25,-42.25
22,Eastern Poti and Piaui and Cabecas and Serra Grande Aquifers (Parnaiba Basin),155,276,-7.25,-41.75
22,Eastern Poti and Piaui and Cabecas and Serra Grande Aquifers (Parnaiba Basin),155,277,-7.25,-41.25
22,Eastern Poti and Piaui and Cabecas and Serra Grande Aquifers (Parnaiba Basin),156,274,-6.75,-42.75
22,Eastern Poti and Piaui and Cabecas and Serra Grande Aquifers (Parnaiba Basin),156,275,-6.75,-42.25
22,Eastern Poti and Piaui and Cabecas and Serra Grande Aquifers (Parnaiba Basin),156,276,-6.75,-41.75
22,Eastern Poti and Piaui and Cabecas and Serra Grande Aquifers (Parnaiba Basin),156,277,-6.75,-41.25
22,Eastern Poti and Piaui and Cabecas and Serra Grande Aquifers (Parnaiba Basin),156,278,-6.75,-40.75
22,Eastern Poti and Piaui and Cabecas and Serra Grande Aquifers (Parnaiba Basin),157,273,-6.25,-43.25
22,Eastern Poti and Piaui and Cabecas and Serra Grande Aquifers (Parnaiba Basin),157,274,-6.25,-42.75
22,Eastern Poti and Piaui and Cabecas and Serra Grande Aquifers (Parnaiba Basin),157,275,-6.25,-42.25
22,Eastern Poti and Piaui and Cabecas and Serra Grande Aquifers (Parnaiba Basin),157,276,-6.25,-41.75
22,Eastern Poti and Piaui and Cabecas and Serra Grande Aquifers (Parnaiba Basin),157,277,-6.25,-41.25
22,Eastern Poti and Piaui and Cabecas and Serra Grande Aquifers (Parnaiba Basin),158,274,-5.75,-42.75
22,Eastern Poti and Piaui and Cabecas and Serra Grande Aquifers (Parnaiba Basin),158,275,-5.75,-42.25
22,Eastern Poti and Piaui and Cabecas and Serra Grande Aquifers (Parnaiba Basin),158,276,-5.75,-41.75
22,Eastern Poti and Piaui and Cabecas and Serra Grande Aquifers (Parnaiba Basin),158,277,-5.75,-41.25
22,Eastern Poti and Piaui and Cabecas and Serra Grande Aquifers (Parnaiba Basin),159,274,-5.25,-42.75
22,Eastern Poti and Piaui and Cabecas and Serra Grande Aquifers (Parnaiba Basin),159,275,-5.25,-42.25
22,Eastern Poti and Piaui and Cabecas and Serra Grande Aquifers (Parnaiba Basin),159,276,-5.25,-41.75
22,Eastern Poti and Piaui and Cabecas and Serra Grande Aquifers (Parnaiba Basin),159,277,-5.25,-41.25
22,Eastern Poti and Piaui and Cabecas and Serra Grande Aquifers (Parnaiba Basin),160,274,-4.75,-42.75
22,Eastern Poti and Piaui and Cabecas and Serra Grande Aquifers (Parnaiba Basin),160,275,-4.75,-42.25
22,Eastern Poti and Piaui and Cabecas and Serra Grande Aquifers (Parnaiba Basin),160,276,-4.75,-41.75
22,Eastern Poti and Piaui and Cabecas and Serra Grande Aquifers (Parnaiba Basin),160,277,-4.75,-41.25
22,Eastern Poti and Piaui and Cabecas and Serra Grande Aquifers (Parnaiba Basin),161,274,-4.25,-42.75
22,Eastern Poti and Piaui and Cabecas and Serra Grande Aquifers (Parnaiba Basin),161,275,-4.25,-42.25
22,Eastern Poti and Piaui and Cabecas and Serra Grande Aquifers (Parnaiba Basin),161,276,-4.25,-41.75
22,Eastern Poti and Piaui and Cabecas and Serra Grande Aquifers (Parnaiba Basin),161,277,-4.25,-41.25
22,Eastern Poti and Piaui and Cabecas and Serra Grande Aquifers (Parnaiba Basin),161,278,-4.25,-40.75
22,Eastern Poti and Piaui and Cabecas and Serra Grande Aquifers (Parnaiba Basin),162,274,-3.75,-42.75
22,Eastern Poti and Piaui and Cabecas and Serra Grande Aquifers (Parnaiba Basin),162,276,-3.75,-41.75
22,Eastern Poti and Piaui and Cabecas and Serra Grande Aquifers (Parnaiba Basin),162,277,-3.75,-41.25
22,Eastern Poti and Piaui and Cabecas and Serra Grande Aquifers (Parnaiba Basin),163,276,-3.25,-41.75
23,Wiso Basin (Daly-Wiso-Georgina Basins),129,625,-20.25,132.75
23,Wiso Basin (Daly-Wiso-Georgina Basins),129,626,-20.25,133.25
23,Wiso Basin (Daly-Wiso-Georgina Basins),129,627,-20.25,133.75
23,Wiso Basin (Daly-Wiso-Georgina Basins),130,621,-19.75,130.75
23,Wiso Basin (Daly-Wiso-Georgina Basins),130,623,-19.75,131.75
23,Wiso Basin (Daly-Wiso-Georgina Basins),130,624,-19.75,132.25
23,Wiso Basin (Daly-Wiso-Georgina Basins),130,625,-19.75,132.75
23,Wiso Basin (Daly-Wiso-Georgina Basins),130,626,-19.75,133.25
23,Wiso Basin (Daly-Wiso-Georgina Basins),131,621,-19.25,130.75
23,Wiso Basin (Daly-Wiso-Georgina Basins),131,622,-19.25,131.25
23,Wiso Basin (Daly-Wiso-Georgina Basins),131,623,-19.25,131.75
23,Wiso Basin (Daly-Wiso-Georgina Basins),131,624,-19.25,132.25
23,Wiso Basin (Daly-Wiso-Georgina Basins),131,625,-19.25,132.75
23,Wiso Basin (Daly-Wiso-Georgina Basins),131,626,-19.25,133.25
23,Wiso Basin (Daly-Wiso-Georgina Basins),132,621,-18.75,130.75
23,Wiso Basin (Daly-Wiso-Georgina Basins),132,622,-18.75,131.25
23,Wiso Basin (Daly-Wiso-Georgina Basins),132,623,-18.75,131.75
23,Wiso Basin (Daly-Wiso-Georgina Basins),132,624,-18.75,132.25
23,Wiso Basin (Daly-Wiso-Georgina Basins),132,625,-18.75,132.75
23,Wiso Basin (Daly-Wiso-Georgina Basins),133,621,-18.25,130.75
23,Wiso Basin (Daly-Wiso-Georgina Basins),133,622,-18.25,131.25
23,Wiso Basin (Daly-Wiso-Georgina Basins),133,623,-18.25,131.75
23,Wiso Basin (Daly-Wiso-Georgina Basins),133,624,-18.25,132.25
23,Wiso Basin (Daly-Wiso-Georgina Basins),133,625,-18.25,132.75
23,Wiso Basin (Daly-Wiso-Georgina Basins),133,626,-18.25,133.25
23,Wiso Basin (Daly-Wiso-Georgina Basins),134,622,-17.75,131.25
23,Wiso Basin (Daly-Wiso-Georgina Basins),134,623,-17.75,131.75
23,Wiso Basin (Daly-Wiso-Georgina Basins),134,624,-17.75,132.25
23,Wiso Basin (Daly-Wiso-Georgina Basins),134,625,-17.75,132.75
23,Wiso Basin (Daly-Wiso-Georgina Basins),134,626,-17.75,133.25
23,Wiso Basin (Daly-Wiso-Georgina Basins),135,623,-17.25,131.75
23,Wiso Basin (Daly-Wiso-Georgina Basins),135,624,-17.25,132.25
23,Wiso Basin (Daly-Wiso-Georgina Basins),135,625,-17.25,132.75
23,Wiso Basin (Daly-Wiso-Georgina Basins),135,626,-17.25,133.25
23,Wiso Basin (Daly-Wiso-Georgina Basins),136,623,-16.75,131.75
23,Wiso Basin (Daly-Wiso-Georgina Basins),136,624,-16.75,132.25
23,Wiso Basin (Daly-Wiso-Georgina Basins),136,625,-16.75,132.75
23,Wiso Basin (Daly-Wiso-Georgina Basins),137,624,-16.25,132.25
23,Wiso Basin (Daly-Wiso-Georgina Basins),137,625,-16.25,132.75
23,Wiso Basin (Daly-Wiso-Georgina Basins),138,625,-15.75,132.75
24,Northern Georgina Basin (Daly-Wiso-Georgina Basins),129,630,-20.25,135.25
24,Northern Georgina Basin (Daly-Wiso-Georgina Basins),129,631,-20.25,135.75
24,Northern Georgina Basin (Daly-Wiso-Georgina Basins),130,630,-19.75,135.25
24,Northern Georgina Basin (Daly-Wiso-Georgina Basins),130,631,-19.75,135.75
24,Northern Georgina Basin (Daly-Wiso-Georgina Basins),130,632,-19.75,136.25
24,Northern Georgina Basin (Daly-Wiso-Georgina Basins),131,630,-19.25,135.25
24,Northern Georgina Basin (Daly-Wiso-Georgina Basins),131,631,-19.25,135.75
24,Northern Georgina Basin (Daly-Wiso-Georgina Basins),131,632,-19.25,136.25
24,Northern Georgina Basin (Daly-Wiso-Georgina Basins),132,629,-18.75,134.75
24,Northern Georgina Basin (Daly-Wiso-Georgina Basins),132,630,-18.75,135.25
24,Northern Georgina Basin (Daly-Wiso-Georgina Basins),132,631,-18.75,135.75
24,Northern Georgina Basin (Daly-Wiso-Georgina Basins),132,632,-18.75,136.25
24,Northern Georgina Basin (Daly-Wiso-Georgina Basins),132,633,-18.75,136.75
24,Northern Georgina Basin (Daly-Wiso-Georgina Basins),133,628,-18.25,134.25
24,Northern Georgina Basin (Daly-Wiso-Georgina Basins),133,629,-18.25,134.75
24,Northern Georgina Basin (Daly-Wiso-Georgina Basins),133,630,-18.25,135.25
24,Northern Georgina Basin (Daly-Wiso-Georgina Basins),133,631,-18.25,135.75
24,Northern Georgina Basin (Daly-Wiso-Georgina Basins),133,632,-18.25,136.25
24,Northern Georgina Basin (Daly-Wiso-Georgina Basins),134,627,-17.75,133.75
24,Northern Georgina Basin (Daly-Wiso-Georgina Basins),134,628,-17.75,134.25
24,Northern Georgina Basin (Daly-Wiso-Georgina Basins),134,629,-17.75,134.75
24,Northern Georgina Basin (Daly-Wiso-Georgina Basins),134,630,-17.75,135.25
24,Northern Georgina Basin (Daly-Wiso-Georgina Basins),134,631,-17.75,135.75
24,Northern Georgina Basin (Daly-Wiso-Georgina Basins),134,632,-17.75,136.25
24,Northern Georgina Basin (Daly-Wiso-Georgina Basins),135,627,-17.25,133.75
24,Northern Georgina Basin (Daly-Wiso-Georgina Basins),135,628,-17.25,134.25
24,Northern Georgina Basin (Daly-Wiso-Georgina Basins),135,629,-17.25,134.75
24,Northern Georgina Basin (Daly-Wiso-Georgina Basins),135,630,-17.25,135.25
24,Northern Georgina Basin (Daly-Wiso-Georgina Basins),135,631,-17.25,135.75
24,Northern Georgina Basin (Daly-Wiso-Georgina Basins),136,626,-16.75,133.25
24,Northern Georgina Basin (Daly-Wiso-Georgina Basins),136,627,-16.75,133.75
24,Northern Georgina Basin (Daly-Wiso-Georgina Basins),136,628,-16.75,134.25
24,Northern Georgina Basin (Daly-Wiso-Georgina Basins),136,629,-16.75,134.75
24,Northern Georgina Basin (Daly-Wiso-Georgina Basins),136,630,-16.75,135.25
24,Northern Georgina Basin (Daly-Wiso-Georgina Basins),137,626,-16.25,133.25
24,Northern Georgina Basin (Daly-Wiso-Georgina Basins),137,627,-16.25,133.75
24,Northern Georgina Basin (Daly-Wiso-Georgina Basins),137,628,-16.25,134.25
24,Northern Georgina Basin (Daly-Wiso-Georgina Basins),137,629,-16.25,134.75
24,Northern Georgina Basin (Daly-Wiso-Georgina Basins),138,626,-15.75,133.25
24,Northern Georgina Basin (Daly-Wiso-Georgina Basins),138,627,-15.75,133.75
24,Northern Georgina Basin (Daly-Wiso-Georgina Basins),139,626,-15.25,133.25
25,Dakota Aquifer System,255,163,42.75,-98.25
25,Dakota Aquifer System,255,164,42.75,-97.75
25,Dakota Aquifer System,255,165,42.75,-97.25
25,Dakota Aquifer System,256,161,43.25,-99.25
25,Dakota Aquifer System,256,162,43.25,-98.75
25,Dakota Aquifer System,256,163,43.25,-98.25
25,Dakota Aquifer System,256,164,43.25,-97.75
25,Dakota Aquifer System,256,165,43.25,-97.25
25,Dakota Aquifer System,256,166,43.25,-96.75
25,Dakota Aquifer System,257,155,43.75,-102.25
25,Dakota Aquifer System,257,156,43.75,-101.75
25,Dakota Aquifer System,257,158,43.75,-100.75
25,Dakota Aquifer System,257,159,43.75,-100.25
25,Dakota Aquifer System,257,160,43.75,-99.75
25,Dakota Aquifer System,257,161,43.75,-99.25
25,Dakota Aquifer System,257,162,43.75,-98.75
25,Dakota Aquifer System,257,163,43.75,-98.25
25,Dakota Aquifer System,258,157,44.25,-101.25
25,Dakota Aquifer System,258,158,44.25,-100.75
25,Dakota Aquifer System,258,159,44.25,-100.25
25,Dakota Aquifer System,258,160,44.25,-99.75
25,Dakota Aquifer System,258,161,44.25,-99.25
25,Dakota Aquifer System,258,162,44.25,-98.75
25,Dakota Aquifer System,258,163,44.25,-98.25
25,Dakota Aquifer System,258,164,44.25,-97.75
25,Dakota Aquifer System,258,165,44.25,-97.25
25,Dakota Aquifer System,259,157,44.75,-101.25
25,Dakota Aquifer System,259,158,44.75,-100.75
25,Dakota Aquifer System,259,159,44.75,-100.25
25,Dakota Aquifer System,259,160,44.75,-99.75
25,Dakota Aquifer System,259,161,44.75,-99.25
25,Dakota Aquifer System,259,162,44.75,-98.75
25,Dakota Aquifer System,259,163,44.75,-98.25
25,Dakota Aquifer System,259,164,44.75,-97.75
25,Dakota Aquifer System,260,158,45.25,-100.75
25,Dakota Aquifer System,260,159,45.25,-100.25
25,Dakota Aquifer System,260,160,45.25,-99.75
25,Dakota Aquifer System,260,161,45.25,-99.25
25,Dakota Aquifer System,260,162,45.25,-98.75
25,Dakota Aquifer System,260,163,45.25,-98.25
25,Dakota Aquifer System,261,159,45.75,-100.25
25,Dakota Aquifer System,261,160,45.75,-99.75
25,Dakota Aquifer System,261,161,45.75,-99.25
25,Dakota Aquifer System,261,162,45.75,-98.75
25,Dakota Aquifer System,261,163,45.75,-98.25
25,Dakota Aquifer System,261,164,45.75,-97.75
25,Dakota Aquifer System,261,165,45.75,-97.25
25,Dakota Aquifer System,262,163,46.25,-98.25
25,Dakota Aquifer System,262,164,46.25,-97.75
25,Dakota Aquifer System,262,165,46.25,-97.25
25,Dakota Aquifer System,263,164,46.75,-97.75
26,Arckaringa Basin and Southwestern Great Artesian Basin (Great Artesian Basin),107,631,-31.25,135.75
26,Arckaringa Basin and Southwestern Great Artesian Basin (Great Artesian Basin),108,630,-30.75,135.25
26,Arckaringa Basin and Southwestern Great Artesian Basin (Great Artesian Basin),108,631,-30.75,135.75
26,Arckaringa Basin and Southwestern Great Artesian Basin (Great Artesian Basin),109,627,-30.25,133.75
26,Arckaringa Basin and Southwestern Great Artesian Basin (Great Artesian Basin),109,628,-30.25,134.25
26,Arckaringa Basin and Southwestern Great Artesian Basin (Great Artesian Basin),109,629,-30.25,134.75
26,Arckaringa Basin and Southwestern Great Artesian Basin (Great Artesian Basin),109,630,-30.25,135.25
26,Arckaringa Basin and Southwestern Great Artesian Basin (Great Artesian Basin),109,631,-30.25,135.75
26,Arckaringa Basin and Southwestern Great Artesian Basin (Great Artesian Basin),110,629,-29.75,134.75
26,Arckaringa Basin and Southwestern Great Artesian Basin (Great Artesian Basin),110,630,-29.75,135.25
26,Arckaringa Basin and Southwestern Great Artesian Basin (Great Artesian Basin),110,631,-29.75,135.75
26,Arckaringa Basin and Southwestern Great Artesian Basin (Great Artesian Basin),110,632,-29.75,136.25
26,Arckaringa Basin and Southwestern Great Artesian Basin (Great Artesian Basin),111,626,-29.25,133.25
26,Arckaringa Basin and Southwestern Great Artesian Basin (Great Artesian Basin),111,627,-29.25,133.75
26,Arckaringa Basin and Southwestern Great Artesian Basin (Great Artesian Basin),111,628,-29.25,134.25
26,Arckaringa Basin and Southwestern Great Artesian Basin (Great Artesian Basin),111,629,-29.25,134.75
26,Arckaringa Basin and Southwestern Great Artesian Basin (Great Artesian Basin),111,630,-29.25,135.25
26,Arckaringa Basin and Southwestern Great Artesian Basin (Great Artesian Basin),111,631,-29.25,135.75
26,Arckaringa Basin and Southwestern Great Artesian Basin (Great Artesian Basin),111,632,-29.25,136.25
26,Arckaringa Basin and Southwestern Great Artesian Basin (Great Artesian Basin),112,625,-28.75,132.75
26,Arckaringa Basin and Southwestern Great Artesian Basin (Great Artesian Basin),112,626,-28.75,133.25
26,Arckaringa Basin and Southwestern Great Artesian Basin (Great Artesian Basin),112,627,-28.75,133.75
26,Arckaringa Basin and Southwestern Great Artesian Basin (Great Artesian Basin),112,628,-28.75,134.25
26,Arckaringa Basin and Southwestern Great Artesian Basin (Great Artesian Basin),112,629,-28.75,134.75
26,Arckaringa Basin and Southwestern Great Artesian Basin (Great Artesian Basin),112,630,-28.75,135.25
26,Arckaringa Basin and Southwestern Great Artesian Basin (Great Artesian Basin),112,631,-28.75,135.75
26,Arckaringa Basin and Southwestern Great Artesian Basin (Great Artesian Basin),113,626,-28.25,133.25
26,Arckaringa Basin and Southwestern Great Artesian Basin (Great Artesian Basin),113,627,-28.25,133.75
26,Arckaringa Basin and Southwestern Great Artesian Basin (Great Artesian Basin),113,628,-28.25,134.25
26,Arckaringa Basin and Southwestern Great Artesian Basin (Great Artesian Basin),113,629,-28.25,134.75
26,Arckaringa Basin and Southwestern Great Artesian Basin (Great Artesian Basin),113,630,-28.25,135.25
26,Arckaringa Basin and Southwestern Great Artesian Basin (Great Artesian Basin),113,631,-28.25,135.75
26,Arckaringa Basin and Southwestern Great Artesian Basin (Great Artesian Basin),114,627,-27.75,133.75
26,Arckaringa Basin and Southwestern Great Artesian Basin (Great Artesian Basin),114,628,-27.75,134.25
26,Arckaringa Basin and Southwestern Great Artesian Basin (Great Artesian Basin),114,629,-27.75,134.75
26,Arckaringa Basin and Southwestern Great Artesian Basin (Great Artesian Basin),114,630,-27.75,135.25
26,Arckaringa Basin and Southwestern Great Artesian Basin (Great Artesian Basin),115,627,-27.25,133.75
26,Arckaringa Basin and Southwestern Great Artesian Basin (Great Artesian Basin),115,628,-27.25,134.25
26,Arckaringa Basin and Southwestern Great Artesian Basin (Great Artesian Basin),115,629,-27.25,134.75
27,Trans Gangetic Plain (Indo-Gangetic Plain),225,512,27.75,76.25
27,Trans Gangetic Plain (Indo-Gangetic Plain),226,511,28.25,75.75
27,Trans Gangetic Plain (Indo-Gangetic Plain),226,512,28.25,76.25
27,Trans Gangetic Plain (Indo-Gangetic Plain),226,513,28.25,76.75
27,Trans Gangetic Plain (Indo-Gangetic Plain),226,514,28.25,77.25
27,Trans Gangetic Plain (Indo-Gangetic Plain),227,511,28.75,75.75
27,Trans Gangetic Plain (Indo-Gangetic Plain),227,512,28.75,76.25
27,Trans Gangetic Plain (Indo-Gangetic Plain),227,513,28.75,76.75
27,Trans Gangetic Plain (Indo-Gangetic Plain),227,514,28.75,77.25
27,Trans Gangetic Plain (Indo-Gangetic Plain),228,508,29.25,74.25
27,Trans Gangetic Plain (Indo-Gangetic Plain),228,509,29.25,74.75
27,Trans Gangetic Plain (Indo-Gangetic Plain),228,510,29.25,75.25
27,Trans Gangetic Plain (Indo-Gangetic Plain),228,511,29.25,75.75
27,Trans Gangetic Plain (Indo-Gangetic Plain),228,512,29.25,76.25
27,Trans Gangetic Plain (Indo-Gangetic Plain),228,513,29.25,76.75
27,Trans Gangetic Plain (Indo-Gangetic Plain),228,514,29.25,77.25
27,Trans Gangetic Plain (Indo-Gangetic Plain),229,508,29.75,74.25
27,Trans Gangetic Plain (Indo-Gangetic Plain),229,509,29.75,74.75
27,Trans Gangetic Plain (Indo-Gangetic Plain),229,510,29.75,75.25
27,Trans Gangetic Plain (Indo-Gangetic Plain),229,511,29.75,75.75
27,Trans Gangetic Plain (Indo-Gangetic Plain),229,512,29.75,76.25
27,Trans Gangetic Plain (Indo-Gangetic Plain),229,513,29.75,76.75
27,Trans Gangetic Plain (Indo-Gangetic Plain),229,514,29.75,77.25
27,Trans Gangetic Plain (Indo-Gangetic Plain),230,508,30.25,74.25
27,Trans Gangetic Plain (Indo-Gangetic Plain),230,509,30.25,74.75
27,Trans Gangetic Plain (Indo-Gangetic Plain),230,510,30.25,75.25
27,Trans Gangetic Plain (Indo-Gangetic Plain),230,511,30.25,75.75
27,Trans Gangetic Plain (Indo-Gangetic Plain),230,512,30.25,76.25
27,Trans Gangetic Plain (Indo-Gangetic Plain),230,513,30.25,76.75
27,Trans Gangetic Plain (Indo-Gangetic Plain),230,514,30.25,77.25
27,Trans Gangetic Plain (Indo-Gangetic Plain),230,515,30.25,77.75
27,Trans Gangetic Plain (Indo-Gangetic Plain),231,508,30.75,74.25
27,Trans Gangetic Plain (Indo-Gangetic Plain),231,509,30.75,74.75
27,Trans Gangetic Plain (Indo-Gangetic Plain),231,510,30.75,75.25
27,Trans Gangetic Plain (Indo-Gangetic Plain),231,511,30.75,75.75
27,Trans Gangetic Plain (Indo-Gangetic Plain),231,512,30.75,76.25
27,Trans Gangetic Plain (Indo-Gangetic Plain),231,513,30.75,76.75
27,Trans Gangetic Plain (Indo-Gangetic Plain),232,510,31.25,75.25
27,Trans Gangetic Plain (Indo-Gangetic Plain),232,511,31.25,75.75
27,Trans Gangetic Plain (Indo-Gangetic Plain),233,511,31.75,75.75
28,Southcentral Mega Aquifer System (Mega Aquifer System),215,457,22.75,48.75
28,Southcentral Mega Aquifer System (Mega Aquifer System),215,458,22.75,49.25
28,Southcentral Mega Aquifer System (Mega Aquifer System),216,457,23.25,48.75
28,Southcentral Mega Aquifer System (Mega Aquifer System),216,458,23.25,49.25
28,Southcentral Mega Aquifer System (Mega Aquifer System),217,457,23.75,48.75
28,Southcentral Mega Aquifer System (Mega Aquifer System),217,458,23.75,49.25
28,Southcentral Mega Aquifer System (Mega Aquifer System),217,459,23.75,49.75
28,Southcentral Mega Aquifer System (Mega Aquifer System),217,460,23.75,50.25
28,Southcentral Mega Aquifer System (Mega Aquifer System),218,457,24.25,48.75
28,Southcentral Mega Aquifer System (Mega Aquifer System),218,458,24.25,49.25
28,Southcentral Mega Aquifer System (Mega Aquifer System),218,459,24.25,49.75
28,Southcentral Mega Aquifer System (Mega Aquifer System),218,460,24.25,50.25
28,Southcentral Mega Aquifer System (Mega Aquifer System),218,461,24.25,50.75
28,Southcentral Mega Aquifer System (Mega Aquifer System),218,462,24.25,51.25
28,Southcentral Mega Aquifer System (Mega Aquifer System),219,456,24.75,48.25
28,Southcentral Mega Aquifer System (Mega Aquifer System),219,457,24.75,48.75
28,Southcentral Mega Aquifer System (Mega Aquifer System),219,458,24.75,49.25
28,Southcentral Mega Aquifer System (Mega Aquifer System),219,459,24.75,49.75
28,Southcentral Mega Aquifer System (Mega Aquifer System),219,460,24.75,50.25
28,Southcentral Mega Aquifer System (Mega Aquifer System),219,461,24.75,50.75
28,Southcentral Mega Aquifer System (Mega Aquifer System),219,462,24.75,51.25
28,Southcentral Mega Aquifer System (Mega Aquifer System),220,456,25.25,48.25
28,Southcentral Mega Aquifer System (Mega Aquifer System),220,457,25.25,48.75
28,Southcentral Mega Aquifer System (Mega Aquifer System),220,458,25.25,49.25
28,Southcentral Mega Aquifer System (Mega Aquifer System),220,459,25.25,49.75
28,Southcentral Mega Aquifer System (Mega Aquifer System),220,460,25.25,50.25
28,Southcentral Mega Aquifer System (Mega Aquifer System),220,462,25.25,51.25
28,Southcentral Mega Aquifer System (Mega Aquifer System),221,457,25.75,48.75
28,Southcentral Mega Aquifer System (Mega Aquifer System),221,458,25.75,49.25
28,Southcentral Mega Aquifer System (Mega Aquifer System),221,459,25.75,49.75
28,Southcentral Mega Aquifer System (Mega Aquifer System),221,460,25.75,50.25
28,Southcentral Mega Aquifer System (Mega Aquifer System),221,462,25.75,51.25
29,Central Mississippi Embayment (Mississippi Embayment),233,176,31.75,-91.75
29,Central Mississippi Embayment (Mississippi Embayment),234,176,32.25,-91.75
29,Central Mississippi Embayment (Mississippi Embayment),234,177,32.25,-91.25
29,Central Mississippi Embayment (Mississippi Embayment),235,176,32.75,-91.75
29,Central Mississippi Embayment (Mississippi Embayment),235,177,32.75,-91.25
29,Central Mississippi Embayment (Mississippi Embayment),235,178,32.75,-90.75
29,Central Mississippi Embayment (Mississippi Embayment),236,175,33.25,-92.25
29,Central Mississippi Embayment (Mississippi Embayment),236,176,33.25,-91.75
29,Central Mississippi Embayment (Mississippi Embayment),236,177,33.25,-91.25
29,Central Mississippi Embayment (Mississippi Embayment),236,178,33.25,-90.75
29,Central Mississippi Embayment (Mississippi Embayment),236,179,33.25,-90.25
29,Central Mississippi Embayment (Mississippi Embayment),237,176,33.75,-91.75
29,Central Mississippi Embayment (Mississippi Embayment),237,177,33.75,-91.25
29,Central Mississippi Embayment (Mississippi Embayment),237,178,33.75,-90.75
29,Central Mississippi Embayment (Mississippi Embayment),237,179,33.75,-90.25
29,Central Mississippi Embayment (Mississippi Embayment),238,176,34.25,-91.75
29,Central Mississippi Embayment (Mississippi Embayment),238,177,34.25,-91.25
29,Central Mississippi Embayment (Mississippi Embayment),238,178,34.25,-90.75
29,Central Mississippi Embayment (Mississippi Embayment),238,179,34.25,-90.25
29,Central Mississippi Embayment (Mississippi Embayment),239,176,34.75,-91.75
29,Central Mississippi Embayment (Mississippi Embayment),239,177,34.75,-91.25
29,Central Mississippi Embayment (Mississippi Embayment),239,178,34.75,-90.75
29,Central Mississippi Embayment (Mississippi Embayment),239,179,34.75,-90.25
29,Central Mississippi Embayment (Mississippi Embayment),240,177,35.25,-91.25
29,Central Mississippi Embayment (Mississippi Embayment),240,178,35.25,-90.75
29,Central Mississippi Embayment (Mississippi Embayment),240,179,35.25,-90.25
29,Central Mississippi Embayment (Mississippi Embayment),241,177,35.75,-91.25
29,Central Mississippi Embayment (Mississippi Embayment),241,178,35.75,-90.75
29,Central Mississippi Embayment (Mississippi Embayment),241,179,35.75,-90.25
29,Central Mississippi Embayment (Mississippi Embayment),241,180,35.75,-89.75
29,Central Mississippi Embayment (Mississippi Embayment),242,178,36.25,-90.75
29,Central Mississippi Embayment (Mississippi Embayment),242,179,36.25,-90.25
29,Central Mississippi Embayment (Mississippi Embayment),242,180,36.25,-89.75
29,Central Mississippi Embayment (Mississippi Embayment),243,179,36.75,-90.25
29,Central Mississippi Embayment (Mississippi Embayment),243,180,36.75,-89.75
29,Central Mississippi Embayment (Mississippi Embayment),243,181,36.75,-89.25
30,Northern Karoo Basin (Main Karoo Basin),109,410,-30.25,25.25
30,Northern Karoo Basin (Main Karoo Basin),109,411,-30.25,25.75
30,Northern Karoo Basin (Main Karoo Basin),110,409,-29.75,24.75
30,Northern Karoo Basin (Main Karoo Basin),110,410,-29.75,25.25
30,Northern Karoo Basin (Main Karoo Basin),110,411,-29.75,25.75
30,Northern Karoo Basin (Main Karoo Basin),110,412,-29.75,26.25
30,Northern Karoo Basin (Main Karoo Basin),111,408,-29.25,24.25
30,Northern Karoo Basin (Main Karoo Basin),111,409,-29.25,24.75
30,Northern Karoo Basin (Main Karoo Basin),111,410,-29.25,25.25
30,Northern Karoo Basin (Main Karoo Basin),111,411,-29.25,25.75
30,Northern Karoo Basin (Main Karoo Basin),111,412,-29.25,26.25
30,Northern Karoo Basin (Main Karoo Basin),111,413,-29.25,26.75
30,Northern Karoo Basin (Main Karoo Basin),112,408,-28.75,24.25
30,Northern Karoo Basin (Main Karoo Basin),112,409,-28.75,24.75
30,Northern Karoo Basin (Main Karoo Basin),112,410,-28.75,25.25
30,Northern Karoo Basin (Main Karoo Basin),112,411,-28.75,25.75
30,Northern Karoo Basin (Main Karoo Basin),112,412,-28.75,26.25
30,Northern Karoo Basin (Main Karoo Basin),112,413,-28.75,26.75
30,Northern Karoo Basin (Main Karoo Basin),113,409,-28.25,24.75
30,Northern Karoo Basin (Main Karoo Basin),113,410,-28.25,25.25
30,Northern Karoo Basin (Main Karoo Basin),113,411,-28.25,25.75
30,Northern Karoo Basin (Main Karoo Basin),113,412,-28.25,26.25
30,Northern Karoo Basin (Main Karoo Basin),113,413,-28.25,26.75
30,Northern Karoo Basin (Main Karoo Basin),113,414,-28.25,27.25
30,Northern Karoo Basin (Main Karoo Basin),114,410,-27.75,25.25
30,Northern Karoo Basin (Main Karoo Basin),114,411,-27.75,25.75
30,Northern Karoo Basin (Main Karoo Basin),114,412,-27.75,26.25
30,Northern Karoo Basin (Main Karoo Basin),114,413,-27.75,26.75
30,Northern Karoo Basin (Main Karoo Basin),114,414,-27.75,27.25
30,Northern Karoo Basin (Main Karoo Basin),114,415,-27.75,27.75
30,Northern Karoo Basin (Main Karoo Basin),115,412,-27.25,26.25
30,Northern Karoo Basin (Main Karoo Basin),115,413,-27.25,26.75
31,Mississippian-Silurian-Devonian Carbonates (Northern Midwest Aquifer System),250,178,40.25,-90.75
31,Mississippian-Silurian-Devonian Carbonates (Northern Midwest Aquifer System),250,179,40.25,-90.25
31,Mississippian-Silurian-Devonian Carbonates (Northern Midwest Aquifer System),251,176,40.75,-91.75
31,Mississippian-Silurian-Devonian Carbonates (Northern Midwest Aquifer System),251,177,40.75,-91.25
31,Mississippian-Silurian-Devonian Carbonates (Northern Midwest Aquifer System),251,178,40.75,-90.75
31,Mississippian-Silurian-Devonian Carbonates (Northern Midwest Aquifer System),251,179,40.75,-90.25
31,Mississippian-Silurian-Devonian Carbonates (Northern Midwest Aquifer System),251,180,40.75,-89.75
31,Mississippian-Silurian-Devonian Carbonates (Northern Midwest Aquifer System),252,174,41.25,-92.75
31,Mississippian-Silurian-Devonian Carbonates (Northern Midwest Aquifer System),252,175,41.25,-92.25
31,Mississippian-Silurian-Devonian Carbonates (Northern Midwest Aquifer System),252,176,41.25,-91.75
31,Mississippian-Silurian-Devonian Carbonates (Northern Midwest Aquifer System),252,177,41.25,-91.25
31,Mississippian-Silurian-Devonian Carbonates (Northern Midwest Aquifer System),252,178,41.25,-90.75
31,Mississippian-Silurian-Devonian Carbonates (Northern Midwest Aquifer System),252,179,41.25,-90.25
31,Mississippian-Silurian-Devonian Carbonates (Northern Midwest Aquifer System),252,180,41.25,-89.75
31,Mississippian-Silurian-Devonian Carbonates (Northern Midwest Aquifer System),253,171,41.75,-94.25
31,Mississippian-Silurian-Devonian Carbonates (Northern Midwest Aquifer System),253,172,41.75,-93.75
31,Mississippian-Silurian-Devonian Carbonates (Northern Midwest Aquifer System),253,173,41.75,-93.25
31,Mississippian-Silurian-Devonian Carbonates (Northern Midwest Aquifer System),253,174,41.75,-92.75
31,Mississippian-Silurian-Devonian Carbonates (Northern Midwest Aquifer System),253,175,41.75,-92.25
31,Mississippian-Silurian-Devonian Carbonates (Northern Midwest Aquifer System),253,176,41.75,-91.75
31,Mississippian-Silurian-Devonian Carbonates (Northern Midwest Aquifer System),253,177,41.75,-91.25
31,Mississippian-Silurian-Devonian Carbonates (Northern Midwest Aquifer System),253,178,41.75,-90.75
31,Mississippian-Silurian-Devonian Carbonates (Northern Midwest Aquifer System),253,179,41.75,-90.25
31,Mississippian-Silurian-Devonian Carbonates (Northern Midwest Aquifer System),253,180,41.75,-89.75
31,Mississippian-Silurian-Devonian Carbonates (Northern Midwest Aquifer System),254,171,42.25,-94.25
31,Mississippian-Silurian-Devonian Carbonates (Northern Midwest Aquifer System),254,172,42.25,-93.75
31,Mississippian-Silurian-Devonian Carbonates (Northern Midwest Aquifer System),254,173,42.25,-93.25
31,Mississippian-Silurian-Devonian Carbonates (Northern Midwest Aquifer System),254,174,42.25,-92.75
31,Mississippian-Silurian-Devonian Carbonates (Northern Midwest Aquifer System),254,175,42.25,-92.25
31,Mississippian-Silurian-Devonian Carbonates (Northern Midwest Aquifer System),254,176,42.25,-91.75
31,Mississippian-Silurian-Devonian Carbonates (Northern Midwest Aquifer System),254,177,42.25,-91.25
31,Mississippian-Silurian-Devonian Carbonates (Northern Midwest Aquifer System),255,171,42.75,-94.25
31,Mississippian-Silurian-Devonian Carbonates (Northern Midwest Aquifer System),255,173,42.75,-93.25
31,Mississippian-Silurian-Devonian Carbonates (Northern Midwest Aquifer System),255,174,42.75,-92.75
31,Mississippian-Silurian-Devonian Carbonates (Northern Midwest Aquifer System),255,175,42.75,-92.25
31,Mississippian-Silurian-Devonian Carbonates (Northern Midwest Aquifer System),255,176,42.75,-91.75
32,Staten River Embayment and Central Carpentaria Basin (Great Artesian Basin),134,645,-17.75,142.75
32,Staten River Embayment and Central Carpentaria Basin (Great Artesian Basin),134,646,-17.75,143.25
32,Staten River Embayment and Central Carpentaria Basin (Great Artesian Basin),135,644,-17.25,142.25
32,Staten River Embayment and Central Carpentaria Basin (Great Artesian Basin),135,645,-17.25,142.75
32,Staten River Embayment and Central Carpentaria Basin (Great Artesian Basin),135,646,-17.25,143.25
32,Staten River Embayment and Central Carpentaria Basin (Great Artesian Basin),135,647,-17.25,143.75
32,Staten River Embayment and Central Carpentaria Basin (Great Artesian Basin),136,643,-16.75,141.75
32,Staten River Embayment and Central Carpentaria Basin (Great Artesian Basin),136,644,-16.75,142.25
32,Staten River Embayment and Central Carpentaria Basin (Great Artesian Basin),136,645,-16.75,142.75
32,Staten River Embayment and Central Carpentaria Basin (Great Artesian Basin),136,646,-16.75,143.25
32,Staten River Embayment and Central Carpentaria Basin (Great Artesian Basin),136,647,-16.75,143.75
32,Staten River Embayment and Central Carpentaria Basin (Great Artesian Basin),137,643,-16.25,141.75
32,Staten River Embayment and Central Carpentaria Basin (Great Artesian Basin),137,644,-16.25,142.25
32,Staten River Embayment and Central Carpentaria Basin (Great Artesian Basin),137,645,-16.25,142.75
32,Staten River Embayment and Central Carpentaria Basin (Great Artesian Basin),137,646,-16.25,143.25
32,Staten River Embayment and Central Carpentaria Basin (Great Artesian Basin),138,643,-15.75,141.75
32,Staten River Embayment and Central Carpentaria Basin (Great Artesian Basin),138,644,-15.75,142.25
32,Staten River Embayment and Central Carpentaria Basin (Great Artesian Basin),138,645,-15.75,142.75
32,Staten River Embayment and Central Carpentaria Basin (Great Artesian Basin),138,646,-15.75,143.25
32,Staten River Embayment and Central Carpentaria Basin (Great Artesian Basin),139,643,-15.25,141.75
32,Staten River Embayment and Central Carpentaria Basin (Great Artesian Basin),139,644,-15.25,142.25
32,Staten River Embayment and Central Carpentaria Basin (Great Artesian Basin),139,645,-15.25,142.75
32,Staten River Embayment and Central Carpentaria Basin (Great Artesian Basin),140,643,-14.75,141.75
32,Staten River Embayment and Central Carpentaria Basin (Great Artesian Basin),140,644,-14.75,142.25
32,Staten River Embayment and Central Carpentaria Basin (Great Artesian Basin),140,645,-14.75,142.75
33,Central Dharwar Craton Banded Gneiss Complex (Dharwar Craton Banded Gneiss Complex),196,512,13.25,76.25
33,Central Dharwar Craton Banded Gneiss Complex (Dharwar Craton Banded Gneiss Complex),197,512,13.75,76.25
33,Central Dharwar Craton Banded Gneiss Complex (Dharwar Craton Banded Gneiss Complex),197,513,13.75,76.75
33,Central Dharwar Craton Banded Gneiss Complex (Dharwar Craton Banded Gneiss Complex),198,512,14.25,76.25
33,Central Dharwar Craton Banded Gneiss Complex (Dharwar Craton Banded Gneiss Complex),198,513,14.25,76.75
33,Central Dharwar Craton Banded Gneiss Complex (Dharwar Craton Banded Gneiss Complex),199,512,14.75,76.25
33,Central Dharwar Craton Banded Gneiss Complex (Dharwar Craton Banded Gneiss Complex),199,513,14.75,76.75
33,Central Dharwar Craton Banded Gneiss Complex (Dharwar Craton Banded Gneiss Complex),200,511,15.25,75.75
33,Central Dharwar Craton Banded Gneiss Complex (Dharwar Craton Banded Gneiss Complex),200,512,15.25,76.25
33,Central Dharwar Craton Banded Gneiss Complex (Dharwar Craton Banded Gneiss Complex),200,513,15.25,76.75
33,Central Dharwar Craton Banded Gneiss Complex (Dharwar Craton Banded Gneiss Complex),200,514,15.25,77.25
33,Central Dharwar Craton Banded Gneiss Complex (Dharwar Craton Banded Gneiss Complex),200,515,15.25,77.75
33,Central Dharwar Craton Banded Gneiss Complex (Dharwar Craton Banded Gneiss Complex),201,510,15.75,75.25
33,Central Dharwar Craton Banded Gneiss Complex (Dharwar Craton Banded Gneiss Complex),201,511,15.75,75.75
33,Central Dharwar Craton Banded Gneiss Complex (Dharwar Craton Banded Gneiss Complex),201,512,15.75,76.25
33,Central Dharwar Craton Banded Gneiss Complex (Dharwar Craton Banded Gneiss Complex),201,513,15.75,76.75
33,Central Dharwar Craton Banded Gneiss Complex (Dharwar Craton Banded Gneiss Complex),201,514,15.75,77.25
33,Central Dharwar Craton Banded Gneiss Complex (Dharwar Craton Banded Gneiss Complex),201,515,15.75,77.75
33,Central Dharwar Craton Banded Gneiss Complex (Dharwar Craton Banded Gneiss Complex),202,512,16.25,76.25
33,Central Dharwar Craton Banded Gneiss Complex (Dharwar Craton Banded Gneiss Complex),202,513,16.25,76.75
33,Central Dharwar Craton Banded Gneiss Complex (Dharwar Craton Banded Gneiss Complex),202,514,16.25,77.25
33,Central Dharwar Craton Banded Gneiss Complex (Dharwar Craton Banded Gneiss Complex),202,515,16.25,77.75
33,Central Dharwar Craton Banded Gneiss Complex (Dharwar Craton Banded Gneiss Complex),202,516,16.25,78.25
33,Central Dharwar Craton Banded Gneiss Complex (Dharwar Craton Banded Gneiss Complex),203,513,16.75,76.75
33,Central Dharwar Craton Banded Gneiss Complex (Dharwar Craton Banded Gneiss Complex),203,514,16.75,77.25
33,Central Dharwar Craton Banded Gneiss Complex (Dharwar Craton Banded Gneiss Complex),203,515,16.75,77.75
33,Central Dharwar Craton Banded Gneiss Complex (Dharwar Craton Banded Gneiss Complex),204,515,17.25,77.75
34,Central Huaihe Plain (Huaihe River Basin),235,588,32.75,114.25
34,Central Huaihe Plain (Huaihe River Basin),235,589,32.75,114.75
34,Central Huaihe Plain (Huaihe River Basin),235,590,32.75,115.25
34,Central Huaihe Plain (Huaihe River Basin),235,591,32.75,115.75
34,Central Huaihe Plain (Huaihe River Basin),235,592,32.75,116.25
34,Central Huaihe Plain (Huaihe River Basin),235,593,32.75,116.75
34,Central Huaihe Plain (Huaihe River Basin),236,589,33.25,114.75
34,Central Huaihe Plain (Huaihe River Basin),236,590,33.25,115.25
34,Central Huaihe Plain (Huaihe River Basin),236,591,33.25,115.75
34,Central Huaihe Plain (Huaihe River Basin),236,592,33.25,116.25
34,Central Huaihe Plain (Huaihe River Basin),236,593,33.25,116.75
34,Central Huaihe Plain (Huaihe River Basin),237,589,33.75,114.75
34,Central Huaihe Plain (Huaihe River Basin),237,590,33.75,115.25
34,Central Huaihe Plain (Huaihe River Basin),237,591,33.75,115.75
34,Central Huaihe Plain (Huaihe River Basin),237,592,33.75,116.25
34,Central Huaihe Plain (Huaihe River Basin),237,593,33.75,116.75
34,Central Huaihe Plain (Huaihe River Basin),238,589,34.25,114.75
34,Central Huaihe Plain (Huaihe River Basin),238,590,34.25,115.25
34,Central Huaihe Plain (Huaihe River Basin),238,591,34.25,115.75
34,Central Huaihe Plain (Huaihe River Basin),238,592,34.25,116.25
34,Central Huaihe Plain (Huaihe River Basin),238,593,34.25,116.75
34,Central Huaihe Plain (Huaihe River Basin),239,590,34.75,115.25
34,Central Huaihe Plain (Huaihe River Basin),239,591,34.75,115.75
34,Central Huaihe Plain (Huaihe River Basin),239,592,34.75,116.25
34,Central Huaihe Plain (Huaihe River Basin),239,593,34.75,116.75
34,Central Huaihe Plain (Huaihe River Basin),240,590,35.25,115.25
34,Central Huaihe Plain (Huaihe River Basin),240,591,35.25,115.75
34,Central Huaihe Plain (Huaihe River Basin),240,592,35.25,116.25
34,Central Huaihe Plain (Huaihe River Basin),241,591,35.75,115.75
35,Central Minnesota Surficial and Buried Sand and Gravel Aquifers,260,168,45.25,-95.75
35,Central Minnesota Surficial and Buried Sand and Gravel Aquifers,260,169,45.25,-95.25
35,Central Minnesota Surficial and Buried Sand and Gravel Aquifers,260,170,45.25,-94.75
35,Central Minnesota Surficial and Buried Sand and Gravel Aquifers,260,171,45.25,-94.25
35,Central Minnesota Surficial and Buried Sand and Gravel Aquifers,261,168,45.75,-95.75
35,Central Minnesota Surficial and Buried Sand and Gravel Aquifers,261,169,45.75,-95.25
35,Central Minnesota Surficial and Buried Sand and Gravel Aquifers,261,170,45.75,-94.75
35,Central Minnesota Surficial and Buried Sand and Gravel Aquifers,261,171,45.75,-94.25
35,Central Minnesota Surficial and Buried Sand and Gravel Aquifers,261,172,45.75,-93.75
35,Central Minnesota Surficial and Buried Sand and Gravel Aquifers,262,168,46.25,-95.75
35,Central Minnesota Surficial and Buried Sand and Gravel Aquifers,262,169,46.25,-95.25
35,Central Minnesota Surficial and Buried Sand and Gravel Aquifers,262,170,46.25,-94.75
35,Central Minnesota Surficial and Buried Sand and Gravel Aquifers,262,171,46.25,-94.25
35,Central Minnesota Surficial and Buried Sand and Gravel Aquifers,262,172,46.25,-93.75
35,Central Minnesota Surficial and Buried Sand and Gravel Aquifers,262,173,46.25,-93.25
35,Central Minnesota Surficial and Buried Sand and Gravel Aquifers,263,167,46.75,-96.25
35,Central Minnesota Surficial and Buried Sand and Gravel Aquifers,263,168,46.75,-95.75
35,Central Minnesota Surficial and Buried Sand and Gravel Aquifers,263,169,46.75,-95.25
35,Central Minnesota Surficial and Buried Sand and Gravel Aquifers,263,170,46.75,-94.75
35,Central Minnesota Surficial and Buried Sand and Gravel Aquifers,263,171,46.75,-94.25
35,Central Minnesota Surficial and Buried Sand and Gravel Aquifers,263,172,46.75,-93.75
35,Central Minnesota Surficial and Buried Sand and Gravel Aquifers,263,173,46.75,-93.25
35,Central Minnesota Surficial and Buried Sand and Gravel Aquifers,263,174,46.75,-92.75
35,Central Minnesota Surficial and Buried Sand and Gravel Aquifers,264,167,47.25,-96.25
35,Central Minnesota Surficial and Buried Sand and Gravel Aquifers,264,168,47.25,-95.75
35,Central Minnesota Surficial and Buried Sand and Gravel Aquifers,264,169,47.25,-95.25
35,Central Minnesota Surficial and Buried Sand and Gravel Aquifers,264,170,47.25,-94.75
35,Central Minnesota Surficial and Buried Sand and Gravel Aquifers,264,171,47.25,-94.25
35,Central Minnesota Surficial and Buried Sand and Gravel Aquifers,264,172,47.25,-93.75
35,Central Minnesota Surficial and Buried Sand and Gravel Aquifers,264,173,47.25,-93.25
35,Central Minnesota Surficial and Buried Sand and Gravel Aquifers,264,174,47.25,-92.75
35,Central Minnesota Surficial and Buried Sand and Gravel Aquifers,264,175,47.25,-92.25
35,Central Minnesota Surficial and Buried Sand and Gravel Aquifers,265,168,47.75,-95.75
35,Central Minnesota Surficial and Buried Sand and Gravel Aquifers,265,169,47.75,-95.25
35,Central Minnesota Surficial and Buried Sand and Gravel Aquifers,265,170,47.75,-94.75
35,Central Minnesota Surficial and Buried Sand and Gravel Aquifers,265,171,47.75,-94.25
35,Central Minnesota Surficial and Buried Sand and Gravel Aquifers,265,172,47.75,-93.75
35,Central Minnesota Surficial and Buried Sand and Gravel Aquifers,265,173,47.75,-93.25
36,Southern High Plains (High Plains),234,154,32.25,-102.75
36,Southern High Plains (High Plains),234,155,32.25,-102.25
36,Southern High Plains (High Plains),234,156,32.25,-101.75
36,Southern High Plains (High Plains),235,153,32.75,-103.25
36,Southern High Plains (High Plains),235,154,32.75,-102.75
36,Southern High Plains (High Plains),235,155,32.75,-102.25
36,Southern High Plains (High Plains),236,152,33.25,-103.75
36,Southern High Plains (High Plains),236,153,33.25,-103.25
36,Southern High Plains (High Plains),236,154,33.25,-102.75
36,Southern High Plains (High Plains),236,155,33.25,-102.25
36,Southern High Plains (High Plains),236,156,33.25,-101.75
36,Southern High Plains (High Plains),237,152,33.75,-103.75
36,Southern High Plains (High Plains),237,153,33.75,-103.25
36,Southern High Plains (High Plains),237,154,33.75,-102.75
36,Southern High Plains (High Plains),237,155,33.75,-102.25
36,Southern High Plains (High Plains),237,156,33.75,-101.75
36,Southern High Plains (High Plains),237,157,33.75,-101.25
36,Southern High Plains (High Plains),238,152,34.25,-103.75
36,Southern High Plains (High Plains),238,153,34.25,-103.25
36,Southern High Plains (High Plains),238,154,34.25,-102.75
36,Southern High Plains (High Plains),238,155,34.25,-102.25
36,Southern High Plains (High Plains),238,156,34.25,-101.75
36,Southern High Plains (High Plains),238,157,34.25,-101.25
36,Southern High Plains (High Plains),239,152,34.75,-103.75
36,Southern High Plains (High Plains),239,153,34.75,-103.25
36,Southern High Plains (High Plains),239,154,34.75,-102.75
36,Southern High Plains (High Plains),239,155,34.75,-102.25
36,Southern High Plains (High Plains),239,156,34.75,-101.75
36,Southern High Plains (High Plains),240,154,35.25,-102.75
36,Southern High Plains (High Plains),240,155,35.25,-102.25
37,Southcentral Karoo Basin (Main Karoo Basin),103,402,-33.25,21.25
37,Southcentral Karoo Basin (Main Karoo Basin),103,405,-33.25,22.75
37,Southcentral Karoo Basin (Main Karoo Basin),104,402,-32.75,21.25
37,Southcentral Karoo Basin (Main Karoo Basin),104,403,-32.75,21.75
37,Southcentral Karoo Basin (Main Karoo Basin),104,404,-32.75,22.25
37,Southcentral Karoo Basin (Main Karoo Basin),104,405,-32.75,22.75
37,Southcentral Karoo Basin (Main Karoo Basin),104,406,-32.75,23.25
37,Southcentral Karoo Basin (Main Karoo Basin),104,407,-32.75,23.75
37,Southcentral Karoo Basin (Main Karoo Basin),104,408,-32.75,24.25
37,Southcentral Karoo Basin (Main Karoo Basin),104,409,-32.75,24.75
37,Southcentral Karoo Basin (Main Karoo Basin),104,410,-32.75,25.25
37,Southcentral Karoo Basin (Main Karoo Basin),104,411,-32.75,25.75
37,Southcentral Karoo Basin (Main Karoo Basin),104,412,-32.75,26.25
37,Southcentral Karoo Basin (Main Karoo Basin),105,403,-32.25,21.75
37,Southcentral Karoo Basin (Main Karoo Basin),105,404,-32.25,22.25
37,Southcentral Karoo Basin (Main Karoo Basin),105,405,-32.25,22.75
37,Southcentral Karoo Basin (Main Karoo Basin),105,406,-32.25,23.25
37,Southcentral Karoo Basin (Main Karoo Basin),105,407,-32.25,23.75
37,Southcentral Karoo Basin (Main Karoo Basin),105,408,-32.25,24.25
37,Southcentral Karoo Basin (Main Karoo Basin),105,409,-32.25,24.75
37,Southcentral Karoo Basin (Main Karoo Basin),105,410,-32.25,25.25
37,Southcentral Karoo Basin (Main Karoo Basin),105,411,-32.25,25.75
37,Southcentral Karoo Basin (Main Karoo Basin),106,405,-31.75,22.75
37,Southcentral Karoo Basin (Main Karoo Basin),106,406,-31.75,23.25
37,Southcentral Karoo Basin (Main Karoo Basin),106,407,-31.75,23.75
37,Southcentral Karoo Basin (Main Karoo Basin),106,408,-31.75,24.25
37,Southcentral Karoo Basin (Main Karoo Basin),106,410,-31.75,25.25
38,Central High Plains (High Plains),241,153,35.75,-103.25
38,Central High Plains (High Plains),241,154,35.75,-102.75
38,Central High Plains (High Plains),241,155,35.75,-102.25
38,Central High Plains (High Plains),242,153,36.25,-103.25
38,Central High Plains (High Plains),242,154,36.25,-102.75
38,Central High Plains (High Plains),242,155,36.25,-102.25
38,Central High Plains (High Plains),242,156,36.25,-101.75
38,Central High Plains (High Plains),242,157,36.25,-101.25
38,Central High Plains (High Plains),242,158,36.25,-100.75
38,Central High Plains (High Plains),242,159,36.25,-100.25
38,Central High Plains (High Plains),242,160,36.25,-99.75
38,Central High Plains (High Plains),243,154,36.75,-102.75
38,Central High Plains (High Plains),243,155,36.75,-102.25
38,Central High Plains (High Plains),243,156,36.75,-101.75
38,Central High Plains (High Plains),243,157,36.75,-101.25
38,Central High Plains (High Plains),244,153,37.25,-103.25
38,Central High Plains (High Plains),244,154,37.25,-102.75
38,Central High Plains (High Plains),244,155,37.25,-102.25
38,Central High Plains (High Plains),244,156,37.25,-101.75
38,Central High Plains (High Plains),244,157,37.25,-101.25
38,Central High Plains (High Plains),244,158,37.25,-100.75
38,Central High Plains (High Plains),244,159,37.25,-100.25
38,Central High Plains (High Plains),245,155,37.75,-102.25
38,Central High Plains (High Plains),245,156,37.75,-101.75
38,Central High Plains (High Plains),245,157,37.75,-101.25
38,Central High Plains (High Plains),245,158,37.75,-100.75
38,Central High Plains (High Plains),245,159,37.75,-100.25
38,Central High Plains (High Plains),245,160,37.75,-99.75
39,Lower Liaohe River Plain (Liaohe River Basin),251,604,40.75,122.25
39,Lower Liaohe River Plain (Liaohe River Basin),252,602,41.25,121.25
39,Lower Liaohe River Plain (Liaohe River Basin),252,603,41.25,121.75
39,Lower Liaohe River Plain (Liaohe River Basin),252,604,41.25,122.25
39,Lower Liaohe River Plain (Liaohe River Basin),252,605,41.25,122.75
39,Lower Liaohe River Plain (Liaohe River Basin),252,606,41.25,123.25
39,Lower Liaohe River Plain (Liaohe River Basin),253,604,41.75,122.25
39,Lower Liaohe River Plain (Liaohe River Basin),253,605,41.75,122.75
39,Lower Liaohe River Plain (Liaohe River Basin),253,606,41.75,123.25
39,Lower Liaohe River Plain (Liaohe River Basin),253,607,41.75,123.75
39,Lower Liaohe River Plain (Liaohe River Basin),254,604,42.25,122.25
39,Lower Liaohe River Plain (Liaohe River Basin),254,605,42.25,122.75
39,Lower Liaohe River Plain (Liaohe River Basin),254,606,42.25,123.25
39,Lower Liaohe River Plain (Liaohe River Basin),254,607,42.25,123.75
39,Lower Liaohe River Plain (Liaohe River Basin),255,601,42.75,120.75
39,Lower Liaohe River Plain (Liaohe River Basin),255,602,42.75,121.25
39,Lower Liaohe River Plain (Liaohe River Basin),255,603,42.75,121.75
39,Lower Liaohe River Plain (Liaohe River Basin),255,604,42.75,122.25
39,Lower Liaohe River Plain (Liaohe River Basin),255,605,42.75,122.75
39,Lower Liaohe River Plain (Liaohe River Basin),255,606,42.75,123.25
39,Lower Liaohe River Plain (Liaohe River Basin),255,607,42.75,123.75
39,Lower Liaohe River Plain (Liaohe River Basin),256,604,43.25,122.25
39,Lower Liaohe River Plain (Liaohe River Basin),256,605,43.25,122.75
39,Lower Liaohe River Plain (Liaohe River Basin),256,606,43.25,123.25
39,Lower Liaohe River Plain (Liaohe River Basin),256,607,43.25,123.75
39,Lower Liaohe River Plain (Liaohe River Basin),256,608,43.25,124.25
39,Lower Liaohe River Plain (Liaohe River Basin),257,607,43.75,123.75
39,Lower Liaohe River Plain (Liaohe River Basin),257,608,43.75,124.25
39,Lower Liaohe River Plain (Liaohe River Basin),257,609,43.75,124.75
40,Wadi As-Sirhan Basin,229,435,29.75,37.75
40,Wadi As-Sirhan Basin,229,436,29.75,38.25
40,Wadi As-Sirhan Basin,229,437,29.75,38.75
40,Wadi As-Sirhan Basin,229,438,29.75,39.25
40,Wadi As-Sirhan Basin,229,439,29.75,39.75
40,Wadi As-Sirhan Basin,229,440,29.75,40.25
40,Wadi As-Sirhan Basin,230,434,30.25,37.25
40,Wadi As-Sirhan Basin,230,435,30.25,37.75
40,Wadi As-Sirhan Basin,230,436,30.25,38.25
40,Wadi As-Sirhan Basin,230,437,30.25,38.75
40,Wadi As-Sirhan Basin,230,438,30.25,39.25
40,Wadi As-Sirhan Basin,230,439,30.25,39.75
40,Wadi As-Sirhan Basin,230,440,30.25,40.25
40,Wadi As-Sirhan Basin,231,433,30.75,36.75
40,Wadi As-Sirhan Basin,231,434,30.75,37.25
40,Wadi As-Sirhan Basin,231,435,30.75,37.75
40,Wadi As-Sirhan Basin,231,436,30.75,38.25
40,Wadi As-Sirhan Basin,231,437,30.75,38.75
40,Wadi As-Sirhan Basin,231,438,30.75,39.25
40,Wadi As-Sirhan Basin,231,439,30.75,39.75
40,Wadi As-Sirhan Basin,231,440,30.75,40.25
40,Wadi As-Sirhan Basin,232,433,31.25,36.75
40,Wadi As-Sirhan Basin,232,434,31.25,37.25
40,Wadi As-Sirhan Basin,232,435,31.25,37.75
40,Wadi As-Sirhan Basin,233,433,31.75,36.75
41,Eastern Saq Aquifer (Ram-Saq Aquifer System),218,450,24.25,45.25
41,Eastern Saq Aquifer (Ram-Saq Aquifer System),218,451,24.25,45.75
41,Eastern Saq Aquifer (Ram-Saq Aquifer System),219,449,24.75,44.75
41,Eastern Saq Aquifer (Ram-Saq Aquifer System),219,450,24.75,45.25
41,Eastern Saq Aquifer (Ram-Saq Aquifer System),219,451,24.75,45.75
41,Eastern Saq Aquifer (Ram-Saq Aquifer System),220,448,25.25,44.25
41,Eastern Saq Aquifer (Ram-Saq Aquifer System),220,449,25.25,44.75
41,Eastern Saq Aquifer (Ram-Saq Aquifer System),220,450,25.25,45.25
41,Eastern Saq Aquifer (Ram-Saq Aquifer System),221,447,25.75,43.75
41,Eastern Saq Aquifer (Ram-Saq Aquifer System),221,448,25.75,44.25
41,Eastern Saq Aquifer (Ram-Saq Aquifer System),221,449,25.75,44.75
41,Eastern Saq Aquifer (Ram-Saq Aquifer System),222,446,26.25,43.25
41,Eastern Saq Aquifer (Ram-Saq Aquifer System),222,447,26.25,43.75
41,Eastern Saq Aquifer (Ram-Saq Aquifer System),222,448,26.25,44.25
41,Eastern Saq Aquifer (Ram-Saq Aquifer System),222,449,26.25,44.75
41,Eastern Saq Aquifer (Ram-Saq Aquifer System),223,446,26.75,43.25
41,Eastern Saq Aquifer (Ram-Saq Aquifer System),223,447,26.75,43.75
41,Eastern Saq Aquifer (Ram-Saq Aquifer System),223,448,26.75,44.25
41,Eastern Saq Aquifer (Ram-Saq Aquifer System),224,445,27.25,42.75
41,Eastern Saq Aquifer (Ram-Saq Aquifer System),224,446,27.25,43.25
41,Eastern Saq Aquifer (Ram-Saq Aquifer System),224,447,27.25,43.75
41,Eastern Saq Aquifer (Ram-Saq Aquifer System),225,443,27.75,41.75
41,Eastern Saq Aquifer (Ram-Saq Aquifer System),225,444,27.75,42.25
41,Eastern Saq Aquifer (Ram-Saq Aquifer System),225,445,27.75,42.75
41,Eastern Saq Aquifer (Ram-Saq Aquifer System),225,446,27.75,43.25
42,Trinity Aquifer System (Edwards-Trinity Aquifer System),231,164,30.75,-97.75
42,Trinity Aquifer System (Edwards-Trinity Aquifer System),231,165,30.75,-97.25
42,Trinity Aquifer System (Edwards-Trinity Aquifer System),232,163,31.25,-98.25
42,Trinity Aquifer System (Edwards-Trinity Aquifer System),232,164,31.25,-97.75
42,Trinity Aquifer System (Edwards-Trinity Aquifer System),232,165,31.25,-97.25
42,Trinity Aquifer System (Edwards-Trinity Aquifer System),233,162,31.75,-98.75
42,Trinity Aquifer System (Edwards-Trinity Aquifer System),233,163,31.75,-98.25
42,Trinity Aquifer System (Edwards-Trinity Aquifer System),233,164,31.75,-97.75
42,Trinity Aquifer System (Edwards-Trinity Aquifer System),233,165,31.75,-97.25
42,Trinity Aquifer System (Edwards-Trinity Aquifer System),234,161,32.25,-99.25
42,Trinity Aquifer System (Edwards-Trinity Aquifer System),234,162,32.25,-98.75
42,Trinity Aquifer System (Edwards-Trinity Aquifer System),234,163,32.25,-98.25
42,Trinity Aquifer System (Edwards-Trinity Aquifer System),234,164,32.25,-97.75
42,Trinity Aquifer System (Edwards-Trinity Aquifer System),234,165,32.25,-97.25
42,Trinity Aquifer System (Edwards-Trinity Aquifer System),234,166,32.25,-96.75
42,Trinity Aquifer System (Edwards-Trinity Aquifer System),235,164,32.75,-97.75
42,Trinity Aquifer System (Edwards-Trinity Aquifer System),235,165,32.75,-97.25
42,Trinity Aquifer System (Edwards-Trinity Aquifer System),235,166,32.75,-96.75
42,Trinity Aquifer System (Edwards-Trinity Aquifer System),236,164,33.25,-97.75
42,Trinity Aquifer System (Edwards-Trinity Aquifer System),236,165,33.25,-97.25
42,Trinity Aquifer System (Edwards-Trinity Aquifer System),236,166,33.25,-96.75
42,Trinity Aquifer System (Edwards-Trinity Aquifer System),237,165,33.75,-97.25
42,Trinity Aquifer System (Edwards-Trinity Aquifer System),237,166,33.75,-96.75
42,Trinity Aquifer System (Edwards-Trinity Aquifer System),237,168,33.75,-95.75
42,Trinity Aquifer System (Edwards-Trinity Aquifer System),237,169,33.75,-95.25
43,Wisconsin Precambrian Aquifer,259,179,44.75,-90.25
43,Wisconsin Precambrian Aquifer,259,180,44.75,-89.75
43,Wisconsin Precambrian Aquifer,259,181,44.75,-89.25
43,Wisconsin Precambrian Aquifer,260,178,45.25,-90.75
43,Wisconsin Precambrian Aquifer,260,179,45.25,-90.25
43,Wisconsin Precambrian Aquifer,260,180,45.25,-89.75
43,Wisconsin Precambrian Aquifer,260,181,45.25,-89.25
43,Wisconsin Precambrian Aquifer,260,182,45.25,-88.75
43,Wisconsin Precambrian Aquifer,260,183,45.25,-88.25
43,Wisconsin Precambrian Aquifer,261,175,45.75,-92.25
43,Wisconsin Precambrian Aquifer,261,177,45.75,-91.25
43,Wisconsin Precambrian Aquifer,261,178,45.75,-90.75
43,Wisconsin Precambrian Aquifer,261,179,45.75,-90.25
43,Wisconsin Precambrian Aquifer,261,180,45.75,-89.75
43,Wisconsin Precambrian Aquifer,261,181,45.75,-89.25
43,Wisconsin Precambrian Aquifer,261,182,45.75,-88.75
43,Wisconsin Precambrian Aquifer,261,183,45.75,-88.25
43,Wisconsin Precambrian Aquifer,262,175,46.25,-92.25
43,Wisconsin Precambrian Aquifer,262,176,46.25,-91.75
43,Wisconsin Precambrian Aquifer,262,177,46.25,-91.25
43,Wisconsin Precambrian Aquifer,262,178,46.25,-90.75
43,Wisconsin Precambrian Aquifer,262,179,46.25,-90.25
43,Wisconsin Precambrian Aquifer,262,180,46.25,-89.75
43,Wisconsin Precambrian Aquifer,262,181,46.25,-89.25
43,Wisconsin Precambrian Aquifer,262,182,46.25,-88.75
43,Wisconsin Precambrian Aquifer,262,183,46.25,-88.25
43,Wisconsin Precambrian Aquifer,262,184,46.25,-87.75
43,Wisconsin Precambrian Aquifer,263,183,46.75,-88.25
43,Wisconsin Precambrian Aquifer,263,184,46.75,-87.75
44,Lafayette Area (Gulf Coast Regional Aquifer System),229,171,29.75,-94.25
44,Lafayette Area (Gulf Coast Regional Aquifer System),229,172,29.75,-93.75
44,Lafayette Area (Gulf Coast Regional Aquifer System),229,174,29.75,-92.75
44,Lafayette Area (Gulf Coast Regional Aquifer System),229,175,29.75,-92.25
44,Lafayette Area (Gulf Coast Regional Aquifer System),229,176,29.75,-91.75
44,Lafayette Area (Gulf Coast Regional Aquifer System),229,177,29.75,-91.25
44,Lafayette Area (Gulf Coast Regional Aquifer System),230,171,30.25,-94.25
44,Lafayette Area (Gulf Coast Regional Aquifer System),230,172,30.25,-93.75
44,Lafayette Area (Gulf Coast Regional Aquifer System),230,173,30.25,-93.25
44,Lafayette Area (Gulf Coast Regional Aquifer System),230,174,30.25,-92.75
44,Lafayette Area (Gulf Coast Regional Aquifer System),230,175,30.25,-92.25
44,Lafayette Area (Gulf Coast Regional Aquifer System),230,176,30.25,-91.75
44,Lafayette Area (Gulf Coast Regional Aquifer System),231,170,30.75,-94.75
44,Lafayette Area (Gulf Coast Regional Aquifer System),231,171,30.75,-94.25
44,Lafayette Area (Gulf Coast Regional Aquifer System),231,172,30.75,-93.75
44,Lafayette Area (Gulf Coast Regional Aquifer System),231,173,30.75,-93.25
44,Lafayette Area (Gulf Coast Regional Aquifer System),231,174,30.75,-92.75
44,Lafayette Area (Gulf Coast Regional Aquifer System),231,175,30.75,-92.25
44,Lafayette Area (Gulf Coast Regional Aquifer System),232,170,31.25,-94.75
44,Lafayette Area (Gulf Coast Regional Aquifer System),232,171,31.25,-94.25
44,Lafayette Area (Gulf Coast Regional Aquifer System),232,172,31.25,-93.75
44,Lafayette Area (Gulf Coast Regional Aquifer System),232,173,31.25,-93.25
44,Lafayette Area (Gulf Coast Regional Aquifer System),232,174,31.25,-92.75
44,Lafayette Area (Gulf Coast Regional Aquifer System),232,175,31.25,-92.25
44,Lafayette Area (Gulf Coast Regional Aquifer System),232,176,31.25,-91.75
44,Lafayette Area (Gulf Coast Regional Aquifer System),233,175,31.75,-92.25
45,Paskapoo-Scollard,272,131,51.25,-114.25
45,Paskapoo-Scollard,272,132,51.25,-113.75
45,Paskapoo-Scollard,273,130,51.75,-114.75
45,Paskapoo-Scollard,273,131,51.75,-114.25
45,Paskapoo-Scollard,273,132,51.75,-113.75
45,Paskapoo-Scollard,273,133,51.75,-113.25
45,Paskapoo-Scollard,274,129,52.25,-115.25
45,Paskapoo-Scollard,274,130,52.25,-114.75
45,Paskapoo-Scollard,274,131,52.25,-114.25
45,Paskapoo-Scollard,274,132,52.25,-113.75
45,Paskapoo-Scollard,274,133,52.25,-113.25
45,Paskapoo-Scollard,275,127,52.75,-116.25
45,Paskapoo-Scollard,275,128,52.75,-115.75
45,Paskapoo-Scollard,275,129,52.75,-115.25
45,Paskapoo-Scollard,275,130,52.75,-114.75
45,Paskapoo-Scollard,275,131,52.75,-114.25
45,Paskapoo-Scollard,275,132,52.75,-113.75
45,Paskapoo-Scollard,276,126,53.25,-116.75
45,Paskapoo-Scollard,276,127,53.25,-116.25
45,Paskapoo-Scollard,276,128,53.25,-115.75
45,Paskapoo-Scollard,276,129,53.25,-115.25
45,Paskapoo-Scollard,276,130,53.25,-114.75
45,Paskapoo-Scollard,277,124,53.75,-117.75
45,Paskapoo-Scollard,277,125,53.75,-117.25
45,Paskapoo-Scollard,277,126,53.75,-116.75
45,Paskapoo-Scollard,277,127,53.75,-116.25
45,Paskapoo-Scollard,277,128,53.75,-115.75
45,Paskapoo-Scollard,277,129,53.75,-115.25
45,Paskapoo-Scollard,278,123,54.25,-118.25
45,Paskapoo-Scollard,278,124,54.25,-117.75
45,Paskapoo-Scollard,278,125,54.25,-117.25
45,Paskapoo-Scollard,278,126,54.25,-116.75
45,Paskapoo-Scollard,278,127,54.25,-116.25
45,Paskapoo-Scollard,278,128,54.25,-115.75
45,Paskapoo-Scollard,279,128,54.75,-115.75
45,Paskapoo-Scollard,279,129,54.75,-115.25
46,Western Surat Basin (Great Artesian Basin),110,654,-29.75,147.25
46,Western Surat Basin (Great Artesian Basin),110,655,-29.75,147.75
46,Western Surat Basin (Great Artesian Basin),110,656,-29.75,148.25
46,Western Surat Basin (Great Artesian Basin),111,653,-29.25,146.75
46,Western Surat Basin (Great Artesian Basin),111,654,-29.25,147.25
46,Western Surat Basin (Great Artesian Basin),111,655,-29.25,147.75
46,Western Surat Basin (Great Artesian Basin),111,656,-29.25,148.25
46,Western Surat Basin (Great Artesian Basin),112,653,-28.75,146.75
46,Western Surat Basin (Great Artesian Basin),112,654,-28.75,147.25
46,Western Surat Basin (Great Artesian Basin),112,655,-28.75,147.75
46,Western Surat Basin (Great Artesian Basin),112,656,-28.75,148.25
46,Western Surat Basin (Great Artesian Basin),112,657,-28.75,148.75
46,Western Surat Basin (Great Artesian Basin),113,654,-28.25,147.25
46,Western Surat Basin (Great Artesian Basin),113,655,-28.25,147.75
46,Western Surat Basin (Great Artesian Basin),113,656,-28.25,148.25
46,Western Surat Basin (Great Artesian Basin),114,654,-27.75,147.25
46,Western Surat Basin (Great Artesian Basin),114,655,-27.75,147.75
46,Western Surat Basin (Great Artesian Basin),114,656,-27.75,148.25
46,Western Surat Basin (Great Artesian Basin),115,654,-27.25,147.25
46,Western Surat Basin (Great Artesian Basin),115,655,-27.25,147.75
46,Western Surat Basin (Great Artesian Basin),116,654,-26.75,147.25
46,Western Surat Basin (Great Artesian Basin),116,655,-26.75,147.75
46,Western Surat Basin (Great Artesian Basin),117,655,-26.25,147.75
47,Coonamble Embayment (Great Artesian Basin),105,655,-32.25,147.75
47,Coonamble Embayment (Great Artesian Basin),105,656,-32.25,148.25
47,Coonamble Embayment (Great Artesian Basin),106,655,-31.75,147.75
47,Coonamble Embayment (Great Artesian Basin),106,656,-31.75,148.25
47,Coonamble Embayment (Great Artesian Basin),106,657,-31.75,148.75
47,Coonamble Embayment (Great Artesian Basin),107,654,-31.25,147.25
47,Coonamble Embayment (Great Artesian Basin),107,655,-31.25,147.75
47,Coonamble Embayment (Great Artesian Basin),107,656,-31.25,148.25
47,Coonamble Embayment (Great Artesian Basin),107,657,-31.25,148.75
47,Coonamble Embayment (Great Artesian Basin),107,658,-31.25,149.25
47,Coonamble Embayment (Great Artesian Basin),108,654,-30.75,147.25
47,Coonamble Embayment (Great Artesian Basin),108,655,-30.75,147.75
47,Coonamble Embayment (Great Artesian Basin),108,656,-30.75,148.25
47,Coonamble Embayment (Great Artesian Basin),108,657,-30.75,148.75
47,Coonamble Embayment (Great Artesian Basin),108,658,-30.75,149.25
47,Coonamble Embayment (Great Artesian Basin),108,659,-30.75,149.75
47,Coonamble Embayment (Great Artesian Basin),109,654,-30.25,147.25
47,Coonamble Embayment (Great Artesian Basin),109,655,-30.25,147.75
47,Coonamble Embayment (Great Artesian Basin),109,656,-30.25,148.25
47,Coonamble Embayment (Great Artesian Basin),109,657,-30.25,148.75
47,Coonamble Embayment (Great Artesian Basin),109,658,-30.25,149.25
47,Coonamble Embayment (Great Artesian Basin),109,659,-30.25,149.75
47,Coonamble Embayment (Great Artesian Basin),110,657,-29.75,148.75
47,Coonamble Embayment (Great Artesian Basin),110,658,-29.75,149.25
47,Coonamble Embayment (Great Artesian Basin),110,659,-29.75,149.75
48,Mimosa Syncline and Eastern Surat Basin (Great Artesian Basin),113,657,-28.25,148.75
48,Mimosa Syncline and Eastern Surat Basin (Great Artesian Basin),113,658,-28.25,149.25
48,Mimosa Syncline and Eastern Surat Basin (Great Artesian Basin),113,659,-28.25,149.75
48,Mimosa Syncline and Eastern Surat Basin (Great Artesian Basin),114,657,-27.75,148.75
48,Mimosa Syncline and Eastern Surat Basin (Great Artesian Basin),114,658,-27.75,149.25
48,Mimosa Syncline and Eastern Surat Basin (Great Artesian Basin),114,659,-27.75,149.75
48,Mimosa Syncline and Eastern Surat Basin (Great Artesian Basin),114,660,-27.75,150.25
48,Mimosa Syncline and Eastern Surat Basin (Great Artesian Basin),115,656,-27.25,148.25
48,Mimosa Syncline and Eastern Surat Basin (Great Artesian Basin),115,657,-27.25,148.75
48,Mimosa Syncline and Eastern Surat Basin (Great Artesian Basin),115,658,-27.25,149.25
48,Mimosa Syncline and Eastern Surat Basin (Great Artesian Basin),115,659,-27.25,149.75
48,Mimosa Syncline and Eastern Surat Basin (Great Artesian Basin),115,660,-27.25,150.25
48,Mimosa Syncline and Eastern Surat Basin (Great Artesian Basin),115,661,-27.25,150.75
48,Mimosa Syncline and Eastern Surat Basin (Great Artesian Basin),116,656,-26.75,148.25
48,Mimosa Syncline and Eastern Surat Basin (Great Artesian Basin),116,657,-26.75,148.75
48,Mimosa Syncline and Eastern Surat Basin (Great Artesian Basin),116,658,-26.75,149.25
48,Mimosa Syncline and Eastern Surat Basin (Great Artesian Basin),116,659,-26.75,149.75
48,Mimosa Syncline and Eastern Surat Basin (Great Artesian Basin),116,660,-26.75,150.25
48,Mimosa Syncline and Eastern Surat Basin (Great Artesian Basin),116,661,-26.75,150.75
48,Mimosa Syncline and Eastern Surat Basin (Great Artesian Basin),117,657,-26.25,148.75
48,Mimosa Syncline and Eastern Surat Basin (Great Artesian Basin),117,660,-26.25,150.25
48,Mimosa Syncline and Eastern Surat Basin (Great Artesian Basin),117,661,-26.25,150.75
49,Wuyuer-Shuangyang System (Songnen Plain),258,606,44.25,123.25
49,Wuyuer-Shuangyang System (Songnen Plain),258,607,44.25,123.75
49,Wuyuer-Shuangyang System (Songnen Plain),258,608,44.25,124.25
49,Wuyuer-Shuangyang System (Songnen Plain),259,605,44.75,122.75
49,Wuyuer-Shuangyang System (Songnen Plain),259,606,44.75,123.25
49,Wuyuer-Shuangyang System (Songnen Plain),259,607,44.75,123.75
49,Wuyuer-Shuangyang System (Songnen Plain),259,608,44.75,124.25
49,Wuyuer-Shuangyang System (Songnen Plain),260,606,45.25,123.25
49,Wuyuer-Shuangyang System (Songnen Plain),260,607,45.25,123.75
49,Wuyuer-Shuangyang System (Songnen Plain),260,608,45.25,124.25
49,Wuyuer-Shuangyang System (Songnen Plain),260,609,45.25,124.75
49,Wuyuer-Shuangyang System (Songnen Plain),260,610,45.25,125.25
49,Wuyuer-Shuangyang System (Songnen Plain),260,611,45.25,125.75
49,Wuyuer-Shuangyang System (Songnen Plain),261,607,45.75,123.75
49,Wuyuer-Shuangyang System (Songnen Plain),261,608,45.75,124.25
49,Wuyuer-Shuangyang System (Songnen Plain),261,609,45.75,124.75
49,Wuyuer-Shuangyang System (Songnen Plain),261,610,45.75,125.25
49,Wuyuer-Shuangyang System (Songnen Plain),262,608,46.25,124.25
49,Wuyuer-Shuangyang System (Songnen Plain),262,609,46.25,124.75
49,Wuyuer-Shuangyang System (Songnen Plain),262,610,46.25,125.25
49,Wuyuer-Shuangyang System (Songnen Plain),263,607,46.75,123.75
49,Wuyuer-Shuangyang System (Songnen Plain),263,608,46.75,124.25
49,Wuyuer-Shuangyang System (Songnen Plain),263,609,46.75,124.75
49,Wuyuer-Shuangyang System (Songnen Plain),263,610,46.75,125.25
49,Wuyuer-Shuangyang System (Songnen Plain),264,608,47.25,124.25
49,Wuyuer-Shuangyang System (Songnen Plain),264,609,47.25,124.75
49,Wuyuer-Shuangyang System (Songnen Plain),264,610,47.25,125.25
49,Wuyuer-Shuangyang System (Songnen Plain),265,608,47.75,124.25
49,Wuyuer-Shuangyang System (Songnen Plain),265,609,47.75,124.75
50,Powder River Basin (Northern Great Plains),255,149,42.75,-105.25
50,Powder River Basin (Northern Great Plains),256,148,43.25,-105.75
50,Powder River Basin (Northern Great Plains),256,149,43.25,-105.25
50,Powder River Basin (Northern Great Plains),256,150,43.25,-104.75
50,Powder River Basin (Northern Great Plains),257,147,43.75,-106.25
50,Powder River Basin (Northern Great Plains),257,148,43.75,-105.75
50,Powder River Basin (Northern Great Plains),257,149,43.75,-105.25
50,Powder River Basin (Northern Great Plains),257,150,43.75,-104.75
50,Powder River Basin (Northern Great Plains),257,151,43.75,-104.25
50,Powder River Basin (Northern Great Plains),258,146,44.25,-106.75
50,Powder River Basin (Northern Great Plains),258,147,44.25,-106.25
50,Powder River Basin (Northern Great Plains),258,148,44.25,-105.75
50,Powder River Basin (Northern Great Plains),258,149,44.25,-105.25
50,Powder River Basin (Northern Great Plains),259,146,44.75,-106.75
50,Powder River Basin (Northern Great Plains),259,147,44.75,-106.25
50,Powder River Basin (Northern Great Plains),259,148,44.75,-105.75
50,Powder River Basin (Northern Great Plains),259,149,44.75,-105.25
50,Powder River Basin (Northern Great Plains),260,145,45.25,-107.25
50,Powder River Basin (Northern Great Plains),260,146,45.25,-106.75
50,Powder River Basin (Northern Great Plains),260,147,45.25,-106.25
50,Powder River Basin (Northern Great Plains),260,148,45.25,-105.75
50,Powder River Basin (Northern Great Plains),260,149,45.25,-105.25
50,Powder River Basin (Northern Great Plains),261,145,45.75,-107.25
50,Powder River Basin (Northern Great Plains),261,146,45.75,-106.75
50,Powder River Basin (Northern Great Plains),261,147,45.75,-106.25
50,Powder River Basin (Northern Great Plains),261,148,45.75,-105.75
50,Powder River Basin (Northern Great Plains),261,149,45.75,-105.25
50,Powder River Basin (Northern Great Plains),262,146,46.25,-106.75
50,Powder River Basin (Northern Great Plains),262,147,46.25,-106.25
51,Central Eucla Basin (Eucla Basin),103,629,-33.25,134.75
51,Central Eucla Basin (Eucla Basin),103,630,-33.25,135.25
51,Central Eucla Basin (Eucla Basin),103,631,-33.25,135.75
51,Central Eucla Basin (Eucla Basin),104,628,-32.75,134.25
51,Central Eucla Basin (Eucla Basin),104,629,-32.75,134.75
51,Central Eucla Basin (Eucla Basin),105,628,-32.25,134.25
51,Central Eucla Basin (Eucla Basin),105,629,-32.25,134.75
51,Central Eucla Basin (Eucla Basin),106,624,-31.75,132.25
51,Central Eucla Basin (Eucla Basin),106,625,-31.75,132.75
51,Central Eucla Basin (Eucla Basin),106,626,-31.75,133.25
51,Central Eucla Basin (Eucla Basin),106,627,-31.75,133.75
51,Central Eucla Basin (Eucla Basin),107,622,-31.25,131.25
51,Central Eucla Basin (Eucla Basin),107,623,-31.25,131.75
51,Central Eucla Basin (Eucla Basin),107,624,-31.25,132.25
51,Central Eucla Basin (Eucla Basin),107,625,-31.25,132.75
51,Central Eucla Basin (Eucla Basin),107,626,-31.25,133.25
51,Central Eucla Basin (Eucla Basin),108,623,-30.75,131.75
51,Central Eucla Basin (Eucla Basin),108,624,-30.75,132.25
51,Central Eucla Basin (Eucla Basin),108,625,-30.75,132.75
51,Central Eucla Basin (Eucla Basin),109,623,-30.25,131.75
51,Central Eucla Basin (Eucla Basin),109,624,-30.25,132.25
51,Central Eucla Basin (Eucla Basin),109,625,-30.25,132.75
51,Central Eucla Basin (Eucla Basin),110,624,-29.75,132.25
52,Rio Grande Delta (Gulf Coast Regional Aquifer System),217,163,23.75,-98.25
52,Rio Grande Delta (Gulf Coast Regional Aquifer System),219,163,24.75,-98.25
52,Rio Grande Delta (Gulf Coast Regional Aquifer System),219,164,24.75,-97.75
52,Rio Grande Delta (Gulf Coast Regional Aquifer System),220,163,25.25,-98.25
52,Rio Grande Delta (Gulf Coast Regional Aquifer System),220,164,25.25,-97.75
52,Rio Grande Delta (Gulf Coast Regional Aquifer System),221,163,25.75,-98.25
52,Rio Grande Delta (Gulf Coast Regional Aquifer System),221,164,25.75,-97.75
52,Rio Grande Delta (Gulf Coast Regional Aquifer System),221,165,25.75,-97.25
52,Rio Grande Delta (Gulf Coast Regional Aquifer System),222,162,26.25,-98.75
52,Rio Grande Delta (Gulf Coast Regional Aquifer System),222,163,26.25,-98.25
52,Rio Grande Delta (Gulf Coast Regional Aquifer System),222,164,26.25,-97.75
52,Rio Grande Delta (Gulf Coast Regional Aquifer System),223,162,26.75,-98.75
52,Rio Grande Delta (Gulf Coast Regional Aquifer System),223,163,26.75,-98.25
52,Rio Grande Delta (Gulf Coast Regional Aquifer System),223,164,26.75,-97.75
52,Rio Grande Delta (Gulf Coast Regional Aquifer System),224,162,27.25,-98.75
52,Rio Grande Delta (Gulf Coast Regional Aquifer System),224,163,27.25,-98.25
52,Rio Grande Delta (Gulf Coast Regional Aquifer System),224,164,27.25,-97.75
52,Rio Grande Delta (Gulf Coast Regional Aquifer System),225,162,27.75,-98.75
52,Rio Grande Delta (Gulf Coast Regional Aquifer System),225,163,27.75,-98.25
52,Rio Grande Delta (Gulf Coast Regional Aquifer System),225,164,27.75,-97.75
52,Rio Grande Delta (Gulf Coast Regional Aquifer System),226,163,28.25,-98.25
53,Michigan Basin,254,190,42.25,-84.75
53,Michigan Basin,254,191,42.25,-84.25
53,Michigan Basin,255,188,42.75,-85.75
53,Michigan Basin,255,189,42.75,-85.25
53,Michigan Basin,255,190,42.75,-84.75
53,Michigan Basin,255,191,42.75,-84.25
53,Michigan Basin,255,192,42.75,-83.75
53,Michigan Basin,256,187,43.25,-86.25
53,Michigan Basin,256,188,43.25,-85.75
53,Michigan Basin,256,189,43.25,-85.25
53,Michigan Basin,256,190,43.25,-84.75
53,Michigan Basin,256,191,43.25,-84.25
53,Michigan Basin,256,192,43.25,-83.75
53,Michigan Basin,256,193,43.25,-83.25
53,Michigan Basin,257,187,43.75,-86.25
53,Michigan Basin,257,188,43.75,-85.75
53,Michigan Basin,257,189,43.75,-85.25
53,Michigan Basin,257,190,43.75,-84.75
53,Michigan Basin,257,191,43.75,-84.25
53,Michigan Basin,257,193,43.75,-83.25
53,Michigan Basin,258,188,44.25,-85.75
53,Michigan Basin,258,189,44.25,-85.25
53,Michigan Basin,258,190,44.25,-84.75
53,Michigan Basin,258,191,44.25,-84.25
53,Michigan Basin,258,192,44.25,-83.75
54,Southern Piedmont Upland (Piedmont Plateau),235,187,32.75,-86.25
54,Southern Piedmont Upland (Piedmont Plateau),235,188,32.75,-85.75
54,Southern Piedmont Upland (Piedmont Plateau),235,189,32.75,-85.25
54,Southern Piedmont Upland (Piedmont Plateau),235,190,32.75,-84.75
54,Southern Piedmont Upland (Piedmont Plateau),235,191,32.75,-84.25
54,Southern Piedmont Upland (Piedmont Plateau),236,187,33.25,-86.25
54,Southern Piedmont Upland (Piedmont Plateau),236,188,33.25,-85.75
54,Southern Piedmont Upland (Piedmont Plateau),236,189,33.25,-85.25
54,Southern Piedmont Upland (Piedmont Plateau),236,190,33.25,-84.75
54,Southern Piedmont Upland (Piedmont Plateau),236,191,33.25,-84.25
54,Southern Piedmont Upland (Piedmont Plateau),236,192,33.25,-83.75
54,Southern Piedmont Upland (Piedmont Plateau),236,193,33.25,-83.25
54,Southern Piedmont Upland (Piedmont Plateau),236,194,33.25,-82.75
54,Southern Piedmont Upland (Piedmont Plateau),237,189,33.75,-85.25
54,Southern Piedmont Upland (Piedmont Plateau),237,190,33.75,-84.75
54,Southern Piedmont Upland (Piedmont Plateau),237,191,33.75,-84.25
54,Southern Piedmont Upland (Piedmont Plateau),237,192,33.75,-83.75
54,Southern Piedmont Upland (Piedmont Plateau),237,193,33.75,-83.25
54,Southern Piedmont Upland (Piedmont Plateau),237,194,33.75,-82.75
54,Southern Piedmont Upland (Piedmont Plateau),237,195,33.75,-82.25
54,Southern Piedmont Upland (Piedmont Plateau),238,191,34.25,-84.25
54,Southern Piedmont Upland (Piedmont Plateau),238,192,34.25,-83.75
54,Southern Piedmont Upland (Piedmont Plateau),238,193,34.25,-83.25
54,Southern Piedmont Upland (Piedmont Plateau),238,194,34.25,-82.75
55,Eastern Huaihe Plain (Huaihe River Basin),235,595,32.75,117.75
55,Eastern Huaihe Plain (Huaihe River Basin),236,594,33.25,117.25
55,Eastern Huaihe Plain (Huaihe River Basin),236,595,33.25,117.75
55,Eastern Huaihe Plain (Huaihe River Basin),236,596,33.25,118.25
55,Eastern Huaihe Plain (Huaihe River Basin),236,597,33.25,118.75
55,Eastern Huaihe Plain (Huaihe River Basin),237,594,33.75,117.25
55,Eastern Huaihe Plain (Huaihe River Basin),237,595,33.75,117.75
55,Eastern Huaihe Plain (Huaihe River Basin),237,596,33.75,118.25
55,Eastern Huaihe Plain (Huaihe River Basin),238,594,34.25,117.25
55,Eastern Huaihe Plain (Huaihe River Basin),238,595,34.25,117.75
55,Eastern Huaihe Plain (Huaihe River Basin),238,596,34.25,118.25
55,Eastern Huaihe Plain (Huaihe River Basin),239,594,34.75,117.25
55,Eastern Huaihe Plain (Huaihe River Basin),239,595,34.75,117.75
55,Eastern Huaihe Plain (Huaihe River Basin),239,596,34.75,118.25
55,Eastern Huaihe Plain (Huaihe River Basin),240,593,35.25,116.75
55,Eastern Huaihe Plain (Huaihe River Basin),240,594,35.25,117.25
55,Eastern Huaihe Plain (Huaihe River Basin),240,595,35.25,117.75
55,Eastern Huaihe Plain (Huaihe River Basin),240,596,35.25,118.25
55,Eastern Huaihe Plain (Huaihe River Basin),240,597,35.25,118.75
55,Eastern Huaihe Plain (Huaihe River Basin),241,592,35.75,116.25
55,Eastern Huaihe Plain (Huaihe River Basin),241,593,35.75,116.75
55,Eastern Huaihe Plain (Huaihe River Basin),241,594,35.75,117.25
55,Eastern Huaihe Plain (Huaihe River Basin),241,595,35.75,117.75
55,Eastern Huaihe Plain (Huaihe River Basin),241,597,35.75,118.75
55,Eastern Huaihe Plain (Huaihe River Basin),242,593,36.25,116.75
55,Eastern Huaihe Plain (Huaihe River Basin),242,594,36.25,117.25
56,Northern Dharwar Craton Banded Gneiss Complex (Dharwar Craton Banded Gneiss Complex),203,516,16.75,78.25
56,Northern Dharwar Craton Banded Gneiss Complex (Dharwar Craton Banded Gneiss Complex),203,517,16.75,78.75
56,Northern Dharwar Craton Banded Gneiss Complex (Dharwar Craton Banded Gneiss Complex),203,518,16.75,79.25
56,Northern Dharwar Craton Banded Gneiss Complex (Dharwar Craton Banded Gneiss Complex),203,519,16.75,79.75
56,Northern Dharwar Craton Banded Gneiss Complex (Dharwar Craton Banded Gneiss Complex),203,520,16.75,80.25
56,Northern Dharwar Craton Banded Gneiss Complex (Dharwar Craton Banded Gneiss Complex),204,516,17.25,78.25
56,Northern Dharwar Craton Banded Gneiss Complex (Dharwar Craton Banded Gneiss Complex),204,517,17.25,78.75
56,Northern Dharwar Craton Banded Gneiss Complex (Dharwar Craton Banded Gneiss Complex),204,518,17.25,79.25
56,Northern Dharwar Craton Banded Gneiss Complex (Dharwar Craton Banded Gneiss Complex),204,519,17.25,79.75
56,Northern Dharwar Craton Banded Gneiss Complex (Dharwar Craton Banded Gneiss Complex),204,520,17.25,80.25
56,Northern Dharwar Craton Banded Gneiss Complex (Dharwar Craton Banded Gneiss Complex),204,521,17.25,80.75
56,Northern Dharwar Craton Banded Gneiss Complex (Dharwar Craton Banded Gneiss Complex),205,516,17.75,78.25
56,Northern Dharwar Craton Banded Gneiss Complex (Dharwar Craton Banded Gneiss Complex),205,517,17.75,78.75
56,Northern Dharwar Craton Banded Gneiss Complex (Dharwar Craton Banded Gneiss Complex),205,518,17.75,79.25
56,Northern Dharwar Craton Banded Gneiss Complex (Dharwar Craton Banded Gneiss Complex),205,519,17.75,79.75
56,Northern Dharwar Craton Banded Gneiss Complex (Dharwar Craton Banded Gneiss Complex),206,515,18.25,77.75
56,Northern Dharwar Craton Banded Gneiss Complex (Dharwar Craton Banded Gneiss Complex),206,516,18.25,78.25
56,Northern Dharwar Craton Banded Gneiss Complex (Dharwar Craton Banded Gneiss Complex),206,517,18.25,78.75
56,Northern Dharwar Craton Banded Gneiss Complex (Dharwar Craton Banded Gneiss Complex),206,518,18.25,79.25
56,Northern Dharwar Craton Banded Gneiss Complex (Dharwar Craton Banded Gneiss Complex),206,519,18.25,79.75
56,Northern Dharwar Craton Banded Gneiss Complex (Dharwar Craton Banded Gneiss Complex),207,517,18.75,78.75
56,Northern Dharwar Craton Banded Gneiss Complex (Dharwar Craton Banded Gneiss Complex),207,518,18.75,79.25
57,Eastern Mississippi Embayment (Mississippi Embayment),233,183,31.75,-88.25
57,Eastern Mississippi Embayment (Mississippi Embayment),233,184,31.75,-87.75
57,Eastern Mississippi Embayment (Mississippi Embayment),233,185,31.75,-87.25
57,Eastern Mississippi Embayment (Mississippi Embayment),234,182,32.25,-88.75
57,Eastern Mississippi Embayment (Mississippi Embayment),234,183,32.25,-88.25
57,Eastern Mississippi Embayment (Mississippi Embayment),235,180,32.75,-89.75
57,Eastern Mississippi Embayment (Mississippi Embayment),235,181,32.75,-89.25
57,Eastern Mississippi Embayment (Mississippi Embayment),235,182,32.75,-88.75
57,Eastern Mississippi Embayment (Mississippi Embayment),236,180,33.25,-89.75
57,Eastern Mississippi Embayment (Mississippi Embayment),236,181,33.25,-89.25
57,Eastern Mississippi Embayment (Mississippi Embayment),237,180,33.75,-89.75
57,Eastern Mississippi Embayment (Mississippi Embayment),238,180,34.25,-89.75
57,Eastern Mississippi Embayment (Mississippi Embayment),238,181,34.25,-89.25
57,Eastern Mississippi Embayment (Mississippi Embayment),239,180,34.75,-89.75
57,Eastern Mississippi Embayment (Mississippi Embayment),239,181,34.75,-89.25
57,Eastern Mississippi Embayment (Mississippi Embayment),240,180,35.25,-89.75
57,Eastern Mississippi Embayment (Mississippi Embayment),240,181,35.25,-89.25
57,Eastern Mississippi Embayment (Mississippi Embayment),241,181,35.75,-89.25
57,Eastern Mississippi Embayment (Mississippi Embayment),241,182,35.75,-88.75
57,Eastern Mississippi Embayment (Mississippi Embayment),242,181,36.25,-89.25
57,Eastern Mississippi Embayment (Mississippi Embayment),242,182,36.25,-88.75
57,Eastern Mississippi Embayment (Mississippi Embayment),243,182,36.75,-88.75
58,Western Cambrian-Ordovician Aquifers (Northern Midwest Aquifer System),257,171,43.75,-94.25
58,Western Cambrian-Ordovician Aquifers (Northern Midwest Aquifer System),257,175,43.75,-92.25
58,Western Cambrian-Ordovician Aquifers (Northern Midwest Aquifer System),257,176,43.75,-91.75
58,Western Cambrian-Ordovician Aquifers (Northern Midwest Aquifer System),258,172,44.25,-93.75
58,Western Cambrian-Ordovician Aquifers (Northern Midwest Aquifer System),258,173,44.25,-93.25
58,Western Cambrian-Ordovician Aquifers (Northern Midwest Aquifer System),258,174,44.25,-92.75
58,Western Cambrian-Ordovician Aquifers (Northern Midwest Aquifer System),258,175,44.25,-92.25
58,Western Cambrian-Ordovician Aquifers (Northern Midwest Aquifer System),258,176,44.25,-91.75
58,Western Cambrian-Ordovician Aquifers (Northern Midwest Aquifer System),258,177,44.25,-91.25
58,Western Cambrian-Ordovician Aquifers (Northern Midwest Aquifer System),258,178,44.25,-90.75
58,Western Cambrian-Ordovician Aquifers (Northern Midwest Aquifer System),258,179,44.25,-90.25
58,Western Cambrian-Ordovician Aquifers (Northern Midwest Aquifer System),259,172,44.75,-93.75
58,Western Cambrian-Ordovician Aquifers (Northern Midwest Aquifer System),259,173,44.75,-93.25
58,Western Cambrian-Ordovician Aquifers (Northern Midwest Aquifer System),259,174,44.75,-92.75
58,Western Cambrian-Ordovician Aquifers (Northern Midwest Aquifer System),259,175,44.75,-92.25
58,Western Cambrian-Ordovician Aquifers (Northern Midwest Aquifer System),259,176,44.75,-91.75
58,Western Cambrian-Ordovician Aquifers (Northern Midwest Aquifer System),259,177,44.75,-91.25
58,Western Cambrian-Ordovician Aquifers (Northern Midwest Aquifer System),259,178,44.75,-90.75
58,Western Cambrian-Ordovician Aquifers (Northern Midwest Aquifer System),260,172,45.25,-93.75
58,Western Cambrian-Ordovician Aquifers (Northern Midwest Aquifer System),260,173,45.25,-93.25
58,Western Cambrian-Ordovician Aquifers (Northern Midwest Aquifer System),260,174,45.25,-92.75
58,Western Cambrian-Ordovician Aquifers (Northern Midwest Aquifer System),260,175,45.25,-92.25
58,Western Cambrian-Ordovician Aquifers (Northern Midwest Aquifer System),260,176,45.25,-91.75
58,Western Cambrian-Ordovician Aquifers (Northern Midwest Aquifer System),260,177,45.25,-91.25
58,Western Cambrian-Ordovician Aquifers (Northern Midwest Aquifer System),261,173,45.75,-93.25
58,Western Cambrian-Ordovician Aquifers (Northern Midwest Aquifer System),261,174,45.75,-92.75
58,Western Cambrian-Ordovician Aquifers (Northern Midwest Aquifer System),261,176,45.75,-91.75
58,Western Cambrian-Ordovician Aquifers (Northern Midwest Aquifer System),262,174,46.25,-92.75
59,Southeastern System (Amadeus Basin),118,624,-25.75,132.25
59,Southeastern System (Amadeus Basin),118,625,-25.75,132.75
59,Southeastern System (Amadeus Basin),118,626,-25.75,133.25
59,Southeastern System (Amadeus Basin),118,627,-25.75,133.75
59,Southeastern System (Amadeus Basin),119,624,-25.25,132.25
59,Southeastern System (Amadeus Basin),119,625,-25.25,132.75
59,Southeastern System (Amadeus Basin),119,626,-25.25,133.25
59,Southeastern System (Amadeus Basin),119,627,-25.25,133.75
59,Southeastern System (Amadeus Basin),119,628,-25.25,134.25
59,Southeastern System (Amadeus Basin),120,624,-24.75,132.25
59,Southeastern System (Amadeus Basin),120,625,-24.75,132.75
59,Southeastern System (Amadeus Basin),120,626,-24.75,133.25
59,Southeastern System (Amadeus Basin),120,627,-24.75,133.75
59,Southeastern System (Amadeus Basin),120,628,-24.75,134.25
59,Southeastern System (Amadeus Basin),120,629,-24.75,134.75
59,Southeastern System (Amadeus Basin),120,630,-24.75,135.25
59,Southeastern System (Amadeus Basin),121,624,-24.25,132.25
59,Southeastern System (Amadeus Basin),121,625,-24.25,132.75
59,Southeastern System (Amadeus Basin),121,628,-24.25,134.25
59,Southeastern System (Amadeus Basin),121,629,-24.25,134.75
59,Southeastern System (Amadeus Basin),121,630,-24.25,135.25
59,Southeastern System (Amadeus Basin),122,629,-23.75,134.75
60,Edwards Plateau (Edwards-Trinity Aquifer System),229,157,29.75,-101.25
60,Edwards Plateau (Edwards-Trinity Aquifer System),229,158,29.75,-100.75
60,Edwards Plateau (Edwards-Trinity Aquifer System),229,159,29.75,-100.25
60,Edwards Plateau (Edwards-Trinity Aquifer System),230,157,30.25,-101.25
60,Edwards Plateau (Edwards-Trinity Aquifer System),230,158,30.25,-100.75
60,Edwards Plateau (Edwards-Trinity Aquifer System),230,159,30.25,-100.25
60,Edwards Plateau (Edwards-Trinity Aquifer System),230,160,30.25,-99.75
60,Edwards Plateau (Edwards-Trinity Aquifer System),230,161,30.25,-99.25
60,Edwards Plateau (Edwards-Trinity Aquifer System),231,156,30.75,-101.75
60,Edwards Plateau (Edwards-Trinity Aquifer System),231,157,30.75,-101.25
60,Edwards Plateau (Edwards-Trinity Aquifer System),231,158,30.75,-100.75
60,Edwards Plateau (Edwards-Trinity Aquifer System),231,159,30.75,-100.25
60,Edwards Plateau (Edwards-Trinity Aquifer System),231,160,30.75,-99.75
60,Edwards Plateau (Edwards-Trinity Aquifer System),232,155,31.25,-102.25
60,Edwards Plateau (Edwards-Trinity Aquifer System),232,156,31.25,-101.75
60,Edwards Plateau (Edwards-Trinity Aquifer System),232,157,31.25,-101.25
60,Edwards Plateau (Edwards-Trinity Aquifer System),232,158,31.25,-100.75
60,Edwards Plateau (Edwards-Trinity Aquifer System),232,160,31.25,-99.75
60,Edwards Plateau (Edwards-Trinity Aquifer System),233,155,31.75,-102.25
60,Edwards Plateau (Edwards-Trinity Aquifer System),233,156,31.75,-101.75
60,Edwards Plateau (Edwards-Trinity Aquifer System),233,157,31.75,-101.25
60,Edwards Plateau (Edwards-Trinity Aquifer System),233,158,31.75,-100.75
61,Southcentral Deccan Basalt Plateau (Deccan Plateau),203,512,16.75,76.25
61,Southcentral Deccan Basalt Plateau (Deccan Plateau),204,510,17.25,75.25
61,Southcentral Deccan Basalt Plateau (Deccan Plateau),204,511,17.25,75.75
61,Southcentral Deccan Basalt Plateau (Deccan Plateau),204,512,17.25,76.25
61,Southcentral Deccan Basalt Plateau (Deccan Plateau),204,513,17.25,76.75
61,Southcentral Deccan Basalt Plateau (Deccan Plateau),205,509,17.75,74.75
61,Southcentral Deccan Basalt Plateau (Deccan Plateau),205,510,17.75,75.25
61,Southcentral Deccan Basalt Plateau (Deccan Plateau),205,511,17.75,75.75
61,Southcentral Deccan Basalt Plateau (Deccan Plateau),205,512,17.75,76.25
61,Southcentral Deccan Basalt Plateau (Deccan Plateau),205,513,17.75,76.75
61,Southcentral Deccan Basalt Plateau (Deccan Plateau),206,508,18.25,74.25
61,Southcentral Deccan Basalt Plateau (Deccan Plateau),206,509,18.25,74.75
61,Southcentral Deccan Basalt Plateau (Deccan Plateau),206,510,18.25,75.25
61,Southcentral Deccan Basalt Plateau (Deccan Plateau),206,511,18.25,75.75
61,Southcentral Deccan Basalt Plateau (Deccan Plateau),207,507,18.75,73.75
61,Southcentral Deccan Basalt Plateau (Deccan Plateau),207,508,18.75,74.25
61,Southcentral Deccan Basalt Plateau (Deccan Plateau),207,509,18.75,74.75
61,Southcentral Deccan Basalt Plateau (Deccan Plateau),207,510,18.75,75.25
62,Eastside Lower Indus Valley (Indus Basin),219,498,24.75,69.25
62,Eastside Lower Indus Valley (Indus Basin),220,496,25.25,68.25
62,Eastside Lower Indus Valley (Indus Basin),220,497,25.25,68.75
62,Eastside Lower Indus Valley (Indus Basin),220,498,25.25,69.25
62,Eastside Lower Indus Valley (Indus Basin),220,499,25.25,69.75
62,Eastside Lower Indus Valley (Indus Basin),221,497,25.75,68.75
62,Eastside Lower Indus Valley (Indus Basin),221,498,25.75,69.25
62,Eastside Lower Indus Valley (Indus Basin),221,499,25.75,69.75
62,Eastside Lower Indus Valley (Indus Basin),222,496,26.25,68.25
62,Eastside Lower Indus Valley (Indus Basin),222,497,26.25,68.75
62,Eastside Lower Indus Valley (Indus Basin),222,498,26.25,69.25
62,Eastside Lower Indus Valley (Indus Basin),222,499,26.25,69.75
62,Eastside Lower Indus Valley (Indus Basin),223,496,26.75,68.25
62,Eastside Lower Indus Valley (Indus Basin),223,497,26.75,68.75
62,Eastside Lower Indus Valley (Indus Basin),223,498,26.75,69.25
62,Eastside Lower Indus Valley (Indus Basin),224,496,27.25,68.25
62,Eastside Lower Indus Valley (Indus Basin),224,497,27.25,68.75
62,Eastside Lower Indus Valley (Indus Basin),224,498,27.25,69.25
62,Eastside Lower Indus Valley (Indus Basin),225,498,27.75,69.25
62,Eastside Lower Indus Valley (Indus Basin),225,499,27.75,69.75
62,Eastside Lower Indus Valley (Indus Basin),226,499,28.25,69.75
63,Central Piedmont Upland (Piedmont Plateau),241,199,35.75,-80.25
63,Central Piedmont Upland (Piedmont Plateau),241,200,35.75,-79.75
63,Central Piedmont Upland (Piedmont Plateau),241,201,35.75,-79.25
63,Central Piedmont Upland (Piedmont Plateau),241,202,35.75,-78.75
63,Central Piedmont Upland (Piedmont Plateau),241,203,35.75,-78.25
63,Central Piedmont Upland (Piedmont Plateau),242,198,36.25,-80.75
63,Central Piedmont Upland (Piedmont Plateau),242,199,36.25,-80.25
63,Central Piedmont Upland (Piedmont Plateau),242,200,36.25,-79.75
63,Central Piedmont Upland (Piedmont Plateau),242,201,36.25,-79.25
63,Central Piedmont Upland (Piedmont Plateau),242,202,36.25,-78.75
63,Central Piedmont Upland (Piedmont Plateau),242,203,36.25,-78.25
63,Central Piedmont Upland (Piedmont Plateau),243,199,36.75,-80.25
63,Central Piedmont Upland (Piedmont Plateau),243,200,36.75,-79.75
63,Central Piedmont Upland (Piedmont Plateau),243,201,36.75,-79.25
63,Central Piedmont Upland (Piedmont Plateau),243,202,36.75,-78.75
63,Central Piedmont Upland (Piedmont Plateau),243,203,36.75,-78.25
63,Central Piedmont Upland (Piedmont Plateau),243,204,36.75,-77.75
63,Central Piedmont Upland (Piedmont Plateau),244,200,37.25,-79.75
63,Central Piedmont Upland (Piedmont Plateau),244,201,37.25,-79.25
63,Central Piedmont Upland (Piedmont Plateau),244,202,37.25,-78.75
63,Central Piedmont Upland (Piedmont Plateau),244,203,37.25,-78.25
63,Central Piedmont Upland (Piedmont Plateau),244,204,37.25,-77.75
64,Eastern Carrizo-Wilcox (Carrizo-Wilcox),232,169,31.25,-95.25
64,Eastern Carrizo-Wilcox (Carrizo-Wilcox),233,168,31.75,-95.75
64,Eastern Carrizo-Wilcox (Carrizo-Wilcox),233,169,31.75,-95.25
64,Eastern Carrizo-Wilcox (Carrizo-Wilcox),233,170,31.75,-94.75
64,Eastern Carrizo-Wilcox (Carrizo-Wilcox),233,171,31.75,-94.25
64,Eastern Carrizo-Wilcox (Carrizo-Wilcox),233,172,31.75,-93.75
64,Eastern Carrizo-Wilcox (Carrizo-Wilcox),233,173,31.75,-93.25
64,Eastern Carrizo-Wilcox (Carrizo-Wilcox),234,168,32.25,-95.75
64,Eastern Carrizo-Wilcox (Carrizo-Wilcox),234,169,32.25,-95.25
64,Eastern Carrizo-Wilcox (Carrizo-Wilcox),234,170,32.25,-94.75
64,Eastern Carrizo-Wilcox (Carrizo-Wilcox),234,171,32.25,-94.25
64,Eastern Carrizo-Wilcox (Carrizo-Wilcox),234,172,32.25,-93.75
64,Eastern Carrizo-Wilcox (Carrizo-Wilcox),234,173,32.25,-93.25
64,Eastern Carrizo-Wilcox (Carrizo-Wilcox),235,168,32.75,-95.75
64,Eastern Carrizo-Wilcox (Carrizo-Wilcox),235,169,32.75,-95.25
64,Eastern Carrizo-Wilcox (Carrizo-Wilcox),235,170,32.75,-94.75
64,Eastern Carrizo-Wilcox (Carrizo-Wilcox),235,171,32.75,-94.25
64,Eastern Carrizo-Wilcox (Carrizo-Wilcox),235,172,32.75,-93.75
64,Eastern Carrizo-Wilcox (Carrizo-Wilcox),236,170,33.25,-94.75
64,Eastern Carrizo-Wilcox (Carrizo-Wilcox),236,171,33.25,-94.25
64,Eastern Carrizo-Wilcox (Carrizo-Wilcox),236,172,33.25,-93.75
65,Jiangsu Coastal Plain (Huaihe River Basin),233,603,31.75,121.75
65,Jiangsu Coastal Plain (Huaihe River Basin),234,600,32.25,120.25
65,Jiangsu Coastal Plain (Huaihe River Basin),234,601,32.25,120.75
65,Jiangsu Coastal Plain (Huaihe River Basin),234,602,32.25,121.25
65,Jiangsu Coastal Plain (Huaihe River Basin),235,599,32.75,119.75
65,Jiangsu Coastal Plain (Huaihe River Basin),235,600,32.75,120.25
65,Jiangsu Coastal Plain (Huaihe River Basin),235,601,32.75,120.75
65,Jiangsu Coastal Plain (Huaihe River Basin),236,598,33.25,119.25
65,Jiangsu Coastal Plain (Huaihe River Basin),236,599,33.25,119.75
65,Jiangsu Coastal Plain (Huaihe River Basin),236,600,33.25,120.25
65,Jiangsu Coastal Plain (Huaihe River Basin),236,601,33.25,120.75
65,Jiangsu Coastal Plain (Huaihe River Basin),237,597,33.75,118.75
65,Jiangsu Coastal Plain (Huaihe River Basin),237,598,33.75,119.25
65,Jiangsu Coastal Plain (Huaihe River Basin),237,599,33.75,119.75
65,Jiangsu Coastal Plain (Huaihe River Basin),237,600,33.75,120.25
65,Jiangsu Coastal Plain (Huaihe River Basin),238,597,34.25,118.75
65,Jiangsu Coastal Plain (Huaihe River Basin),238,598,34.25,119.25
65,Jiangsu Coastal Plain (Huaihe River Basin),238,599,34.25,119.75
65,Jiangsu Coastal Plain (Huaihe River Basin),238,600,34.25,120.25
65,Jiangsu Coastal Plain (Huaihe River Basin),239,597,34.75,118.75
65,Jiangsu Coastal Plain (Huaihe River Basin),239,598,34.75,119.25
66,Eastern Cambrian-Ordovician Aquifers (Northern Midwest Aquifer System),252,182,41.25,-88.75
66,Eastern Cambrian-Ordovician Aquifers (Northern Midwest Aquifer System),253,181,41.75,-89.25
66,Eastern Cambrian-Ordovician Aquifers (Northern Midwest Aquifer System),253,182,41.75,-88.75
66,Eastern Cambrian-Ordovician Aquifers (Northern Midwest Aquifer System),254,178,42.25,-90.75
66,Eastern Cambrian-Ordovician Aquifers (Northern Midwest Aquifer System),254,179,42.25,-90.25
66,Eastern Cambrian-Ordovician Aquifers (Northern Midwest Aquifer System),254,180,42.25,-89.75
66,Eastern Cambrian-Ordovician Aquifers (Northern Midwest Aquifer System),254,181,42.25,-89.25
66,Eastern Cambrian-Ordovician Aquifers (Northern Midwest Aquifer System),255,177,42.75,-91.25
66,Eastern Cambrian-Ordovician Aquifers (Northern Midwest Aquifer System),255,178,42.75,-90.75
66,Eastern Cambrian-Ordovician Aquifers (Northern Midwest Aquifer System),255,179,42.75,-90.25
66,Eastern Cambrian-Ordovician Aquifers (Northern Midwest Aquifer System),255,180,42.75,-89.75
66,Eastern Cambrian-Ordovician Aquifers (Northern Midwest Aquifer System),255,181,42.75,-89.25
66,Eastern Cambrian-Ordovician Aquifers (Northern Midwest Aquifer System),255,182,42.75,-88.75
66,Eastern Cambrian-Ordovician Aquifers (Northern Midwest Aquifer System),256,176,43.25,-91.75
66,Eastern Cambrian-Ordovician Aquifers (Northern Midwest Aquifer System),256,177,43.25,-91.25
66,Eastern Cambrian-Ordovician Aquifers (Northern Midwest Aquifer System),256,178,43.25,-90.75
66,Eastern Cambrian-Ordovician Aquifers (Northern Midwest Aquifer System),256,179,43.25,-90.25
66,Eastern Cambrian-Ordovician Aquifers (Northern Midwest Aquifer System),256,180,43.25,-89.75
66,Eastern Cambrian-Ordovician Aquifers (Northern Midwest Aquifer System),256,181,43.25,-89.25
66,Eastern Cambrian-Ordovician Aquifers (Northern Midwest Aquifer System),257,177,43.75,-91.25
66,Eastern Cambrian-Ordovician Aquifers (Northern Midwest Aquifer System),257,178,43.75,-90.75
66,Eastern Cambrian-Ordovician Aquifers (Northern Midwest Aquifer System),257,179,43.75,-90.25
67,Northcentral Deccan Basalt Plateau (Deccan Plateau),207,512,18.75,76.25
67,Northcentral Deccan Basalt Plateau (Deccan Plateau),208,509,19.25,74.75
67,Northcentral Deccan Basalt Plateau (Deccan Plateau),208,510,19.25,75.25
67,Northcentral Deccan Basalt Plateau (Deccan Plateau),208,511,19.25,75.75
67,Northcentral Deccan Basalt Plateau (Deccan Plateau),208,512,19.25,76.25
67,Northcentral Deccan Basalt Plateau (Deccan Plateau),208,513,19.25,76.75
67,Northcentral Deccan Basalt Plateau (Deccan Plateau),208,514,19.25,77.25
67,Northcentral Deccan Basalt Plateau (Deccan Plateau),208,515,19.25,77.75
67,Northcentral Deccan Basalt Plateau (Deccan Plateau),209,507,19.75,73.75
67,Northcentral Deccan Basalt Plateau (Deccan Plateau),209,508,19.75,74.25
67,Northcentral Deccan Basalt Plateau (Deccan Plateau),209,509,19.75,74.75
67,Northcentral Deccan Basalt Plateau (Deccan Plateau),209,510,19.75,75.25
67,Northcentral Deccan Basalt Plateau (Deccan Plateau),209,511,19.75,75.75
67,Northcentral Deccan Basalt Plateau (Deccan Plateau),209,512,19.75,76.25
67,Northcentral Deccan Basalt Plateau (Deccan Plateau),209,513,19.75,76.75
67,Northcentral Deccan Basalt Plateau (Deccan Plateau),210,507,20.25,73.75
67,Northcentral Deccan Basalt Plateau (Deccan Plateau),210,508,20.25,74.25
67,Northcentral Deccan Basalt Plateau (Deccan Plateau),210,510,20.25,75.25
67,Northcentral Deccan Basalt Plateau (Deccan Plateau),210,511,20.25,75.75
68,Eastside Middle Indus Plain (Indus Basin),226,500,28.25,70.25
68,Eastside Middle Indus Plain (Indus Basin),226,501,28.25,70.75
68,Eastside Middle Indus Plain (Indus Basin),227,500,28.75,70.25
68,Eastside Middle Indus Plain (Indus Basin),227,501,28.75,70.75
68,Eastside Middle Indus Plain (Indus Basin),227,502,28.75,71.25
68,Eastside Middle Indus Plain (Indus Basin),227,503,28.75,71.75
68,Eastside Middle Indus Plain (Indus Basin),227,504,28.75,72.25
68,Eastside Middle Indus Plain (Indus Basin),227,505,28.75,72.75
68,Eastside Middle Indus Plain (Indus Basin),227,506,28.75,73.25
68,Eastside Middle Indus Plain (Indus Basin),228,502,29.25,71.25
68,Eastside Middle Indus Plain (Indus Basin),228,503,29.25,71.75
68,Eastside Middle Indus Plain (Indus Basin),228,504,29.25,72.25
68,Eastside Middle Indus Plain (Indus Basin),228,505,29.25,72.75
68,Eastside Middle Indus Plain (Indus Basin),228,506,29.25,73.25
68,Eastside Middle Indus Plain (Indus Basin),228,507,29.25,73.75
68,Eastside Middle Indus Plain (Indus Basin),229,505,29.75,72.75
68,Eastside Middle Indus Plain (Indus Basin),229,506,29.75,73.25
68,Eastside Middle Indus Plain (Indus Basin),229,507,29.75,73.75
68,Eastside Middle Indus Plain (Indus Basin),230,507,30.25,73.75
69,Central Allegheny Plateau (Appalachian Plateaus),247,195,38.75,-82.25
69,Central Allegheny Plateau (Appalachian Plateaus),247,196,38.75,-81.75
69,Central Allegheny Plateau (Appalachian Plateaus),247,197,38.75,-81.25
69,Central Allegheny Plateau (Appalachian Plateaus),247,198,38.75,-80.75
69,Central Allegheny Plateau (Appalachian Plateaus),247,199,38.75,-80.25
69,Central Allegheny Plateau (Appalachian Plateaus),248,196,39.25,-81.75
69,Central Allegheny Plateau (Appalachian Plateaus),248,197,39.25,-81.25
69,Central Allegheny Plateau (Appalachian Plateaus),248,198,39.25,-80.75
69,Central Allegheny Plateau (Appalachian Plateaus),248,199,39.25,-80.25
69,Central Allegheny Plateau (Appalachian Plateaus),249,196,39.75,-81.75
69,Central Allegheny Plateau (Appalachian Plateaus),249,197,39.75,-81.25
69,Central Allegheny Plateau (Appalachian Plateaus),249,198,39.75,-80.75
69,Central Allegheny Plateau (Appalachian Plateaus),249,199,39.75,-80.25
69,Central Allegheny Plateau (Appalachian Plateaus),249,200,39.75,-79.75
69,Central Allegheny Plateau (Appalachian Plateaus),249,201,39.75,-79.25
69,Central Allegheny Plateau (Appalachian Plateaus),250,198,40.25,-80.75
69,Central Allegheny Plateau (Appalachian Plateaus),250,199,40.25,-80.25
69,Central Allegheny Plateau (Appalachian Plateaus),250,200,40.25,-79.75
69,Central Allegheny Plateau (Appalachian Plateaus),250,201,40.25,-79.25
69,Central Allegheny Plateau (Appalachian Plateaus),250,202,40.25,-78.75
69,Central Allegheny Plateau (Appalachian Plateaus),251,199,40.75,-80.25
70,Northeastern Karoo Basin (Main Karoo Basin),114,416,-27.75,28.25
70,Northeastern Karoo Basin (Main Karoo Basin),114,417,-27.75,28.75
70,Northeastern Karoo Basin (Main Karoo Basin),114,418,-27.75,29.25
70,Northeastern Karoo Basin (Main Karoo Basin),115,414,-27.25,27.25
70,Northeastern Karoo Basin (Main Karoo Basin),115,415,-27.25,27.75
70,Northeastern Karoo Basin (Main Karoo Basin),115,416,-27.25,28.25
70,Northeastern Karoo Basin (Main Karoo Basin),115,417,-27.25,28.75
70,Northeastern Karoo Basin (Main Karoo Basin),115,418,-27.25,29.25
70,Northeastern Karoo Basin (Main Karoo Basin),115,419,-27.25,29.75
70,Northeastern Karoo Basin (Main Karoo Basin),115,420,-27.25,30.25
70,Northeastern Karoo Basin (Main Karoo Basin),116,415,-26.75,27.75
70,Northeastern Karoo Basin (Main Karoo Basin),116,416,-26.75,28.25
70,Northeastern Karoo Basin (Main Karoo Basin),116,417,-26.75,28.75
70,Northeastern Karoo Basin (Main Karoo Basin),116,418,-26.75,29.25
70,Northeastern Karoo Basin (Main Karoo Basin),116,419,-26.75,29.75
70,Northeastern Karoo Basin (Main Karoo Basin),117,416,-26.25,28.25
70,Northeastern Karoo Basin (Main Karoo Basin),117,417,-26.25,28.75
70,Northeastern Karoo Basin (Main Karoo Basin),117,418,-26.25,29.25
70,Northeastern Karoo Basin (Main Karoo Basin),117,419,-26.25,29.75
70,Northeastern Karoo Basin (Main Karoo Basin),117,420,-26.25,30.25
71,Southern Riverine Plains (Murray Basin),96,649,-36.75,144.75
71,Southern Riverine Plains (Murray Basin),96,650,-36.75,145.25
71,Southern Riverine Plains (Murray Basin),97,647,-36.25,143.75
71,Southern Riverine Plains (Murray Basin),97,648,-36.25,144.25
71,Southern Riverine Plains (Murray Basin),97,649,-36.25,144.75
71,Southern Riverine Plains (Murray Basin),97,650,-36.25,145.25
71,Southern Riverine Plains (Murray Basin),97,651,-36.25,145.75
71,Southern Riverine Plains (Murray Basin),97,652,-36.25,146.25
71,Southern Riverine Plains (Murray Basin),98,646,-35.75,143.25
71,Southern Riverine Plains (Murray Basin),98,647,-35.75,143.75
71,Southern Riverine Plains (Murray Basin),98,648,-35.75,144.25
71,Southern Riverine Plains (Murray Basin),98,649,-35.75,144.75
71,Southern Riverine Plains (Murray Basin),98,650,-35.75,145.25
71,Southern Riverine Plains (Murray Basin),98,651,-35.75,145.75
71,Southern Riverine Plains (Murray Basin),98,652,-35.75,146.25
71,Southern Riverine Plains (Murray Basin),99,646,-35.25,143.25
71,Southern Riverine Plains (Murray Basin),99,647,-35.25,143.75
71,Southern Riverine Plains (Murray Basin),99,648,-35.25,144.25
71,Southern Riverine Plains (Murray Basin),99,649,-35.25,144.75
72,Black Warrior River Aquifer System (Eutaw and McShan Formations and Tuscaloosa Group),234,184,32.25,-87.75
72,Black Warrior River Aquifer System (Eutaw and McShan Formations and Tuscaloosa Group),234,185,32.25,-87.25
72,Black Warrior River Aquifer System (Eutaw and McShan Formations and Tuscaloosa Group),234,186,32.25,-86.75
72,Black Warrior River Aquifer System (Eutaw and McShan Formations and Tuscaloosa Group),234,187,32.25,-86.25
72,Black Warrior River Aquifer System (Eutaw and McShan Formations and Tuscaloosa Group),234,188,32.25,-85.75
72,Black Warrior River Aquifer System (Eutaw and McShan Formations and Tuscaloosa Group),235,183,32.75,-88.25
72,Black Warrior River Aquifer System (Eutaw and McShan Formations and Tuscaloosa Group),235,184,32.75,-87.75
72,Black Warrior River Aquifer System (Eutaw and McShan Formations and Tuscaloosa Group),235,185,32.75,-87.25
72,Black Warrior River Aquifer System (Eutaw and McShan Formations and Tuscaloosa Group),235,186,32.75,-86.75
72,Black Warrior River Aquifer System (Eutaw and McShan Formations and Tuscaloosa Group),236,182,33.25,-88.75
72,Black Warrior River Aquifer System (Eutaw and McShan Formations and Tuscaloosa Group),236,183,33.25,-88.25
72,Black Warrior River Aquifer System (Eutaw and McShan Formations and Tuscaloosa Group),236,184,33.25,-87.75
72,Black Warrior River Aquifer System (Eutaw and McShan Formations and Tuscaloosa Group),237,181,33.75,-89.25
72,Black Warrior River Aquifer System (Eutaw and McShan Formations and Tuscaloosa Group),237,182,33.75,-88.75
72,Black Warrior River Aquifer System (Eutaw and McShan Formations and Tuscaloosa Group),237,183,33.75,-88.25
72,Black Warrior River Aquifer System (Eutaw and McShan Formations and Tuscaloosa Group),238,182,34.25,-88.75
72,Black Warrior River Aquifer System (Eutaw and McShan Formations and Tuscaloosa Group),238,183,34.25,-88.25
72,Black Warrior River Aquifer System (Eutaw and McShan Formations and Tuscaloosa Group),238,184,34.25,-87.75
72,Black Warrior River Aquifer System (Eutaw and McShan Formations and Tuscaloosa Group),239,182,34.75,-88.75
72,Black Warrior River Aquifer System (Eutaw and McShan Formations and Tuscaloosa Group),239,183,34.75,-88.25
