paper_id,region,in_cohort,oa_id,file,doi,title,first_author,year,venue,citations,is_seed,grace_role,mission,paper_category,centre,release,filter,truncation,gia_model,c20,c30,geocenter,c20_c30,depletion_claim,regions_studied,n_quotes,n_quotes_verified,model,extraction_error,fulltext_reextract
1,amadeus,True,W3155824539,,10.3390/rs13081432,Two Severe Prolonged Hydrological Droughts Analysis over Mainland Australia Using GRACE Satellite Data,Wei Wang,2021,Remote Sensing,22,no,uses-mascon-product,GRACE+GRACE-FO,mascon,CSR,RL06,mascon,,,,,,unclear/unclear,,mainland Australia; Queensland; New South Wales; Victoria; Northern Territory; South Australia; Western Australia,3,3,deepseek-chat (full-text 2026 round2),,yes
2,arabian,True,W2061903993,,10.1002/2014wr015595,Global‐scale assessment of groundwater depletion and related groundwater abstractions: Combining hydrological modeling with information from well observations and GRACE satellites,Petra Döll,2014,Water Resources Research,808,no,processes-L2-SHM,GRACE,own-SHM,multiple,RL05,DDK3,"multiple: 60 (CSR), 90 (GFZ), 120 (ITG)",unclear,replaced,unstated,replaced,replaced/unclear,global GWD of 113 km3/yr during 2000–2009,High Plains Aquifer; Central Valley Aquifer; Western Volcanic Systems; Western Alluvial Basins; Deep Confined Bedrock Aquifers; Gulf Coastal Plain; Atlantic Coastal Plain; Mississippi Basin; Three-states region (Northern India); Tiwari study region; Jacob study region; Bangladesh; Irrigated Indus basin; North China Plain; Hai river basin; Saudi Arabia; Tigris-Euphrates-Western Iran (TEWI); Nubian Sandstone Aquifer System; North Western Sahara Aquifer System,5,4,deepseek-chat,,
3,arabian,True,W3205261621,,10.32604/cmc.2022.020495,Deep Learning Based Modeling of Groundwater Storage Change,Mohd Anul Haq,2021,"Computers, materials & continua/Computers, materials & continua (Print)",108,no,uses-mascon-product,GRACE+GRACE-FO,mascon,JPL,RL06,mascon,,,,,,unclear/unclear,groundwater depletion rates of 18.17 km3/year,Saudi Arabia; five basins of Saudi Arabia,3,3,deepseek-chat (full-text 2026 round2),,yes
4,arabian,True,W2884079872,,10.1029/2018ms001304,Global Land Surface Modeling Including Lateral Groundwater Flow,Yujin Zeng,2018,Journal of Advances in Modeling Earth Systems,95,no,uses-published-TWS,GRACE,downstream-use,,,,,,,,,unclear/unclear,,global,0,0,deepseek-chat (full-text 2026 round2),,yes
5,arabian,True,W4205181608,,10.1007/s10040-021-02448-3,Quantification and possible causes of declining groundwater resources in the Euro-Mediterranean region from 2003 to 2020,Julian Xanke,2022,Hydrogeology Journal,80,no,uses-mascon-product,GRACE+GRACE-FO,mascon,CSR,RL06,mascon,,,,,,unclear/unclear,overall mean of the trends across the Euro-Mediterranean region is –2.1 mm/year,Euro-Mediterranean region; Europe; Northern Africa; Arabian Peninsula; Western Europe; Central and Eastern Europe; Southern Europe; Northern Europe,3,3,deepseek-chat (full-text 2026 round2),,yes
6,arabian,True,W2793939917,W2793939917,10.1007/s10712-017-9458-7,Use of Geophysical and Remote Sensing Data for Assessment of Aquifer Depletion and Related Land Deformation,Abdullah Othman,2018,Surveys in Geophysics,66,no,uses-mascon-product,GRACE,mascon,CSR,RL05,mascon,,,,,,unclear/unclear,groundwater storage depletion of -3.7 ± 0.6 km3/year over LMAS,Lower Mega Aquifer System (LMAS); Wadi As-Sirhan Basin (WASB),3,2,deepseek-chat (full-text 2026 round2),,yes
7,arabian,True,W3119370400,,10.3390/rs13020247,A Remote Sensing-Based Assessment of Water Resources in the Arabian Peninsula,Youssef Wehbe,2021,Remote Sensing,58,no,uses-published-TWS,GRACE,downstream-use,JPL,,,,,,,,unclear/unclear,"overall depletion of TWS over the entire AP, especially, the northern part",Arabian Peninsula; United Arab Emirates,1,0,deepseek-chat (full-text 2026 round2),,yes
8,arabian,True,W4313897858,,10.3390/w15020282,"Analysis of Groundwater Storage Fluctuations Using GRACE and Remote Sensing Data in Wadi As-Sirhan, Northern Saudi Arabia",Fahad Alshehri,2023,Water,53,no,uses-mascon-product,GRACE+GRACE-FO,mascon,multiple,RL06,mascon,,,,,,unclear/unclear,groundwater depletion rate of -13.81 ± 0.24 mm/yr,Wadi As-Sirhan,3,1,deepseek-chat (full-text 2026 round2),,yes
9,arabian,True,W2741778801,,10.1002/hyp.11285,Quantifying temporal variations in water resources of a vulnerable middle eastern transboundary aquifer system,Othman Fallatah,2017,Hydrological Processes,48,no,processes-L2-SHM,GRACE,own-SHM,CSR,RL05,G200,60,,,,,unclear/unclear,TWS depletion rate of -9.05 ± 0.25 mm/year (-4.84 ± 0.13 km3/year) and GWS depletion rate of -6.52 ± 0.29 mm/year (-3.49 ± 0.15 km3/year),Saq aquifer system,4,4,deepseek-chat (full-text 2026),,yes
10,arabian,True,W4226366629,,10.3389/feart.2022.873352,Application of Time-Variable Gravity to Groundwater Storage Fluctuations in Saudi Arabia,Ahmed Mohamed,2022,Frontiers in Earth Science,42,no,processes-L2-SHM,GRACE,own-SHM,multiple,RL05,G300+destripe,,Geruo_ICE5G_VM2,replaced,,Swenson 2008,replaced/unclear,groundwater depletion rate of -6.05 ± 0.34 mm/yr during Period II,Saudi Arabia; Saq aquifer,6,6,deepseek-chat (full-text 2026),,yes
11,arabian,True,W4285092524,,10.3389/feart.2022.937402,Integrated Geophysical Assessment of Groundwater Potential in Southwestern Saudi Arabia,Ahmed Mohamed,2022,Frontiers in Earth Science,39,no,uses-mascon-product,GRACE+GRACE-FO,mascon,"CSR-M, JPL-M",RL06,mascon,,,,,,unclear/unclear,−0.34 ± 0.01 mm/yr,southwestern Saudi Arabia,3,2,deepseek-chat (full-text 2026 round2),,yes
12,arabian,True,W4361293028,,10.3390/rs15071808,"Integrated Geophysical Approach of Groundwater Potential in Wadi Ranyah, Saudi Arabia, Using Gravity, Electrical Resistivity, and Remote-Sensing Techniques",Ahmed Mohamed,2023,Remote Sensing,35,no,uses-mascon-product,GRACE+GRACE-FO,mascon,CSR,RL06,mascon,,,,,,unclear/unclear,−3.85 ± 0.15 mm/yr,"Wadi Ranyah, Saudi Arabia",3,2,deepseek-chat (full-text 2026 round2),,yes
13,arabian,True,W2979932999,,10.1007/s13369-019-04069-1,Groundwater Quality Patterns and Spatiotemporal Change in Depletion in the Regions of the Arabian Shield and Arabian Shelf,Othman Fallatah,2019,Arabian Journal for Science and Engineering,28,no,uses-mascon-product,GRACE,mascon,CSR,RL05,mascon,,,,,,unclear/unclear,−2.11±0.13 km3/yr,Arabian Shield; Arabian Shelf; Saq aquifer,3,3,deepseek-chat (full-text 2026 round2),,yes
14,arabian,True,W4309204395,,10.5194/hess-26-5757-2022,"Influence of intensive agriculture and geological heterogeneity on the recharge of an arid aquifer system (Saq–Ram, Arabian Peninsula) inferred from GRACE data",Pierre Séraphin,2022,Hydrology and earth system sciences,21,no,uses-mascon-product,GRACE+GRACE-FO,mascon,multiple,RL06,mascon,,ICE6G-D,,,,unclear/unclear,,Saq–Ram Aquifer System,4,2,deepseek-chat (full-text 2026 round2),,yes
15,arabian,True,W4399756140,,10.1007/s11069-024-06733-8,Land subsidence and groundwater storage change assessment using InSAR and GRACE in the arid environment of Saudi Arabia,Esubalew Adem Yibrie,2024,Natural Hazards,16,no,uses-mascon-product,GRACE+GRACE-FO,mascon,CSR,RL06.2,mascon,,,,,,unclear/unclear,groundwater storage depletes at ~11.2 mm per year,"Najran region, Saudi Arabia",3,3,deepseek-chat (full-text 2026 round2),,yes
16,arabian,True,W4389263987,,10.1016/j.aej.2023.11.060,Geophysical monitoring of the groundwater resources in the Southern Arabian Peninsula using satellite gravity data,Ahmed Mohamed,2023,Alexandria Engineering Journal,13,no,uses-mascon-product,GRACE+GRACE-FO,mascon,multiple,,mascon,,,,,,unclear/unclear,groundwater depletion of -0.21 ± 0.011 cm yr−1 for the whole study area,Southern Arabian Peninsula; Rub El Khali; Yemen; Oman; United Arab Emirates,2,2,deepseek-chat (full-text 2026 round2),,yes
17,arabian,True,W4388942654,,10.3389/feart.2023.1225992,"Investigation of groundwater potential using gravity data in Wadi Fatimah and its surroundings, Western Saudi Arabia",Fahad Alshehri,2023,Frontiers in Earth Science,9,no,uses-mascon-product,GRACE,mascon,multiple,RL06M,mascon,unclear,unclear,unclear,unclear,unclear,unclear,−0.18 ± 0.022 cm/yr in Wadi Fatimah,Wadi Fatimah; Makkah province,3,3,deepseek-chat,,
18,arabian,True,W4394815722,,10.3390/rs16081381,Assessing Groundwater Sustainability in the Arabian Peninsula and Its Impact on Gravity Fields through Gravity Recovery and Climate Experiment Measurements,Hussein A. Mohasseb,2024,Remote Sensing,9,no,processes-L2-SHM,GRACE+GRACE-FO,own-SHM,CSR,RL06,Swenson-Wahr destriping,,,replaced with SLR,replaced with SLR,Swenson 2008,replaced with SLR/replaced with SLR,−4.89 ± 0.86 mm/year (−14.82 km³/year),Arabian Peninsula,6,5,deepseek-chat (full-text 2026),,yes
19,arabian,True,W102949395,,,Earth Mass Change Tracking Using GRACE Satellite Gravity Data,Gholamreza Joodaki,2014,Duo Research Archive (University of Oslo),7,no,processes-L2-SHM,GRACE,own-SHM,"CSR, GFZ, JPL",RL04,DDK,60,multiple: none (papers A-C); Peltier 2009/Cazenave 2009 mean correction (paper E); A et al. 2013 (paper F),replaced,unclear,multiple: ignored (papers A-C); Chen et al. 1999 (paper E); Swenson et al. 2008 (paper F),replaced/unclear,Iran with a rate of 25±6 Gt/yr has the most groundwater loss rate,Greenland; Nordic Seas; Middle East; Iran; Iraq; Syria; eastern Turkey; northern Saudi Arabia; southern Saudi Arabia; region immediately west of Caspian Sea,4,3,deepseek-chat,,
20,arabian,True,W4390749128,,10.3390/w16020246,Advancing SDGs: Predicting Future Shifts in Saudi Arabia’s Terrestrial Water Storage Using Multi-Step-Ahead Machine Learning Based on GRACE Data,Mohamed A. Yassin,2024,Water,7,no,uses-mascon-product,GRACE,mascon,CSR,,mascon,,,,,,unclear/unclear,,Saudi Arabia; Arabian Basin,2,2,deepseek-chat (full-text 2026 round2),,yes
21,arabian,True,W4411541036,,10.1016/j.ejrh.2025.102552,Multi-model ensemble machine learning-based downscaling and projection of GRACE data reveals groundwater decline in Saudi Arabia throughout the 21st century,Arfan Arshad,2025,Journal of Hydrology Regional Studies,7,no,uses-mascon-product,GRACE+GRACE-FO,mascon,JPL,RL06.1Mv03,mascon,,,,,,unclear/unclear,groundwater decline in Saudi Arabia throughout the 21st century,Saudi Arabia; Al Jumum; Makkah; Jeddah; Bahrah,3,3,deepseek-chat (full-text 2026 round2),,yes
22,arabian,True,W4385954768,,10.3389/feart.2023.1227691,"Application of gravity and remote sensing data to groundwater potential in Wadi Ar-Ramah, Saudi Arabia",Ahmed Mohamed,2023,Frontiers in Earth Science,6,no,uses-mascon-product,GRACE+GRACE-FO,mascon,multiple,unclear,mascon,unclear,unclear,unclear,unclear,unclear,unclear,groundwater declining at a rate of -1.212 ± 0.012 cm/year,Wadi Ar-Ramah,2,2,deepseek-chat,,
23,arabian,True,W4393218656,,10.1080/16583655.2024.2331991,Monitoring the response of Saudi Arabia's largest fossil aquifer system to climate variability,Abdullah Othman,2024,Journal of Taibah University for Science,6,no,uses-mascon-product,GRACE+GRACE-FO,mascon,CSR,RL06,mascon,,,,,,unclear/unclear,"decline of -6.3 mm in Hail, -5.22 mm in Al-Jouf, -4.5 mm in Al-Hudud Ash-Shamaliyah during dry period; recovery of 1 to 6.8 mm during wet period",Hail province; Al-Jouf province; Al-Hudud Ash-Shamaliyah province; Mega Aquifer System (MAS) in Saudi Arabia,3,3,deepseek-chat (full-text 2026 round2),,yes
24,arabian,True,W4392946611,,10.1016/j.jksus.2024.103172,"Application of gravity and remote sensing data to groundwater storage variation in Wadi Al Dawasir, Saudi Arabia",Ahmed Mohamed,2024,Journal of King Saud University - Science,5,no,uses-mascon-product,GRACE+GRACE-FO,mascon,multiple,RL06,mascon,,,,,,unclear/unclear,−0.48 ± 0.02 cm yr−1,Wadi Al Dawasir; Saudi Arabia,3,2,deepseek-chat (full-text 2026 round2),,yes
25,arabian,True,W4400516568,,10.1016/j.gsd.2024.101270,Satellite gravimetry observations on the state of groundwater level variability in the Arabian Peninsula Region and the associated socio-economic sustainability challenges,Muhammad Usman,2024,Groundwater for Sustainable Development,5,no,uses-mascon-product,GRACE+GRACE-FO,mascon,CSR,RL06 v02,mascon,,,,,,unclear/unclear,Al Jouf decline rate of -1.69 cm/year (43% faster than previous estimates),Arabian Peninsula Region; Al Jouf; Riyadh; Makkah; Madina; Damam; Kuwait; Dubai; Al Ain; Musqat; Sanaa,3,1,deepseek-chat (full-text 2026 round2),,yes
27,arabian,True,W4402264111,,10.1109/igarss53475.2024.10642338,"Assessment of the Impact of Date Production on Water Resources Using Remote Sensing Techniques, a Case Study for Madinah, Saudi Arabia",Abdulrahman Badaoud,2024,,3,no,uses-mascon-product,GRACE,mascon,"CSR, JPL",,mascon,,,,,,unclear/unclear,average annual decline in GWS is -6.7 mm/year,Madinah,2,2,deepseek-chat (full-text 2026 round2),,yes
28,arabian,True,W2790020117,W2790020117,,"An lntegrated Approach (Remote Sensing, Hydrogeology, Geotechnical, and Geoinformatics) to Assess and Monitor Fossil Aquifers and Associated Land Deformation Over the Arabian Peninsula",A. Othman,2017,ScholarWorks - WMU (Western Michigan University),2,no,uses-mascon-product,GRACE,mascon,CSR,RL05,mascon,,,,,,unclear/unclear,TWS depletion of -4.6 ± 0.5 km³/yr over LMAS and -1.0 ± 0.1 km³/yr over WASB,Lower Mega Aquifer System (LMAS); Wadi As-Sirhan Basin (WASB),3,3,deepseek-chat (full-text 2026 round2),,yes
29,arabian,True,W4412420454,,10.1029/2024wr039837,Refined GRACE/GFO‐Derived Terrestrial Water Storage Anomaly in Middle East Recovered by ICA‐Based Forward Modeling Approach,Yuhao Xiong,2025,Water Resources Research,1,no,processes-L2-SHM,GRACE+GRACE-FO,own-SHM,CSR,RL06.1,DDK3,60,Peltier_ICE6G_D,replaced (SLR),replaced (SLR),Landerer 2019,replaced (SLR)/replaced (SLR),"TWSA decline rates for Saudi Arabia, Iraq, and Iran are 11.48 ± 0.32, 3.56 ± 0.44, and 7.75 ± 0.45 km3/yr, respectively",Middle East; Caspian Sea; Red Sea; Persian Gulf; Saudi Arabia; Iraq; Iran; Greenland; Victoria Lake,8,6,deepseek-chat (full-text 2026),,yes
30,arabian,True,W3102984332,,,Monitoring lithospheric motions by Satellite geodesy,Nureldin A. A. Gido,2020,KTH Publication Database DiVA (KTH Royal Institute of Technology),0,no,processes-L2-SHM,GRACE,own-SHM,CSR,RL05,DDK2,96,ICE-6G (VM5a),replaced,unstated,restored (TN-13b; Swenson et al. 2008),replaced/unclear,GWS changes due to water and oil depletion ranged from -18.5 ± 6.3 to -6.2 ± 1.3 mm/year,Fennoscandia; northern high-latitude regions; Sudan; East Africa; Egypt; Congo; Saudi Arabia; Gävle city,6,6,deepseek-chat (full-text 2026 round2),,yes
31,arabian,True,W7117972369,,10.1080/10106049.2025.2610859,Evaluating the impact of irrigation on groundwater resources using remote sensing: a case study for Saudi Arabia,Abdulrahman Badaoud,2026,Geocarto International,0,no,uses-mascon-product,GRACE+GRACE-FO,mascon,"CSR, JPL",,mascon,,,,,,unclear/unclear,"GWS declines of –7.2 mm yr–1 (Madinah), –12.6 mm yr–1 (Al Qassim), –2.3 mm yr–1 (Hofuf)",Madinah; Al Qassim; Hofuf,2,2,deepseek-chat (full-text 2026 round2),,yes
32,arabian,True,W7133344962,,10.1016/j.gsd.2026.101608,Review of GRACE remote sensing applications for groundwater monitoring in water-scarce regions,Ritshidze Nenweli,2026,Groundwater for Sustainable Development,0,no,review-or-perspective,GRACE+GRACE-FO,review,,,,,,,,,unclear/unclear,,global; Southern Africa; South Africa; Asia; Africa; North America; Saudi Arabia; Iran; Mekong Delta; Texas; Jinsha River Basin; Amazon River Basin; Nasia Basin; Lullemmeden Basin; Senegal Basin,0,0,deepseek-chat (full-text 2026 round2),,yes
33,arabian,True,W7151544631,,10.2139/ssrn.6533878,"Analysis of the mass variation caused by Terrestrial Water Storage changes using gravity data for Wadi Sahba, Eastern Saudi Arabia",Nadhir Al-Ansari,2026,SSRN Electronic Journal,0,no,uses-mascon-product,GRACE+GRACE-FO,mascon,"CSR, JPL, GSFC",RL06,mascon,,,,,,unclear/unclear,ΔGWS declining at -0.80 ± 0.014 cm/yr,Wadi Sahba; Eastern Saudi Arabia,3,0,deepseek-chat (full-text 2026 round2),,yes
36,canning,True,W4413049227,,10.1016/j.jhydrol.2025.134035,A simplified drought indicator based on high-resolution GRACE terrestrial water storage anomalies,Ikechukwu Kalu,2025,Journal of Hydrology,5,no,uses-mascon-product,GRACE+GRACE-FO,mascon,CSR,R6v3,mascon,,,replaced,replaced,applied,replaced/replaced,the Canning Basin is facing long-term drought and reveals that the region risks permanent shifts in ecosystem composition and land degradation associated with aquifer depletion,Canning Basin; Carpentaria Basin; Central Eromanga Basin; CLA; Murray-Darling Basin; Perth Basin; Western Eromanga Basin,6,2,deepseek-chat (full-text 2026 round2),,yes
37,central_valley,False,W2117934747,01,10.1073/pnas.1200311109,Groundwater depletion and sustainability of irrigation in the US High Plains and Central Valley,Bridget R. Scanlon,2012,Proceedings of the National Academy of Sciences,1357,yes,uses-published-TWS,GRACE,downstream-use,unclear,unclear,unclear,unclear,unclear,unclear,unclear,unclear,unclear,groundwater depletion of ~330 km3 in the High Plains and ~80 km3 in the Central Valley (1962-2003),High Plains aquifer; Central Valley aquifer,0,0,deepseek-chat,,
38,central_valley,False,W2165184011,02,10.1029/2010gl046442,Satellites measure recent rates of groundwater depletion in California's Central Valley,J. S. Famiglietti,2011,Geophysical Research Letters,959,yes,processes-L2-SHM,GRACE,own-SHM,CSR,RL04,Swenson-Wahr destriping,60,unclear,unclear,unclear,unclear,unclear,Central Valley lost 20.4 ± 3.9 mm yr−1 of groundwater,California's Central Valley; Sacramento River Basin; San Joaquin River Basin,4,2,deepseek-chat,,
39,central_valley,False,W1484814760,21,10.1029/2011wr011312,"Ground referencing GRACE satellite estimates of groundwater storage changes in the California Central Valley, USA",Bridget R. Scanlon,2012,Water Resources Research,444,no,processes-L2-SHM,GRACE,own-SHM,multiple,multiple: CSR RL04; GRGS RL02,G300 and destripe,60,Paulson et al. (2007) / ICE5G PGR,unclear,unclear,unclear,unclear,groundwater depletion totaled 31.0 ± 3.0 km3,California Central Valley; Sacramento River Basin; San Joaquin River Basin,5,2,deepseek-chat,,
40,central_valley,False,W2731938692,36,10.1016/j.rse.2017.06.026,GRACE Groundwater Drought Index: Evaluation of California Central Valley groundwater drought,Brian Thomas,2017,Remote Sensing of Environment,331,no,uses-mascon-product,GRACE,mascon,JPL,RL05.1M,mascon,unclear,unclear,unclear,unclear,unclear,unclear,,California Central Valley,3,3,deepseek-chat,,
41,central_valley,False,W1857304858,57,10.1002/2014gl059570,Seasonal variation in total water storage in California inferred from GPS observations of vertical land motion,Donald F. Argus,2014,Geophysical Research Letters,320,no,uses-published-TWS,GRACE,downstream-use,CSR,RL05,G200,unclear,unclear,replaced (with SLR),unclear,degree-1 / geocentre correction applied (Swenson 2008),replaced (with SLR)/unclear,,California,5,4,deepseek-chat,,
42,central_valley,False,W2803686615,22,10.3390/rs10060829,Monitoring Groundwater Storage Changes Using the Gravity Recovery and Climate Experiment (GRACE) Satellite Mission: A Review,Frédéric Frappart,2018,Remote Sensing,316,no,review-or-perspective,GRACE,review,unclear,unclear,unclear,unclear,unclear,unclear,unclear,unclear,unclear,,Middle East; northwest India aquifer; North China Plain aquifer; Murray-Darling Basin; High Plains aquifer; California Central Valley aquifer; Northwestern Sahara Aquifer System; Nubian Sandstone Aquifer System; Tigris and Euphrates River Basin; Northern India; North China; Hai River; Piedmont Plain; East Central Plain; Canning; Sacramento and San Joaquin River Basins; Colorado River Basin,0,0,deepseek-chat,,
43,central_valley,False,W2786804361,37,10.3390/rs10010143,Downscaling GRACE Remote Sensing Datasets to High-Resolution Groundwater Storage Change Maps of California’s Central Valley,Michelle E. Miro,2018,Remote Sensing,143,no,uses-published-TWS,GRACE,downstream-use,CSR,RL05,unclear,unclear,unclear,unclear,unclear,unclear,unclear,lost 20.3 km3 of groundwater between 2003 and 2010,California's Central Valley; San Joaquin Valley,2,2,deepseek-chat,,
44,central_valley,False,W2605676989,03,10.1002/2017gl073333,How much groundwater did California's Central Valley lose during the 2012–2016 drought?,Mu Xiao,2017,Geophysical Research Letters,132,yes,processes-L2-SHM,GRACE,own-SHM,CSR,RL05,G300,unclear,unclear,replaced,unclear,Swenson 2008,replaced/unclear,40.0 km3 of groundwater lost during 2012-2016 drought,Central Valley; Sacramento-San Joaquin-Tulare River basins,5,4,deepseek-chat,,
45,central_valley,False,W2916366897,19,10.1029/2018jb016083,Groundwater Loss and Aquifer System Compaction in San Joaquin Valley During 2012–2015 Drought,Chandrakanta Ojha,2019,Journal of Geophysical Research Solid Earth,93,no,uses-mascon-product,GRACE,mascon,JPL,version 2,mascon,unclear,unclear,unclear,unclear,unclear,unclear,average groundwater loss of 6.1 ± 2.3 km3/year for San Joaquin Valley,San Joaquin Valley; Central Valley,3,3,deepseek-chat,,
46,central_valley,False,W3111894231,41,10.1029/2020wr027531,Representing Intercell Lateral Groundwater Flow and Aquifer Pumping in the Community Land Model,Farshid Felfelani,2020,Water Resources Research,79,no,uses-published-TWS,GRACE,downstream-use,unclear,unclear,G300,60,unclear,unclear,unclear,unclear,unclear,,conterminous US; High Plains Aquifer; Central Valley Aquifer; Mississippi Alluvial Plain; Snake River Plain; Colorado Plateau; Coastal Lowlands; Piedmont Blue Ridge; Surficial,2,2,deepseek-chat,,
47,central_valley,False,W2979409277,04,10.3390/geosciences9100436,Monitoring Groundwater Change in California’s Central Valley Using Sentinel-1 and GRACE Observations,Zhen Liu,2019,Geosciences,76,no,uses-mascon-product,GRACE,mascon,JPL,RL05M.1 Version 2,mascon,unclear,unclear,unclear,unclear,unclear,unclear,,San Joaquin Valley; Tulare Basin; California's Central Valley,3,3,deepseek-chat,,
48,central_valley,False,W3196280317,23,10.1088/1748-9326/ac16ff,Effects of climate and irrigation on GRACE-based estimates of water storage changes in major US aquifers,Bridget R. Scanlon,2021,Environmental Research Letters,76,no,uses-mascon-product,GRACE,mascon,multiple,RL06,mascon,unclear,unclear,unclear,unclear,unclear,unclear,Marked storage depletion in the semi-arid southwestern Central Valley and south-central High Plains totaled ∼90 km3,Columbia Plateau; Snake River Plain; Central Valley; Sacramento; San Joaquin/Tulare; Upper Colorado; Arizona Alluvial; Northern High Plains; Central and Southern High Plains; Edwards Trinity; Texas Gulf Coast; Mississippi Embayment; Coastal Lowlands; Floridian aquifer; Pennsylvania,3,1,deepseek-chat,,
49,central_valley,False,W2888761865,14,10.1038/s41598-018-31210-1,Projecting groundwater storage changes in California’s Central Valley,Elias Massoud,2018,Scientific Reports,75,no,uses-published-TWS,GRACE,downstream-use,unclear,unclear,unclear,unclear,unclear,unclear,unclear,unclear,unclear,groundwater depletion will continue,California's Central Valley,0,0,deepseek-chat,,
50,central_valley,False,W4220869317,58,10.1029/2021jb023135,Joint Inversion of GNSS and GRACE for Terrestrial Water Storage Change in California,Grace Carlson,2022,Journal of Geophysical Research Solid Earth,66,no,uses-mascon-product,GRACE,mascon,JPL,RL06M,mascon,unclear,ICE6G-D,unclear,unclear,"Sun 2016, Swenson 2008",unclear,,California; western Nevada,5,4,deepseek-chat,,
51,central_valley,False,W4313379929,42,10.1016/j.scitotenv.2022.161138,"Machine learning based downscaling of GRACE-estimated groundwater in Central Valley, California",Vibhor Agarwal,2022,The Science of The Total Environment,65,no,processes-L2-SHM,GRACE,own-SHM,CSR,RL06,G300,60,A_2013,replaced (e.g. with SLR / TN-14),unclear,unclear,replaced (e.g. with SLR / TN-14)/unclear,groundwater loss is about 30 km3 from 2002 to 2016,"Central Valley, California; San Joaquin Valley; Sacramento Valley",6,5,deepseek-chat,,
52,central_valley,False,W3204140070,15,10.1016/j.scitotenv.2021.150635,Assessing the utility of remote sensing data to accurately estimate changes in groundwater storage,Aakash Ahamed,2021,The Science of The Total Environment,50,no,uses-published-TWS,GRACE,downstream-use,JPL,RL06,mascon,unclear,unclear,unclear,unclear,unclear,unclear,net loss of stored groundwater during the study period,Central Valley; Central Valley Watershed,3,1,deepseek-chat,,
53,central_valley,False,W2467442735,16,10.1038/srep28160,"Time-varying land subsidence detected by radar altimetry: California, Taiwan and north China",Cheinway Hwang,2016,Scientific Reports,49,no,does-not-use-grace,unclear,non-GRACE,unclear,unclear,unclear,unclear,unclear,unclear,unclear,unclear,unclear,,San Joaquin Valley; central Taiwan; North China Plain,0,0,deepseek-chat,,
54,central_valley,False,W2982770681,43,10.1038/s41598-019-52371-7,Satellite-based monitoring of groundwater depletion in California’s Central Valley,D. W. Vasco,2019,Scientific Reports,48,no,uses-published-TWS,GRACE,downstream-use,unclear,unclear,unclear,unclear,unclear,unclear,unclear,unclear,unclear,2.3 million acre-feet of estimated volume reduction between October 2015 and 2016,California's Central Valley; Tulare Basin,0,0,deepseek-chat,,
55,central_valley,False,W3204018692,12,10.1029/2021wr030352,Post‐Drought Groundwater Storage Recovery in California's Central Valley,Sarfaraz Alam,2021,Water Resources Research,45,no,uses-mascon-product,GRACE+GRACE-FO,mascon,multiple,RL06,mascon,unclear,unclear,unclear,unclear,unclear,unclear,"Median aquifer storage recovery was 34% and 19% of the overdraft during the 2010–2011 and 2017–2019 post-drought years, respectively.",California's Central Valley,3,0,deepseek-chat,,
56,central_valley,False,W4220744737,26,10.1038/s41598-022-07650-1,"Using Sentinel-1 and GRACE satellite data to monitor the hydrological variations within the Tulare Basin, California",D. W. Vasco,2022,Scientific Reports,38,no,uses-mascon-product,GRACE+GRACE-FO,mascon,CSR,RL06,mascon,unclear,unclear,unclear,unclear,unclear,unclear,,Tulare Basin; Central Valley Aquifer system,3,2,deepseek-chat,,
57,central_valley,False,W4297901210,27,10.1029/2022gl099583,Subsurface Water Flux in California's Central Valley and Its Source Watershed From Space Geodesy,Donald F. Argus,2022,Geophysical Research Letters,33,no,uses-mascon-product,GRACE+GRACE-FO,mascon,JPL,RL06,mascon,unclear,ICE-6G,unclear,unclear,unclear,unclear,Central Valley lost groundwater at 2.2 ± 0.7 km3/yr from 2006 to 2021,California's Central Valley; Sacramento-San Joaquin-Tulare River basin,4,3,deepseek-chat,,
58,central_valley,False,W2945426829,67,10.1029/2019jb017354,"Drought‐Triggered Magmatic Inflation, Crustal Strain, and Seismicity Near the Long Valley Caldera, Central Walker Lane",W. C. Hammond,2019,Journal of Geophysical Research Solid Earth,29,no,uses-published-TWS,GRACE,downstream-use,GSFC,unclear,mascon,unclear,unclear,unclear,unclear,unclear,unclear,,Long Valley Caldera; Sierra Nevada; Central Walker Lane,2,2,deepseek-chat,,
59,central_valley,False,W4400310314,07,10.1016/j.rse.2024.114303,"A novel hybrid GNSS, GRACE, and InSAR joint inversion approach to constrain water loss during a record-setting drought in California",Grace Carlson,2024,Remote Sensing of Environment,27,no,uses-mascon-product,GRACE+GRACE-FO,mascon,JPL,RL06,mascon,unclear,ICE6G-D,replaced,unclear,Swenson 2008 and Sun 2016,replaced/unclear,groundwater volume loss of 20.4+/-2.6 km3,California; Central Valley; Sacramento Valley; San Joaquin Valley; Tulare Basin,6,4,deepseek-chat,,
60,central_valley,False,W1779719684,61,10.1016/j.asr.2015.08.034,"Analysis of systematic differences from GPS-measured and GRACE-modeled deformation in Central Valley, California",Weijie Tan,2015,Advances in Space Research,26,no,processes-L2-SHM,GRACE,own-SHM,CSR,RL05,G350,unclear,unstated,replaced with SLR,unclear,Swenson et al. (2008),replaced with SLR/unclear,,"Central Valley, California",5,3,deepseek-chat,,
61,central_valley,False,W4412695734,65,10.1126/sciadv.adx0298,"Unprecedented continental drying, shrinking freshwater availability, and increasing land contributions to sea level rise",Hrishikesh A. Chandanpurkar,2025,Science Advances,26,no,uses-mascon-product,GRACE+GRACE-FO,mascon,JPL,RL06,mascon,unclear,unclear,unclear,unclear,unclear,unclear,unprecedented continental drying,Northern Canada and Alaska; Northern Russia; Southwestern North America and Central America; MENA and Pan-Eurasia; Northwest Sahara Aquifer System; Arabian Aquifer System; Caspian and Aral Seas; Tarim Basin; Indus Basin; Ganges-Brahmaputra Basin; North China Aquifer System; Myanmar; Thailand; Cambodia; Malaysia,3,1,deepseek-chat,,
62,central_valley,False,W3212212952,66,10.1016/j.geog.2021.10.003,GRACE-based estimates of groundwater variations over North America from 2002 to 2017,Hansheng Wang,2021,Geodesy and Geodynamics,26,no,processes-L2-SHM,GRACE,own-SHM,ITSG,RL06,G220,90,GNSS-derived GIA correction,replaced (SLR),unclear,restored (improved GRACE-OBP/Swenson method),replaced (SLR)/unclear,"GWS declining trends in Nevada, California, Arizona, and Texas",North America; Saskatchewan; Nevada; California; Arizona; Texas; Alberta; Montana; North Dakota; Minnesota; New Mexico; Oklahoma; Kansas; Colorado; Quebec; British Columbia,7,3,deepseek-chat,,
63,central_valley,False,W3009490961,17,10.1111/gwat.12995,Integrated Hydrologic Modeling to Untangle the Impacts of Water Management During Drought,L. M. Thatch,2020,Ground Water,24,no,uses-published-TWS,GRACE,downstream-use,"CSR, JPL, GFZ",RL05,gridded-gain factors,unclear,unclear,unclear,unclear,unclear,unclear,,San Joaquin River Basin,3,1,deepseek-chat,,
64,central_valley,False,W3005870091,59,10.3390/geosciences10020071,Cascading Dynamics of the Hydrologic Cycle in California Explored through Observations and Model Simulations,Elias Massoud,2020,Geosciences,21,no,uses-mascon-product,GRACE,mascon,JPL,RL05M.1,mascon,unclear,unclear,unclear,unclear,unclear,unclear,groundwater depletion of -46.60 km3 over 2003-2017,California,3,3,deepseek-chat,,
65,central_valley,False,W3119416817,24,10.1111/1752-1688.12898,"An Evaluation of Remotely Sensed and In Situ Data Sufficiency for SGMA‐Scale Groundwater Studies in the Central Valley, California",Kyra H. Kim,2021,JAWRA Journal of the American Water Resources Association,16,no,uses-published-TWS,GRACE+GRACE-FO,downstream-use,CSR,unclear,unclear,unclear,unclear,unclear,unclear,unclear,unclear,,"Central Valley, California",1,1,deepseek-chat,,
66,central_valley,False,W2897929979,44,10.1029/2018wr022723,"Hydrologic Observation, Model, and Theory Congruence on Evapotranspiration Variance: Diagnosis of Multiple Observations and Land Surface Models",Ruijie Zeng,2018,Water Resources Research,13,no,uses-published-TWS,GRACE,downstream-use,CSR,RL05,unclear,unclear,unclear,unclear,unclear,unclear,unclear,,contiguous United States; Central Valley; High Plains aquifers,2,2,deepseek-chat,,
67,central_valley,False,W4315795728,29,10.3390/rs15020449,Predicting Short-Term Deformation in the Central Valley Using Machine Learning,Joe Yazbeck,2023,Remote Sensing,12,no,uses-published-TWS,GRACE+GRACE-FO,downstream-use,JPL,unclear,unclear,unclear,unclear,unclear,unclear,unclear,unclear,steady decrease in groundwater storage,Central Valley; San Joaquin Valley; Madera,1,1,deepseek-chat,,
68,central_valley,False,W4281561206,45,10.21203/rs.3.rs-1614517/v1,Groundwater Depletion in California’s Central Valley Accelerates During Megadrought,Pang‐Wei Liu,2022,Research Square,11,no,uses-mascon-product,GRACE+GRACE-FO,mascon,JPL,RL06M Version 2,mascon,unclear,unclear,unclear,unclear,unclear,unclear,groundwater depletion rate of 2.41 km3/yr (2003–2021),California's Central Valley; Sacramento basin; San Joaquin basin; Tulare basin,3,3,deepseek-chat,,
69,central_valley,False,W3197087628,09,10.1029/2021jb021735,Adjoint‐Based Inversion of Geodetic Data for Sources of Deformation and Strain,J. Torquil Smith,2021,Journal of Geophysical Research Solid Earth,4,no,does-not-use-grace,unclear,non-GRACE,unclear,unclear,unclear,unclear,unclear,unclear,unclear,unclear,unclear,average aquifer volume loss of 2.17 km3/year over 2016-2018,Tulare Basin; Central Valley,0,0,deepseek-chat,,
70,central_valley,False,W4407430708,60,10.1016/j.envsoft.2025.106368,Groundwater storage loss in the central valley analysis using a novel method based on in situ data compared to GRACE-derived data,M. L. Stevens,2025,Environmental Modelling & Software,4,no,uses-published-TWS,GRACE+GRACE-FO,downstream-use,JPL,unclear,unclear,unclear,unclear,unclear,unclear,unclear,unclear,groundwater storage loss in the Central Valley,California Central Valley,1,1,deepseek-chat,,
71,central_valley,False,W2011658792,08,10.1029/2011eo120015,Research Spotlight: Groundwater is being depleted rapidly in California's Central Valley,Ernie Tretkoff,2011,Eos,0,no,uses-published-TWS,GRACE,downstream-use,unclear,unclear,unclear,unclear,unclear,unclear,unclear,unclear,unclear,"groundwater depletion in the Central Valley at a rate of about 30 mm/year equivalent water height, total 30 km³ over 78 months, two thirds from groundwater",California's Central Valley; Sacramento and San Joaquin river basins,0,0,deepseek-chat,,
72,central_valley,False,W2535799428,11,,A multifaceted exploration of hydrologic drought using GRACE satellite observations and computer modeling,Alys Caitlyn Thomas,2014,eScholarship (California Digital Library),0,no,uses-published-TWS,GRACE,downstream-use,CSR,RL05,unclear,unclear,Chambers et al. 2010,unclear,unclear,unclear,unclear,,Amazon; Zambezi; Texas; Southeastern United States; California's Central Valley; Southwest; Northern Plains; Southern Plains; Southeast,3,3,deepseek-chat,,
73,central_valley,False,W846450479,20,,"A Comparison of Groundwater Storage Using GRACE Data, Groundwater Levels, and a Hydrological Model in Californias Central Valley",Amber Jean Kuss,2011,AGU Fall Meeting Abstracts,0,no,uses-published-TWS,GRACE,downstream-use,unclear,unclear,unclear,unclear,unclear,unclear,unclear,unclear,unclear,,Central Valley aquifer; Sacramento River Basin; San Joaquin River Basin; Tulare Lake Basin,0,0,deepseek-chat,,
74,central_valley,False,W2809886065,28,,"Science-based approaches to water resources management: Studies in remote sensing, groundwater and California's Central Valley",Michelle E. Miro,2017,eScholarship (California Digital Library),0,no,uses-published-TWS,GRACE,downstream-use,CSR,RL05,unclear,unclear,unclear,unclear,unclear,unclear,unclear,the Central Valley lost 20.3 km3 of groundwater between 2003 and 2010,California's Central Valley; San Joaquin Valley; South San Joaquin Irrigation District,2,2,deepseek-chat,,
75,central_valley,False,W7154723010,39,10.22541/essoar.15002172/v1,Using NASA Satellite Gravity Measurements to Detect Critical Groundwater Depletion Two Months Before Physical Well Networks,Jayden Nam,2026,,0,no,uses-mascon-product,GRACE+GRACE-FO,mascon,JPL,RL06.3,mascon,unclear,unclear,unclear,unclear,unclear,unclear,annual mean depth to water increased from 136 feet in 2002 to 245 feet in 2016,California Central Valley,3,3,deepseek-chat,,
76,central_valley,False,W4416124466,49,10.3390/rs17223683,Enhanced Detection of Drought Events in California’s Central Valley Basin Using Rauch–Tung–Striebel Smoothed GRACE Level-2 Data: Mechanistic Insights from Climate–Hydrology Interactions,Yong Feng,2025,Remote Sensing,0,no,processes-L2-SHM,GRACE,own-SHM,CSR,RL05,multiple: SS-DDK (primary); DDK3 and DDK4 (comparators),unclear,ICE-6G_D,replaced with SLR,unclear,estimated from combined GRACE and ocean model,replaced with SLR/unclear,"two prolonged droughts (2008, 2013) caused ≈91.45 km3 groundwater loss",California's Central Valley basin,6,4,deepseek-chat,,
77,central_valley,False,W4387331732,53,10.1007/978-3-031-26588-4_40,Groundwater Monitoring with GRACE,A. J. Purdy,2023,,0,no,uses-mascon-product,GRACE+GRACE-FO,mascon,JPL-M,unclear,mascon,unclear,unclear,unclear,unclear,unclear,unclear,"During the 2012-2016 drought, CA lost ~20 km3 in groundwater",California's Central Valley,2,2,deepseek-chat,,
78,central_valley,False,W2800075117,64,,Assessing characterization of large-scale groundwater quality with remote sensing,Aimée Gibbons,2016,eScholarship (California Digital Library),0,no,uses-published-TWS,GRACE,downstream-use,CSR,RL05,G300,unclear,unclear,unclear,unclear,unclear,unclear,,Central Valley; High Plains,3,1,deepseek-chat,,
79,central_valley,True,W3013109293,W3013109293,,Untangling water management and groundwater extraction signals in the California Central Valley: an integrated hydrologic model and remote sensing synthesis approach,L. M. Thatch,2017,Digital Collections of Colorado (Colorado State University),0,no,uses-mascon-product,GRACE,mascon,"CSR, JPL, GFZ",,mascon,,,,,,unclear/unclear,groundwater levels in California’s San Joaquin Valley have dropped more than 30 meters in some areas,San Joaquin Basin; California Central Valley,2,1,deepseek-chat (full-text 2026 round2),,yes
80,central_valley,True,W7149637957,W7149637957,10.5281/zenodo.19412339,HCTGS v3.0: California Central Valley Application — Spine-and-Rib Gravity Cascade for Sierra Nevada Water-Energy-Flood Infrastructure,Ilir Mehmetaj,2026,Zenodo (CERN European Organization for Nuclear Research),0,no,does-not-use-grace,unclear,non-GRACE,,,,,,,,,unclear/unclear,,California Central Valley,0,0,deepseek-chat (full-text 2026 round2),,yes
82,expansion-untagged,False,W3103886274,,10.26480/bdwre.01.2020.10.15,,,,,,,uses-published-TWS,GRACE,downstream-use,CSR,RL05,,,,,,,unclear/unclear,net loss in groundwater storage is at mean rate of 85.01 mm per year,Indus Basin,2,2,deepseek-chat (full-text 2026 round2),,yes
86,expansion-untagged,False,W4415017431,,10.3389/fenvs.2025.1672694,,,,,,,does-not-use-grace,unclear,non-GRACE,,,,,,,,,unclear/unclear,,,0,0,deepseek-chat (full-text 2026 round2),,yes
87,guarani,True,W1977248758,,10.1029/2010jd014689,Recent La Plata basin drought conditions observed by satellite gravimetry,Jianli Chen,2010,Journal of Geophysical Research Atmospheres,115,no,processes-L2-SHM,GRACE,own-SHM,CSR,RL04,P4M6 + G300,60,,,,,unclear/unclear,average TWS deficit of ∼12 cm below the 7 year mean,La Plata basin; lower La Plata basin,4,3,deepseek-chat (full-text 2026),,yes
88,guarani,True,W4403197791,,10.1080/02626667.2024.2412741,Remote sensing to quantify potential aquifer recharge as a complementary tool for groundwater monitoring,Lucas Vituri Santarosa,2024,Hydrological Sciences Journal,9,no,uses-published-TWS,GRACE,downstream-use,,,,,,,,,unclear/unclear,,Guarani Aquifer System (GAS); Bauru Aquifer System (BAS),0,0,deepseek-chat (full-text 2026 round2),,yes
89,guarani,True,W2550561869,,10.13168/agg.2016.0035,Comparison of seasonal hydrologic variations in the La Plata basin from GRACE monthly solutions with in situ gauge water level data,Annamária Kiss,2016,Acta Geodynamica et Geomaterialia,7,no,processes-L2-SHM,GRACE,own-SHM,CSR,RL05,G300+Swenson-Wahr destripe,60,,,,,unclear/unclear,,La Plata basin,4,4,deepseek-chat (full-text 2026),,yes
90,guarani,True,W4311604965,,10.5194/egusphere-2022-1032,Detection of slow changes in terrestrial water storage with GRACE and GRACE-FO satellite gravity missions,Julia Pfeffer,2022,,5,no,processes-L2-SHM,GRACE+GRACE-FO,own-SHM,multiple,RL06,diffusive filter with Daley length scales of 200 and 300 km,60,ICE6G-D,"replaced (Loomis et al., 2019b)",,"Sun et al., 2016","replaced (Loomis et al., 2019b)/unclear",,Amazon; Sao Francisco; Parana; Congo; Zambezi; Okavango; Orinoco; North Australia; Ogallala aquifer; North of India; North of the Black Sea; Central Amazon Corridor; Upper Sao Francisco; Zambezi-Okavango; Congo River; North Australia; Central USA: Ogallala aquifer; North of India; North of the Black Sea,7,3,deepseek-chat (full-text 2026),,yes
91,guarani,True,W3161990299,,10.1590/2317-4889202120200079,Water level alterations on the southern rim of the Guarani Aquifer due to the rain regime,Vanessa da Conceição Osório,2021,Brazilian Journal of Geology,3,no,processes-L2-SHM,GRACE,own-SHM,GFZ,,,70,,,,,unclear/unclear,positive recharge on the order of 1.5 cm per year,Guarani Aquifer System; southern rim of the Guarani Aquifer System,2,2,deepseek-chat (full-text 2026),,yes
92,guarani,True,W2075860953,,10.1590/s0102-261x2007000400010,Utilização dos dados do GRACE para caracterização da variabilidade das massas de água do aqüífero Guarani,Everton Pereira Bomfim,2007,Brazilian Journal of Geophysics,0,no,processes-L2-SHM,GRACE,own-SHM,GFZ,,,multiple: 120 and 150,,,,,unclear/unclear,,Guarani aquifer,2,2,deepseek-chat (full-text 2026),,yes
93,guarani;canning,True,W2252422502,,,Using GRACE to detect Groundwater Storage variations: the cases of Canning Basin and Guarani Aquifer System,Simon Munier,2012,HAL (Le Centre pour la Communication Scientifique Directe),17,no,uses-published-TWS,GRACE,downstream-use,GRGS,release 2,none,50,,,,,unclear/unclear,groundwater depletion at a rate of 8 km3/year in the southern part of Guarani Aquifer System; groundwater depletion at a rate of about 11 km3/year in Canning Basin,Canning Basin; Guarani Aquifer System,4,4,deepseek-chat (full-text 2026 round2),,yes
94,high_plains,True,W2117934747,01,10.1073/pnas.1200311109,Groundwater depletion and sustainability of irrigation in the US High Plains and Central Valley,Bridget R. Scanlon,2012,Proceedings of the National Academy of Sciences,1357,yes,uses-published-TWS,GRACE,downstream-use,unclear,unclear,unclear,unclear,unclear,unclear,unclear,unclear,unclear,groundwater depletion of ~330 km3 in the High Plains and ~80 km3 in the Central Valley (1962-2003),High Plains aquifer; Central Valley aquifer,0,0,deepseek-chat,,
95,high_plains,True,W2091232816,34,10.1002/2013wr014581,"Uncertainty in evapotranspiration from land surface modeling, remote sensing, and GRACE satellites",Di Long,2014,Water Resources Research,577,no,processes-L2-SHM,GRACE,own-SHM,CSR,RL05,unclear,unclear,unclear,unclear,unclear,unclear,unclear,,"East (Red, Trinity, Sabine, Neches River basins); Middle (Brazos, Colorado, Guadalupe, San Antonio, Lavaca River basins); West (Rio Grande and Nueces River basins)",2,1,deepseek-chat,,
96,high_plains,True,W1731032083,35,10.1002/grl.50655,GRACE satellite monitoring of large depletion in water storage in response to the 2011 drought in Texas,Di Long,2013,Geophysical Research Letters,394,no,processes-L2-SHM,GRACE,own-SHM,CSR,RL05,G300,"multiple: 60 (CSR), 50 (GRGS)",unclear,unclear,unclear,unclear,unclear,62.3 ± 17.7 km3,Texas,2,2,deepseek-chat,,
97,high_plains,True,W1937808031,02,10.1029/2009wr008564,"GRACE Hydrological estimates for small basins: Evaluating processing approaches on the High Plains Aquifer, USA",Laurent Longuevergne,2010,Water Resources Research,345,yes,processes-L2-SHM,GRACE,own-SHM,"CSR, GRGS","RL04, RL01",modified Swenson-Wahr destriping + cosine taper (degrees 30-50),60,unclear,unclear,unclear,unclear,unclear,,High Plains Aquifer,4,1,deepseek-chat,,
98,high_plains,True,W2803686615,20,10.3390/rs10060829,Monitoring Groundwater Storage Changes Using the Gravity Recovery and Climate Experiment (GRACE) Satellite Mission: A Review,Frédéric Frappart,2018,Remote Sensing,316,no,review-or-perspective,GRACE,review,unclear,unclear,unclear,unclear,unclear,unclear,unclear,unclear,unclear,,Middle East; northwest India aquifer; North China Plain aquifer; Murray-Darling Basin; High Plains aquifer; California Central Valley aquifer; Northwestern Sahara Aquifer System; Nubian Sandstone Aquifer System; Tigris and Euphrates River Basin; Northern India; North China; Hai River; Piedmont Plain; East Central Plain; Canning; Sacramento and San Joaquin River Basins; Colorado River Basin,0,0,deepseek-chat,,
99,high_plains,True,W1978536336,13,10.1016/s0022-1694(02)00060-4,"The potential for satellite-based monitoring of groundwater storage changes using GRACE: the High Plains aquifer, Central US",Matthew Rodell,2002,Journal of Hydrology,291,no,does-not-use-grace,GRACE,non-GRACE,unclear,unclear,unclear,unclear,unclear,unclear,unclear,unclear,unclear,annual groundwater storage change of about 6.7 mm,High Plains aquifer,0,0,deepseek-chat,,
100,high_plains,True,W2061770662,03,10.1029/2007gl030139,Comparison of seasonal terrestrial water storage variations from GRACE with groundwater‐level measurements from the High Plains Aquifer (USA),Gil Strassberg,2007,Geophysical Research Letters,230,yes,processes-L2-SHM,GRACE,own-SHM,multiple,unclear,G400,unclear,unclear,unclear,unclear,unclear,unclear,,High Plains Aquifer (USA),2,2,deepseek-chat,,
101,high_plains,True,W2126909543,04,10.1029/2008wr006892,"Evaluation of groundwater storage monitoring with the GRACE satellite: Case study of the High Plains aquifer, central United States",Gil Strassberg,2009,Water Resources Research,219,yes,processes-L2-SHM,GRACE,own-SHM,CSR,RL04,G500,60,Paulson_2007,replaced with SLR,unclear,restored (Swenson et al. 2008),replaced with SLR/unclear,,High Plains aquifer,7,6,deepseek-chat,,
102,high_plains,True,W2800833485,11,10.1029/2017wr022178,Groundwater Withdrawals Under Drought: Reconciling GRACE and Land Surface Models in the United States High Plains Aquifer,Wanshu Nie,2018,Water Resources Research,103,no,uses-mascon-product,GRACE,mascon,JPL,unclear,mascon,unclear,unclear,unclear,unclear,unclear,unclear,,High Plains Aquifer; Nebraska; Kansas; Texas,2,2,deepseek-chat,,
103,high_plains,True,W2166866435,36,10.1002/2014gl061206,Terrestrial water storage response to the 2012 drought estimated from GPS vertical position anomalies,Clara Chew,2014,Geophysical Research Letters,86,no,uses-published-TWS,GRACE,downstream-use,CSR,RL05,unclear,unclear,unclear,unclear,unclear,unclear,unclear,TWS anomaly intensified by approximately 15% during summer 2013,High Plains,2,2,deepseek-chat,,
104,high_plains,True,W3111894231,37,10.1029/2020wr027531,Representing Intercell Lateral Groundwater Flow and Aquifer Pumping in the Community Land Model,Farshid Felfelani,2020,Water Resources Research,79,no,uses-published-TWS,GRACE,downstream-use,unclear,unclear,unclear,unclear,unclear,unclear,unclear,unclear,unclear,,High Plains Aquifer; Central Valley Aquifer; Mississippi Alluvial Plain; Snake River Plain; Colorado Plateau; Coastal Lowlands; Piedmont Blue Ridge; Surficial,0,0,deepseek-chat,,
105,high_plains,True,W1484371867,10,10.1002/2014gl061213,Improved methods for satellite‐based groundwater storage estimates: A decade of monitoring the high plains aquifer from space and ground observations,José Agustín Breña‐Naranjo,2014,Geophysical Research Letters,76,no,uses-published-TWS,GRACE,downstream-use,CSR,RL05,unclear,unclear,unclear,unclear,unclear,unclear,unclear,groundwater storage declined by 125 ± 4.3 km3 from 2003 to 2013,High Plains Aquifer,2,2,deepseek-chat,,
106,high_plains,True,W3196280317,21,10.1088/1748-9326/ac16ff,Effects of climate and irrigation on GRACE-based estimates of water storage changes in major US aquifers,Bridget R. Scanlon,2021,Environmental Research Letters,76,no,uses-mascon-product,GRACE,mascon,multiple,RL06,mascon,unclear,unclear,unclear,unclear,unclear,unclear,Marked storage depletion in the semi-arid southwestern Central Valley and south-central High Plains totaled ∼90 km3,Columbia Plateau; Snake River Plain; Central Valley; Sacramento; San Joaquin/Tulare; Upper Colorado; Arizona Alluvial; Northern High Plains; Central and Southern High Plains; Edwards Trinity; Texas Gulf Coast; Mississippi Embayment; Coastal Lowlands; Floridian aquifer; Pennsylvania,3,2,deepseek-chat,,
107,high_plains,True,W1543805450,45,10.1029/2010gl043231,Inferring aquifer storage parameters using satellite and in situ measurements: Estimation under uncertainty,Alexander Y. Sun,2010,Geophysical Research Letters,75,no,processes-L2-SHM,GRACE,own-SHM,CSR,RL04,decorrelation + G300,unclear,unclear,unclear,unclear,unclear,unclear,,Edwards-Trinity Plateau aquifer; Pecos Valley aquifer,3,2,deepseek-chat,,
108,high_plains,True,W2948053842,17,10.3390/environments6060063,Estimating High-Resolution Groundwater Storage from GRACE: A Random Forest Approach,Md. Mafuzur Rahaman,2019,Environments,66,no,processes-L2-SHM,GRACE,own-SHM,multiple,RL05,G300+destripe,unclear,Wahr and Zhong 2012,replaced,unclear,unclear,replaced/unclear,,Northern High Plains aquifer,5,3,deepseek-chat,,
109,high_plains,True,W2912187179,41,10.3390/hydrology6010019,Modeling of GRACE-Derived Groundwater Information in the Colorado River Basin,Md. Mafuzur Rahaman,2019,Hydrology,60,no,uses-published-TWS,GRACE,downstream-use,"CSR, JPL, GFZ",RL05,G200,unclear,unclear,unclear,unclear,unclear,unclear,CRB experienced a loss of 41 million acre-feet groundwater from 2003 to 2014,Colorado River Basin,3,3,deepseek-chat,,
110,high_plains,True,W2990661042,42,10.1175/jhm-d-19-0096.1,GRACE Improves Seasonal Groundwater Forecast Initialization over the United States,Augusto Getirana,2019,Journal of Hydrometeorology,58,no,uses-mascon-product,GRACE,mascon,CSR,RL05,mascon,unclear,unclear,unclear,unclear,unclear,unclear,,Northeast; Southeast; Midwest; Great Plains; Northwest; Southwest,3,1,deepseek-chat,,
111,high_plains,True,W2346074228,43,10.1016/j.advwatres.2016.04.014,Monitoring and comparison of terrestrial water storage changes in the northern high plains using GRACE and in-situ based integrated hydrologic model estimates,Wondwosen M. Seyoum,2016,Advances in Water Resources,45,no,uses-published-TWS,GRACE,downstream-use,multiple,RL05,unclear,unclear,unclear,unclear,unclear,unclear,unclear,,Northern High Plains,2,0,deepseek-chat,,
112,high_plains,True,W2888371459,08,10.1029/2018wr023836,"In Situ and GRACE‐Based Groundwater Observations: Similarities, Discrepancies, and Evaluation in the High Plains Aquifer in Kansas",Andrea E. Brookfield,2018,Water Resources Research,37,no,uses-mascon-product,GRACE,mascon,"JPL-M, GSFC-M",RL05,mascon,unclear,unclear,unclear,unclear,unclear,unclear,,High Plains aquifer in Kansas,3,3,deepseek-chat,,
113,high_plains,True,W2167276880,46,10.5194/hess-17-1475-2013,On the contribution of groundwater storage to interannual streamflow anomalies in the Colorado River basin,E. A. Rosenberg,2013,Hydrology and earth system sciences,37,no,uses-published-TWS,GRACE,downstream-use,CSR,unclear,Swenson-Wahr destripe,unclear,unclear,unclear,unclear,unclear,unclear,,Colorado River basin,2,1,deepseek-chat,,
114,high_plains,True,W3212212952,38,10.1016/j.geog.2021.10.003,GRACE-based estimates of groundwater variations over North America from 2002 to 2017,Hansheng Wang,2021,Geodesy and Geodynamics,26,no,processes-L2-SHM,GRACE,own-SHM,ITSG,RL06,G220,90,GNSS-based,replaced (SLR),unclear,Swenson 2008,replaced (SLR)/unclear,"GWS declining trends in Nevada, California, Arizona, and Texas",North America; Saskatchewan; Nevada; California; Arizona; Texas; Quebec; British Columbia; Alberta; Montana; North Dakota; Minnesota; New Mexico; Oklahoma; Kansas; Colorado,7,2,deepseek-chat,,
115,high_plains,True,W4386378975,48,10.1029/2023gl103419,"Monitoring Terrestrial Water Storage, Drought and Seasonal Changes in Central Oklahoma With Ambient Seismic Noise",Shuo Zhang,2023,Geophysical Research Letters,24,no,uses-published-TWS,GRACE+GRACE-FO,downstream-use,unclear,unclear,unclear,unclear,unclear,unclear,unclear,unclear,unclear,,central Oklahoma,0,0,deepseek-chat,,
116,high_plains,True,W2297826855,05,10.1002/2015wr018085,Comment on “Quantifying renewable groundwater stress with GRACE” by Alexandra S. Richey et al.,Sasmita Sahoo,2016,Water Resources Research,17,no,review-or-perspective,unclear,review,unclear,unclear,unclear,unclear,unclear,unclear,unclear,unclear,unclear,,High Plains aquifer,0,0,deepseek-chat,,
117,high_plains,True,W2897929979,24,10.1029/2018wr022723,"Hydrologic Observation, Model, and Theory Congruence on Evapotranspiration Variance: Diagnosis of Multiple Observations and Land Surface Models",Ruijie Zeng,2018,Water Resources Research,13,no,uses-published-TWS,GRACE,downstream-use,CSR,RL05,unclear,unclear,unclear,unclear,unclear,unclear,unclear,,contiguous United States; Central Valley; High Plains aquifers,2,2,deepseek-chat,,
118,high_plains,True,W3043677445,06,10.3390/rs12142257,Inspecting the Food–Water Nexus in the Ogallala Aquifer Region Using Satellite Remote Sensing Time Series,Yuting Zhou,2020,Remote Sensing,7,no,uses-mascon-product,GRACE+GRACE-FO,mascon,"CSR, JPL",RL06,mascon,unclear,unclear,unclear,unclear,unclear,unclear,overall annual average TWS for the Ogallala Aquifer was −0.60 cm/year,Ogallala Aquifer Region,3,1,deepseek-chat,,
119,high_plains,True,W2297659267,07,10.1002/2015wr018329,Reply to comment by Sahoo et al. on “Quantifying renewable groundwater stress with GRACE”,A. Richey,2016,Water Resources Research,5,no,uses-published-TWS,GRACE,downstream-use,JPL,RL05,unclear,unclear,unclear,unclear,unclear,unclear,unclear,near zero trend,High Plains Aquifer,2,2,deepseek-chat,,
120,high_plains,True,W4376573522,12,10.1111/1752-1688.13133,Temporal trends in agricultural water use and the relationships to hydroclimatic factors in the High Plains aquifer region,Lei Ji,2023,JAWRA Journal of the American Water Resources Association,4,no,uses-published-TWS,GRACE+GRACE-FO,downstream-use,JPL,RL06,unclear,unclear,unclear,unclear,unclear,unclear,unclear,"EWTa trends: NHP +6.16 mm/yr, CHP -3.50 mm/yr, SHP -6.94 mm/yr",High Plains aquifer; Northern High Plains; Central High Plains; Southern High Plains,2,1,deepseek-chat,,
121,high_plains,True,W2971369349,31,10.1111/1752-1688.12798,Recent Ogallala Aquifer Region Drought Conditions as Observed by Terrestrial Water Storage Anomalies from GRACE,Yongjun Zhang,2019,JAWRA Journal of the American Water Resources Association,4,no,processes-L2-SHM,GRACE,own-SHM,CSR,RL05,unclear,60,unclear,unclear,unclear,unclear,unclear,"worst drought conditions occurred in September 2012, with an average TWS deficit of ~8 cm in the northern OAR and ~11 cm in the southern OAR",Ogallala Aquifer region (OAR); northern OAR; southern OAR,3,2,deepseek-chat,,
122,high_plains,True,W3083549141,28,10.1080/24694452.2020.1782724,Language and Groundwater: Symbolic Gradients of the Anthropocene,Paul C. Adams,2020,Annals of the American Association of Geographers,3,no,does-not-use-grace,unclear,non-GRACE,unclear,unclear,unclear,unclear,unclear,unclear,unclear,unclear,unclear,,Texas portion of the Ogallala aquifer,0,0,deepseek-chat,,
123,high_plains,True,W2042896897,39,10.5194/isprsarchives-xl-8-329-2014,Estimation of regional mass anomalies from Gravity Recovery and Climate Experiment (GRACE) over Himalayan region,Ritesh Agrawal,2014,"The international archives of the photogrammetry, remote sensing and spatial information sciences/International archives of the photogrammetry, remote sensing and spatial information sciences",3,no,uses-mascon-product,GRACE,mascon,CSR,unclear,mascon,unclear,unclear,unclear,unclear,unclear,unclear,Ganga and Brahmaputra basins have shown an average annual change of -1.28 cm and -1.06 cm in terms of WEH,Indus basin; Ganga basin; Brahmaputra basin,2,1,deepseek-chat,,
124,high_plains,True,W2622671957,25,,Groundwater Management Using Remotely Sensed Data in High Plains Aquifer,Davood Ghasemian,2016,UA Campus Repository (The University of Arizona),1,no,uses-published-TWS,GRACE,downstream-use,JPL,RL05,unclear,unclear,unclear,replaced (e.g. with SLR / TN-14),unclear,unclear,replaced (e.g. with SLR / TN-14)/unclear,,High Plains Aquifer,3,3,deepseek-chat,,
127,high_plains,True,W7144123599,27,10.1029/2025ef006653,Freshwater Availability in the Mississippi River Basin and Adjacent Texas Aquifers Under Human and Climate Pressures,Ashraf Rateb,2026,Earth s Future,0,no,uses-mascon-product,GRACE+GRACE-FO,mascon,"CSR, JPL, GSFC",RL06.03,mascon,unclear,ICE-6G_C (VM5a),replaced with SLR,replaced with SLR,Sun 2016; Swenson 2008,replaced with SLR/replaced with SLR,GRACE‐based TWSA indicates net losses of 85 ± 15 km3 since 2002 in the arid western MRB–TX,Mississippi River Basin; Texas aquifers; Central and Southern High Plains; Carrizo–Wilcox; Northern Great Plains; Great Lakes; Northern High Plains; Edwards–Trinity Plateau; Ozark Plateau; Mississippi Embayment Regional Aquifer System (MERAS); Coastal Lowland; Cambrian–Ordovician; Pennsylvanian; Texas Gulf Coast,7,7,deepseek-chat,,
128,high_plains,True,W2800075117,29,,Assessing characterization of large-scale groundwater quality with remote sensing,Aimée Gibbons,2016,eScholarship (California Digital Library),0,no,uses-published-TWS,GRACE,downstream-use,CSR,RL05,G300,unclear,unclear,unclear,unclear,unclear,unclear,,Central Valley; High Plains,3,1,deepseek-chat,,
130,high_plains,True,W7110702704,W7110702704,,"Assessing the impact of hydraulic fracturing on groundwater availability for food production in the Southern Great Plains, USA","Olusanya, Adeyinka",2025,SHAREOK (University of Oklahoma; Oklahoma State University; Central Oklahoma University),0,no,uses-mascon-product,GRACE,mascon,,,mascon,,,,,,unclear/unclear,groundwater storage declined at a rate of approximately -0.0899 cm per year in West Texas (2013-2023),Southern Great Plains; Ogallala Aquifer; Texas; Oklahoma; Kansas; Permian Basin; Eagle Ford Shale; Anadarko Basin,1,0,deepseek-chat (full-text 2026 round2),,yes
131,igp,True,W2000674771,01,10.1038/nature08238,Satellite-based estimates of groundwater depletion in India,Matthew Rodell,2009,Nature,2845,yes,processes-L2-SHM,GRACE,own-SHM,CSR,unclear,Swenson-Wahr destriping,60,Paulson et al. (2007),replaced (e.g. with SLR / TN-14),unclear,unclear,replaced (e.g. with SLR / TN-14)/unclear,groundwater depletion at a mean rate of 4.0 ± 1.0 cm yr⁻¹ equivalent height of water (17.7 ± 4.5 km³ yr⁻¹),Rajasthan; Punjab; Haryana,5,2,deepseek-chat,,
132,igp,True,W1982546148,02,10.1038/nclimate2425,The global groundwater crisis,J. S. Famiglietti,2014,Nature Climate Change,1799,yes,uses-published-TWS,GRACE,downstream-use,unclear,unclear,unclear,unclear,unclear,unclear,unclear,unclear,unclear,groundwater depletion the world over poses a far greater threat to global water security than is currently acknowledged,Northwest Sahara; California Central Valley; High Plains (Ogallala); Guarani; Northern Middle East; Arabian; Northwestern India; North China Plain; Canning Basin,0,0,deepseek-chat,,
133,igp,True,W1971918252,03,10.1029/2009gl039401,"Dwindling groundwater resources in northern India, from satellite gravity observations",V. M. Tiwari,2009,Geophysical Research Letters,817,yes,processes-L2-SHM,GRACE,own-SHM,CSR,unclear,Swenson-Wahr destripe + G250,60,unclear,unclear,unclear,unclear,unclear,groundwater loss at a rate of 54 ± 9 km3/yr,northern India; Pakistan; Bangladesh; Nepal,3,2,deepseek-chat,,
134,igp,True,W2061903993,49,10.1002/2014wr015595,Global‐scale assessment of groundwater depletion and related groundwater abstractions: Combining hydrological modeling with information from well observations and GRACE satellites,Petra Döll,2014,Water Resources Research,808,no,processes-L2-SHM,GRACE,own-SHM,multiple,RL05,DDK3,unclear,unclear,replaced,unclear,replaced,replaced/unclear,global GWD of 113 km3/yr during 2000–2009,High Plains Aquifer; Central Valley Aquifer; Western Volcanic Systems; Western Alluvial Basins; Deep confined bedrock aquifers; Gulf Coastal Plain; Atlantic Coastal Plain; Mississippi basin; Three-states region (Northern India); Tiwari study region; Jacob study region; Bangladesh; Irrigated Indus basin; North China Plain; Hai river basin; Saudi Arabia; Tigris-Euphrates-Western Iran (TEWI); Nubian sandstone aquifer system; North Western Sahara aquifer system,5,4,deepseek-chat,,
135,igp,True,W2568836777,04,10.1038/ngeo2869,Relative contribution of monsoon precipitation and pumping to changes in groundwater storage in India,Akarsh Asoka,2017,Nature Geoscience,524,yes,uses-published-TWS,GRACE,downstream-use,CSR,RL05,G300,unclear,unclear,unclear,unclear,unclear,unclear,groundwater storage has declined in northern India at the rate of 2 cm yr−1 and increased by 1 to 2 cm yr−1 in southern India between 2002 and 2013,India; north India; south India; northwest India; north-central India,3,0,deepseek-chat,,
136,igp,True,W2803686615,128,10.3390/rs10060829,Monitoring Groundwater Storage Changes Using the Gravity Recovery and Climate Experiment (GRACE) Satellite Mission: A Review,Frédéric Frappart,2018,Remote Sensing,316,no,review-or-perspective,GRACE,review,unclear,unclear,unclear,unclear,unclear,unclear,unclear,unclear,unclear,,Middle East; northwest India aquifer; North China Plain aquifer; Murray-Darling Basin; High Plains aquifer; California Central Valley aquifer; Northwestern Sahara Aquifer System; Nubian Sandstone Aquifer System; Tigris and Euphrates River Basin; Northern India; North China; Hai River; Piedmont Plain; East Central Plain; Canning; Sacramento and San Joaquin River Basins; Colorado River Basin,0,0,deepseek-chat,,
137,igp,True,W2338161951,32,10.1038/srep24398,Have GRACE satellites overestimated groundwater depletion in the Northwest India Aquifer?,Di Long,2016,Scientific Reports,277,no,processes-L2-SHM,GRACE,own-SHM,CSR,RL05,G300,60,unclear,unclear,unclear,unclear,unclear,3.1 ± 0.1 cm/a (or 14 ± 0.4 km3/a) for Jan 2005–Dec 2010,Northwest India Aquifer,4,4,deepseek-chat,,
138,igp,True,W1981130750,12,10.1016/j.gloplacha.2014.02.007,Long-term groundwater variations in Northwest India from satellite gravity measurements,Jianli Chen,2014,Global and Planetary Change,270,no,processes-L2-SHM,GRACE,own-SHM,CSR,RL05,Swenson-Wahr destripe + G500,60,A et al. (2013),replaced with SLR,unclear,Swenson 2008 (seasonal),replaced with SLR/unclear,20.4 ± 7.1 Gt/yr over 10 years,Northwest India; Punjab Province of Pakistan,7,2,deepseek-chat,,
139,igp,True,W1646523040,45,10.1029/2011wr010993,Monitoring groundwater storage changes in the highly seasonal humid tropics: Validation of GRACE measurements in the Bengal Basin,Mohammad Shamsudduha,2012,Water Resources Research,241,no,processes-L2-SHM,GRACE,own-SHM,"CSR, GRGS",multiple: CSR Release 04; GRGS RL02,G300,60,unclear,unclear,unclear,unclear,unclear,groundwater depletion estimated from borehole hydrographs (−0.52 ± 0.30 km³ yr⁻¹) is within the range of satellite-derived estimates (−0.44 to −2.04 km³ yr⁻¹),Bengal Basin,4,2,deepseek-chat,,
140,igp,True,W4224002797,69,10.1007/s13201-022-01652-0,Impact of climate change on groundwater hydrology: a comprehensive review and current status of the Indian hydrogeology,Sabyasachi Swain,2022,Applied Water Science,203,no,review-or-perspective,GRACE+GRACE-FO,review,unclear,unclear,unclear,unclear,unclear,unclear,unclear,unclear,unclear,,India,0,0,deepseek-chat,,
141,igp,True,W2995007302,61,10.1029/2019wr026284,Integrated Drought Index (IDI) for Drought Monitoring and Assessment in India,Deep Shah,2019,Water Resources Research,201,no,uses-published-TWS,GRACE,downstream-use,unclear,RL05,unclear,unclear,unclear,unclear,unclear,unclear,unclear,,Sabarmati River Basin; Brahmani River Basin,1,0,deepseek-chat,,
142,igp,True,W2548901601,79,10.1016/j.jhydrol.2016.10.042,Validation of GRACE based groundwater storage anomaly using in-situ groundwater level measurements in India,Soumendra N. Bhanja,2016,Journal of Hydrology,192,no,uses-published-TWS,GRACE,downstream-use,multiple,RL05,G300,unclear,Geruo_ICE5G_VM2,replaced,unclear,Swenson 2008,replaced/unclear,,Indus Basin (Indian part); Ganges Basin (Indian part); Brahmaputra Basin (Indian part); Godavari Basin; Krishna Basin; Cauvery Basin; Mahanadi Basin; Narmada Basin; Tapi Basin; West flowing rivers South of Tapi Basin; East flowing rivers between Pennar and Cauvery Basin; West flowing rivers of Kutch and Saurashtra including Luni Basin,6,2,deepseek-chat,,
143,igp,True,W2555491613,99,10.1002/2016gl071407,On the frequency of the 2015 monsoon season drought in the Indo‐Gangetic Plain,Vimal Mishra,2016,Geophysical Research Letters,180,no,uses-published-TWS,GRACE,downstream-use,JPL,unclear,unclear,unclear,unclear,unclear,unclear,unclear,unclear,2 year cumulative deficit of 51% in the Indo-Gangetic Plain,Indo-Gangetic Plain; India,1,1,deepseek-chat,,
144,igp,True,W2557321466,62,10.1175/jhm-d-16-0047.1,Characterizing Drought in India Using GRACE Observations of Terrestrial Water Storage Deficit,Debanjan Sinha,2016,Journal of Hydrometeorology,128,no,processes-L2-SHM,GRACE,own-SHM,CSR,RL05,G300 + destripe,60,unclear,unclear,unclear,unclear,unclear,highest peak deficit of 2158.00 mm observed in January 2015 over central India,peninsular India; west-central India; northwestern India; central India,4,3,deepseek-chat,,
145,igp,True,W3197848683,50,10.3390/rs13173513,Improving the Resolution of GRACE Data for Spatio-Temporal Groundwater Storage Assessment,Shoaib Ali,2021,Remote Sensing,126,no,uses-published-TWS,GRACE,downstream-use,multiple,RL05,Gaussian,60,unclear,unclear,unclear,unclear,unclear,lost GWS of about -9.54 ± 1.27 km3 at the rate of -0.68 ± 0.09 km3/year from 2003 to 2016,Indus basin irrigation system (IBIS),4,4,deepseek-chat,,
146,igp,True,W3010984228,92,10.1016/j.gsd.2020.100376,Integrated study of GRACE data derived interannual groundwater storage variability over water stressed Indian regions,Tandrila Sarkar,2020,Groundwater for Sustainable Development,118,no,processes-L2-SHM,GRACE,own-SHM,JPL,RL05,Swenson-Wahr destripe + G300,unclear,unclear,unclear,unclear,unclear,unclear,"maximum groundwater storage change by -7.52 cm/year in Delhi, northern Uttar Pradesh and some parts of Haryana",India; Delhi; Meerut; Dehradun; Chandigarh; Punjab; Haryana; Uttar Pradesh; Kolkata; Mumbai; Chennai; Bengaluru,3,1,deepseek-chat,,
147,igp,True,W2791403504,100,10.1016/j.jhydrol.2018.02.005,"Prediction of GWL with the help of GRACE TWS for unevenly spaced time series data in India : Analysis of comparative performances of SVR, ANN and LRM",Amritendu Mukherjee,2018,Journal of Hydrology,103,no,uses-published-TWS,GRACE,downstream-use,JPL,RL05,unclear,unclear,unclear,unclear,unclear,unclear,unclear,,India,2,2,deepseek-chat,,
148,igp,True,W2291436080,34,10.1002/2015wr018113,Exploring the influence of precipitation extremes and human water use on total water storage (TWS) changes in the <scp>G</scp>anges‐<scp>B</scp>rahmaputra‐<scp>M</scp>eghna River Basin,Khandu,2016,Water Resources Research,101,no,processes-L2-SHM,GRACE,own-SHM,multiple,RL05,DDK2,unclear,unclear,replaced,unclear,replaced,replaced/unclear,TWS decline of 12.2 ± 3.4 km³/yr in Ganges and 9.1 ± 2.7 km³/yr in Brahmaputra-Meghna (2002–2014),Ganges-Brahmaputra-Meghna River Basin; Ganges River Basin; Brahmaputra-Meghna River Basin,5,5,deepseek-chat,,
149,igp,True,W4280509258,21,10.1016/j.scitotenv.2022.156044,Combining downscaled-GRACE data with SWAT to improve the estimation of groundwater storage and depletion variations in the Irrigated Indus Basin (IIB),Arfan Arshad,2022,The Science of The Total Environment,90,no,uses-published-TWS,GRACE+GRACE-FO,downstream-use,JPL,RL05,scaling factor,unclear,unclear,unclear,unclear,unclear,unclear,total loss of groundwater reserves varied in the IIB's 55 canal command areas with the highest loss observed in Dehli Doab by >50 km3,Irrigated Indus Basin (IIB); Dehli Doab; BIST Doab; BARI Doab; JECH Doab; RACHNA Doab; Sindh Saghar; LIB,3,2,deepseek-chat,,
150,igp,True,W4200025572,63,10.1016/j.jhydrol.2021.127315,Estimation of spatio-temporal groundwater storage variations in the Lower Transboundary Indus Basin using GRACE satellite,Shoaib Ali,2021,Journal of Hydrology,84,no,uses-mascon-product,GRACE,mascon,multiple,RL05,mascon,unclear,unclear,unclear,unclear,unclear,unclear,4.16 ± 0.26 mm per year (2.97 ± 0.19 km3 per year),Lower Transboundary Indus Basin,3,2,deepseek-chat,,
151,igp,True,W2972365774,38,10.5194/esd-11-755-2020,Groundwater storage dynamics in the world's large aquifer systems from GRACE: uncertainty and role of extreme precipitation,Mohammad Shamsudduha,2020,Earth System Dynamics,83,no,uses-mascon-product,GRACE,mascon,multiple,RL05,mascon,unclear,unclear,unclear,unclear,unclear,unclear,"non-linear trends; linear declining trends in only two aquifer systems (Arabian, Canning)",Nubian Sandstone Aquifer System; Northwestern Sahara Aquifer System; Murzuk–Djado Basin; Taoudeni–Tanezrouft Basin; Senegal–Mauritanian Basin; Iullemmeden–Irhazer Aquifer System; Lake Chad Basin; Umm Ruwaba Aquifer (Sudd Basin); Ogaden–Juba Basin; Congo Basin; Upper Kalahari–Cuvelai–Zambezi Basin; Lower Kalahari–Stampriet Basin; Karoo Basin; Northern Great Plains Aquifer; Cambro-Ordovician Aquifer System; California Central Valley Aquifer System; Ogallala Aquifer (High Plains); Atlantic and Gulf Coastal Plains Aquifer; Amazon Basin; Maranhão Basin; Guarani Aquifer System (Paraná Basin); Arabian Aquifer System; Indus River Basin; Ganges–Brahmaputra Basin; West Siberian Artesian Basin; Tunguss Basin; Angara–Lena Basin; Yakut Basin; North China Plains Aquifer System; Songliao Plain; Tarim Basin; Paris Basin; East European Aquifer System; North Caucasus Basin; Pechora Basin; Great Artesian Basin; Canning Basin,3,1,deepseek-chat,,
152,igp,True,W2630636919,26,10.5194/hess-21-3041-2017,Water–food–energy nexus with changing agricultural scenarios in India during recent decades,Beas Barik,2017,Hydrology and earth system sciences,80,no,processes-L2-SHM,GRACE,own-SHM,CSR,RL05,G300+destripe,60,unclear,unclear,unclear,unclear,unclear,statistically significant declining trend of groundwater storage in India during the last decade,India; north-western India; middle Ganga basin; western-central India,4,2,deepseek-chat,,
153,igp,True,W1834701122,93,10.1016/j.gloplacha.2015.09.007,Diagnosing Land Water Storage Variations in Major Indian River Basins using GRACE observations,Aarti Soni,2015,Global and Planetary Change,71,no,processes-L2-SHM,GRACE,own-SHM,CSR,RL05,G200,60,unclear,unclear,unclear,unclear,unclear,groundwater storage decline in Ganga basin at -1.28 ± 0.20 mm/month,Ganga; Godavari; Krishna; Mahanadi,4,3,deepseek-chat,,
154,igp,True,W3130269368,101,10.1016/j.jhydrol.2021.126069,"Synergetic application of GRACE gravity data, global hydrological model, and in-situ observations to quantify water storage dynamics over Peninsular India during 2002–2017",Abhishek Abhishek,2021,Journal of Hydrology,64,no,processes-L2-SHM,GRACE,own-SHM,"CSR, JPL, GFZ",RL06,"mascon, fan filter 250 km",60,unclear,replaced with SLR,unclear,geo-center corrections,replaced with SLR/unclear,"Krishna River Basin experienced the largest decrease in TWS and GWS with −30.95 mm yr−1 and −20.18 mm yr−1, respectively",Godavari River Basin; Krishna River Basin; Mahanadi River Basin,6,3,deepseek-chat,,
155,igp,True,W2203575519,W2203575519,10.1002/2015gl066616,"Influence of anthropogenic groundwater unloading in Indo‐Gangetic plains on the 25 April 2015 Mw 7.8 Gorkha, Nepal earthquake",Bhaskar Kundu,2015,Geophysical Research Letters,60,no,uses-published-TWS,GRACE,downstream-use,,,,,,,,,unclear/unclear,"groundwater depletion rate of 17.7 ± 4.5 km3yr−1 over Rajasthan, Punjab, and Haryana; 54 ± 9 km3yr−1 for Indus, Ganga, Brahmaputra basins",Indo-Gangetic plains; Ganga basin; Himalayan arc,0,0,deepseek-chat (full-text 2026 round2),,yes
156,igp,True,W2025484444,94,10.1073/pnas.1207346109,Recent changes of the Earth’s core derived from satellite observations of magnetic and gravity fields,Mioara Mandéa,2012,Proceedings of the National Academy of Sciences,58,no,uses-published-TWS,GRACE,downstream-use,CNES/GRGS,release 2,unclear,unclear,unclear,unclear,unclear,unclear,unclear,,Large African Box (LAB) area,2,2,deepseek-chat,,
157,igp,True,W3204737793,35,10.1088/1748-9326/ac2ceb,Natural and anthropogenic drivers of the lost groundwater from the Ganga River basin,Swarup Dangar,2021,Environmental Research Letters,56,no,uses-mascon-product,GRACE,mascon,"CSR, JPL",RL06,mascon,unclear,unclear,unclear,unclear,unclear,unclear,226.57 ± 25.22 km3 groundwater lost during 2002–2016,Ganga River basin,3,2,deepseek-chat,,
158,igp,True,W2908659848,24,10.1016/j.ijdrr.2019.101068,Spatio-temporal changes in terrestrial water storage in the Himalayan river basins and risks to water security in the region: A review,Mohammad Shamsudduha,2019,International Journal of Disaster Risk Reduction,54,no,uses-published-TWS,GRACE,downstream-use,CSR,unclear,unclear,unclear,unclear,unclear,unclear,unclear,unclear,northern India has lost approximately 109 km3 of groundwater between 2002 and 2008,Himalayan river basins; Ganges; Brahmaputra; Meghna; Indus; Irrawaddy; Indo-Gangetic Basin,1,1,deepseek-chat,,
159,igp,True,W3000329065,39,10.5194/esd-11-775-2020,Climate–groundwater dynamics inferred from GRACE and the role of hydraulic memory,Simon Opie,2020,Earth System Dynamics,52,no,uses-mascon-product,GRACE,mascon,JPL,RL05M,mascon,unclear,unclear,unclear,unclear,unclear,unclear,,Senegal–Mauritanian Basin; Umm Ruwaba aquifer; Congo Basin; Upper Kalahari–Cavelai–Zambezi Basin; Karoo Basin; California Central Valley aquifer system; Amazon Basin; Maranhão Basin; Guarani aquifer (Parana Basin); Indus River Basin; Ganges–Brahmaputra Basin; North China Plain aquifer system; Great Artesian Basin; Canning Basin,3,2,deepseek-chat,,
160,igp,True,W2999867583,80,10.1080/02626667.2020.1716238,Groundwater storage change detection from in situ and GRACE-based estimates in major river basins across India,Soumendra N. Bhanja,2020,Hydrological Sciences Journal,51,no,processes-L2-SHM,GRACE,own-SHM,"multiple: CSR, JPL and GFZ",RL05,G300,unclear,Geruo_ICE5G_VM2,replaced,unclear,Swenson 2008,replaced/unclear,"Ganges and Brahmaputra basins lost groundwater at rates of -1.02 and -0.40 km3/year, respectively, based on in situ observations",Ganges; Brahmaputra; Indus; Godavari; Krishna; West flowing rivers of Kutch and Saurashtra including Luni basin; Mahanadi; West flowing rivers south of Tapi basin; Narmada; Cauvery; Tapi; East flowing rivers between Pennar and Cauvery basins; Pennar; Brahmani and Baitarni; East flowing rivers between Mahanadi and Godavari basins; Barak and other basins; East flowing rivers south of Cauvery basin; Mahi; Sabarmati basin; Subarnarekha basin; East flowing rivers between Krishna and Pennar basins; East flowing rivers between Godavari and Krishna basins,6,4,deepseek-chat,,
161,igp,True,W2944797764,113,10.1007/s12040-019-1148-z,ENSO-induced groundwater changes in India derived from GRACE and GLDAS,Naresh Krishna Vissa,2019,Journal of Earth System Science,48,no,uses-published-TWS,GRACE,downstream-use,JPL,RL05,unclear,unclear,unclear,unclear,unclear,unclear,unclear,groundwater depletion of ~1.6 cm/yr in northern India,India,2,2,deepseek-chat,,
162,igp,True,W2672856063,114,10.1038/s41598-017-04159-w,Terrestrial water load and groundwater fluctuation in the Bengal Basin,W. G. Burgess,2017,Scientific Reports,43,no,uses-published-TWS,GRACE,downstream-use,unclear,unclear,unclear,unclear,unclear,unclear,unclear,unclear,unclear,,Bengal Basin; Ganges-Brahmaputra-Meghna (GBM) floodplains,0,0,deepseek-chat,,
163,igp,True,W3127467826,115,10.1016/j.gsd.2021.100559,"The appraisal of groundwater storage dwindling effect, by applying high resolution downscaling GRACE data in and around Mehsana district, Gujarat, India",Anuradha Karunakalage,2021,Groundwater for Sustainable Development,42,no,uses-mascon-product,GRACE+GRACE-FO,mascon,multiple,RL06,G300,unclear,unclear,unclear,unclear,unclear,unclear,"−60.33±5.00 mm/year and −80.00±6.12 mm/year from downscaled GRACE SH and JPL mascon, respectively","Mehsana district, Gujarat, India; Northern Gujarat",3,0,deepseek-chat,,
164,igp,True,W3109950241,81,10.1029/2019jb018892,High‐Resolution GRACE Monthly Spherical Harmonic Solutions,Qiujie Chen,2020,Journal of Geophysical Research Solid Earth,42,no,processes-L2-SHM,GRACE,own-SHM,Tongji,unclear,none,180,Peltier_ICE6G_D,replaced,unclear,Swenson 2008,replaced/unclear,,India; Northwest India; Rajasthan; Amazon River basin; Ob River basin; Mississippi River basin; Mekong River basin; Orange River basin; Greenland; Antarctica Peninsula; Patagonia,6,6,deepseek-chat,,
165,igp,True,W4295901299,22,10.1038/s41598-022-18511-2,Drought characterization over Indian sub-continent using GRACE-based indices,Shivam Rawat,2022,Scientific Reports,41,no,uses-mascon-product,GRACE,mascon,JPL,RL06,mascon,unclear,unclear,unclear,unclear,unclear,unclear,TWS is depleting for most of the subbasins in India,Indian sub-continent; Ganga; Indus; Brahmaputra; Godavari; Krishna; Cauvery; Mahanadi; Sabarmati; Narmada; Tapi,3,3,deepseek-chat,,
166,igp,True,W2990225380,102,10.1016/j.gsd.2019.100307,Potential groundwater recharge in north-western India vs spaceborne GRACE gravity anomaly based monsoonal groundwater storage change for evaluation of groundwater potential and sustainability,R. S. Chatterjee,2019,Groundwater for Sustainable Development,39,no,uses-published-TWS,GRACE,downstream-use,unclear,unclear,destriping filter and Gaussian filter,60,Peltier_ICE5G_VM2,unclear,unclear,unclear,unclear,severe groundwater depletion in north-western India,NW India; Upper Ganga drainage basin; Yamuna drainage basin; Chambal drainage basin; Luni-Ghaggar drainage basin; Narmada drainage basin,3,3,deepseek-chat,,
167,igp,True,W3108422573,14,10.1029/2020jd033566,Strong Influence of Changes in Terrestrial Water Storage on Flood Potential in India,Deep Shah,2020,Journal of Geophysical Research Atmospheres,38,no,uses-mascon-product,GRACE,mascon,CSR,RL06,mascon,unclear,unclear,unclear,unclear,unclear,unclear,TWS declined at −0.63 cm yr−1 during 2002–2016 in the Indian subcontinent,Indian subcontinent; Ganga; Brahmaputra; Indus; Brahmani; Subernarekha; Godavari; Mahi; Tapi; Narmada; Krishna; Northeast Coast; West Coast; Cauvery; East Coast; Mahanadi; Sabarmati; South Coast,3,2,deepseek-chat,,
168,igp,True,W3157601298,27,10.1021/acsestengg.0c00238,Deep Learning-Based Forecasting of Groundwater Level Trends in India: Implications for Crop Production and Drinking Water Supply,Pragnaditya Malakar,2021,ACS ES&T Engineering,37,no,uses-published-TWS,GRACE,downstream-use,JPL,unclear,unclear,unclear,unclear,unclear,unclear,unclear,unclear,higher declining trends will potentially be observed in parts of north-central and south India,India,1,1,deepseek-chat,,
169,igp,True,W4400651583,18,10.1029/2023wr035882,Downscaled‐GRACE Data Reveal Anthropogenic and Climate‐Induced Water Storage Decline Across the Indus Basin,Arfan Arshad,2024,Water Resources Research,36,no,uses-mascon-product,GRACE+GRACE-FO,mascon,CSR,RL06,mascon,unclear,ICE6G-D,unclear,unclear,unclear,unclear,"TWS and GWS decline rate between 2002 and 2023: Dehli Doab (−442, −585 mm/year), BIST Doab (−367, −556 mm/year), Rajasthan (−242, −381 mm/year), and BARI (−188, −333 mm/year)",Indus Basin; Dehli Doab; BIST Doab; Rajasthan; BARI Doab; Yogo; Gilgit; Khurmong; Kabul; JECH Doab; RECHNA Doab; Sindh Sagar Doab; Sindh Sagar (Upper); LIB; Jhelum; Satluj; Shigar; Indus; Hunza and Gilgit; Ravi; Chenab; Western Dry Mountains,4,4,deepseek-chat,,
170,igp,True,W2997590863,70,10.1029/2018jf004943,Surface Deformation and Influence of Hydrological Mass Over Himalaya and North India Revealed From a Decade of Continuous GPS and GRACE Observations,Ajish P. Saji,2020,Journal of Geophysical Research Earth Surface,36,no,processes-L2-SHM,GRACE,own-SHM,GRGS,RL03,destriping + G250,80,none,unclear,unclear,Swenson 2008,unclear,unsustainable consumption of groundwater associated to irrigation and other anthropogenic uses influences the subsidence rate in the IGP and sub‐Himalaya,Himalaya; North India; Indo-Gangetic Plain; sub-Himalaya,5,4,deepseek-chat,,
171,igp,True,W3087943857,95,10.1080/01431161.2020.1797218,The potential of GRACE in assessing the flood potential of Peninsular Indian River basins,Diksha Gupta,2020,International Journal of Remote Sensing,36,no,uses-published-TWS,GRACE,downstream-use,"CSR, JPL, GFZ",RL05,G300,60,unclear,unclear,unclear,unclear,unclear,,Mahanadi; Godavari; Krishna; Cauvery; Narmada; Tapi,4,4,deepseek-chat,,
172,igp,True,W3110666842,06,10.1002/hyp.14003,"Groundwater depletion in northern India: Impacts of the sub‐regional anthropogenic land‐use, socio‐politics and changing climate",D. K. Panda,2020,Hydrological Processes,34,no,uses-mascon-product,GRACE,mascon,CSR,RL05,mascon,unclear,unclear,unclear,unclear,unclear,unclear,groundwater storage loss in northern India has increased rapidly from 17 km3 to 189 km3 between the pre-2002 and 2002–2013 periods,"northern India; Punjab, Haryana and Delhi; Rajasthan; Uttar Pradesh; Bihar and West Bengal",3,3,deepseek-chat,,
173,igp,True,W4302773526,109,10.1016/j.scitotenv.2022.159289,Reconstruction of GRACE terrestrial water storage anomalies using Multi-Layer Perceptrons for South Indian River basins,K. Satish Kumar,2022,The Science of The Total Environment,34,no,uses-mascon-product,GRACE,mascon,JPL,RL06,mascon,unclear,unclear,unclear,unclear,unclear,unclear,,Godavari River basin; Krishna River basin; Cauvery River basin; Pennar River basin,3,0,deepseek-chat,,
174,igp,True,W2984316053,116,10.1007/s41976-019-00026-6,On the Changes in Groundwater Storage Variability in Western India Using GRACE and Well Observations,R.D. Meghwal,2019,Remote Sensing in Earth Systems Sciences,34,no,uses-mascon-product,GRACE,mascon,"CSR, JPL",RL06,mascon,unclear,unclear,unclear,unclear,unclear,unclear,groundwater storage from GRACE has declined with a rate of −3.67 km3/year between 2002 and 2016 in WI,western India; Gujarat; Rajasthan,3,3,deepseek-chat,,
175,igp,True,W4220918415,103,10.1029/2021ef002513,"Groundwater Variability Across India, Under Contrasting Human and Natural Conditions",D. K. Panda,2022,Earth s Future,33,no,uses-mascon-product,GRACE,mascon,CSR,RL05,mascon,unclear,unclear,unclear,unclear,unclear,unclear,GRACE observed large-scale water storage losses in the Indo-Gangetic alluvial aquifer of north India,India; Andhra Pradesh; West Bengal; Odisha; Punjab; Haryana; Rajasthan; Karnataka; Tamil Nadu; Gujarat; Uttar Pradesh; Madhya Pradesh; Maharashtra; Kerala; Bihar; Jharkhand; Chattisgarh,3,3,deepseek-chat,,
176,igp,True,W4391888808,28,10.1016/j.envc.2024.100874,"Monitoring of the Groundwater Level using GRACE with GLDAS Satellite Data in Ganga Plain, India to Understand the Challenges of Groundwater, Depletion, Problems, and Strategies for Mitigation",Pawan Kumar Gautam,2024,Environmental Challenges,33,no,uses-published-TWS,GRACE,downstream-use,JPL,RL05,Gaussian,unclear,unclear,unclear,unclear,unclear,unclear,groundwater depletion in Uttar Pradesh,Ganga Plain; Uttar Pradesh,3,3,deepseek-chat,,
177,igp,True,W3016970809,47,10.1016/j.ejrh.2020.100681,Integrating groundwater irrigation into hydrological simulation of India: Case of improving model representation of anthropogenic water use impact using GRACE,Hua Xie,2020,Journal of Hydrology Regional Studies,31,no,processes-L2-SHM,GRACE,own-SHM,CNES-GRGS,RL3-v3,unclear,50,unclear,unclear,unclear,unclear,unclear,groundwater depletion rate of 23.9 km3 H2O/yr (mean) in northwest India,India; northwest India,3,3,deepseek-chat,,
178,igp,True,W4318700663,05,10.1038/s41598-023-28615-y,Estimation of groundwater storage loss for the Indian Ganga Basin using multiple lines of evidence,Sreekanth Janardhanan,2023,Scientific Reports,30,no,uses-mascon-product,GRACE,mascon,CSR-M,unclear,mascon,unclear,unclear,unclear,unclear,unclear,unclear,groundwater storage loss of -1.7 cm/year (median) from GRACE,Ganga Basin,2,2,deepseek-chat,,
179,igp,True,W4293159275,117,10.5194/hess-26-4169-2022,Evaluating downscaling methods of GRACE (Gravity Recovery and Climate Experiment) data: a case study over a fractured crystalline aquifer in southern India,Claire Pascal,2022,Hydrology and earth system sciences,28,no,uses-mascon-product,GRACE+GRACE-FO,mascon,JPL,RL06M,mascon,unclear,unclear,unclear,unclear,unclear,unclear,,fractured crystalline aquifer in southern India; Telangana,3,0,deepseek-chat,,
180,igp,True,W4401370271,36,10.1029/2024ef004516,Summer Monsoon Drying Accelerates India's Groundwater Depletion Under Climate Change,Vimal Mishra,2024,Earth s Future,28,no,uses-mascon-product,GRACE+GRACE-FO,mascon,CSR,RL06,mascon,unclear,unclear,unclear,unclear,unclear,unclear,rapid groundwater depletion (~1.5 cm/year) with a net loss of 450 km3 of groundwater during 2002–2021,north India,3,3,deepseek-chat,,
181,igp,True,W1978242902,118,10.1016/j.pepi.2014.03.002,"Hydrological changes and vertical crustal deformation in south India: Inference from GRACE, GPS and absolute gravity data",V. M. Tiwari,2014,Physics of The Earth and Planetary Interiors,27,no,processes-L2-SHM,GRACE,own-SHM,CSR,RL05,G250+destripe,60,unclear,unclear,unclear,unclear,unclear,,south India; Hyderabad; Bangalore,4,2,deepseek-chat,,
182,igp,True,W2898608113,110,10.1016/j.quaint.2018.10.036,Monitoring groundwater fluctuations over India during Indian Summer Monsoon (ISM) and Northeast monsoon using GRACE satellite: Impact on agriculture,Anil Kumar Singh,2018,Quaternary International,26,no,uses-published-TWS,GRACE,downstream-use,unclear,RL05,unclear,unclear,unclear,unclear,unclear,unclear,unclear,,India; Peninsular India,1,1,deepseek-chat,,
183,igp,True,W4256347109,23,10.26480/bdwre.01.2020.13.18,GROUNDWATER STORAGE CHANGE ESTIMATION USING GRACE SATELLITE DATA IN INDUS BASIN,Muhammad Abdus Salam,2020,Big Data In Water Resources Engineering (BDWRE),24,no,uses-published-TWS,GRACE,downstream-use,CSR,RL05,unclear,unclear,unclear,unclear,unclear,unclear,unclear,net loss in groundwater storage is at mean rate of 85.01 mm per year,Indus Basin,2,2,deepseek-chat,,
184,igp,True,W3042332580,82,10.1080/01431161.2020.1763503,Changing groundwater storage trend of India after severe drought,Akhilesh S. Nair,2020,International Journal of Remote Sensing,23,no,uses-mascon-product,GRACE,mascon,CSR-M,RL05,mascon,unclear,unclear,unclear,unclear,unclear,unclear,maximum GW depletion rate of 0.25 cm per month for a time period from 2009 to 2016 in Karnataka,India,3,1,deepseek-chat,,
185,igp,True,W2597890811,71,10.1007/s40899-017-0109-4,"A comparative appraisal of ground water resources using GRACE-GPS data in highly urbanised regions of Uttar Pradesh, India",Param K. Gautam,2017,Sustainable Water Resources Management,22,no,processes-L2-SHM,GRACE,own-SHM,CSR,unclear,Swenson-Wahr destripe + G300,unclear,unclear,unclear,unclear,unclear,unclear,Meerut region shows more depletion of -2.76 ± 0.87 cm/year compared to Lucknow at -1.46 ± 0.74 cm/year,Meerut; Lucknow; Uttar Pradesh,2,1,deepseek-chat,,
186,igp,True,W1982437933,104,10.1007/s11069-011-9793-9,Water storage loss in central and south Asia from GRACE satellite gravity: correlations with climate data,Natthachet Tangdamrongsub,2011,Natural Hazards,21,no,processes-L2-SHM,GRACE,own-SHM,CSR,unclear,G300 + destripe,60,Paulson et al. (2007),replaced with SLR,unclear,restored (Swenson et al. 2008),replaced with SLR/unclear,water storage losses occur in this region,central Asia; south Asia,6,4,deepseek-chat,,
187,igp,True,W2884268480,96,10.1007/s11269-018-2070-x,Analyzing Large-Scale Hydrologic Processes Using GRACE and Hydrometeorological Datasets,Chandan Banerjee,2018,Water Resources Management,21,no,uses-published-TWS,GRACE,downstream-use,CSR,RL05,unclear,unclear,unclear,unclear,unclear,unclear,unclear,,India,2,2,deepseek-chat,,
188,igp,True,W3028324937,119,10.1007/s40899-020-00399-3,Satellite-derived GRACE groundwater storage variation in complex aquifer system in India,Leelambar Singh,2020,Sustainable Water Resources Management,20,no,uses-published-TWS,GRACE,downstream-use,JPL,RL05,unclear,unclear,unclear,unclear,unclear,unclear,unclear,groundwater storage has been decreasing for many years,Weinganga–Wardha basin; Mahanadi basin,2,1,deepseek-chat,,
189,igp,True,W4386952123,W4386952123,10.1029/2022wr034243,Streamflow Composition and Water “Imbalance” in the Northern Himalayas,Linfeng Fan,2023,Water Resources Research,20,no,uses-published-TWS,GRACE,downstream-use,,,,,,,,,unclear/unclear,,Yarlung Zangbo River Basin; Tibetan Plateau; Himalayas,0,0,deepseek-chat (full-text 2026 round2),,yes
190,igp,True,W4385834486,83,10.1109/tgrs.2023.3305863,InSAR Time Series Analysis to Evaluate Subsidence Risk of Monumental Chandigarh City (India) and Surroundings,Jung‐Rack Kim,2023,IEEE Transactions on Geoscience and Remote Sensing,19,no,uses-published-TWS,GRACE,downstream-use,unclear,unclear,unclear,unclear,unclear,unclear,unclear,unclear,unclear,ground subsidence up to 120 mm/year,Chandigarh city and surroundings; Himalayan groundwater storage (HGS) system; northwestern parts of India,0,0,deepseek-chat,,
191,igp,True,W3196028865,105,10.1007/s12665-021-09905-y,Interpreting land subsidence impacts due to groundwater depletion using remote sensing-based GRACE gravity anomaly and DInSAR technique: a study on north-western parts of India,Pranshu Pranjal,2021,Environmental Earth Sciences,18,no,uses-mascon-product,GRACE,mascon,JPL,unclear,mascon,unclear,unclear,unclear,unclear,unclear,unclear,"groundwater depletion at the rate of 46.26 cm/year, 49.16 cm/year, 120.77 cm/year and 237.69 cm/year at Dera Bassi, Landran, Singhpura, and Ambala respectively; GRACE TWS change of 12.65 cm/year",north-western India; Punjab; Haryana; Dera Bassi; Landran; Singhpura; Ambala,2,2,deepseek-chat,,
192,igp,True,W4407681992,29,10.1029/2024wr038279,Declining Groundwater Storage in the Indus Basin Revealed Using GRACE and GRACE‐FO Data,Jaydeo K. Dharpure,2025,Water Resources Research,18,no,uses-mascon-product,GRACE+GRACE-FO,mascon,multiple,RL06,mascon,unclear,unclear,unclear,unclear,unclear,unclear,Annual GWSA demonstrates that a major portion (83.7%) of the basin is experiencing significant decline (<−0.15 cm/yr) at p < 0.05.,Indus basin; Kabul; Lower Indus; Panjnad; Upper Indus,3,2,deepseek-chat,,
193,igp,True,W4386391229,72,10.1007/s12665-023-11137-1,"Groundwater levels estimation from GRACE/GRACE-FO and hydro-meteorological data using deep learning in Ganga River basin, India",Pragay Shourya Moudgil,2023,Environmental Earth Sciences,18,no,uses-mascon-product,GRACE+GRACE-FO,mascon,CSR,RL06,mascon,unclear,ICE-6G_D,replaced (with SLR),unclear,degree-1 correction applied (Swenson 2008),replaced (with SLR)/unclear,negative GWL trend in the Ganga River basin suggests continuous decline due to anthropogenic groundwater withdrawal,Ganga River basin,6,1,deepseek-chat,,
194,igp,True,W3041240598,42,10.1016/j.iswcr.2020.06.004,Spatiotemporal changes in terrestrial water storage in the Beijing-Tianjin Sandstorm Source Region from GRACE satellites,Yingjun Pang,2020,International Soil and Water Conservation Research,17,no,uses-mascon-product,GRACE,mascon,CSR,RL05,mascon,unclear,unclear,unclear,unclear,unclear,unclear,TWS decreased at a rate of 3.14 mm yr-1,Beijing-Tianjin Sandstorm Source Region,3,3,deepseek-chat,,
195,igp,True,W4224997522,73,10.31577/congeo.2022.52.1.1,Quantification of groundwater storage variation in Himalayan &amp; Peninsular River basins correlating with land deformation effects observed at different Indian cities,Tandrila Sarkar,2022,Contributions to Geophysics and Geodesy,17,no,uses-mascon-product,GRACE+GRACE-FO,mascon,"CSR, JPL, GFZ",RL06,mascon,unclear,unclear,unclear,unclear,unclear,unclear,"Himalayan River basins 1,2,3 exhibit high GWS mass loss (−260 to −35.12 km³), with Basin 2 being the highest (−260 km³)","Basin 1 (west-flowing rivers of Kutch & Saurashtra, Luni, and five rivers of Punjab); Basin 2 (Ganga-Brahmaputra rivers); Basin 3 (Meghna-Brahmaputra-Ganga rivers); Basin 4 (Mahanadi, Subarnarekha, Brahmani, Baitarini); Basin 5 (Godavari, Tapi, Narmada); Basin 6 (Krishna); Basin 7 (Pennar, Kaveri, and east-flowing rivers between Pennar and Kaveri)",3,3,deepseek-chat,,
196,igp,True,W4391781877,84,10.1016/j.scitotenv.2024.170932,"Declining groundwater and its impacts along Ganga riverfronts using combined Sentinel-1, GRACE, water levels, and rainfall data",Ashwani Raju,2024,The Science of The Total Environment,17,no,uses-published-TWS,GRACE+GRACE-FO,downstream-use,unclear,unclear,unclear,unclear,unclear,unclear,unclear,unclear,unclear,continuous depletion (14.6 ± 5.6 mm/yr),Central Ganga Plain (CGP); Varanasi; Ganga Alluvial Plain (GAP); Indo-Gangetic Plains (IGP),0,0,deepseek-chat,,
197,igp,True,W3133916087,97,10.2166/hydro.2021.108,GRNN Model for prediction of groundwater fluctuation in the state of Uttarakhand of India using GRACE data under limited bore well data,Dilip Kumar,2021,Journal of Hydroinformatics,17,no,uses-published-TWS,GRACE,downstream-use,unclear,unclear,unclear,unclear,unclear,unclear,unclear,unclear,unclear,groundwater is depleting in hilly areas of the state,Uttarakhand,0,0,deepseek-chat,,
198,igp,True,W3088778249,30,10.1175/jhm-d-20-0085.1,A Strong Linkage between Seasonal Crop Growth and Groundwater Storage Variability in India,Akarsh Asoka,2020,Journal of Hydrometeorology,16,no,uses-mascon-product,GRACE,mascon,CSR,RL06,mascon,unclear,unclear,unclear,unclear,unclear,unclear,groundwater depletion in NWI and NCI,northwest India (NWI); north-central India (NCI); south India (SI),3,3,deepseek-chat,,
199,igp,True,W4306404238,51,10.3390/w14203254,"Spatiotemporal Analysis of Groundwater Storage Changes, Controlling Factors, and Management Options over the Transboundary Indus Basin",Kashif Mehmood,2022,Water,16,no,uses-published-TWS,GRACE,downstream-use,multiple,RL06,G300,unclear,unclear,unclear,unclear,unclear,unclear,"groundwater declined from January 2003 to December 2016, with an overall decreasing trend of 0.44 mm per month",Indus River Basin; Kabul River Basin; Lower Bari Doab Canal,3,2,deepseek-chat,,
200,igp,True,W4391062695,31,10.1016/j.heliyon.2024.e24481,"Analyzing post-2000 groundwater level and rainfall changes in Rajasthan, India, using well observations and GRACE data",Md. Moniruzzaman Monir,2024,Heliyon,13,no,uses-published-TWS,GRACE+GRACE-FO,downstream-use,multiple,unclear,unclear,unclear,unclear,unclear,unclear,unclear,unclear,GRACE TWS anomaly shows a decreasing trend of −1.22 cm/yr,"Rajasthan, India",1,1,deepseek-chat,,
201,igp,True,W4206902147,85,10.1016/j.rsase.2021.100685,Analysis of groundwater storage (GWS) dynamics and its temporal evolution for The Indo-Gangetic plain using GRACE data,Saurabh Srivastava,2022,Remote Sensing Applications Society and Environment,11,no,uses-published-TWS,GRACE,downstream-use,"CSR, GFZ, JPL",RL05,G300,unclear,unclear,unclear,unclear,unclear,unclear,"GWS level depleted at rate 2.17 ± 0.06, 0.97 ± 0.06, and 0.74 ± 0.06 mm/month for first, second, third cluster respectively",Indo-Gangetic plain,3,3,deepseek-chat,,
202,igp,True,W4286816995,120,10.1007/s12524-022-01580-1,A Climate Zone Perspective on Spatiotemporal Variations in GRACE Derived Groundwater Storage (GWS) in India,Sourav Kumar,2022,Journal of the Indian Society of Remote Sensing,10,no,uses-mascon-product,GRACE,mascon,CSR,RL05,mascon,unclear,unclear,unclear,unclear,unclear,unclear,maximum average declining rates were reported from NE and Central NE at a rate of 41.2 mm year-1 and 38.6 mm year-1,India; North East India; Central North East India; North West India; West Central India; Peninsular India,3,3,deepseek-chat,,
203,igp,True,W4390893035,121,10.1007/s10661-024-12309-7,"Spatiotemporal distribution of groundwater drought using GRACE-based satellite estimates: a case study of Lower Gangetic Basin, India",Subimal Nandi,2024,Environmental Monitoring and Assessment,10,no,uses-mascon-product,GRACE+GRACE-FO,mascon,JPL,RL06Mv2,mascon,unclear,unclear,unclear,unclear,unclear,unclear,GWSA decreased -10.80 mm/yr (GRACE period),Lower Gangetic Basin,3,1,deepseek-chat,,
204,igp,True,W4310201057,37,10.3390/w14233852,"Bridging the Data Gap between the GRACE Missions and Assessment of Groundwater Storage Variations for Telangana State, India",K. Satish Kumar,2022,Water,10,no,uses-mascon-product,GRACE+GRACE-FO,mascon,JPL,RL06,mascon,unclear,unclear,unclear,unclear,unclear,unclear,"Telangana state experienced decreasing GWSA in the years 2005, 2009, and 2012, and from 2015 to 2019, leading to severe droughts.","Telangana state, India",3,3,deepseek-chat,,
205,igp,True,W2901749833,86,10.5194/isprs-annals-iv-5-129-2018,Utilizing GRACE and GLDAS data for estimating groundwater storage variability over the Krishna Basin,Akhilesh S. Nair,2018,"ISPRS annals of the photogrammetry, remote sensing and spatial information sciences",10,no,uses-mascon-product,GRACE,mascon,CSR,RL05.01M,mascon,unclear,unclear,unclear,unclear,unclear,unclear,groundwater at a rate of 0.34 cm per year,Krishna Basin,3,3,deepseek-chat,,
206,igp,True,W4388942654,52,10.3389/feart.2023.1225992,"Investigation of groundwater potential using gravity data in Wadi Fatimah and its surroundings, Western Saudi Arabia",Fahad Alshehri,2023,Frontiers in Earth Science,9,no,uses-mascon-product,GRACE,mascon,multiple,RL06M,mascon,unclear,unclear,unclear,unclear,unclear,unclear,"average annual groundwater depletion rate in the Makkah region is −0.38 ± 0.017 mm/year, but it is lower in Wadi Fatimah (−0.18 ± 0.022 mm/year)",Wadi Fatimah; Makkah province,3,3,deepseek-chat,,
207,igp,True,W4295242112,44,10.5194/hess-26-4515-2022,Scaling methods of leakage correction in GRACE mass change estimates revisited for the complex hydro-climatic setting of the Indus Basin,Vasaw Tripathi,2022,Hydrology and earth system sciences,8,no,processes-L2-SHM,GRACE+GRACE-FO,own-SHM,multiple,RL06,Swenson-Wahr destripe + G300,90,ICE-6G_D,replaced (TN-11),unclear,restored (Sun et al. 2016; TN-13),replaced (TN-11)/unclear,GRACE trend value of -7.6±0.6 Gt yr−1,Indus Basin,7,7,deepseek-chat,,
208,igp,True,W4315864415,W4315864415,10.3390/su15021572,Spatiotemporal Analysis of Future Trends in Terrestrial Water Storage Anomalies at Different Climatic Zones of India Using GRACE/GRACE-FO,Mohd Sayeed Ul Hasan,2023,Sustainability,8,no,uses-mascon-product,GRACE+GRACE-FO,mascon,JPL,RL06,mascon,,,,,,unclear/unclear,average declining rate of yearly terrestrial water storage data ... is −0.0075 m (−0.75 cm/year) from 2002 to 2020,India,3,2,deepseek-chat (full-text 2026 round2),,yes
209,igp,True,W3182594560,09,10.1007/978-3-030-67932-3_11,Seasonal Ground Water Fluctuation Monitoring Using GRACE Satellite Technology Over Punjab and Haryana During 2005–2015,Anil Kumar Singh,2021,Geography of the physical environment,7,no,uses-published-TWS,GRACE,downstream-use,unclear,unclear,unclear,unclear,unclear,unclear,unclear,unclear,unclear,groundwater mean depletion thickness over Haryana was found 1.13 cm and for Punjab is 0.92 cm during 2005–2015,Punjab; Haryana,0,0,deepseek-chat,,
210,igp,True,W4224123612,122,10.5194/hess-2022-39,Evaluating downscaling methods of GRACE data: a case study over a fractured crystalline aquifer in South India,Claire Pascal,2022,,6,no,uses-mascon-product,GRACE+GRACE-FO,mascon,JPL,RL06M,mascon,unclear,unclear,unclear,unclear,unclear,unclear,,Telangana State; South India,3,3,deepseek-chat,,
211,igp,True,W4385954768,53,10.3389/feart.2023.1227691,"Application of gravity and remote sensing data to groundwater potential in Wadi Ar-Ramah, Saudi Arabia",Ahmed Mohamed,2023,Frontiers in Earth Science,6,no,uses-mascon-product,GRACE+GRACE-FO,mascon,multiple,unclear,mascon,unclear,unclear,unclear,unclear,unclear,unclear,groundwater depletion of −1.212 ± 0.012 cm/yr,Wadi Ar-Ramah,2,2,deepseek-chat,,
212,igp,True,W4389738181,56,10.5194/isprs-archives-xlviii-1-w2-2023-1319-2023,"PREDICTING THE IMPACT OF RAPID URBANISATION ON URBAN GROUNDWATER LEVEL VARIATIONS AND ANALYZING CLIMATE DYNAMICS IN PUNJAB'S CITIES, INDIA: AN APPROACH TOWARDS SUSTAINABLE CITIES",Shubham Awasthi,2023,"The international archives of the photogrammetry, remote sensing and spatial information sciences/International archives of the photogrammetry, remote sensing and spatial information sciences",6,no,uses-mascon-product,GRACE+GRACE-FO,mascon,CSR-M,unclear,mascon,unclear,unclear,unclear,unclear,unclear,unclear,extreme decline in groundwater storage levels,Ludhiana; Patiala,2,2,deepseek-chat,,
213,igp,True,W2067487332,87,10.1007/s12517-012-0629-z,Terrestrial water dynamics in the lower Ganges—estimates from ENVISAT and GRACE,Haris Hasan Khan,2012,Arabian Journal of Geosciences,6,no,uses-published-TWS,GRACE,downstream-use,unclear,unclear,unclear,unclear,unclear,unclear,unclear,unclear,unclear,a definite trend of total water depletion,lower Ganges basin,0,0,deepseek-chat,,
214,igp,True,W4403216812,74,10.1080/02626667.2024.2403720,GRACE-derived groundwater variability and its resilience in north India: impact of climatic and socioeconomic factors,Sandip Kumar Rana,2024,Hydrological Sciences Journal,5,no,uses-mascon-product,GRACE+GRACE-FO,mascon,GSFC,RL06,mascon,unclear,unclear,unclear,unclear,unclear,unclear,maximum ~ -6.6 cm/year GWS decline in Haryana,north India; Haryana; Punjab; Rajasthan; Uttar Pradesh,3,2,deepseek-chat,,
215,igp,True,W4392042245,111,10.1007/s11053-024-10312-w,Bridging the Temporal Gaps in GRACE/GRACE–FO Terrestrial Water Storage Anomalies over the Major Indian River Basins Using Deep Learning,Pragay Shourya Moudgil,2024,Natural Resources Research,4,no,uses-mascon-product,GRACE+GRACE-FO,mascon,multiple,RL06.1,mascon,unclear,ICE6G-D,replaced,unclear,applied,replaced/unclear,significant groundwater depletion in the northern and northwestern river basins,Indus basin; Ganges basin; Brahmaputra basin; Godavari; Krishna; Cauvery; Pennar; major Indian river basins,6,1,deepseek-chat,,
216,igp,True,W4403042277,124,10.1007/s10661-024-13174-0,"Application of GRACE-based satellite estimates in the assessment of flood potential: A case study of Gangetic-Brahmaputra basin, India",S.K. Sen,2024,Environmental Monitoring and Assessment,4,no,uses-mascon-product,GRACE,mascon,JPL,RL06,mascon,unclear,unclear,unclear,unclear,unclear,unclear,,Indo-Gangetic-Brahmaputra Basin (IGBB); Upper-Gangetic Yamuna Chambal Basin (UGYCB); Lower Gangetic Basin (LGB); Lower Brahmaputra Basin (LBB); Teesta River basin (TRB),3,1,deepseek-chat,,
217,igp,True,W4386447062,57,10.5194/isprs-archives-xlviii-m-3-2023-95-2023,MONITORING GROUNDWATER STORAGE BASINS AND HYDROLOGICAL CHANGES USING THE GRACE SATELLITE AND SENTINEL-1 FOR THE GANGA RIVER BASIN,Abhinav Galodha,2023,"The international archives of the photogrammetry, remote sensing and spatial information sciences/International archives of the photogrammetry, remote sensing and spatial information sciences",4,no,uses-published-TWS,GRACE+GRACE-FO,downstream-use,JPL,unclear,unclear,unclear,unclear,unclear,unclear,unclear,unclear,,Ganga River Basin; Indo-Gangetic Plain,1,0,deepseek-chat,,
218,igp,True,W4401019641,64,10.2166/ws.2024.173,"Climatic teleconnection of the future trend of meteorological, GRACE-DSI, and vegetation-conditioned-based drought analysis in the Ganga Basin",Mohd Sayeed Ul Hasan,2024,Water Science & Technology Water Supply,4,no,uses-published-TWS,GRACE,downstream-use,JPL,RL06,unclear,unclear,unclear,unclear,unclear,unclear,unclear,increasing trend of drought over the study period,Ganga Basin,2,2,deepseek-chat,,
219,igp,True,W2042896897,08,10.5194/isprsarchives-xl-8-329-2014,Estimation of regional mass anomalies from Gravity Recovery and Climate Experiment (GRACE) over Himalayan region,Ritesh Agrawal,2014,"The international archives of the photogrammetry, remote sensing and spatial information sciences/International archives of the photogrammetry, remote sensing and spatial information sciences",3,no,uses-mascon-product,GRACE,mascon,CSR,unclear,mascon,unclear,unclear,unclear,unclear,unclear,unclear,Ganga and Brahmaputra basins have shown an average annual change of -1.28 cm and -1.06 cm in terms of WEH,Indus basin; Ganga basin; Brahmaputra basin,2,1,deepseek-chat,,
220,igp,True,W4408109105,11,10.25103/jestr.181.19,Groundwater Storage Analysis using Geospatial Techniques: A Comprehensive Review over Asian Region,Balbir Nagal,2025,Journal of Engineering Science and Technology Review,3,no,review-or-perspective,GRACE+GRACE-FO,review,unclear,unclear,unclear,unclear,unclear,unclear,unclear,unclear,unclear,Indo-Gangetic Plains: -14.6 ± 5.6 mm/yr (2003–2023),"Asia; India; Northwest India Aquifer; Rajasthan; Punjab; Haryana; Delhi; North India; South India; Northern India; Punjab state; Bengal Basin; Ganges Basin; Ghaghara River basin; Lower Transboundary Indus Basin; Peninsular India; Godavari River basin; Krishna River basin; Mahanadi River basin; Indo-Gangetic Plains; North East India; Central North East India; North West India; West Central India; Indus Basin; Kabul River Basin; Lower Bari Doab Canal; Indo-Gangetic Basin; China; Ten major basins (SRB, LRB, HRB, YRB, HHRB, SEB, YZRB, PRB, SWB, CB); North China Plain; Beijing-Tianjin Region; Southwest China; Highly Karstic Regions; Low Karstic Regions; Southeastern Taihang Mountain Region; Haihe River Basin; Sanjiang Plain; Xingkai Lake; Ordos Basin; Hexi Corridor; Beijing-Tianjin-Hebei; Northwest inland basins of China; 18 major aquifers in China; Inner Mongolia; Agro-pastoral transitional zone of northern China; Arid inland Xinjiang Province; Qinghai-Tibetan Plateau; Yangtze River basin; Ganges-Brahmaputra basin; Bangladesh; Bengal Basin of Bangladesh; Indonesia; Bandung GW Basin; Iran; Kabudarahang Plain; Razan-Qahavand Plain; Yazd province; Urmia catchment; South Asia (Pakistan); Irrigated Indus Basin (Delhi Doab, BIST Doab, BARI Doab, JECH Doab); South Korea; Saudi Arabia; Wadi Al Dawasir Basin; Southeast Asia; Three Himalayan River basins (IRB, GRB, BRB); United Arab Emirates; Eastern Abu Dhabi Emirate",0,0,deepseek-chat,,
221,igp,True,W2801622173,88,10.1061/(asce)he.1943-5584.0001670,Space-Time Cokriging Approach for Groundwater-Level Prediction with Multiattribute Multiresolution Satellite Data,Madhumita Sahoo,2018,Journal of Hydrologic Engineering,3,no,uses-published-TWS,GRACE,downstream-use,JPL,unclear,unclear,unclear,unclear,unclear,unclear,unclear,unclear,,Indo-Gangetic Basin,1,0,deepseek-chat,,
222,igp,True,W4389764487,65,10.5194/isprs-archives-xlviii-1-w2-2023-1265-2023,DEEP AND MACHINE LEARNING FOR MONITORING GROUNDWATER STORAGE BASINS AND HYDROLOGICAL CHANGES USING THE GRAVITY RECOVERY AND CLIMATE EXPERIMENT (GRACE) SATELLITE MISSION AND SENTINEL-1 DATA FOR THE GANGA RIVER BASIN IN THE INDIAN REGION,Kancharla Nitish Sai,2023,"The international archives of the photogrammetry, remote sensing and spatial information sciences/International archives of the photogrammetry, remote sensing and spatial information sciences",2,no,uses-published-TWS,GRACE+GRACE-FO,downstream-use,unclear,unclear,unclear,unclear,unclear,unclear,unclear,unclear,unclear,,Ganga River Basin; Indo-Gangetic Plain,0,0,deepseek-chat,,
223,igp,True,W3129519520,76,10.47884/jweam.v1i3pp26-32,Entropy Analysis of Seasonal Groundwater Level Fluctuations for Delhi and Haridwar Regions of India Using Grace Satellite Data,Shekhar Singh,2020,Journal of Water Engineering and Management,2,no,uses-published-TWS,GRACE,downstream-use,unclear,unclear,unclear,unclear,unclear,unclear,unclear,unclear,unclear,,Delhi; Haridwar,0,0,deepseek-chat,,
224,igp,True,W4387828719,77,10.1109/igarss52108.2023.10283323,Assimilating Time-Series SAR Interferometry and Grace for Monitoring Groundwater Dynamics in the Southern Punjab Region of India,Shubham Awasthi,2023,,1,no,uses-published-TWS,GRACE+GRACE-FO,downstream-use,unclear,unclear,unclear,unclear,unclear,unclear,unclear,unclear,unclear,,southern Punjab region of India,0,0,deepseek-chat,,
225,igp,True,W4417245277,89,10.1007/s11356-025-37274-7,Groundwater depletion in India: the influence of seasonal precipitation and land use land cover,Yanping Cao,2025,Environmental Science and Pollution Research,1,no,uses-mascon-product,GRACE+GRACE-FO,mascon,CSR,RL06,mascon,unclear,unclear,unclear,unclear,unclear,unclear,"groundwater depletion across India, particularly in the northern plains, with summer decline of -6.52 mm/year and winter -5.46 mm/year",India; northern plains; northeastern India; northwest region; central northeast region; west central region; peninsular region; Indo-Gangetic Basin,3,3,deepseek-chat,,
226,igp,True,W7128538465,107,10.2139/ssrn.6215477,Unveiling Localized Groundwater Depletion Hotspots in Eastern India via Physically Consistent Machine Learning Downscaling of GRACE Data,Suraj Dule,2026,SSRN Electronic Journal,0,no,uses-mascon-product,GRACE+GRACE-FO,mascon,CSR,RL06,mascon,unclear,unclear,unclear,unclear,unclear,unclear,"regional mean depletion was -0.65 cm/year, specific agricultural hotspots lost water at rates exceeding -2.05 cm/year",Eastern India; Bihar; Jharkhand; West Bengal,3,2,deepseek-chat,,
227,igp,True,W7128920409,126,10.1016/j.rsase.2026.101929,"Synergistic utilization of GRACE/GRACE-FO observations to monitor groundwater storage dynamics in Gujarat, India",Aum Upadhyay,2026,Remote Sensing Applications Society and Environment,0,no,uses-mascon-product,GRACE+GRACE-FO,mascon,JPL,RL06.1Mv03,mascon,unclear,unclear,unclear,unclear,unclear,unclear,,Gujarat; Saurashtra; North Gujarat; Central Gujarat; South Gujarat; Kachchh,3,2,deepseek-chat,,
228,igp,True,W3098173682,15,10.5194/egusphere-egu2020-6125,Anthropogenic water depletion in the Indo-Gangetic Plain,Bingshi Liu,2020,,0,no,uses-published-TWS,unclear,downstream-use,unclear,unclear,unclear,unclear,unclear,unclear,unclear,unclear,unclear,anthropogenic depletion rate in Indus Plain increased from -5.5 to -25.0 km3/yr (2003-2011) and stabilized at ~-26.0 km3/yr (2011-2016); Ganges Plain slowed from -37.7 to -12.0 km3/yr (2003-2011) then increased to -20.0 km3/yr (2016),Indo-Gangetic Plain; Indus Plain; Ganges Plain,0,0,deepseek-chat,,
229,igp,True,W7135198678,16,10.5194/egusphere-egu26-1643,Quantifying Groundwater Storage Loss in The Northwestern Indo-Gangetic Alluvial Plain Using Integrated Geodetic Measurements and Geophysical Modelling,Shivprasad More,2026,,0,no,does-not-use-grace,unclear,non-GRACE,unclear,unclear,unclear,unclear,unclear,unclear,unclear,unclear,unclear,,Northwestern Indo-Gangetic Alluvial Plain,0,0,deepseek-chat,,
230,igp,True,W7127980664,25,10.21275/sr251028130626,Spatiotemporal Variability of Water Storage Anomalies and Soil Moisture Dynamics Across India's Diverse Hydroclimatic Zones: A Two-Decade Assessment Using GRACE and GLDAS,Vihaan Singla,2026,International Journal of Science and Research (IJSR),0,no,uses-published-TWS,GRACE+GRACE-FO,downstream-use,CSR,RL06,G300,unclear,ICE-6G_D,unclear,unclear,unclear,unclear,northwestern India exhibiting persistent negative TWS anomalies (-30 to -40 cm) indicating severe water depletion,India; Delhi; Indo-Gangetic plains; northwestern India; Punjab; Haryana; Rajasthan; Maharashtra; Gujarat; Karnataka; Uttar Pradesh; Bihar; Himalayan foothills; northeastern states; peninsular India; central India,4,4,deepseek-chat,,
231,igp,True,W7134945159,55,10.1007/s12665-026-12891-8,Combined hydro-meteorological drought assessment of Ganga-Brahmaputra Basin: insights of the control of total water storage anomaly in drought occurrence,Subimal Nandi,2026,Environmental Earth Sciences,0,no,uses-mascon-product,GRACE+GRACE-FO,mascon,JPL,RL06.1,mascon,unclear,unclear,unclear,unclear,unclear,unclear,"UGB and YCB exhibit the sharpest declines of -2.622 cm/year and -2.116 cm/year, respectively",Ganga-Brahmaputra Basin; Upper Ganga Basin; Yamuna-Chambal Basin; Lower Ganga Basin; Brahmaputra Basin,4,3,deepseek-chat,,
232,igp,True,W4415050229,66,10.3808/jeil.202400163,"Assessment of Groundwater Storage and Urban Temporal Variations using GRACE Satellite Data: Case Study of Cooum river basin, India",Ravi Ande,2025,Journal of Environmental Informatics Letters,0,no,uses-published-TWS,GRACE,downstream-use,unclear,unclear,unclear,unclear,unclear,unclear,unclear,unclear,unclear,6.98-meter drop in groundwater levels,Cooum river basin,0,0,deepseek-chat,,
233,igp,True,W3093683794,68,10.1109/icassp39728.2021.9413591,Estimation of Groundwater Storage Variations in Indus River Basin Using Grace Data,Yahya Sattar,2021,,0,no,processes-L2-SHM,GRACE,own-SHM,unclear,RL03,von Mises smoothing (spherical analogue of Gaussian),61,unclear,unclear,unclear,unclear,unclear,groundwater depletion on average over the time period,Indus River Basin,3,1,deepseek-chat,,
234,igp,True,W4323044389,W4323044389,10.5194/hess-2023-37,Sediment transport in Indian rivers high enough to impact satellite gravimetry,Alexandra Klemme,2023,,0,no,uses-published-TWS,GRACE+GRACE-FO,downstream-use,COST-G,RL01,,,,,,,unclear/unclear,sediment transport accounts for (4±2)% of the gravity decrease that is currently attributed to groundwater depletion,Ganges-Brahmaputra-Meghna catchment; Indus catchment; Ganges catchment; Brahmaputra catchment; Meghna catchment; Indus catchment; Himalayan mountain regions,2,2,deepseek-chat (full-text 2026 round2),,yes
238,igp,True,W4393965785,W4393965785,10.5194/hess-28-1527-2024,Sediment transport in South Asian rivers high enough to impact satellite gravimetry,Alexandra Klemme,2024,Hydrology and earth system sciences,0,no,uses-published-TWS,GRACE+GRACE-FO,downstream-use,COST-G,RL01,,,,,,,unclear/unclear,sediment transport accounts for (4 ± 2) % of the gravity decrease currently attributed to groundwater depletion,Ganges catchment; Brahmaputra catchment; Meghna catchment; Indus catchment; Ganges–Brahmaputra–Meghna catchment; Himalayan mountain regions; Indo–Gangetic Plain,2,1,deepseek-chat (full-text 2026 round2),,yes
239,igp,True,W4413858976,W4413858976,10.64672/ijifr/25.08.12.12.018,"GROUNDWATER SUSTAINABILITY: INTEGRATED POLICY, TECHNOLOGICAL, AND COMMUNITY-BASED STRATEGIES FOR AQUIFER RESILIENCE",C. DHANALAKSHMI,2025,International Journal Of Informative and Futuristic Research,0,no,does-not-use-grace,unclear,non-GRACE,,,,,,,,,unclear/unclear,yearly drops reaching 05 meters in essential regions,Indo-Gangetic plain; Punjab; Rajasthan; Gujarat; Haryana; Karnataka; Maharashtra; Tamil Nadu,0,0,deepseek-chat (full-text 2026 round2),,yes
240,igp,True,W7130412685,W7130412685,10.1029/2025jb032730,Present‐Day Tectonic and Non‐Tectonic Crustal Deformation of and Around the Indian Plate From GNSS and GRACE Measurements,Shubham Rajewar,2026,Journal of Geophysical Research Solid Earth,0,no,uses-published-TWS,GRACE+GRACE-FO,downstream-use,GRGS,RL05,Gaussian and destriping,,,replaced,,Swenson 2008,replaced/unclear,groundwater depletion causing uplift up to 4.2 mm/yr,Indian plate; Himalayan arc; Indo-Burmese arc; Kachchh failed rift; Narmada Son failed rift; Godavari failed rift; Rajputana block; Indo-Gangetic plains; Bengal Basin,5,2,deepseek-chat (full-text 2026 round2),,yes
241,indus,True,W1981130750,,10.1016/j.gloplacha.2014.02.007,Long-term groundwater variations in Northwest India from satellite gravity measurements,Jianli Chen,2014,Global and Planetary Change,270,no,processes-L2-SHM,GRACE,own-SHM,CSR,RL05,Swenson-Wahr destripe + G500,60,A_2013,replaced (SLR),unclear,Swenson 2008 (seasonal),replaced (SLR)/unclear,20.4 ± 7.1 Gt/yr over 2003-2012,Northwest India; Punjab Province of Pakistan,7,2,deepseek-chat,,
242,indus,True,W2426956916,,10.1016/j.epsl.2016.06.002,Groundwater storage changes in the Tibetan Plateau and adjacent areas revealed from GRACE satellite gravity data,Longwei Xiang,2016,Earth and Planetary Science Letters,189,no,processes-L2-SHM,GRACE,own-SHM,multiple,RL05,Gaussian,60,ICE-6G_C (VM5a),,,,unclear/unclear,"GWS decreasing trend rates due to groundwater depletion are found to be -8.36 ± 2.12 Gt/yr for Afghanistan-Pakistan, -17.95 ± 3.06 Gt/yr for Northwest India, -8.82 ± 2.95 Gt/yr for north-central India, and -4.36 ± 2.85 Gt/yr for the Bengal basin of Bangladesh",Tibetan Plateau; Jinsha River basin; Nujiang-Lancangjiang Rivers Source Region; Yangtze River Source Region; Yellow River Source Region; Qaidam basin; central Qiangtang Nature Reserve; Upper Indus basin; Aksu River basin; Afghanistan-Pakistan; Northwest India; north-central India; Bengal basin of Bangladesh,5,4,deepseek-chat (full-text 2026),,yes
243,indus,True,W2260509705,,10.1002/2015wr017797,Spatiotemporal evolution of water storage changes in <scp>I</scp>ndia from the updated <scp>GRACE</scp>‐derived gravity records,D. K. Panda,2015,Water Resources Research,164,no,processes-L2-SHM,GRACE,own-SHM,CSR,RL05,G350,,,replaced with SLR,,Swenson et al. 2008,replaced with SLR/unclear,Ganges Basin GWS depletion of 1.25 cm yr⁻¹; Punjab GWS depletion of 2.1 cm yr⁻¹,India; Ganges Basin; Punjab,5,4,deepseek-chat (full-text 2026),,yes
244,indus,True,W2914361363,,10.1029/2018jd029552,Changes in Terrestrial Water Storage During 2003–2014 and Possible Causes in Tibetan Plateau,Fanchong Meng,2019,Journal of Geophysical Research Atmospheres,158,no,uses-mascon-product,GRACE,mascon,multiple,RL05,mascon,,,,,,unclear/unclear,TWS depletion in the UB was mostly due to glacier mass loss,Tibetan Plateau; upstream of Yangtze (UYA); upstream of Yellow (UYE); upstream of Brahmaputra (UB); upstream of Indus (UI); Inner TP (ITP); Qaidam Basin (QB),3,3,deepseek-chat (full-text 2026 round2),,yes
245,indus,True,W3197848683,,10.3390/rs13173513,Improving the Resolution of GRACE Data for Spatio-Temporal Groundwater Storage Assessment,Shoaib Ali,2021,Remote Sensing,127,no,uses-published-TWS,GRACE,downstream-use,multiple,RL05,Gaussian,60,unclear,unclear,unclear,unclear,unclear,lost GWS of about -9.54 ± 1.27 km3 at the rate of -0.68 ± 0.09 km3/year from 2003 to 2016,Indus basin irrigation system (IBIS),4,3,deepseek-chat,,
246,indus,True,W2898205374,,10.1029/2018ef000939,Groundwater Depletion and Associated CO<sub>2</sub> Emissions in India,Vimal Mishra,2018,Earth s Future,121,no,uses-published-TWS,GRACE,downstream-use,CSR,RL05,,,,,,,unclear/unclear,,India,2,2,deepseek-chat (full-text 2026 round2),,yes
247,indus,True,W4319298550,,10.3390/rs15040873,Spatial Downscaling of GRACE Data Based on XGBoost Model for Improved Understanding of Hydrological Droughts in the Indus Basin Irrigation System (IBIS),Shoaib Ali,2023,Remote Sensing,113,no,uses-published-TWS,GRACE,downstream-use,multiple,RL06,Gaussian,,,,,,unclear/unclear,TWSA declined at a rate of -3.25 mm/year between 2003 and 2016,Indus Basin Irrigation System (IBIS),3,3,deepseek-chat (full-text 2026 round2),,yes
248,indus,True,W4280509258,,10.1016/j.scitotenv.2022.156044,Combining downscaled-GRACE data with SWAT to improve the estimation of groundwater storage and depletion variations in the Irrigated Indus Basin (IIB),Arfan Arshad,2022,The Science of The Total Environment,91,no,uses-published-TWS,GRACE+GRACE-FO,downstream-use,JPL,RL05,unclear,unclear,unclear,unclear,unclear,unclear,unclear,total loss of groundwater reserves varied in the IIB's 55 canal command areas with the highest loss observed in Dehli Doab by >50 km3,Irrigated Indus Basin (IIB); Dehli Doab; BIST Doab; BARI Doab; JECH Doab; RACHNA Doab; Sindh-Sagar; LIB,2,1,deepseek-chat,,
249,indus,True,W4291172155,,10.1016/j.jhydrol.2022.128295,Constructing high-resolution groundwater drought at spatio-temporal scale using GRACE satellite data based on machine learning in the Indus Basin,Shoaib Ali,2022,Journal of Hydrology,90,no,uses-published-TWS,GRACE,downstream-use,multiple,RL05,Gaussian,,,,,,unclear/unclear,groundwater depletion trend of -3.39 ± 0.45 mm/year,Indus Basin; Indus Basin Irrigation System (IBIS),3,3,deepseek-chat (full-text 2026 round2),,yes
250,indus,True,W4200025572,,10.1016/j.jhydrol.2021.127315,Estimation of spatio-temporal groundwater storage variations in the Lower Transboundary Indus Basin using GRACE satellite,Shoaib Ali,2021,Journal of Hydrology,84,no,uses-mascon-product,GRACE,mascon,multiple,RL05,mascon,unclear,unclear,unclear,unclear,unclear,unclear,4.16 ± 0.26 mm per year (2.97 ± 0.19 km3 per year),Lower Transboundary Indus Basin,3,1,deepseek-chat,,
251,indus,True,W2474384442,,10.1109/jstars.2016.2574378,Satellite Gravimetric Estimation of Groundwater Storage Variations Over Indus Basin in Pakistan,Naveed Iqbal,2016,IEEE Journal of Selected Topics in Applied Earth Observations and Remote Sensing,65,no,processes-L2-SHM,GRACE,own-SHM,CSR,RL05,G300,,,,,,unclear/unclear,groundwater is declining at a mean rate of about 13.5 mm per year in equivalent height of water during 2003–2010,Indus Basin; Upper Indus Plain (UIP); Bari Doab; Rechna Doab; Thal Doab; Chaj Doab,3,3,deepseek-chat (full-text 2026),,yes
252,indus,True,W4200616574,,10.1016/j.jhydrol.2021.127369,Evaluation of GRACE derived groundwater storage changes in different agro-ecological zones of the Indus Basin,Fazlullah Akhtar,2021,Journal of Hydrology,61,no,uses-published-TWS,GRACE,downstream-use,,,,,,,,,unclear/unclear,"mean annual depletion in GWSA of −304.2 ± 749 and −301 ± 527 mm at the LBDC and the KRB, respectively",Indus Basin; Kabul River Basin; Lower Bari Doab Canal command area,0,0,deepseek-chat (full-text 2026 round2),,yes
253,indus,True,W3189244987,,10.1016/j.scitotenv.2021.149366,Overview of terrestrial water storage changes over the Indus River Basin based on GRACE/GRACE-FO solutions,Yu Zhu,2021,The Science of The Total Environment,56,no,uses-mascon-product,GRACE+GRACE-FO,mascon,CSR,RL06,mascon,,,replaced,,applied,replaced/unclear,TWS decreased at a rate of 0.57 ± 1.02 mm/month from 2002 to 2020,Indus River Basin; Upper Indus Basin (UIB); Middle and Upper Indus Plain (MUIP),5,3,deepseek-chat (full-text 2026 round2),,yes
254,indus,True,W2594358888,,10.1007/s10661-017-5846-1,Integrated groundwater resource management in Indus Basin using satellite gravimetry and physical modeling tools,Naveed Iqbal,2017,Environmental Monitoring and Assessment,51,no,processes-L2-SHM,GRACE,own-SHM,CSR,RL05,smoothing + decorrelation (methods not further specified),,,,,,unclear/unclear,groundwater storage is depleted at an average rate of about 0.38 km3/year in Bari and about 0.21 km3/year in the Rechna doab from 2003 to 2010,Indus Basin; Bari doab; Rechna doab; Chaj doab; Thal doab,3,3,deepseek-chat (full-text 2026),,yes
255,indus,True,W4384497161,,10.1016/j.gsd.2023.100990,Terrestrial and groundwater storage characteristics and their quantification in the Chitral (Pakistan) and Kabul (Afghanistan) river basins using GRACE/GRACE-FO satellite data,Aqil Tariq,2023,Groundwater for Sustainable Development,46,no,uses-mascon-product,GRACE+GRACE-FO,mascon,CSR,RL06,mascon,,,,,,unclear/unclear,GWS indicated a harsh declining trend of −7.83 ± 0.52 mm/month from 2003 to 2021 in CKRB,Chitral Kabul River Basin (CKRB); Chitral-Kunar; Swat; Alingor; Kabul; Panjshair; Logar; Paktika,3,3,deepseek-chat (full-text 2026 round2),,yes
256,indus,True,W4295901299,,10.1038/s41598-022-18511-2,Drought characterization over Indian sub-continent using GRACE-based indices,Shivam Rawat,2022,Scientific Reports,41,no,uses-mascon-product,GRACE,mascon,JPL,RL06,mascon,unclear,unclear,unclear,unclear,unclear,unclear,TWS is depleting for most of the subbasins in India,Indian sub-continent; India; Indo-Gangetic plains; Ganga; Indus; Brahmaputra; Godavari; Krishna; Cauvery; Mahanadi; Sabarmati; Narmada; Tapi,3,3,deepseek-chat,,
257,indus,True,W4400651583,,10.1029/2023wr035882,Downscaled‐GRACE Data Reveal Anthropogenic and Climate‐Induced Water Storage Decline Across the Indus Basin,Arfan Arshad,2024,Water Resources Research,37,no,uses-mascon-product,GRACE+GRACE-FO,mascon,CSR,RL06,mascon,unclear,ICE6G-D,unclear,unclear,unclear,unclear,"TWS and GWS decline rate between 2002 and 2023: Dehli Doab (−442, −585 mm/year), BIST Doab (−367, −556 mm/year), Rajasthan (−242, −381 mm/year), and BARI (−188, −333 mm/year)",Indus Basin; Dehli Doab; BIST Doab; Rajasthan; BARI Doab; Yogo; Gilgit; Khurmong; Kabul; JECH Doab; RECHNA Doab; Sidh Sagar Doab; Sindh Sagar (Upper); LIB; Jhelum; Satluj; Shigar; Indus; Hunza and Gilgit; Ravi; Chenab,4,4,deepseek-chat,,
258,indus,True,W3110666842,,10.1002/hyp.14003,"Groundwater depletion in northern India: Impacts of the sub‐regional anthropogenic land‐use, socio‐politics and changing climate",D. K. Panda,2020,Hydrological Processes,34,no,uses-mascon-product,GRACE,mascon,CSR,RL05,mascon,unclear,unclear,unclear,unclear,unclear,unclear,groundwater storage loss in northern India has increased rapidly from 17 km3 to 189 km3 between the pre-2002 and 2002–2013 periods,"northern India; Punjab, Haryana and Delhi; Rajasthan; Uttar Pradesh; Bihar and West Bengal",3,3,deepseek-chat,,
259,indus,True,W3014180464,,10.1109/access.2020.2984794,Spatial and Temporal Variations of Terrestrial Water Storage in Upper Indus Basin Using GRACE and Altimetry Data,Dostdar Hussain,2020,IEEE Access,28,no,processes-L2-SHM,GRACE,own-SHM,multiple,RL05,G300,60,Geruo_ICE5G_VM2,replaced,,Swenson 2008,replaced/unclear,negative trends of -4.47 ± 0.38 mm/year (SH) and -4.81 ± 0.49 mm/year (MSC),Upper Indus Basin; Hunza river basin,7,6,deepseek-chat (full-text 2026),,yes
260,indus,True,W3196848396,,10.3390/su13179686,Appraisal of Remote Sensing Technology for Groundwater Resource Management Perspective in Indus Basin,Gulraiz Akhter,2021,Sustainability,26,no,processes-L2-SHM,GRACE,own-SHM,CSR,RL05,filtering + smoothing following Iqbal et al. (2016),,,,,,unclear/unclear,overall depletion trend in groundwater storage captured by GRACE in all four doabs,Upper Indus Plain Aquifer; Indus Basin,2,2,deepseek-chat (full-text 2026),,yes
261,indus,True,W4256347109,,10.26480/bdwre.01.2020.13.18,GROUNDWATER STORAGE CHANGE ESTIMATION USING GRACE SATELLITE DATA IN INDUS BASIN,Muhammad Abdus Salam,2020,Big Data In Water Resources Engineering (BDWRE),24,no,uses-published-TWS,GRACE,downstream-use,CSR,RL05,unclear,unclear,unclear,unclear,unclear,unclear,unclear,net loss in groundwater storage is at mean rate of 85.01 mm per year,Indus Basin,2,2,deepseek-chat,,
262,indus,True,W4407681992,,10.1029/2024wr038279,Declining Groundwater Storage in the Indus Basin Revealed Using GRACE and GRACE‐FO Data,Jaydeo K. Dharpure,2025,Water Resources Research,18,no,uses-mascon-product,GRACE+GRACE-FO,mascon,multiple,RL06,mascon,unclear,unclear,unclear,unclear,unclear,unclear,annual GWSA decreases −1.27 cm/yr,Indus basin; Kabul; Lower Indus; Panjnad; Upper Indus,3,3,deepseek-chat,,
263,indus,True,W4306404238,,10.3390/w14203254,"Spatiotemporal Analysis of Groundwater Storage Changes, Controlling Factors, and Management Options over the Transboundary Indus Basin",Kashif Mehmood,2022,Water,16,no,uses-published-TWS,GRACE,downstream-use,multiple,RL06,G300,unclear,unclear,unclear,unclear,unclear,unclear,"groundwater declined from January 2003 to December 2016, with an overall decreasing trend of 0.44 mm per month",Indus River Basin; Kabul River Basin; Lower Bari Doab Canal,3,2,deepseek-chat,,
264,indus,True,W4387510980,,10.1016/j.agwat.2023.108545,"SAFER-ET based assessment of irrigation patterns and impacts on groundwater use in the central Punjab, Pakistan",Adeel Ahmad Nadeem,2023,Agricultural Water Management,15,no,uses-mascon-product,GRACE,mascon,CSR,RL06,mascon,,,,,,unclear/unclear,81% (equivalent to 155 million m3) of groundwater during the dry season,Punjab; Pakistan; Sargodha; Chiniot; Jhang; Faisalabad; Toba Tek Singh,3,3,deepseek-chat (full-text 2026 round2),,yes
265,indus,True,W1490376882,,10.1007/s12594-012-0180-2,"Gravity and Magnetic Methods in Geological Studies: Principles, Integrated Exploration and Plate Tectonics",Dinesh Chandra Mishra,2012,Journal of the Geological Society of India,14,no,does-not-use-grace,unclear,non-GRACE,,,,,,,,,unclear/unclear,,,0,0,deepseek-chat (full-text 2026 round2),,yes
266,indus,True,W4311177370,,10.1007/s41101-022-00169-6,"Assessment of Water Storage Changes Using Satellite Gravimetry and GLDAS Observations over a Part of Indus Basin, India",Mohit Arora,2022,Water Conservation Science and Engineering,9,no,uses-published-TWS,GRACE+GRACE-FO,downstream-use,multiple,RL06,Gaussian,60,,replaced,replaced,applied,replaced/replaced,decreasing pattern of average TWS from +17.4 to -28.8 cm and GWS from +18.1 to -30.2 cm,"Indus Basin, India; Punjab; Haryana",7,6,deepseek-chat (full-text 2026 round2),,yes
267,indus,True,W4295242112,,10.5194/hess-26-4515-2022,Scaling methods of leakage correction in GRACE mass change estimates revisited for the complex hydro-climatic setting of the Indus Basin,Vasaw Tripathi,2022,Hydrology and earth system sciences,8,no,processes-L2-SHM,GRACE+GRACE-FO,own-SHM,multiple,RL06,Swenson-Wahr destripe + G300,90,Peltier_ICE6G_D,replaced (TN-11),unclear,Sun 2016 (TN-13),replaced (TN-11)/unclear,GRACE trend value of −7.6 ± 0.6 Gt yr−1,Indus Basin,7,2,deepseek-chat,,
268,indus,True,W3138529858,,10.1029/2020wr028654,Integrating Gravimetry Data With Thermal Infra‐Red Data From Satellites to Improve Efficiency of Operational Irrigation Advisory in South Asia,Indira Bose,2021,Water Resources Research,7,no,uses-mascon-product,GRACE,mascon,CSR-M,,mascon,,,,,,unclear/unclear,19.2 ± 1.1 km3/year in Northern India,Ganges basin; Indus basin; Kanpur Nagar; Kanpur Dehat; Agra; Lucknow; Sargodha; Layyah; Muzaffargarh; Sheikhupura,2,2,deepseek-chat (full-text 2026 round2),,yes
269,indus,True,W4386639387,,10.3390/rs15184469,Spatiotemporal Change in Evapotranspiration across the Indus River Basin Detected by Combining GRACE/GRACE-FO and Swarm Observations,Lilu Cui,2023,Remote Sensing,6,no,processes-L2-SHM,GRACE+GRACE-FO,own-SHM,"CSR, GFZ, JPL",RL06,,,,,,,unclear/unclear,,Indus River Basin,2,1,deepseek-chat (full-text 2026),,yes
270,indus,True,W2042896897,,10.5194/isprsarchives-xl-8-329-2014,Estimation of regional mass anomalies from Gravity Recovery and Climate Experiment (GRACE) over Himalayan region,Ritesh Agrawal,2014,"The international archives of the photogrammetry, remote sensing and spatial information sciences/International archives of the photogrammetry, remote sensing and spatial information sciences",3,no,uses-mascon-product,GRACE,mascon,CSR,unclear,mascon,unclear,unclear,unclear,unclear,unclear,unclear,Ganga and Brahmaputra basins have shown an average annual change of -1.28 cm and -1.06 cm in terms of WEH,Indus basin; Ganga basin; Brahmaputra basin,2,1,deepseek-chat,,
271,indus,True,W2963419005,,10.1061/9780784482322.011,"Impact of Precipitation and Agricultural Productivity on Groundwater Storage in Rahim Yar Khan District, Pakistan",Gaurang Mistry,2019,World Environmental and Water Resources Congress 2019,3,no,uses-mascon-product,GRACE,mascon,CSR,RL05,mascon,,,,,,unclear/unclear,groundwater storage is depleting at a rate of 0.51 mm per month leading to a total volumetric loss of 1.38 km3 in 13 years,"Rahim Yar Khan District, Pakistan",3,3,deepseek-chat (full-text 2026 round2),,yes
273,indus,True,W4411965992,,10.1016/j.rsase.2025.101639,"Assessment of land deformation and groundwater depletion using Sentinel-1 PS InSAR, GRACE, and Borehole data",Hamid Gulzar,2025,Remote Sensing Applications Society and Environment,2,no,uses-mascon-product,GRACE+GRACE-FO,mascon,multiple,RL06.1M V-3,mascon,,,,,,unclear/unclear,"rapid decline in groundwater storage, particularly in Cell B (−0.77 tau) of the JPL Mascon dataset","Lahore, Pakistan",3,2,deepseek-chat (full-text 2026 round2),,yes
274,indus,True,W7107949971,,10.1016/j.agwat.2025.110017,Remote sensing-based cropping pattern identification and its impact on groundwater use in canal command areas of an irrigated agriculture region in Pakistan,Aftab Haider Khan,2025,Agricultural Water Management,2,no,uses-mascon-product,GRACE+GRACE-FO,mascon,CSR,RL06,mascon,,ICE6G-D,,,,unclear/unclear,"long-term depletion trends in all CCAs, with the steepest declines in CCA7 and CCA8",Bari Doab; Punjab; Pakistan,4,4,deepseek-chat (full-text 2026 round2),,yes
275,indus,True,W2991344323,,10.34917/15778507,Utilization of Remote Sensing Data for Estimation of the Groundwater Storage Variation,Gaurang Mistry,2020,Digital Scholarship - UNLV (University of Nevada Reno),1,no,uses-mascon-product,GRACE,mascon,CSR,RL05,mascon,,GIA Correction,replaced,,Degree 1 Corrections,replaced/unclear,groundwater storage in Pakistan is declining at a high rate,Pakistan; Punjab; Sindh; Balochistan; Khyber Pakhtunkhwa; Vehari; Khanewal; Rahim Yar Khan; Bahawalpur,6,6,deepseek-chat (full-text 2026 round2),,yes
276,indus,True,W3123371689,,10.22541/au.160861850.04202692/v1,Estimation of long-term groundwater storage variation in the Lower Transboundary Indus Basin using GRACE and WGHM model data,Shoaib Ali,2020,,1,no,uses-published-TWS,GRACE,downstream-use,,,,,,,,,unclear/unclear,groundwater storage is being depleted at a rate of 4.16 mm per year (2.97 km3 per year),Lower Transboundary Indus Basin,0,0,deepseek-chat (full-text 2026 round2),,yes
278,indus,True,W4391381500,,10.1109/icosst60641.2023.10414232,Forecasting Groundwater Depletion in Quetta Sub-Basin using Remote Sensing Data: Deep Learning Approach,Pamir Khan,2023,,1,no,uses-published-TWS,GRACE,downstream-use,JPL,,,,,,,,unclear/unclear,groundwater level is declining at a pace of 2 to 3 m per year,Quetta Sub-Basin,1,1,deepseek-chat (full-text 2026 round2),,yes
279,indus,True,W3093683794,,10.1109/icassp39728.2021.9413591,Estimation of Groundwater Storage Variations in Indus River Basin Using Grace Data,Yahya Sattar,2021,,0,no,processes-L2-SHM,GRACE,own-SHM,unclear,RL03,von Mises (Gaussian analogue) with κ=200,61,unclear,unclear,unclear,unclear,unclear,groundwater depletion on average over the time period from 2005 to 2015,Indus river basin (IRB),3,0,deepseek-chat,,
280,indus,True,W3202496528,,10.1002/essoar.10508130.1,Groundwater dynamics in the Indus revealed by integrated flow modeling and satellite data,Li Huang,2021,,0,no,uses-published-TWS,GRACE,downstream-use,JPL,RL04M,,,,,,,unclear/unclear,groundwater storage depletion averaged ~5cm in equivalent water thickness basin-wide over 20 years,Indus River Basin,2,0,deepseek-chat (full-text 2026 round2),,yes
281,indus,True,W4391360517,,10.21203/rs.3.rs-3864359/v1,Spatio-Temporal Dynamics of Groundwater Storage in Pakistan from Gravimetric Observations,Muhammad Hannan,2024,Research Square,0,no,uses-mascon-product,GRACE+GRACE-FO,mascon,CSR,RL06,mascon,,,,,,unclear/unclear,significant decline in groundwater storage over the last decade,Pakistan; Punjab; Sindh; Balochistan; Khyber Pakhtunkhwa; Gilgit-Baltistan; Kashmir,3,3,deepseek-chat (full-text 2026 round2),,yes
282,indus,True,W4414026921,,10.3389/feart.2025.1551218,"Decomposing land surface total water storage in the Indus, Ganges, and Brahmaputra basins",Alexander Prusevich,2025,Frontiers in Earth Science,0,no,uses-mascon-product,GRACE+GRACE-FO,mascon,JPL,RL06,mascon,,,,,,unclear/unclear,"TWS declines in the Indus and Ganges watersheds are primarily driven by the depletion of aquifers (67% and 76%, respectively)",Indus; Ganges; Brahmaputra,3,3,deepseek-chat (full-text 2026 round2),,yes
283,indus,True,W4417247347,,10.3390/hydrology12120330,Spatiotemporal Analysis of Groundwater Storage Changes and Its Driving Factors in the Semi-Arid Region of the Lower Chenab Canal,Muhammad Hassan Ali,2025,Hydrology,0,no,uses-published-TWS,GRACE+GRACE-FO,downstream-use,,,,,,,,,unclear/unclear,"groundwater levels declined at 0.52 m/year on average, accelerating to 0.73 m/year after 2014, with total storage losses exceeding 320 mm/year",Lower Chenab Canal (LCC) command area; Indus Basin,0,0,deepseek-chat (full-text 2026 round2),,yes
284,indus,True,W7131365732,,10.1016/j.ejrh.2026.103278,Understanding groundwater dynamics of the depleted aquifer in the Indus Basin based on the downscaled GRACE data and groundwater modelling,Aftab Haider Khan,2026,Journal of Hydrology Regional Studies,0,no,uses-mascon-product,GRACE+GRACE-FO,mascon,CSR,RL06,mascon,,ICE6G-D,,,,unclear/unclear,groundwater depletion in Bari Doab,Bari Doab; Indus Basin,4,4,deepseek-chat (full-text 2026 round2),,yes
287,indus,True,W4405269718,W4405269718,10.22541/essoar.173395770.08839790/v1,Downscaling GRACE/GRACE-FO data for improving terrestrial and groundwater storage   monitoring and assessment in transboundary Indus Basin and Its sub-regions,Arfan Arshad,2024,,0,no,uses-published-TWS,GRACE+GRACE-FO,downstream-use,,,,,,,,,unclear/unclear,"Dehli Doab (-437, -457 mm/year), BIST Doab (-348, -410 mm/year), Rajasthan (-266, -286 mm/year), and Ravi (-190, -278 mm/year)",Indus Basin; Dehli Doab; BIST Doab; Rajasthan; Ravi,0,0,deepseek-chat (full-text 2026 round2),,yes
288,indus,True,W7110931093,W7110931093,10.3389/feart.2025.1551218.s002,"Data Sheet 2_Decomposing land surface total water storage in the Indus, Ganges, and Brahmaputra basins.xlsx",A. A. Prusevich (22186513),2025,Figshare,0,no,uses-mascon-product,GRACE+GRACE-FO,mascon,JPL,RL06,mascon,,,,,,unclear/unclear,"TWS declines in the Indus and Ganges watersheds are primarily driven by the depletion of aquifers (67% and 76%, respectively)",Indus; Ganges; Brahmaputra,3,3,deepseek-chat (full-text 2026 round2),,yes
289,indus;north_china_plain,True,W2523375332,,10.1175/jcli-d-16-0209.1,Hydrologic and Climatic Responses to Global Anthropogenic Groundwater Extraction,Yujin Zeng,2016,Journal of Climate,80,no,uses-published-TWS,GRACE,downstream-use,,,,,,,,,unclear/unclear,groundwater depletion in northern India and Pakistan,central United States; north China plain; northern India and Pakistan,0,0,deepseek-chat (full-text 2026 round2),,yes
290,mississippi,True,W2153971255,W2153971255,10.5194/esd-5-15-2014,"Global modeling of withdrawal, allocation and consumptive use of surface water and groundwater resources",Yoshihide Wada,2014,Earth System Dynamics,873,no,does-not-use-grace,unclear,non-GRACE,,,,,,,,,unclear/unclear,,global,0,0,deepseek-chat (full-text 2026 round2),,yes
291,mississippi,True,W1990716986,W1990716986,10.1007/s10040-006-0103-7,Estimating groundwater storage changes in the Mississippi River basin (USA) using GRACE,Matthew Rodell,2006,Hydrogeology Journal,699,no,processes-L2-SHM,GRACE,own-SHM,,Release-1,optimized smoothing,,,replaced with SLR,,SLR degree-1,replaced with SLR/unclear,,Mississippi River basin; Missouri River basin; Arkansas-Red-White-Lower Mississippi River basin; Ohio-Tennessee River basin; Upper Mississippi River basin,4,2,deepseek-chat (full-text 2026),,yes
292,mississippi,True,W1970438763,W1970438763,10.1175/2007jhm951.1,Assimilation of GRACE Terrestrial Water Storage Data into a Land Surface Model: Results for the Mississippi River Basin,Benjamin F. Zaitchik,2008,Journal of Hydrometeorology,489,no,processes-L2-SHM,GRACE,own-SHM,multiple,multiple,Gaussian 400 km + destripe,120,,,,,unclear/unclear,,Mississippi River basin; Ohio–Tennessee; Upper Mississippi; Missouri; Red–Arkansas/Lower Mississippi,4,0,deepseek-chat (full-text 2026 round2),,yes
293,mississippi,True,W1511398861,W1511398861,10.1002/2013jd020792,Hydrological evaluation of the Noah‐MP land surface model for the Mississippi River Basin,Xitian Cai,2013,Journal of Geophysical Research Atmospheres,225,no,uses-published-TWS,GRACE,downstream-use,CSR,RL4.0,G300,60,,,,,unclear/unclear,,Mississippi River Basin,4,4,deepseek-chat (full-text 2026 round2),,yes
294,mississippi,True,W2139207699,W2139207699,10.1029/2005gl024851,Total basin discharge for the Amazon and Mississippi River basins from GRACE and a land‐atmosphere water balance,T. H. Syed,2005,Geophysical Research Letters,209,no,processes-L2-SHM,GRACE,own-SHM,,,G1000,120,,,,,unclear/unclear,,Amazon River basin; Mississippi River basin,2,2,deepseek-chat (full-text 2026),,yes
295,mississippi,True,W3096945879,,10.1029/2020wr027556,Comparison of Groundwater Storage Changes From GRACE Satellites With Monitoring and Modeling of Major U.S. Aquifers,Ashraf Rateb,2020,Water Resources Research,170,no,uses-mascon-product,GRACE,mascon,"CSR-M, JPL-M",RL06,mascon,,,,,,unclear/unclear,totaling approximately −90 km3 over 15 yr,Columbia Plateau; Snake River Basin; Sacramento; San Joaquin/Tulare Basins; Upper Colorado; Arizona Alluvial Basins; Northern High Plains; Central and Southern High Plains; Edwards Trinity Plateau; Texas Gulf Coast; Mississippi Embayment; Coastal Lowlands; Floridan; Pennsylvanian aquifers,3,3,deepseek-chat (full-text 2026 round2),,yes
296,mississippi,True,W2176864264,W2176864264,10.1175/1520-0442(2004)017<2039:icitws>2.0.co;2,Inferring Changes in Terrestrial Water Storage Using ERA-40 Reanalysis Data: The Mississippi River Basin,Sonia I. Seneviratne,2004,Journal of Climate,142,no,does-not-use-grace,unclear,non-GRACE,,,,,,,,,unclear/unclear,,Mississippi River basin; Illinois,0,0,deepseek-chat (full-text 2026 round2),,yes
297,mississippi,True,W2040142713,W2040142713,10.5194/hess-14-59-2010,Calibration analysis for water storage variability of the global hydrological model WGHM,Susanna Werth,2010,Hydrology and earth system sciences,118,no,processes-L2-SHM,GRACE,own-SHM,multiple,RL04,basin-specific,60,,,,,unclear/unclear,,Amazon; Amur; Columbia; Danube; Ganges; Huang He; Indus; Lena; Mackenzie; Mekong; Mississippi; Murray; Nelson; Niger; Nile; Ob; Orange; Orinoco; Parana; St. Lawrence; Tocantins; Volga; Volta; Yangtze; Yenisei; Yukon; Congo (Zaire); Zambezi,4,3,deepseek-chat (full-text 2026),,yes
298,mississippi,True,W2024595536,W2024595536,10.1175/jhm480.1,Seasonal Variations in Terrestrial Water Storage for Major Midlatitude River Basins,Martin Hirschi,2006,Journal of Hydrometeorology,88,no,does-not-use-grace,unclear,non-GRACE,,,,,,,,,unclear/unclear,,Amur; Lena; Lena subbasin; Yenisei; Yenisei subbasins; Ob; Ob subbasins; Amudarya; Syrdarya; Changjiang; Neva; Volga; Don; Dnepr; Danube; Wisla; Odra; Elbe; Weser; Rhine; Rhone; Po; Seine; Loire; Garonne; Ebro; Mississippi; Missouri; Arkansas; Ohio; Columbia; Yukon; Mackenzie; Murray-Darling,0,0,deepseek-chat (full-text 2026 round2),,yes
299,mississippi,True,W3196280317,,10.1088/1748-9326/ac16ff,Effects of climate and irrigation on GRACE-based estimates of water storage changes in major US aquifers,Bridget R. Scanlon,2021,Environmental Research Letters,76,no,uses-mascon-product,GRACE,mascon,multiple,RL06,mascon,unclear,unclear,unclear,unclear,unclear,unclear,Marked storage depletion in the semi-arid southwestern Central Valley and south-central High Plains totaled ∼90 km3,Columbia Plateau; Snake River Plain; Central Valley; Sacramento; San Joaquin/Tulare; Upper Colorado; Arizona Alluvial; Northern High Plains; Central and Southern High Plains; Edwards Trinity; Texas Gulf Coast; Mississippi Embayment; Coastal Lowlands; Floridian aquifer; Pennsylvania,3,1,deepseek-chat,,
300,mississippi,True,W3097750640,W3097750640,10.1038/s41598-020-75710-5,Multi-mission satellite remote sensing data for improving land hydrological models via data assimilation,Mehdi Khaki,2020,Scientific Reports,66,no,processes-L2-SHM,GRACE,own-SHM,ITSG,,,90,,,,,unclear/unclear,,Murray–Darling basin; Mississippi basin,2,1,deepseek-chat (full-text 2026),,yes
302,mississippi,True,W2945995916,W2945995916,10.1029/2018jb016596,An Optimized Short‐Arc Approach: Methodology and Application to Develop Refined Time Series of Tongji‐Grace2018 GRACE Monthly Solutions,Qiujie Chen,2019,Journal of Geophysical Research Solid Earth,45,no,processes-L2-SHM,GRACE,own-SHM,Tongji,,decorrelation,96,ICE6G,replaced,,Swenson 2008,replaced/unclear,,Amazon; Mississippi; Irrawaddy; Taz; Greenland; Sahara; Pacific,6,2,deepseek-chat (full-text 2026),,yes
303,mississippi,True,W2790724767,W2790724767,10.1002/2017jd027706,Recent Acceleration of the Terrestrial Hydrologic Cycle in the U.S. Midwest,Pat J.‐F. Yeh,2018,Journal of Geophysical Research Atmospheres,36,no,does-not-use-grace,unclear,non-GRACE,,,,,,,,,unclear/unclear,TWS is decreased by ~2.0 mm/year,Illinois; U.S. Midwest,0,0,deepseek-chat (full-text 2026 round2),,yes
304,mississippi,True,W2913114650,W2913114650,10.1029/2018wr023278,"Trends and Interannual Variability in Terrestrial Water Storage Over the Eastern United States, 2003–2016",Qian Cao,2019,Water Resources Research,31,no,uses-published-TWS,GRACE,downstream-use,multiple,RL05,G300+destripe,,,,,,unclear/unclear,,Eastern United States; Illinois,3,2,deepseek-chat (full-text 2026 round2),,yes
305,mississippi,True,W4366829907,W4366829907,10.3390/rs15092247,GRACE Downscaler: A Framework to Develop and Evaluate Downscaling Models for GRACE,Sarva T. Pulla,2023,Remote Sensing,20,no,uses-mascon-product,GRACE,mascon,JPL,RL06,mascon,,,,,,unclear/unclear,,"Sunflower County, Mississippi; Mississippi",3,3,deepseek-chat (full-text 2026 round2),,yes
306,mississippi,True,W1986136425,W1986136425,10.1007/s00190-009-0301-x,Evaluation and validation of mascon recovery using GRACE KBRR data with independent mass flux estimates in the Mississippi Basin,S. M. Klosko,2009,Journal of Geodesy,18,no,uses-mascon-product,GRACE,mascon,GSFC,,mascon,,,,,,unclear/unclear,,Mississippi Basin,2,1,deepseek-chat (full-text 2026),,yes
307,mississippi,True,W3171069342,W3171069342,10.2166/wp.2021.039,Decreasing water resources in Southeastern U.S. as observed by the GRACE satellites,Johanna Engström,2021,Water Policy,16,no,uses-mascon-product,GRACE,mascon,JPL,RL06,mascon,,,,,,unclear/unclear,11.6 km3,Southeastern U.S.; Alabama; Mississippi,3,1,deepseek-chat (full-text 2026 round2),,yes
308,mississippi,True,W4321507063,,10.1016/j.ejrh.2023.101342,Unstructured-grid approach to develop high-fidelity groundwater model to understand groundwater flow and storage responses to excessive groundwater withdrawals in the Southern Hills aquifer system in southeastern Louisiana (USA),Ye-Hong Chen,2023,Journal of Hydrology Regional Studies,11,no,uses-published-TWS,GRACE,downstream-use,,,,,,,,,unclear/unclear,overall estimated groundwater storage changes of the SHAS in the CAGCD are close to zero in the past two decades,Southern Hills aquifer system (SHAS); Capital Area Groundwater Conservation District (CAGCD); Baton Rouge area,0,0,deepseek-chat (full-text 2026 round2),,yes
309,mississippi,True,W4384557636,,10.3390/s23146428,Using Downscaled GRACE Mascon Data to Assess Total Water Storage in Mississippi Alluvial Plain Aquifer,Zahra Ghaffari,2023,Sensors,9,no,uses-mascon-product,GRACE+GRACE-FO,mascon,JPL,,mascon,,,,,,unclear/unclear,water depletion in the central Mississippi Delta area,Mississippi Alluvial Plain; Mississippi Delta,2,1,deepseek-chat (full-text 2026 round2),,yes
311,mississippi,True,W4404501617,,10.3390/rs16224285,Influence of Land Use and Land Cover Changes and Precipitation Patterns on Groundwater Storage in the Mississippi River Watershed: Insights from GRACE Satellite Data,Padmanava Dash,2024,Remote Sensing,5,no,uses-published-TWS,GRACE,downstream-use,GRACE-Tellus,RL05,,,,,,,unclear/unclear,"Lower Mississippi region experienced the fastest groundwater decline, with a Sen's slope of −0.07 cm/year",Mississippi River Watershed,2,2,deepseek-chat (full-text 2026 round2),,yes
312,mississippi,True,W4403979555,,10.3390/hydrology11110186,Assessing Differences in Groundwater Hydrology Dynamics Between In Situ Measurements and GRACE-Derived Estimates via Machine Learning: A Test Case of Consequences for Agroecological Relationships Within the Yazoo–Mississippi Delta (USA),Lucas J. Heintzman,2024,Hydrology,4,no,uses-mascon-product,GRACE+GRACE-FO,mascon,,,mascon,,,,,,unclear/unclear,,Yazoo–Mississippi Delta (YMD); Mississippi Alluvial Plain (MAP); Mississippi River Valley Alluvial Aquifer (MRVAA),1,1,deepseek-chat (full-text 2026 round2),,yes
314,mississippi,True,W2804076582,,,A Comparison of Satellite Data-Based Drought Indicators in Detecting the 2012 Drought in the Southeastern US,Ali Levent Yağcı,2018,NASA Technical Reports Server (NASA),1,no,uses-published-TWS,GRACE,downstream-use,,,,,,,,,unclear/unclear,severe-to-exceptional groundwater and soil moisture depletion,southeastern US; Coosa-Tallapoosa basin; St. Francis basin; Upper White basin,0,0,deepseek-chat (full-text 2026 round2),,yes
315,mississippi,True,W3131784727,W3131784727,10.5772/intechopen.96109,Continental Water Storage Changes Sensed by GRACE Satellite Gravimetry,Guillaume Ramillien,2021,IntechOpen eBooks,1,no,review-or-perspective,GRACE+GRACE-FO,review,,,,,,,,,unclear/unclear,,global,0,0,deepseek-chat (full-text 2026 round2),,yes
316,mississippi,True,W4287832719,W4287832719,10.5194/isprs-archives-xlvi-m-2-2022-131-2022,STUDYING THE POTENTIAL IMPACT OF GROUNDWATER DEPLETION ON SURFACE VEGETATION IN THE MISSISSIPPI DELTA USING REMOTE SENSING,S. M. Jones,2022,"The international archives of the photogrammetry, remote sensing and spatial information sciences/International archives of the photogrammetry, remote sensing and spatial information sciences",1,no,uses-published-TWS,GRACE+GRACE-FO,downstream-use,,,,,,,,,unclear/unclear,,Mississippi Delta,0,0,deepseek-chat (full-text 2026 round2),,yes
317,mississippi,True,W4413376324,W4413376324,10.3390/limnolrev25030039,Evaluating an Ensemble-Based Machine Learning Approach for Groundwater Dynamics by Downscaling GRACE Data,Zahra Ghaffari,2025,Limnological Review,1,no,uses-mascon-product,GRACE+GRACE-FO,mascon,,,mascon,,,,,,unclear/unclear,significant groundwater depletion in the central Mississippi Delta,Mississippi Delta; Mississippi River Valley Alluvial Aquifer,1,1,deepseek-chat (full-text 2026 round2),,yes
318,mississippi,True,W7144123599,,10.1029/2025ef006653,Freshwater Availability in the Mississippi River Basin and Adjacent Texas Aquifers Under Human and Climate Pressures,Ashraf Rateb,2026,Earth s Future,0,no,uses-mascon-product,GRACE+GRACE-FO,mascon,"CSR, JPL, GSFC",RL06.03,mascon,unclear,ICE-6G_C (VM5a),replaced with SLR,replaced with SLR,Sun 2016; Swenson 2008,replaced with SLR/replaced with SLR,GRACE-based TWSA indicates net losses of 85 ± 15 km3 since 2002 in the arid western MRB–TX,Mississippi River Basin; Texas aquifers; Central and Southern High Plains; Carrizo–Wilcox; Northern High Plains; Northern Great Plains; Edwards–Trinity Plateau; Texas Gulf Coast; Mississippi Embayment Regional Aquifer System (MERAS); Ozark Plateau; Coastal Lowland; Great Lakes; Cambrian–Ordovician; Pennsylvanian,7,1,deepseek-chat,,
320,mississippi,True,W4283025414,W4283025414,10.31390/gradschool_theses.5513,GPS Observations of Subsidence in South Louisiana over Seasonal and Sub-seasonal Timescales Associated with Hydrologic Loading,Nicholas Schuler,2022,,0,no,uses-mascon-product,GRACE+GRACE-FO,mascon,JPL,,mascon,,,,,,unclear/unclear,,southeast Louisiana; Pontchartrain Basin; Barataria Basin,2,2,deepseek-chat (full-text 2026 round2),,yes
321,mississippi,True,W7162093779,W7162093779,10.3390/rs18111680,Machine Learning Approaches for Terrestrial Water Storage Assessment in Coastal Lowland Aquifer System Using GRACE/GRACE-FO Satellite Data (2003–2023),Md Nasrat Jahan,2026,Remote Sensing,0,no,uses-mascon-product,GRACE+GRACE-FO,mascon,JPL,RL06v04,mascon,,GIA correction,replaced,replaced,degree-1 correction applied,replaced/replaced,Zone 1 shows a statistically significant decreasing trend of −0.30 ± 0.25 cm/year,Coastal Lowland Aquifer System (CLAS); Texas; Louisiana; Mississippi; Alabama; Florida,7,6,deepseek-chat (full-text 2026 round2),,yes
322,murray,True,W2132012867,,10.1029/2008wr007333,"Basin‐scale, integrated observations of the early 21st century multiyear drought in southeast Australia",Marc Leblanc,2009,Water Resources Research,381,yes,processes-L2-SHM,GRACE,own-SHM,GRGS,GRGS Release 1,,50,,,,,unclear/unclear,total water loss of ~140 km3 between August 2002 and December 2006,Murray-Darling Basin,3,2,deepseek-chat (full-text 2026),,yes
323,murray,True,W2767496663,,10.1016/j.rse.2017.10.029,Improving drought simulations within the Murray-Darling Basin by combined calibration/assimilation of GRACE data into the WaterGAP Global Hydrology Model,Maike Schumacher,2017,Remote Sensing of Environment,145,no,processes-L2-SHM,GRACE,own-SHM,multiple,RL05,DDK3,90,,replaced (e.g. with SLR / TN-14),,Swenson 2008,replaced (e.g. with SLR / TN-14)/unclear,declining groundwater storage trends,Murray-Darling Basin; NW; NE; SE; SW,6,4,deepseek-chat (full-text 2026),,yes
324,murray,True,W2130801915,,10.1029/2011gl050263,Tropical cyclones and the ecohydrology of Australia's recent continental‐scale drought,Gavan McGrath,2011,Geophysical Research Letters,85,no,uses-published-TWS,GRACE,downstream-use,CSR,,G300,,,,,,unclear/unclear,Total continental water loss of the order of 430 km3 for this period,Australia; northwest Australia; southeast Australia,2,2,deepseek-chat (full-text 2026 round2),,yes
325,murray,True,W1560979562,,10.1029/2011wr010714,Use of Gravity Recovery and Climate Experiment terrestrial water storage retrievals to evaluate model estimates by the Australian water resources assessment system,Albert I. J. M. van Dijk,2011,Water Resources Research,74,no,uses-published-TWS,GRACE,downstream-use,CSR,,de-striped and smoothed,,"Paulson et al., 2007",,,,unclear/unclear,a decrease of 7–8 mm yr⁻¹ (50–60 km³ yr⁻¹) was estimated from GRACE,Australia; Great Sandy Desert; Murray Basin; southwest Western Australia; northwest Australia; Gulf of Carpentaria; Top End; North Queensland,3,2,deepseek-chat (full-text 2026 round2),,yes
326,murray,True,W2115234023,,10.1080/08120099.2010.512645,Relation between GRACE-derived surface mass variations and precipitation over Australia,Daniel Rieser,2010,Australian Journal of Earth Sciences,61,no,processes-L2-SHM,GRACE,own-SHM,CSR,RL04,G500,60,,,,,unclear/unclear,significant decrease in water storage in the southeast of Australia,Australia; Murray Darling Basin,4,2,deepseek-chat (full-text 2026),,yes
327,murray,True,W2966999739,,10.1016/j.jag.2019.101927,"The role of GRACE total water storage anomalies, streamflow and rainfall in stream salinity trends across Australia’s Murray-Darling Basin during and post the Millennium Drought",Valentin Heimhuber,2019,International Journal of Applied Earth Observation and Geoinformation,18,no,uses-published-TWS,GRACE,downstream-use,multiple,,,,,,,,unclear/unclear,,Murray-Darling Basin,1,0,deepseek-chat (full-text 2026 round2),,yes
328,murray,True,W2122154990,,10.1080/08120091003619241,"Quantifying GRACE data contamination effects on hydrological analysis in the Murray–Darling Basin, southeast Australia",Nicholas Brown,2010,Australian Journal of Earth Sciences,17,no,processes-L2-SHM,GRACE,own-SHM,GRGS,,none,50,,,,,unclear/unclear,,Murray-Darling Basin,3,0,deepseek-chat (full-text 2026),,yes
329,murray,True,W3014327826,,,Methods for assimilating remotelysensed water storage changes into hydrological models,Maike Schumacher,2016,bonndoc (University of Bonn),15,no,processes-L2-SHM,GRACE,own-SHM,unclear,unclear,DDK,90,unclear,replaced,unclear,replaced,replaced/unclear,,Mississippi River Basin; Murray-Darling River Basin,4,2,deepseek-chat,,
330,murray,True,W2753539080,,10.3390/w9090614,A Comparative Study of GRACE with Continental Evapotranspiration Estimates in Australian Semi-Arid and Arid Basins: Sensitivity to Climate Variability and Extremes,Hong Shen,2017,Water,11,no,uses-published-TWS,GRACE,downstream-use,GRGS,,mascon,,,,,,unclear/unclear,,Murray-Darling Basin; Lake Eyre Basin,2,2,deepseek-chat (full-text 2026),,yes
331,murray,True,W3047491246,,10.1088/1755-1315/540/1/012054,Monitoring Groundwater Depletion Due to Drought using Satellite Gravimetry: A Review,Norhafizi Mohamad,2020,IOP Conference Series Earth and Environmental Science,11,no,review-or-perspective,GRACE+GRACE-FO,review,unclear,unclear,unclear,unclear,unclear,unclear,unclear,unclear,unclear,,central Amazon Basin; Murray-Darling Basin; Mongolia Basin,0,0,deepseek-chat,,
332,murray,True,W4405285876,,10.1016/j.jhydrol.2024.132489,Unravelling soil moisture uncertainties in GRACE groundwater modelling,Ikechukwu Kalu,2024,Journal of Hydrology,6,no,uses-mascon-product,GRACE,mascon,"CSR, JPL, GFZ",RL06,mascon,,,,,,unclear/unclear,,Murray Darling Basin,3,3,deepseek-chat (full-text 2026 round2),,yes
333,murray,True,W227994681,,,Use of GRACE Terrestrial Water Storage Retrievals to Evaluate Model Estimates by the Australian Water Resources Assessment System,Albert I. J. M. van Dijk,2011,,5,no,uses-published-TWS,GRACE,downstream-use,CSR,,Swenson-Wahr destripe,,Paulson_2007,,,,unclear/unclear,a decrease of 7–8 mm y-1 (50–60 km3 y-1) was estimated from GRACE,Australia; Great Sandy Desert; Murray Basin; southwest Western Australia; Gulf of Carpentaria; Top End; North Queensland,3,3,deepseek-chat (full-text 2026 round2),,yes
334,murray,True,W2991366681,,10.1051/e3sconf/201913101067,Detection of groundwater storage variability based on GRACE and CABLE model in the Murray-Darling Basin,Tongqing Li,2019,E3S Web of Conferences,4,no,uses-mascon-product,GRACE,mascon,CSR,RL05,mascon,unclear,unclear,unclear,unclear,unclear,unclear,GWS variations shows an increasing trend with a rate of 1.19 ± 0.41 mm/year,Murray-Darling Basin,3,3,deepseek-chat,,
335,murray,True,W2246962051,,,Can the GRACE satellite mission help in the Murray-Darling Basin?,Kevin Ellett,2005,,2,no,review-or-perspective,GRACE,review,,,,,,,,,unclear/unclear,,Murray-Darling Basin; Murrumbidgee catchment,0,0,deepseek-chat (full-text 2026 round2),,yes
336,murray,True,W2114242633,,,Satellite Observations for Identifying Continental-Scale Climate Change over Australia,Kevin Fleming,2010,eSpace (Curtin University),1,no,uses-published-TWS,GRACE,downstream-use,CSR,RL04,,,,,,,unclear/unclear,loss of groundwater from this region of the order of 104 km3 between 2001 and 2007,Australia; Murray-Darling River Basin,2,2,deepseek-chat (full-text 2026 round2),,yes
337,murray,True,W1547472719,,10.18419/opus-3838,Assessing hydrological changes in the Murray-Darling basin,Stefanie Schmid,2010,OPUS Publication Server of the University of Stuttgart (University of Stuttgart),0,no,processes-L2-SHM,GRACE,own-SHM,GFZ,,Swenson-Wahr decorrelation + G500,120,,,,,unclear/unclear,severe drought detected in 2006/07,Murray-Darling Basin,3,3,deepseek-chat (full-text 2026),,yes
338,murray,True,W1594900726,,,Hydrological Variations in Australia Recovered by GRACE High-Resolution Mascons Solutions,C. C. Carabajal,2009,AGUFM,0,no,uses-mascon-product,GRACE,mascon,GSFC-M,,mascon,,,,,,unclear/unclear,decadal drought in the Murray-Darling river basin,Australia; Murray-Darling river basin; North-Western Australia,2,2,deepseek-chat (full-text 2026 round2),,yes
339,murray,True,W2211681890,,,Drought detection in the Murray-Darling basin from space gravity and hydrologic observations,Marc Leblanc,2008,ResearchOnline at James Cook University (James Cook University),0,no,processes-L2-SHM,GRACE,own-SHM,GRGS,,,50,,,,,unclear/unclear,decrease of water mass versus time of ~100 cubic km,Murray-Darling basin,2,2,deepseek-chat (full-text 2026 round2),,yes
340,murray,True,W4415043204,,10.1016/j.ejrh.2025.102832,Basin-scale evaluation of current and future climate influences on groundwater variations using satellite and model observations,Ikechukwu Kalu,2025,Journal of Hydrology Regional Studies,0,no,uses-mascon-product,GRACE+GRACE-FO,mascon,CSR,R6v3,mascon,,,,,,unclear/unclear,,Murray Darling Basin,3,2,deepseek-chat (full-text 2026 round2),,yes
341,murray-darling,True,W4410760898,W4410760898,10.1038/s41598-025-01938-8,Space-based natural and human-induced water storage change quantification,Maike Schumacher,2025,Scientific Reports,3,no,processes-L2-SHM,GRACE+GRACE-FO,own-SHM,CSR,RL06,two-step filtering and leakage-reduction approach (Yang et al. 2024),96,applied (model unstated),replaced (SLR),unstated,replaced (Swenson 2008),replaced (SLR)/unclear,17% due to water extraction for irrigation,Murray–Darling Basin,7,7,deepseek-chat (full-text 2026),,yes
342,murray-darling,True,W7116063339,W7116063339,10.5281/zenodo.17911502,"Developing of Integrated Modelling Framework to Evaluate Sustainability of Climate Smart and Drought-Resilience Agricultural Technologies by Concerning Water, Land and Food Security Network.","Prasain, suresh",2025,Zenodo (CERN European Organization for Nuclear Research),0,no,does-not-use-grace,unclear,non-GRACE,,,,,,,,,unclear/unclear,,Australia,0,0,deepseek-chat (full-text 2026 round2),,yes
343,north_china_plain,False,W1548430664,,10.1002/wrcr.20192,Evaluation of groundwater depletion in North China using the Gravity Recovery and Climate Experiment (GRACE) data and ground‐based measurements,Wei Feng,2013,Water Resources Research,838,yes,processes-L2-SHM,GRACE,own-SHM,CSR,RL05,G200+destripe,60,Paulson_2007,replaced with SLR,,Swenson 2008,replaced with SLR/unclear,groundwater depletion rate of 2.2 ± 0.3 cm/yr (8.3 ± 1.1 km³/yr),North China; Beijing; Tianjin; Hebei province; Shanxi province,7,4,deepseek-chat (full-text 2026),,yes
344,north_china_plain,False,W1937577420,,10.1002/2014gl062498,Subregional‐scale groundwater depletion detected by GRACE for both shallow and deep aquifers in North China Plain,Zhiyong Huang,2015,Geophysical Research Letters,265,no,processes-L2-SHM,GRACE,own-SHM,CSR,RL05,G200,,,,,,unclear/unclear,GWS in PP declines faster (46.5 ± 6.8 mm/yr) than that in ECP (16.9 ± 1.9 mm/yr),North China Plain; Piedmont Plain; East Central Plain,3,3,deepseek-chat (full-text 2026),,yes
345,north_china_plain,False,W3041100341,,10.1038/s41467-020-17103-w,Gainers and losers of surface and terrestrial water resources in China during 1989–2016,Xinxin Wang,2020,Nature Communications,249,no,uses-published-TWS,GRACE,downstream-use,,,,,,,,,unclear/unclear,"extensive and continued losses of TWS, together with small to moderate changes of SWA in North China, indicated long-term water stress in the region",China,0,0,deepseek-chat (full-text 2026 round2),,yes
346,north_china_plain,False,W2799831353,,10.3390/rs10050674,Groundwater Storage Changes in China from Satellite Gravity: An Overview,Wei Feng,2018,Remote Sensing,209,no,processes-L2-SHM,GRACE,own-SHM,CSR,RL05,DDK4,60,A_2013,replaced,,replaced,replaced/unclear,GRACE detects a significant GWS depletion rate of 7.2 ± 1.1 km3/yr in the North China Plain (NCP) during 2002–2014,North China Plain; Liaohe River Basin; Tarim Basin,7,5,deepseek-chat (full-text 2026),,yes
347,north_china_plain,False,W2556455217,,10.1002/2016gl071287,Detection of human‐induced evapotranspiration using GRACE satellite observations in the Haihe River basin of China,Yun Pan,2016,Geophysical Research Letters,195,no,processes-L2-SHM,GRACE,own-SHM,multiple,RL05,G200,60,,replaced,,,replaced/unclear,human-induced ET of 60.0 ± 24.2 mm/yr,Haihe River basin,5,5,deepseek-chat (full-text 2026),,yes
348,north_china_plain,False,W3011887313,,10.1016/j.jhydrol.2020.124849,Utilizing GRACE-based groundwater drought index for drought characterization and teleconnection factors analysis in the North China Plain,Fei Wang,2020,Journal of Hydrology,167,no,uses-mascon-product,GRACE,mascon,CSR,RL06,mascon,,,,,,unclear/unclear,groundwater depletion at a rate of approximately 4 km3/yr since the 1960s,North China Plain,3,2,deepseek-chat (full-text 2026 round2),,yes
349,north_china_plain,False,W2803410606,,10.1029/2017jd027468,Statistical Downscaling of GRACE‐Derived Groundwater Storage Using ET Data in the North China Plain,Wenjie Yin,2018,Journal of Geophysical Research Atmospheres,161,no,uses-published-TWS,GRACE,downstream-use,CSR,RL05,,,,,,,unclear/unclear,,North China Plain; Beijing Plain,2,2,deepseek-chat (full-text 2026 round2),,yes
350,north_china_plain,False,W2279441186,,10.5194/nhess-16-469-2016,Variations in water storage in China over recent decades from GRACE observations and GLDAS,X. Mo,2016,Natural hazards and earth system sciences,97,no,uses-published-TWS,GRACE,downstream-use,CSR,RL05,G300,60,,,,,unclear/unclear,TWS decreased linearly in the Huai River basin (−0.56 cm yr−1),China; Heilongjiang River; Liao River; Hai River; Huai River; Yellow River; Changjiang River; Zhujiang; southeast rivers,4,1,deepseek-chat (full-text 2026 round2),,yes
351,north_china_plain,False,W1857145603,,10.1002/grl.50790,Anthropogenic impacts on mass change in North China,Qiuhong Tang,2013,Geophysical Research Letters,94,no,uses-published-TWS,GRACE,downstream-use,multiple,RL05,,,,,,,unclear/unclear,groundwater depletion rate of -14 to -8.4 mm yr-1 in the North China Plain,North China; North China Plain,2,2,deepseek-chat (full-text 2026 round2),,yes
352,north_china_plain,False,W3013705383,,10.1029/2020wr027413,Estimating Net Irrigation Across the North China Plain Through Dual Modeling of Evapotranspiration,Julian Koch,2020,Water Resources Research,88,no,uses-published-TWS,GRACE,downstream-use,multiple,RL05,scaling coefficients,,,,,,unclear/unclear,GRACE-based TWSA decreasing trend of −11.8 mm yr−1,North China Plain; Haihe River Basin,3,2,deepseek-chat (full-text 2026),,yes
353,north_china_plain,False,W1984920621,,10.4314/wsa.v35i5.49192,"Comparison of GRACE with in situ hydrological measurement data shows storage depletion in Hai River basin, Northern China",JP Moiwo,2009,Water SA,82,no,uses-published-TWS,GRACE,downstream-use,,RL04,G200,,,,,,unclear/unclear,storage loss in the range of 12.72 to 23.76 mm/yr,Hai River basin,2,2,deepseek-chat (full-text 2026 round2),,yes
354,north_china_plain,False,W2793477278,,10.3390/rs10030483,Evaluation of Groundwater Storage Variations Estimated from GRACE Data Assimilation and State-of-the-Art Land Surface Models in Australia and the North China Plain,Natthachet Tangdamrongsub,2018,Remote Sensing,73,no,processes-L2-SHM,GRACE,own-SHM,CSR,RL05,destripe + G250,60,,replaced,,restored (Swenson et al. 2008),replaced/unclear,groundwater depletion in Australia and NCP,Australia; North China Plain,6,5,deepseek-chat (full-text 2026),,yes
355,north_china_plain,False,W2996675831,,10.3390/rs11243050,"Human-Induced and Climate-Driven Contributions to Water Storage Variations in the Haihe River Basin, China",Yulong Zhong,2019,Remote Sensing,70,no,uses-mascon-product,GRACE,mascon,CSR,,mascon,,,replaced,,degree-1 correction applied,replaced/unclear,human-induced water depletion rate of -12.87 ± 1.07 mm/yr,Haihe River Basin,4,4,deepseek-chat (full-text 2026 round2),,yes
356,north_china_plain,False,W4388342081,,10.1016/j.scitotenv.2023.168239,The GWR model-based regional downscaling of GRACE/GRACE-FO derived groundwater storage to investigate local-scale variations in the North China Plain,Shoaib Ali,2023,The Science of The Total Environment,69,no,uses-mascon-product,GRACE+GRACE-FO,mascon,CSR,RL06,mascon,,,,,,unclear/unclear,GWSA decreased by -17.55 ± 7.19 mm/yr,North China Plain,3,3,deepseek-chat (full-text 2026 round2),,yes
357,north_china_plain,False,W2060195285,,10.1080/02626667.2014.916406,"Groundwater depletion in the Hai River Basin, China, from<i>in situ</i>and GRACE observations",Hong Shen,2014,Hydrological Sciences Journal,68,no,processes-L2-SHM,GRACE,own-SHM,multiple,"RL02, RL05","destriping, G200, low-pass spectral filter to truncate to degree 60",60,,,,,unclear/unclear,groundwater depletion rate of 17.0 ± 4.3 mm year-1 (5.5 ± 1.4 km3 year-1) from GRGS,Hai River Basin; North China Plain,4,1,deepseek-chat (full-text 2026),,yes
358,north_china_plain,False,W2337516789,,10.1002/2015jb012608,Basin mass dynamic changes in China from GRACE based on a multibasin inversion method,Shuang Yi,2016,Journal of Geophysical Research Solid Earth,68,no,processes-L2-SHM,GRACE,own-SHM,CSR,,G300,60,none,replaced,,Swenson 2008,replaced/unclear,mass loss in the Huang-Huai-Hai-Liao River Basin (10.2 ± 0.9 Gt/yr),China; Tibetan Plateau; Yangtze River; Huang-Huai-Hai-Liao River Basin; Brahmaputra-Nujiang-Lancang River Basin; Tienshan Mountain; North China Plain; Songhua River; Yellow River; Huaihe River; Haihe River; Liao-Luan River; Inner Mongolia; Hexi; Jungar Basin; Tarim Basin; Inner Tibet; Lancang-Nu Rivers; Southeastern coast; Southeast Asia; Ganges River; India Peninsula; Indus River; Large western areas; Mongolia; Outside Amur; Korean Peninsula; Japan Sea; East China Sea; South China Sea,6,4,deepseek-chat (full-text 2026),,yes
359,north_china_plain,False,W2533414466,,10.5194/hess-21-2905-2017,Detecting seasonal and long-term vertical displacement in the North China Plain using GRACE and GPS,Linsong Wang,2017,Hydrology and earth system sciences,61,no,processes-L2-SHM,GRACE,own-SHM,CSR,RL05,G250,60,A_2013,replaced,,Swenson 2008,replaced/unclear,the rate of GRACE-derived TWS loss (after multiplying by the scaling factor) in the NCP was 3.39 cm yr−1 from 2003 to 2009,North China Plain,7,3,deepseek-chat (full-text 2026),,yes
360,north_china_plain,False,W3199887002,,10.1016/j.jhydrol.2021.126933,Impacts of water resources management on land water storage in the North China Plain: Insights from multi-mission earth observations,Jun Liu,2021,Journal of Hydrology,59,no,uses-mascon-product,GRACE+GRACE-FO,mascon,multiple,,mascon,,,,,,unclear/unclear,TWS declined significantly over the past decades (−1.04 ± 0.05 cm/yr in 2004 to 2020),North China Plain,2,2,deepseek-chat (full-text 2026 round2),,yes
361,north_china_plain,False,W3203430873,,10.1016/j.jag.2021.102560,Long-term and seasonal variation in groundwater storage in the North China Plain based on GRACE,Yi Xu,2021,International Journal of Applied Earth Observation and Geoinformation,57,no,uses-mascon-product,GRACE,mascon,multiple,RL06,mascon,,,,,,unclear/unclear,average decline rate of 12.46 mm/yr,North China Plain,3,2,deepseek-chat (full-text 2026 round2),,yes
362,north_china_plain,False,W3097963976,,10.1029/2020wr027102,Why Is the Terrestrial Water Storage in Dryland Regions Declining? A Perspective Based on Gravity Recovery and Climate Experiment Satellite Observations and Noah Land Surface Model With Multiparameterization Schemes Model Simulations,Li‐Ling Chang,2020,Water Resources Research,56,no,uses-published-TWS,GRACE,downstream-use,multiple,RL05,,,Caron_2018,,,,unclear/unclear,drylands lost ~15.9 ± 9.1 mm of water,global drylands; southwestern North America; Middle East; North China,3,3,deepseek-chat (full-text 2026),,yes
363,north_china_plain,False,W2975407161,W2975407161,10.3390/s19194144,Bridging Terrestrial Water Storage Anomaly During GRACE/GRACE-FO Gap Using SSA Method: A Case Study in China,Wanqiu Li,2019,Sensors,54,no,processes-L2-SHM,GRACE+GRACE-FO,own-SHM,CSR,RL06,G300 + P3M15,,,replaced (with SLR),,replaced (Swenson 2008),replaced (with SLR)/unclear,,North China Plain (NCP); Southwest China (SWC); Three-River Headwaters Region (TRHR); Tianshan Mountains Region (TSMR); Heihe River Basin (HRB); Lishui and Wenzhou area (LSWZ),5,5,deepseek-chat (full-text 2026),,yes
364,north_china_plain,False,W2520888286,,10.3390/s16091495,Surface Subsidence Analysis by Multi-Temporal InSAR and GRACE: A Case Study in Beijing,Jiming Guo,2016,Sensors,51,no,processes-L2-SHM,GRACE,own-SHM,CSR,RL05,G300 + P3M6,60,,replaced with SLR,,,replaced with SLR/unclear,groundwater decreases at a rate of 5.3 mm/year (in terms of EWH),Beijing,5,4,deepseek-chat (full-text 2026),,yes
365,north_china_plain,False,W3047171122,,10.1016/j.jhydrol.2020.125348,Improved water storage estimates within the North China Plain by assimilating GRACE data into the CABLE model,Wenjie Yin,2020,Journal of Hydrology,50,no,uses-published-TWS,GRACE,downstream-use,CSR,,,,,,,,unclear/unclear,groundwater depletion,North China Plain,1,0,deepseek-chat (full-text 2026 round2),,yes
366,north_china_plain,False,W2467442735,,10.1038/srep28160,"Time-varying land subsidence detected by radar altimetry: California, Taiwan and north China",Cheinway Hwang,2016,Scientific Reports,49,no,does-not-use-grace,unclear,non-GRACE,unclear,unclear,unclear,unclear,unclear,unclear,unclear,unclear,unclear,,San Joaquin Valley; central Taiwan; North China Plain,0,0,deepseek-chat,,
367,north_china_plain,False,W3207093619,,10.1016/j.wace.2021.100393,Seasonal and aridity influences on the relationships between drought indices and hydrological variables over China,Hao‐jie Xu,2021,Weather and Climate Extremes,47,no,uses-mascon-product,GRACE+GRACE-FO,mascon,CSR,RL06,mascon,,,,,,unclear/unclear,"TWS decreased in all seasons across arid, semi-arid and sub-humid regions",China,3,3,deepseek-chat (full-text 2026 round2),,yes
368,north_china_plain,False,W2772393661,,10.1155/2017/8254824,Evaluation of Groundwater Storage Variations in Northern China Using GRACE Data,Wenjie Yin,2017,Geofluids,46,no,uses-published-TWS,GRACE,downstream-use,CSR,RL05,G300,60,Geruo_ICE5G_VM2,replaced,,Swenson 2008,replaced/unclear,mean annual depletion rate of groundwater storage in the Northern China was approximately 1.70 billion m3 yr-1 from 2003 to 2012,Northern China; Songhua RB; Liao RB; Hai RB; Yellow RB; Northwestern RBs; Huai RB; Song-Liao Plain; Huang-Huai-Hai Plain; Jing-Jin-Ji; Henan; Shandong; Shanxi; Inner Mongolia; Liaoning; Jilin; Heilongjiang; Anhui; Qinghai; Xinjiang; Gansu; Shaanxi; Tibet,7,4,deepseek-chat (full-text 2026 round2),,yes
369,north_china_plain,False,W3004648353,,10.3390/s20030922,"Spatio-Temporal Variations in Groundwater Revealed by GRACE and Its Driving Factors in the Huang-Huai-Hai Plain, China",Youzhe Su,2020,Sensors,44,no,uses-mascon-product,GRACE,mascon,JPL,RL06,mascon,,,,,,unclear/unclear,GWS was depleted at a rate of -1.14 ± 0.89 cm/y,Huang-Huai-Hai Plain; Haihe River Basin; Huaihe River Basin,3,3,deepseek-chat (full-text 2026 round2),,yes
370,north_china_plain,False,W2004661976,,10.3390/s141019861,Earth Surface Deformation in the North China Plain Detected by Joint Analysis of GRACE and GPS Data,Renli Liu,2014,Sensors,43,no,processes-L2-SHM,GRACE,own-SHM,CSR,RL05,G300 + destriping,60,Paulson_2007,,,restored from SLR (UTCSR RL05 geocenter series),unclear/unclear,groundwater depletion rate of 2.26 ± 0.3 cm/year from 2003 to 2010,North China Plain,6,5,deepseek-chat (full-text 2026),,yes
371,north_china_plain,False,W2793448975,,10.3390/rs10020259,Vertical Displacements Driven by Groundwater Storage Changes in the North China Plain Detected by GPS Observations,Renli Liu,2018,Remote Sensing,43,no,processes-L2-SHM,GRACE,own-SHM,CSR,RL05,G300+destripe,96,,replaced with SLR,,Swenson 2008,replaced with SLR/unclear,groundwater depletion in NCP has slowed in recent years,North China Plain,6,5,deepseek-chat (full-text 2026),,yes
372,north_china_plain,False,W4223974194,,10.1016/j.ejrh.2022.101085,Analysis of groundwater changes (2003–2020) in the North China Plain using geodetic measurements,Renli Liu,2022,Journal of Hydrology Regional Studies,43,no,uses-published-TWS,GRACE+GRACE-FO,downstream-use,multiple,RL06,G300,,ICE6G-D,replaced,replaced,Swenson 2008,replaced/replaced,GWS depleted at rates of −1.66 ± 0.17 cm/yr and −2.76 ± 0.55 cm/yr for subperiods of 2003–2014 and 2015–2020,North China Plain,7,6,deepseek-chat (full-text 2026),,yes
373,north_china_plain,False,W4393370978,,10.1016/j.ecolind.2024.111925,Characteristics of groundwater drought and its correlation with meteorological and agricultural drought over the North China Plain based on GRACE,Qingping Liu,2024,Ecological Indicators,43,no,uses-mascon-product,GRACE+GRACE-FO,mascon,CSR,RL06,mascon,,,,,,unclear/unclear,the average rate of decline in the GWSA is −11.97 mm/a,North China Plain,3,2,deepseek-chat (full-text 2026 round2),,yes
374,north_china_plain,False,W1524410996,,10.1002/hyp.9276,Analysis of satellite‐based and <i>in situ</i> hydro‐climatic data depicts water storage depletion in North China Region,Juana P. Moiwo,2012,Hydrological Processes,41,no,processes-L2-SHM,GRACE,own-SHM,CSR,RL04,G200,,,,,,unclear/unclear,storage loss that is on the average of 16.8 mm/yr,North China Region,3,3,deepseek-chat (full-text 2026),,yes
375,north_china_plain,False,W3116774688,,10.3390/s21010046,Improving the Resolution and Accuracy of Groundwater Level Anomalies Using the Machine Learning-Based Fusion Model in the North China Plain,Gangqiang Zhang,2020,Sensors,41,no,uses-published-TWS,GRACE,downstream-use,multiple,,,,,,,,unclear/unclear,,North China Plain,1,1,deepseek-chat (full-text 2026 round2),,yes
376,north_china_plain,False,W3009660516,,10.3390/rs12050845,Seasonal and Interannual Variations in China’s Groundwater Based on GRACE Data and Multisource Hydrological Models,Jianxin Zhang,2020,Remote Sensing,40,no,uses-mascon-product,GRACE,mascon,JPL,RL05,mascon,,,,,,unclear/unclear,the North China Plain (NCP) had a severe decline,China; North China Plain,3,2,deepseek-chat (full-text 2026 round2),,yes
377,north_china_plain,False,W2254803554,,10.1007/s11430-011-4280-4,Terrestrial water variations in the North China Plain revealed by the GRACE mission,Xiaoli Su,2011,Science China Earth Sciences,38,no,processes-L2-SHM,GRACE,own-SHM,CSR,RL04,fan filter with a smoothing radius of 400 km,60,,replaced with laser altimetry,,,replaced with laser altimetry/unclear,TWS declining at a rate of -1.1 cm/yr,North China Plain,5,4,deepseek-chat (full-text 2026),,yes
378,north_china_plain,False,W4224286513,,10.1016/j.jhydrol.2022.127799,"Comparison of the shallow groundwater storage change estimated by a distributed hydrological model and GRACE satellite gravimetry in a well-irrigated plain of the Haihe River basin, China",Xueliang Zhang,2022,Journal of Hydrology,38,no,processes-L2-SHM,GRACE,own-SHM,CSR,RL06,DDK3,,A_2013,replaced,,degree-1 correction applied,replaced/unclear,shallow GWS loss at a rate of 46.5 ± 6.8 mm/a from 2003 to 2013,Haihe River basin; Piedmont Plain of Mount Taihang; North China Plain,6,6,deepseek-chat (full-text 2026),,yes
379,north_china_plain,False,W1990661809,,10.1080/02626667.2011.553617,"Comparison of evapotranspiration estimated by ETWatch with that derived from combined GRACE and measured precipitation data in Hai River Basin, North China",Juana P. Moiwo,2011,Hydrological Sciences Journal,36,no,uses-published-TWS,GRACE,downstream-use,CSR,RL04,G200,,Paulson_2007,,,,unclear/unclear,overall storage loss in the basin,Hai River Basin,4,3,deepseek-chat (full-text 2026),,yes
380,north_china_plain,False,W3039838296,,10.3390/rs12132151,Comparing Groundwater Storage Changes in Two Main Grain Producing Areas in China: Implications for Sustainable Agricultural Water Resources Management,Longqun Zheng,2020,Remote Sensing,35,no,uses-mascon-product,GRACE,mascon,"CSR, GSFC, JPL",RL06M,mascon,,ICE6G,replaced with SLR,,Swenson 2008,replaced with SLR/unclear,GWS depleted at −17.2 ± 0.8 mm/yr in NCP; increased by 2.3 ± 0.7 mm/yr in NECP,North China Plain; Northeast China Plain,6,5,deepseek-chat (full-text 2026 round2),,yes
381,north_china_plain,False,W3119186476,,10.1109/access.2021.3049118,Feature Extraction Algorithm Using a Correlation Coefficient Combined With the VMD and Its Application to the GPS and GRACE,Yifan Shen,2021,IEEE Access,31,no,processes-L2-SHM,GRACE,own-SHM,"CSR, GFZ, JPL",,G300,,,replaced (with SLR),,replaced (Swenson 2008),replaced (with SLR)/unclear,,North China Plain,4,3,deepseek-chat (full-text 2026),,yes
382,north_china_plain,False,W2085689148,,10.1155/2014/578372,Drought Analysis of the Haihe River Basin Based on GRACE Terrestrial Water Storage,Jianhua Wang,2014,The Scientific World JOURNAL,30,no,uses-published-TWS,GRACE,downstream-use,CSR,RL05,G200,60,Paulson_2007,replaced,,replaced,replaced/unclear,"multiyear drought began in mid-2007, extreme drought events at end of 2007, end of 2009, end of 2010, and middle of 2012",Haihe River Basin; Luanhe River; North Haihe River; South Haihe River; Tuhai-Majia River,7,7,deepseek-chat (full-text 2026 round2),,yes
383,north_china_plain,False,W2948737600,,10.1016/j.geog.2019.05.002,Surface seasonal mass changes and vertical crustal deformation in North China from GPS and GRACE measurements,Shuya Li,2019,Geodesy and Geodynamics,29,no,processes-L2-SHM,GRACE,own-SHM,CSR,RL05,G300,60,,replaced (SLR),,Swenson 2008,replaced (SLR)/unclear,,North China,6,5,deepseek-chat (full-text 2026),,yes
384,north_china_plain,False,W4206520240,,10.3390/su14031108,"Evaluation of Groundwater Storage Depletion Using GRACE/GRACE Follow-On Data with Land Surface Models and Its Driving Factors in Haihe River Basin, China",Yi Guo,2022,Sustainability,26,no,uses-mascon-product,GRACE+GRACE-FO,mascon,"CSR-M, JPL-M",RL06,mascon,,Geruo_ICE5G_VM2,replaced,,Swenson 2008,replaced/unclear,"mean rate of 1.88 cm·yr−1, equivalent to 6 billion m3·yr−1",Haihe River Basin,6,6,deepseek-chat (full-text 2026 round2),,yes
385,north_china_plain,False,W4327966866,,10.1029/2022wr033261,Separating the Precipitation‐ and Non‐Precipitation‐ Driven Water Storage Trends in China,Yulong Zhong,2023,Water Resources Research,26,no,uses-mascon-product,GRACE,mascon,CSR,RL06,mascon,,,,,,unclear/unclear,,Chinese mainland; Songhuajiang River Basin; Liaohe River Basin; Northwest River Basins; Yellow River Basin; Haihe River Basin; Huaihe River Basin; Yangtze River Basin; Southwest River Basins; Pearl River Basin; Southeast River Basins; Tien Shan Mountains and surrounding areas; Northern Tibetan Plateau; Southern Tibet Plateau; Central and Western Heilongjiang; North China; Three Gorges reservoir and surrounding areas; Middle and Lower Yangtze River Basin,3,1,deepseek-chat (full-text 2026 round2),,yes
386,north_china_plain,False,W3197125086,,10.3390/w13172378,Analysis of Spatiotemporal Groundwater-Storage Variations in China from GRACE,Fangfang Liu,2021,Water,25,no,uses-published-TWS,GRACE+GRACE-FO,downstream-use,CSR,RL06,,,,,,,unclear/unclear,"groundwater depletion in North China, the Loess Plateau, and Northwest China were −10.09 ± 0.94, −10.05 ± 1.05, and –4.91 ± 0.28 mm y−1 equivalent height of water from 2003 to 2019",North China; Loess Plateau; Northwest China; South China; Middle-Lower Yangtze River; Ch-Yu Region; Qinhai-Tibet Plateau; Northeast China; Yun-Gui Plateau,2,2,deepseek-chat (full-text 2026 round2),,yes
387,north_china_plain,False,W4318478078,,10.3390/atmos14020250,Analysis of Groundwater Storage Changes and Influencing Factors in China Based on GRACE Data,Chunxiu Shao,2023,Atmosphere,25,no,uses-mascon-product,GRACE,mascon,CSR,RL06,mascon,,,,,,unclear/unclear,"GWSA in South China increased at 4.79 mm/a; other regions decreased (e.g., North China Plain -7.35 mm/a, Xinjiang -6.24 mm/a)",Xinjiang; Tibet; Inner Mongolia; North China Plain; South China; Northeast China,3,3,deepseek-chat (full-text 2026 round2),,yes
388,north_china_plain,False,W3095030912,,10.1175/jhm-d-20-0095.1,Attributing Terrestrial Water Storage Variations across China to Changes in Groundwater and Human Water Use,Meixia Lv,2020,Journal of Hydrometeorology,24,no,uses-mascon-product,GRACE+GRACE-FO,mascon,"JPL-M, CSR-M",,mascon,,,,,,unclear/unclear,TWS depletion in the Hai River basin and North China Plain,China; Hai River basin; Loess Plateau; Yangtze River basin; Huai River basin; Yellow River basin; North China Plain,2,2,deepseek-chat (full-text 2026 round2),,yes
389,north_china_plain,False,W3162978293,,10.3390/rs13091851,Monitoring Terrestrial Water Storage Changes with the Tongji-Grace2018 Model in the Nine Major River Basins of the Chinese Mainland,Zhiwei Chen,2021,Remote Sensing,23,no,processes-L2-SHM,GRACE,own-SHM,Tongji University,,G150 + Duan de-striping,60,Paulson_2007,replaced (SLR),,Swenson 2008,replaced (SLR)/unclear,"TWS of Yellow, Haihe, Huaihe, and Southwestern River Basins decreasing; most drastic TWS loss in Haihe River Basin",Songliao River Basin; Yellow River Basin; Haihe River Basin; Huaihe River Basin; Yangtze River Basin; Pearl River Basin; Southeastern River Basin; Southwestern River Basin; Continental River Basin,6,6,deepseek-chat (full-text 2026),,yes
390,north_china_plain,False,W4387675583,,10.1029/2022wr034365,Continuing Severe Water Shortage in the Water‐Receiving Area of the South‐To‐North Water Diversion Eastern Route Project From 2002 to 2020,Yuyue Xu,2023,Water Resources Research,21,no,uses-published-TWS,GRACE+GRACE-FO,downstream-use,multiple,RL06,G300+decorrelation,,,,,,unclear/unclear,TWSA decreased at -8.84 ± 0.37 mm/yr (2002-2020),water-receiving area of the South-to-North Water Diversion Eastern Route Project (SNWDP-ER1),3,2,deepseek-chat (full-text 2026 round2),,yes
391,north_china_plain,False,W4389230908,,10.1029/2022jd038074,Dominant Drivers for Terrestrial Water Storage Changes Are Different in Northern and Southern China,Congcong Li,2023,Journal of Geophysical Research Atmospheres,20,no,uses-mascon-product,GRACE,mascon,multiple,RL06,mascon,,,,,,unclear/unclear,"TWS decreased in Hai River, Yellow River, and Huai River basins",Songhua River basin; Liao River basin; Hai River basin; Yellow River basin; Huai River basin; Yangtze River basin; Pearl River basin,3,3,deepseek-chat (full-text 2026 round2),,yes
392,north_china_plain,False,W3211187840,W3211187840,10.1016/j.ejrh.2021.100955,Identification of the terrestrial water storage change features in the North China Plain via independent component analysis,Peijun Li,2021,Journal of Hydrology Regional Studies,17,no,uses-mascon-product,GRACE,mascon,CSR,RL05,mascon,,,,,,unclear/unclear,"SGWS decreases faster before 2009 and then reduces slower and keeps stable while DGWS decreases faster after 2009, especially after 2012.",North China Plain,3,2,deepseek-chat (full-text 2026 round2),,yes
393,north_china_plain,False,W4308694240,W4308694240,10.3390/rs14225683,"Inverted Algorithm of Groundwater Storage Anomalies by Combining the GNSS, GRACE/GRACE-FO, and GLDAS: A Case Study in the North China Plain",Yifan Shen,2022,Remote Sensing,17,no,uses-mascon-product,GRACE+GRACE-FO,mascon,"CSR, JPL",,mascon,,,,,,unclear/unclear,,North China Plain,2,0,deepseek-chat (full-text 2026 round2),,yes
394,north_china_plain,False,W4295350356,W4295350356,10.1111/gwat.13253,Using GRACE to Detect Groundwater Variation in North China Plain after South–North Water Diversion,Jinghua Xiong,2022,Ground Water,16,no,processes-L2-SHM,GRACE+GRACE-FO,own-SHM,"multiple: CSR, JPL, GFZ and GSFC",unstated,G300,,,replaced (Cheng and Tapley 2004),,applied,replaced/unclear,groundwater depletion at a significant rate of −17.09 ± 1.80 (SH) and −17.87 ± 1.65 (mascon) mm/a during 2004 to 2014,North China Plain,4,3,deepseek-chat (full-text 2026 round2),,yes
395,north_china_plain,False,W2783538041,,10.2166/nh.2018.087,Water storage and vegetation changes in response to the 2009/10 drought over North China,Bowen Zhu,2018,Hydrology research,15,no,uses-published-TWS,GRACE,downstream-use,CSR,,G300,,,,,,unclear/unclear,water storage deficit of up to 25 km3 (~22 mm),North China,2,1,deepseek-chat (full-text 2026 round2),,yes
396,north_china_plain,False,W4412418678,W4412418678,10.1029/2024wr038996,High‐Resolution Terrestrial Water Storage Anomalies and Components in China From GRACE/GFO via Joint Inversion Downscaling,Yuhao Xiong,2025,Water Resources Research,11,no,processes-L2-SHM,GRACE+GRACE-FO,own-SHM,"CSR, JPL, GFZ",,DDK3,60,ICE-6G,replaced,replaced,replaced,replaced/replaced,"Groundwater depletion rate in the North China Plain is 2.43 ± 0.18 cm/yr, equivalent to 3.35 ± 0.25 Gt/yr",China; North China Plain; High Mountain Asia; Tibetan Plateau; Songhua and Liaohe River basin; Haihe River basin; Huaihe River basin; Yellow River basin; Yangtze River basin; Pearl River basin; Southeast River basin; Southwest River basin; Continental basin; Northwest Indian,6,6,deepseek-chat (full-text 2026),,yes
397,north_china_plain,False,W4378904892,W4378904892,10.3390/atmos14060961,Identification and Spatiotemporal Migration Analysis of Groundwater Drought Events in the North China Plain,Jia Huang,2023,Atmosphere,10,no,uses-mascon-product,GRACE+GRACE-FO,mascon,CSR-M,RL06,mascon,,,,,,unclear/unclear,,North China Plain,3,1,deepseek-chat (full-text 2026 round2),,yes
398,north_china_plain,False,W4382136083,W4382136083,10.3390/rs15133264,Reconstructing Groundwater Storage Changes in the North China Plain Using a Numerical Model and GRACE Data,Junchao Zhang,2023,Remote Sensing,10,no,uses-mascon-product,GRACE+GRACE-FO,mascon,JPL,RL06,mascon,,,,,,unclear/unclear,groundwater storage decline of 1.89 cm/yr from 2003 to 2020,North China Plain; Beijing; Tianjin; Hebei; Henan; Shandong,3,1,deepseek-chat (full-text 2026 round2),,yes
399,north_china_plain,False,W4362578933,,10.1007/s00704-023-04441-0,Can GRACE and CMIP6 historical data identify groundwater drought in North China Plain?,Yu Yin,2023,Theoretical and Applied Climatology,9,no,uses-mascon-product,GRACE+GRACE-FO,mascon,CSR,RL06 v02,mascon,,,,,,unclear/unclear,,North China Plain,3,3,deepseek-chat (full-text 2026 round2),,yes
400,north_china_plain,False,W4366808746,,10.1134/s0097807823010153,Groundwater Storage Variation Characteristics in North China before and after the South-to-North Water Diversion Project Based on GRACE and GPS Data,Tingye Tao,2023,Water Resources,8,no,processes-L2-SHM,GRACE+GRACE-FO,own-SHM,CSR,RL06,DDK3,60,ICE-6G,replaced with SLR,replaced with SLR,Swenson 2008,replaced with SLR/replaced with SLR,GWS decline rate of -2.94 cm/year,North China Plain,8,6,deepseek-chat (full-text 2026),,yes
401,north_china_plain,False,W4386802396,W4386802396,10.1016/j.ejrh.2023.101528,Reconstructing GRACE-derived terrestrial water storage anomalies with in-situ groundwater level measurements and meteorological forcing data,Peijun Li,2023,Journal of Hydrology Regional Studies,8,no,uses-mascon-product,GRACE+GRACE-FO,mascon,CSR,RL06,mascon,,,,,,unclear/unclear,,North China Plain,3,2,deepseek-chat (full-text 2026 round2),,yes
402,north_china_plain,False,W4408310136,,10.26599/jgse.2025.9280040,Analysis of driving factors for land subsidence in typical cities of the North China Plain based on geodetector technology,Zhao-huan Huang,2025,Journal of Groundwater Science and Engineering,7,no,uses-mascon-product,GRACE+GRACE-FO,mascon,CSR,RL06,mascon,,,,,,unclear/unclear,groundwater storage decline rate of 18.69 mm/a in the North China Plain from 2002 to 2022,North China Plain; Beijing; Tianjin; Cangzhou; Hengshui,3,2,deepseek-chat (full-text 2026 round2),,yes
403,north_china_plain,False,W2991695056,W2991695056,10.11947/j.agcs.2018.20170171,North China Plain Water Storage Variation Analysis Based on GRACE and Seasonal Influence Considering,LI Zhen,2018,DOAJ (DOAJ: Directory of Open Access Journals),6,no,processes-L2-SHM,GRACE,own-SHM,CSR,RL05,P3M9 destriping + 250 km fan filter,60,unclear,replaced with SLR,unclear,ECCO geocenter model,replaced with SLR/unclear,terrestrial water storage trend of (-2.0±0.6) mm/a over the study period,North China Plain,6,0,deepseek-chat,,
404,north_china_plain,False,W4404107793,W4404107793,10.1029/2023wr035210,A New GRACE Downscaling Approach for Deriving High‐Resolution Groundwater Storage Changes Using Ground‐Based Scaling Factors,Huixiang Li,2024,Water Resources Research,6,no,processes-L2-SHM,GRACE,own-SHM,CSR,RL06,G300,60,,replaced,,restored (source not stated),replaced/unclear,−32.6 ± 1.3 mm/yr (−4.6 ± 0.2 km³/yr) in NCP,North China Plain; Piedmont Plain; Central Plain; Eastern Plain; Beijing; Shijiazhuang; Hengshui; Cangzhou; Xinxiang,6,3,deepseek-chat (full-text 2026),,yes
405,north_china_plain,False,W4404788921,W4404788921,10.1109/jstars.2024.3507853,"Response Analysis of Terrestrial Water Storage Components to Drought Based on Random Forests During 2011–2020 in Yunnan, China",Zhi Ming Zhu,2024,IEEE Journal of Selected Topics in Applied Earth Observations and Remote Sensing,6,no,processes-L2-SHM,GRACE+GRACE-FO,own-SHM,CSR,RL06,P4M6 destriping + G300,60,,replaced,,Sun 2016,replaced/unclear,,Yunnan; North China Plain; Yangtze River middle-downstream Plain; Tianshan Mountain,6,6,deepseek-chat (full-text 2026),,yes
406,north_china_plain,False,W4405173472,,10.1007/s10291-024-01794-5,A rapid increase of groundwater in 2021 over the North China Plain from GPS and GRACE observations,Rui Zhang,2024,GPS Solutions,5,no,uses-mascon-product,GRACE+GRACE-FO,mascon,CSR,RL06,mascon,,ICE-6G_D,replaced,,degree-1 correction applied,replaced/unclear,"GWSA trends: -2.56±0.33 mm/yr (2011-2017), -4.72±1.74 mm/yr (2018-2020), 11.76±4.18 mm/yr (2021-2022)",North China Plain,6,1,deepseek-chat (full-text 2026 round2),,yes
407,north_china_plain,False,W4400241517,W4400241517,10.1029/2023wr036105,Improved Estimates of Sub‐Regional Groundwater Storage Anomaly Using Coordinated Forward Modeling,Yalin Ma,2024,Water Resources Research,5,no,processes-L2-SHM,GRACE,own-SHM,CSR,RL06,,60,,,,,unclear/unclear,unconfined GW depletion rate in PP (−41.80 ± 0.55 mm/yr) about 6 times larger than that in ECP (−7.57 ± 0.60 mm/yr),North China Plain; Piedmont Plain; East-central Plain,3,3,deepseek-chat (full-text 2026),,yes
408,north_china_plain,False,W4400871774,W4400871774,10.1038/s41598-024-67611-8,The changes prediction on terrestrial water storage in typical regions of China based on neural networks and satellite gravity data,Shaoyi Lu,2024,Scientific Reports,5,no,uses-mascon-product,GRACE+GRACE-FO,mascon,CSR,RL06,mascon,,,,,,unclear/unclear,,upper reaches of the Yangtze River (UYR); southwest region (SWR); Liaohe River Basin (LRB); North China Plain (NCP); Qinghai-Tibet Plateau (QTP); Pearl River Basin (PRB),3,3,deepseek-chat (full-text 2026 round2),,yes
409,north_china_plain,False,W2186347331,,,Investigating the Relationship Between Land Subsidence and Groundwater Depletion in the North China Plain Using GRACE and ICESat,Karen An,2015,eScholarship (California Digital Library),4,no,uses-published-TWS,GRACE,downstream-use,CSR,RL05,,,,,,,unclear/unclear,-2.03 cm/yr water loss for 2002-2014,North China Plain; Hebei; Tianjin; Beijing,2,2,deepseek-chat (full-text 2026 round2),,yes
410,north_china_plain,False,W4391051234,,10.1038/s43247-024-01209-w,A high-resolution time-variable terrestrial gravity field model of continental North China,Jiancheng Han,2024,Communications Earth & Environment,3,no,uses-published-TWS,GRACE,downstream-use,"CSR, GFZ, JPL",RL06,Slepian,60,,replaced,,added back,replaced/unclear,,North China; North China Plain,6,6,deepseek-chat (full-text 2026 round2),,yes
411,north_china_plain,False,W2496309334,,10.5194/hess-2016-313,Identifying water deficit and vegetation response during the 2009/10 drought over North China: Implications for the South-to-North Water Diversion project,Bowen Zhu,2016,,2,no,uses-published-TWS,GRACE,downstream-use,CSR,,G300,,,,,,unclear/unclear,water storage deficit of up to 25 km3 (~22 mm),North China,2,1,deepseek-chat (full-text 2026),,yes
413,north_china_plain,False,W4293219165,,10.3389/fenvs.2022.840540,Reconstructing the Historical Terrestrial Water Storage Variations in the Huang–Huai–Hai River Basin With Consideration of Water Withdrawals,Chuanxun Yang,2022,Frontiers in Environmental Science,2,no,uses-mascon-product,GRACE,mascon,CSR,RL06,mascon,,,,,,unclear/unclear,,Huang-Huai-Hai River Basin; Yellow River Basin; Huaihe River Basin; Haihe River Basin,3,3,deepseek-chat (full-text 2026 round2),,yes
414,north_china_plain,False,W4382137019,W4382137019,10.3390/w15132343,Comparison of GRACE/GRACE-FO Spherical Harmonic Coefficient and Mascon Products in Explaining the Influence of South-to-North Water Transfer Project on Water Reserves in the North China Plain,Chenxu Zhu,2023,Water,2,no,processes-L2-SHM,GRACE+GRACE-FO,own-SHM,"CSR, GFZ, JPL",RL06,DDK3,60,ICE6G-D,replaced,replaced,Swenson 2008,replaced/replaced,TWS changed from deficit to gain: from -8.48 Gt/a (2002-2015) to 5.44 Gt/a (2015-2019),North China Plain,8,5,deepseek-chat (full-text 2026),,yes
415,north_china_plain,False,W4406679349,W4406679349,10.2139/ssrn.5105505,Machine Learning Based Spatiotemporal Downscaling of Satellite Gravimetry Groundwater Storage Variations in North China Plain,Vibhor Agarwal,2025,SSRN Electronic Journal,2,no,processes-L2-SHM,GRACE,own-SHM,CSR,RL06,DDK4,60,A_2013,replaced,unstated,replaced,replaced/unclear,NCP lost -5.3 ± 0.6 km3 yr-1 of GWS from 2005 to 2013,North China Plain,7,1,deepseek-chat (full-text 2026),,yes
416,north_china_plain,False,W4415704017,,10.1093/gji/ggaf407,Comparative analysis of the impact of different environmental loading products on contemporary vertical land motion of mainland China from multigeodetic measurements,Tao Chen,2025,Geophysical Journal International,1,no,uses-mascon-product,GRACE+GRACE-FO,mascon,"CSR, JPL, GSFC",RL06,mascon,,ICE-6G_D,replaced (with SLR / TN-14),replaced (with SLR / TN-14),TN-13,replaced (with SLR / TN-14)/replaced (with SLR / TN-14),,mainland China; North China; northwestern Tianshan,7,2,deepseek-chat (full-text 2026 round2),,yes
417,north_china_plain,False,W7116712179,,10.1007/s41748-025-00976-6,Weight-Supported Random Forest Downscaled GRACE (-FO) Data Uncovers Groundwater Depletion Linked to Winter Wheat Cultivation in the North China Plain,Shoaib Ali,2025,Earth Systems and Environment,1,no,uses-mascon-product,GRACE+GRACE-FO,mascon,CSR,RL06.2,mascon,,,,,,unclear/unclear,"groundwater depletion in the Piedmont Plain and East-Central Plain sub-regions, with the most severe losses in Shijiazhuang (−17.08), Xingtai (−16.67), and Handan (−16.02 mm/yr)",North China Plain; Piedmont Plain; East-Central Plain; Shijiazhuang; Xingtai; Handan,3,2,deepseek-chat (full-text 2026 round2),,yes
418,north_china_plain,False,W4411207544,W4411207544,10.1111/gwat.13497,Spatiotemporal Differences of Groundwater Recovery in North China Plain Using GRACE and Well Data,Hao Zhang,2025,Ground Water,1,no,uses-mascon-product,GRACE+GRACE-FO,mascon,CSR,RL06,mascon,,,,,,unclear/unclear,GWS recovery in the NCP occurred in December 2020,North China Plain,3,3,deepseek-chat (full-text 2026 round2),,yes
419,north_china_plain,False,W4413129766,W4413129766,10.3390/rs17162785,"Groundwater Crisis in the Eastern Loess Plateau: Evolution of Storage, Linkages with the North China Plain, and Driving Mechanisms",Jifei Li,2025,Remote Sensing,1,no,uses-mascon-product,GRACE+GRACE-FO,mascon,CSR,RL06,mascon,,,,,,unclear/unclear,average annual reduction of −17.27 ± 1.4 mm/yr,Shanxi Province; Eastern Loess Plateau; North China Plain,3,3,deepseek-chat (full-text 2026 round2),,yes
420,north_china_plain,False,W4253903072,,10.5194/hess-2016-552-supplement,"Supplementary material to ""Detecting seasonal and long-term vertical displacement in the North China Plain using GRACE and GPS""",Linsong Wang,2016,,0,no,processes-L2-SHM,GRACE,own-SHM,CSR,RL05,Swenson-Wahr destriping + G250,60,A et al. (2013),replaced (Cheng et al. 2013),,restored (Swenson et al. 2008),unclear/unclear,,North China Plain,3,3,deepseek-chat (full-text 2026),,yes
422,north_china_plain,False,W4414672186,W4414672186,10.3390/rs17193336,Unraveling Multiscale Spatiotemporal Linkages of Groundwater Storage and Land Deformation in the North China Plain After the South-to-North Water Diversion Project,Xincheng Wang,2025,Remote Sensing,0,no,uses-mascon-product,GRACE+GRACE-FO,mascon,"CSR, JPL, GSFC",,mascon,,,,,,unclear/unclear,"groundwater storage in the NCP exhibited a declining trend, with an average reduction of −3.81 ± 0.53 km3/a",North China Plain,2,0,deepseek-chat (full-text 2026 round2),,yes
423,north_china_plain,False,W7118830384,W7118830384,10.1016/j.ejrh.2026.103103,Spatiotemporal evolution and attribution analysis of groundwater drought in the North China Plain: GGDI constructed based on downscaled GRACE GWSA,Yijun Li,2026,Journal of Hydrology Regional Studies,0,no,uses-mascon-product,GRACE+GRACE-FO,mascon,multiple,RL06,mascon,,,,,,unclear/unclear,GWSA declining at −17.81 ± 3.31 mm/yr,North China Plain,3,3,deepseek-chat (full-text 2026 round2),,yes
424,north_china_plain,False,W7126244732,W7126244732,10.3390/w18030357,Coupling Response Mechanisms of Groundwater and Land Subsidence in the North China Plain Under Extreme Rainfall,Tingye Tao,2026,Water,0,no,uses-mascon-product,GRACE+GRACE-FO,mascon,CSR,RL0603,mascon,,,,,,unclear/unclear,GWSC declined at an average rate of -1.99 ± 0.13 cm/yr from 2003 to 2020,North China Plain,3,2,deepseek-chat (full-text 2026 round2),,yes
425,north_china_plain,False,W7131670794,W7131670794,10.1029/2025wr042085,A Stacking Ensemble Model for Specific Yield Prediction: Framework Development and Application to Groundwater Storage Change Estimation in the North China Plain,Zhenyue Han,2026,Water Resources Research,0,no,uses-published-TWS,GRACE+GRACE-FO,downstream-use,,,,,,,,,unclear/unclear,declining trend of 15.48 mm/yr in the NCP from 2003 to 2023,North China Plain,0,0,deepseek-chat (full-text 2026 round2),,yes
426,north_china_plain;murray,True,W2803686615,,10.3390/rs10060829,Monitoring Groundwater Storage Changes Using the Gravity Recovery and Climate Experiment (GRACE) Satellite Mission: A Review,Frédéric Frappart,2018,Remote Sensing,317,no,review-or-perspective,GRACE,review,unclear,unclear,unclear,unclear,unclear,unclear,unclear,unclear,unclear,,Middle East; northwest India aquifer; North China Plain aquifer; Murray-Darling Basin; High Plains aquifer; California Central Valley aquifer; Northwestern Sahara Aquifer System; Nubian Sandstone Aquifer System; Tigris and Euphrates River Basin; North China; Hai River; Piedmont Plain; East Central Plain; Canning; Sacramento and San Joaquin River Basins; Colorado River Basin; Illinois; Bengal Basin; Negro River Basin; Lower Ob' Basin; Great Lakes Water Basin; Edwards-Trinity Plateau and Pecos Valley aquifers; Ghaen aquifer; Qaidam Basin; Mississippi Basin; Amazon Basin; Orinoco Basin; Ganges-Brahmaputra River Basin,0,0,deepseek-chat,,
427,seed-untagged,False,W1480234772,,10.1002/wrcr.20078,Groundwater depletion in the Middle East from GRACE with implications for transboundary water management in the Tigris‐Euphrates‐Western Iran region,K. Voss,2013,Water Resources Research,785,yes,processes-L2-SHM,GRACE,own-SHM,CSR,,Swenson-Wahr filtering,,,,,,unclear/unclear,groundwater loss of 17.3±2.1 mm yr⁻¹ (91.3±10.9 km³ total),Tigris-Euphrates-Western Iran region; TEWI region,1,1,deepseek-chat (full-text 2026),,yes
