planet,Study_area,win_start,n_months,truth_trend_cmyr
pilot_uniform_depletion_v2,Central Parana Basin and Torres Syncline (Guarani Aquifer System),2002,114,-0.8843378350832247
pilot_uniform_depletion_v2,Central Parana Basin and Torres Syncline (Guarani Aquifer System),2003,113,-0.8319452460777825
pilot_uniform_depletion_v2,Central Parana Basin and Torres Syncline (Guarani Aquifer System),2004,111,-0.7486213649570056
pilot_uniform_depletion_v2,Central Parana Basin and Torres Syncline (Guarani Aquifer System),2005,109,-0.627652724391383
pilot_uniform_depletion_v2,Central Parana Basin and Torres Syncline (Guarani Aquifer System),2006,105,-0.5427351080958052
pilot_uniform_depletion_v2,Central Parana Basin and Torres Syncline (Guarani Aquifer System),2007,101,-0.6643632422339458
pilot_uniform_depletion_v2,Central Parana Basin and Torres Syncline (Guarani Aquifer System),2008,92,-0.5774392069528619
pilot_uniform_depletion_v2,Central Parana Basin and Torres Syncline (Guarani Aquifer System),2009,88,-0.9031983169559531
pilot_uniform_depletion_v2,Central Parana Basin and Torres Syncline (Guarani Aquifer System),2010,88,-1.1805044919087386
pilot_uniform_depletion_v2,Central Parana Basin and Torres Syncline (Guarani Aquifer System),2011,89,-1.544591682857126
pilot_uniform_depletion_v2,Central Parana Basin and Torres Syncline (Guarani Aquifer System),2012,91,-2.1729803555413354
pilot_uniform_depletion_v2,Central Parana Basin and Torres Syncline (Guarani Aquifer System),2013,94,-2.296502273682087
pilot_uniform_depletion_v2,Central Parana Basin and Torres Syncline (Guarani Aquifer System),2014,97,-2.0582843700846274
pilot_uniform_depletion_v2,Central Parana Basin and Torres Syncline (Guarani Aquifer System),2015,99,-2.0501946695986377
pilot_uniform_depletion_v2,Central Parana Basin and Torres Syncline (Guarani Aquifer System),2016,100,-1.656187507359323
pilot_uniform_depletion_v2,Northern Guarani Aquifer (Guarani Aquifer System),2002,114,-0.8003734943079178
pilot_uniform_depletion_v2,Northern Guarani Aquifer (Guarani Aquifer System),2003,113,-0.8255453991583235
pilot_uniform_depletion_v2,Northern Guarani Aquifer (Guarani Aquifer System),2004,111,-0.8230023498701499
pilot_uniform_depletion_v2,Northern Guarani Aquifer (Guarani Aquifer System),2005,109,-0.7443058064569925
pilot_uniform_depletion_v2,Northern Guarani Aquifer (Guarani Aquifer System),2006,105,-0.5603839012501627
pilot_uniform_depletion_v2,Northern Guarani Aquifer (Guarani Aquifer System),2007,101,-0.5692096615586206
pilot_uniform_depletion_v2,Northern Guarani Aquifer (Guarani Aquifer System),2008,92,-0.7174365560411864
pilot_uniform_depletion_v2,Northern Guarani Aquifer (Guarani Aquifer System),2009,88,-1.032563464131616
pilot_uniform_depletion_v2,Northern Guarani Aquifer (Guarani Aquifer System),2010,88,-1.045116741359721
pilot_uniform_depletion_v2,Northern Guarani Aquifer (Guarani Aquifer System),2011,89,-1.5021755116891373
pilot_uniform_depletion_v2,Northern Guarani Aquifer (Guarani Aquifer System),2012,91,-1.9526419644270883
pilot_uniform_depletion_v2,Northern Guarani Aquifer (Guarani Aquifer System),2013,94,-1.9723530927377784
pilot_uniform_depletion_v2,Northern Guarani Aquifer (Guarani Aquifer System),2014,97,-1.9795579235049778
pilot_uniform_depletion_v2,Northern Guarani Aquifer (Guarani Aquifer System),2015,99,-2.109077357123078
pilot_uniform_depletion_v2,Northern Guarani Aquifer (Guarani Aquifer System),2016,100,-1.935295267615374
pilot_uniform_depletion_v2,Southwestern Chaco-Lower Parana Basin (Guarani Aquifer System),2002,114,-1.5423033220129276
pilot_uniform_depletion_v2,Southwestern Chaco-Lower Parana Basin (Guarani Aquifer System),2003,113,-0.9968028959534779
pilot_uniform_depletion_v2,Southwestern Chaco-Lower Parana Basin (Guarani Aquifer System),2004,111,-0.6558084676906517
pilot_uniform_depletion_v2,Southwestern Chaco-Lower Parana Basin (Guarani Aquifer System),2005,109,-0.5112547225984619
pilot_uniform_depletion_v2,Southwestern Chaco-Lower Parana Basin (Guarani Aquifer System),2006,105,-0.30704866606409487
pilot_uniform_depletion_v2,Southwestern Chaco-Lower Parana Basin (Guarani Aquifer System),2007,101,-0.32191666638938604
pilot_uniform_depletion_v2,Southwestern Chaco-Lower Parana Basin (Guarani Aquifer System),2008,92,0.2880281376362523
pilot_uniform_depletion_v2,Southwestern Chaco-Lower Parana Basin (Guarani Aquifer System),2009,88,-0.18643582186627045
pilot_uniform_depletion_v2,Southwestern Chaco-Lower Parana Basin (Guarani Aquifer System),2010,88,-0.49673019941632485
pilot_uniform_depletion_v2,Southwestern Chaco-Lower Parana Basin (Guarani Aquifer System),2011,89,-1.0541314246005027
pilot_uniform_depletion_v2,Southwestern Chaco-Lower Parana Basin (Guarani Aquifer System),2012,91,-1.8443938318529927
pilot_uniform_depletion_v2,Southwestern Chaco-Lower Parana Basin (Guarani Aquifer System),2013,94,-2.532625276393193
pilot_uniform_depletion_v2,Southwestern Chaco-Lower Parana Basin (Guarani Aquifer System),2014,97,-2.6753172508469976
pilot_uniform_depletion_v2,Southwestern Chaco-Lower Parana Basin (Guarani Aquifer System),2015,99,-2.375661736782701
pilot_uniform_depletion_v2,Southwestern Chaco-Lower Parana Basin (Guarani Aquifer System),2016,100,-2.1240893984124942
pilot_uniform_depletion_v2,Amazonas Basin and Alter de Chao Aquifer System (Amazon Aquifer System),2002,114,-0.6513564919999596
pilot_uniform_depletion_v2,Amazonas Basin and Alter de Chao Aquifer System (Amazon Aquifer System),2003,113,-1.215651022852176
pilot_uniform_depletion_v2,Amazonas Basin and Alter de Chao Aquifer System (Amazon Aquifer System),2004,111,-0.9967598127208641
pilot_uniform_depletion_v2,Amazonas Basin and Alter de Chao Aquifer System (Amazon Aquifer System),2005,109,-1.0244177088809772
pilot_uniform_depletion_v2,Amazonas Basin and Alter de Chao Aquifer System (Amazon Aquifer System),2006,105,-1.593260887561086
pilot_uniform_depletion_v2,Amazonas Basin and Alter de Chao Aquifer System (Amazon Aquifer System),2007,101,-1.5232481823765522
pilot_uniform_depletion_v2,Amazonas Basin and Alter de Chao Aquifer System (Amazon Aquifer System),2008,92,-1.1510500099662209
pilot_uniform_depletion_v2,Amazonas Basin and Alter de Chao Aquifer System (Amazon Aquifer System),2009,88,-0.8395025280015155
pilot_uniform_depletion_v2,Amazonas Basin and Alter de Chao Aquifer System (Amazon Aquifer System),2010,88,-0.8390348615791677
pilot_uniform_depletion_v2,Amazonas Basin and Alter de Chao Aquifer System (Amazon Aquifer System),2011,89,-0.6547850581089296
pilot_uniform_depletion_v2,Amazonas Basin and Alter de Chao Aquifer System (Amazon Aquifer System),2012,91,-0.20318500995837807
pilot_uniform_depletion_v2,Amazonas Basin and Alter de Chao Aquifer System (Amazon Aquifer System),2013,94,-0.3283919862729468
pilot_uniform_depletion_v2,Amazonas Basin and Alter de Chao Aquifer System (Amazon Aquifer System),2014,97,-0.6392320352822557
pilot_uniform_depletion_v2,Amazonas Basin and Alter de Chao Aquifer System (Amazon Aquifer System),2015,99,-1.2434402150001764
pilot_uniform_depletion_v2,Amazonas Basin and Alter de Chao Aquifer System (Amazon Aquifer System),2016,100,-2.216847747479253
pilot_uniform_depletion_v2,Poolowanna Trough and Western Eromanga Basin (Great Artesian Basin),2002,114,-0.5316471956248937
pilot_uniform_depletion_v2,Poolowanna Trough and Western Eromanga Basin (Great Artesian Basin),2003,113,-0.36408694592963214
pilot_uniform_depletion_v2,Poolowanna Trough and Western Eromanga Basin (Great Artesian Basin),2004,111,-0.3998515177969485
pilot_uniform_depletion_v2,Poolowanna Trough and Western Eromanga Basin (Great Artesian Basin),2005,109,-0.548158144864645
pilot_uniform_depletion_v2,Poolowanna Trough and Western Eromanga Basin (Great Artesian Basin),2006,105,-0.7132006530138397
pilot_uniform_depletion_v2,Poolowanna Trough and Western Eromanga Basin (Great Artesian Basin),2007,101,-0.7877089535500463
pilot_uniform_depletion_v2,Poolowanna Trough and Western Eromanga Basin (Great Artesian Basin),2008,92,-0.84441422562124
pilot_uniform_depletion_v2,Poolowanna Trough and Western Eromanga Basin (Great Artesian Basin),2009,88,-1.359655174179371
pilot_uniform_depletion_v2,Poolowanna Trough and Western Eromanga Basin (Great Artesian Basin),2010,88,-1.9137106133486288
pilot_uniform_depletion_v2,Poolowanna Trough and Western Eromanga Basin (Great Artesian Basin),2011,89,-1.809449519960907
pilot_uniform_depletion_v2,Poolowanna Trough and Western Eromanga Basin (Great Artesian Basin),2012,91,-1.4580067957770702
pilot_uniform_depletion_v2,Poolowanna Trough and Western Eromanga Basin (Great Artesian Basin),2013,94,-1.0999577321474077
pilot_uniform_depletion_v2,Poolowanna Trough and Western Eromanga Basin (Great Artesian Basin),2014,97,-0.9991836312863329
pilot_uniform_depletion_v2,Poolowanna Trough and Western Eromanga Basin (Great Artesian Basin),2015,99,-1.0680381387509565
pilot_uniform_depletion_v2,Poolowanna Trough and Western Eromanga Basin (Great Artesian Basin),2016,100,-1.1225949074866166
pilot_uniform_depletion_v2,Eastern Eromanga Basin (Great Artesian Basin),2002,114,0.42320518834122084
pilot_uniform_depletion_v2,Eastern Eromanga Basin (Great Artesian Basin),2003,113,0.4964258438799153
pilot_uniform_depletion_v2,Eastern Eromanga Basin (Great Artesian Basin),2004,111,0.1843067898370346
pilot_uniform_depletion_v2,Eastern Eromanga Basin (Great Artesian Basin),2005,109,-0.23729304827875006
pilot_uniform_depletion_v2,Eastern Eromanga Basin (Great Artesian Basin),2006,105,-0.7200867860760147
pilot_uniform_depletion_v2,Eastern Eromanga Basin (Great Artesian Basin),2007,101,-1.1285506694644125
pilot_uniform_depletion_v2,Eastern Eromanga Basin (Great Artesian Basin),2008,92,-1.5050763195383912
pilot_uniform_depletion_v2,Eastern Eromanga Basin (Great Artesian Basin),2009,88,-2.220533453427493
pilot_uniform_depletion_v2,Eastern Eromanga Basin (Great Artesian Basin),2010,88,-2.832049245365601
pilot_uniform_depletion_v2,Eastern Eromanga Basin (Great Artesian Basin),2011,89,-2.326942513982918
pilot_uniform_depletion_v2,Eastern Eromanga Basin (Great Artesian Basin),2012,91,-1.7214111538626695
pilot_uniform_depletion_v2,Eastern Eromanga Basin (Great Artesian Basin),2013,94,-0.8003747147099158
pilot_uniform_depletion_v2,Eastern Eromanga Basin (Great Artesian Basin),2014,97,-0.5290257743666865
pilot_uniform_depletion_v2,Eastern Eromanga Basin (Great Artesian Basin),2015,99,-0.40858526745903684
pilot_uniform_depletion_v2,Eastern Eromanga Basin (Great Artesian Basin),2016,100,-0.3300506061760947
pilot_uniform_depletion_v2,Northern Eromanga Basin (Great Artesian Basin),2002,114,0.15582410210948008
pilot_uniform_depletion_v2,Northern Eromanga Basin (Great Artesian Basin),2003,113,-0.0470080345879645
pilot_uniform_depletion_v2,Northern Eromanga Basin (Great Artesian Basin),2004,111,-0.5163929874448421
pilot_uniform_depletion_v2,Northern Eromanga Basin (Great Artesian Basin),2005,109,-1.0278418770868492
pilot_uniform_depletion_v2,Northern Eromanga Basin (Great Artesian Basin),2006,105,-1.6358624857804196
pilot_uniform_depletion_v2,Northern Eromanga Basin (Great Artesian Basin),2007,101,-1.7805302036041573
pilot_uniform_depletion_v2,Northern Eromanga Basin (Great Artesian Basin),2008,92,-1.973121254869007
pilot_uniform_depletion_v2,Northern Eromanga Basin (Great Artesian Basin),2009,88,-2.115437674873835
pilot_uniform_depletion_v2,Northern Eromanga Basin (Great Artesian Basin),2010,88,-1.839126644178007
pilot_uniform_depletion_v2,Northern Eromanga Basin (Great Artesian Basin),2011,89,-1.4255498721021702
pilot_uniform_depletion_v2,Northern Eromanga Basin (Great Artesian Basin),2012,91,-0.9971018572137481
pilot_uniform_depletion_v2,Northern Eromanga Basin (Great Artesian Basin),2013,94,-0.5099330184288225
pilot_uniform_depletion_v2,Northern Eromanga Basin (Great Artesian Basin),2014,97,-0.34352638551268244
pilot_uniform_depletion_v2,Northern Eromanga Basin (Great Artesian Basin),2015,99,-0.44058203859262
pilot_uniform_depletion_v2,Northern Eromanga Basin (Great Artesian Basin),2016,100,-0.548084417040858
pilot_uniform_depletion_v2,Northern High Plains (High Plains),2002,114,-0.2615380963889116
pilot_uniform_depletion_v2,Northern High Plains (High Plains),2003,113,-0.8384384419634177
pilot_uniform_depletion_v2,Northern High Plains (High Plains),2004,111,-1.141844962754422
pilot_uniform_depletion_v2,Northern High Plains (High Plains),2005,109,-1.2210399659673643
pilot_uniform_depletion_v2,Northern High Plains (High Plains),2006,105,-1.3828969821190547
pilot_uniform_depletion_v2,Northern High Plains (High Plains),2007,101,-1.6585413042871073
pilot_uniform_depletion_v2,Northern High Plains (High Plains),2008,92,-1.605911234227312
pilot_uniform_depletion_v2,Northern High Plains (High Plains),2009,88,-1.411460023017483
pilot_uniform_depletion_v2,Northern High Plains (High Plains),2010,88,-0.8478700300135138
pilot_uniform_depletion_v2,Northern High Plains (High Plains),2011,89,-0.7259424397467235
pilot_uniform_depletion_v2,Northern High Plains (High Plains),2012,91,-0.6771807299777153
pilot_uniform_depletion_v2,Northern High Plains (High Plains),2013,94,-1.1276167639450152
pilot_uniform_depletion_v2,Northern High Plains (High Plains),2014,97,-1.1046357763521741
pilot_uniform_depletion_v2,Northern High Plains (High Plains),2015,99,-1.0865290868788293
pilot_uniform_depletion_v2,Northern High Plains (High Plains),2016,100,-1.1391250734887095
pilot_uniform_depletion_v2,Williston Basin (Northern Great Plains),2002,114,0.16352282876675756
pilot_uniform_depletion_v2,Williston Basin (Northern Great Plains),2003,113,-0.07308852699010772
pilot_uniform_depletion_v2,Williston Basin (Northern Great Plains),2004,111,-0.16682164921056275
pilot_uniform_depletion_v2,Williston Basin (Northern Great Plains),2005,109,-0.2091050595375297
pilot_uniform_depletion_v2,Williston Basin (Northern Great Plains),2006,105,-0.44538710258925907
pilot_uniform_depletion_v2,Williston Basin (Northern Great Plains),2007,101,-0.8033842184626262
pilot_uniform_depletion_v2,Williston Basin (Northern Great Plains),2008,92,-1.1623845486035849
pilot_uniform_depletion_v2,Williston Basin (Northern Great Plains),2009,88,-1.7047421702748984
pilot_uniform_depletion_v2,Williston Basin (Northern Great Plains),2010,88,-1.6605360880963373
pilot_uniform_depletion_v2,Williston Basin (Northern Great Plains),2011,89,-1.481373294252606
pilot_uniform_depletion_v2,Williston Basin (Northern Great Plains),2012,91,-1.300039727308051
pilot_uniform_depletion_v2,Williston Basin (Northern Great Plains),2013,94,-1.4077027733340426
pilot_uniform_depletion_v2,Williston Basin (Northern Great Plains),2014,97,-1.3685857427919161
pilot_uniform_depletion_v2,Williston Basin (Northern Great Plains),2015,99,-1.2823333337080145
pilot_uniform_depletion_v2,Williston Basin (Northern Great Plains),2016,100,-1.3546126380261816
pilot_uniform_depletion_v2,Central Eromanga Depocenter (Great Artesian Basin),2002,114,0.18096939262008038
pilot_uniform_depletion_v2,Central Eromanga Depocenter (Great Artesian Basin),2003,113,0.36880194022271423
pilot_uniform_depletion_v2,Central Eromanga Depocenter (Great Artesian Basin),2004,111,0.25828531135141497
pilot_uniform_depletion_v2,Central Eromanga Depocenter (Great Artesian Basin),2005,109,-0.10078534574644706
pilot_uniform_depletion_v2,Central Eromanga Depocenter (Great Artesian Basin),2006,105,-0.5086269361295401
pilot_uniform_depletion_v2,Central Eromanga Depocenter (Great Artesian Basin),2007,101,-0.7740461755170291
pilot_uniform_depletion_v2,Central Eromanga Depocenter (Great Artesian Basin),2008,92,-0.9873650552843937
pilot_uniform_depletion_v2,Central Eromanga Depocenter (Great Artesian Basin),2009,88,-1.7562683209301277
pilot_uniform_depletion_v2,Central Eromanga Depocenter (Great Artesian Basin),2010,88,-2.516883471567203
pilot_uniform_depletion_v2,Central Eromanga Depocenter (Great Artesian Basin),2011,89,-2.2418679956132332
pilot_uniform_depletion_v2,Central Eromanga Depocenter (Great Artesian Basin),2012,91,-1.7751298571077085
pilot_uniform_depletion_v2,Central Eromanga Depocenter (Great Artesian Basin),2013,94,-1.2171587243057824
pilot_uniform_depletion_v2,Central Eromanga Depocenter (Great Artesian Basin),2014,97,-1.0162961182691719
pilot_uniform_depletion_v2,Central Eromanga Depocenter (Great Artesian Basin),2015,99,-1.004641345077828
pilot_uniform_depletion_v2,Central Eromanga Depocenter (Great Artesian Basin),2016,100,-0.9375290507977736
pilot_uniform_depletion_v2,Western Parecis Basin (Parecis Basin),2002,114,-0.8133048810509667
pilot_uniform_depletion_v2,Western Parecis Basin (Parecis Basin),2003,113,-0.9371304168632839
pilot_uniform_depletion_v2,Western Parecis Basin (Parecis Basin),2004,111,-0.7531567346768534
pilot_uniform_depletion_v2,Western Parecis Basin (Parecis Basin),2005,109,-0.7215292427037979
pilot_uniform_depletion_v2,Western Parecis Basin (Parecis Basin),2006,105,-0.8421211471616208
pilot_uniform_depletion_v2,Western Parecis Basin (Parecis Basin),2007,101,-0.7835330072063608
pilot_uniform_depletion_v2,Western Parecis Basin (Parecis Basin),2008,92,-0.6369082395066333
pilot_uniform_depletion_v2,Western Parecis Basin (Parecis Basin),2009,88,-0.5813201334060061
pilot_uniform_depletion_v2,Western Parecis Basin (Parecis Basin),2010,88,-0.476030854982602
pilot_uniform_depletion_v2,Western Parecis Basin (Parecis Basin),2011,89,-1.19337515711051
pilot_uniform_depletion_v2,Western Parecis Basin (Parecis Basin),2012,91,-1.1853633020126784
pilot_uniform_depletion_v2,Western Parecis Basin (Parecis Basin),2013,94,-1.5893224231335212
pilot_uniform_depletion_v2,Western Parecis Basin (Parecis Basin),2014,97,-1.8191327107290987
pilot_uniform_depletion_v2,Western Parecis Basin (Parecis Basin),2015,99,-2.0613639865426294
pilot_uniform_depletion_v2,Western Parecis Basin (Parecis Basin),2016,100,-2.268579487329129
pilot_uniform_depletion_v2,Upper Gangetic Plain (Indo-Gangetic Plain),2002,114,-0.8940418814982236
pilot_uniform_depletion_v2,Upper Gangetic Plain (Indo-Gangetic Plain),2003,113,-0.9557244259352149
pilot_uniform_depletion_v2,Upper Gangetic Plain (Indo-Gangetic Plain),2004,111,-0.67789238508237
pilot_uniform_depletion_v2,Upper Gangetic Plain (Indo-Gangetic Plain),2005,109,-0.7931226213723972
pilot_uniform_depletion_v2,Upper Gangetic Plain (Indo-Gangetic Plain),2006,105,-0.9905095482371513
pilot_uniform_depletion_v2,Upper Gangetic Plain (Indo-Gangetic Plain),2007,101,-1.2483085551530348
pilot_uniform_depletion_v2,Upper Gangetic Plain (Indo-Gangetic Plain),2008,92,-1.6005709056989366
pilot_uniform_depletion_v2,Upper Gangetic Plain (Indo-Gangetic Plain),2009,88,-1.4996577811404335
pilot_uniform_depletion_v2,Upper Gangetic Plain (Indo-Gangetic Plain),2010,88,-1.2163582230070933
pilot_uniform_depletion_v2,Upper Gangetic Plain (Indo-Gangetic Plain),2011,89,-1.174495161713242
pilot_uniform_depletion_v2,Upper Gangetic Plain (Indo-Gangetic Plain),2012,91,-0.6574777098770148
pilot_uniform_depletion_v2,Upper Gangetic Plain (Indo-Gangetic Plain),2013,94,-0.4633627229527586
pilot_uniform_depletion_v2,Upper Gangetic Plain (Indo-Gangetic Plain),2014,97,-0.3059202878253555
pilot_uniform_depletion_v2,Upper Gangetic Plain (Indo-Gangetic Plain),2015,99,-0.2949252758598137
pilot_uniform_depletion_v2,Upper Gangetic Plain (Indo-Gangetic Plain),2016,100,-0.07813526985864512
pilot_uniform_depletion_v2,Stampriet Kalahari Karoo Aquifer System,2002,114,-0.00606391248512644
pilot_uniform_depletion_v2,Stampriet Kalahari Karoo Aquifer System,2003,113,-0.014179988472632849
pilot_uniform_depletion_v2,Stampriet Kalahari Karoo Aquifer System,2004,111,-0.4637268724563584
pilot_uniform_depletion_v2,Stampriet Kalahari Karoo Aquifer System,2005,109,-0.7300910432840586
pilot_uniform_depletion_v2,Stampriet Kalahari Karoo Aquifer System,2006,105,-1.0694975010702887
pilot_uniform_depletion_v2,Stampriet Kalahari Karoo Aquifer System,2007,101,-1.0472257264308613
pilot_uniform_depletion_v2,Stampriet Kalahari Karoo Aquifer System,2008,92,-1.279588009863587
pilot_uniform_depletion_v2,Stampriet Kalahari Karoo Aquifer System,2009,88,-1.7307228966712693
pilot_uniform_depletion_v2,Stampriet Kalahari Karoo Aquifer System,2010,88,-2.1317796162710185
pilot_uniform_depletion_v2,Stampriet Kalahari Karoo Aquifer System,2011,89,-2.2229148169631348
pilot_uniform_depletion_v2,Stampriet Kalahari Karoo Aquifer System,2012,91,-1.6945300177299452
pilot_uniform_depletion_v2,Stampriet Kalahari Karoo Aquifer System,2013,94,-1.435363651625792
pilot_uniform_depletion_v2,Stampriet Kalahari Karoo Aquifer System,2014,97,-1.5000978879063096
pilot_uniform_depletion_v2,Stampriet Kalahari Karoo Aquifer System,2015,99,-1.3606397367036929
pilot_uniform_depletion_v2,Stampriet Kalahari Karoo Aquifer System,2016,100,-1.181442951692568
pilot_uniform_depletion_v2,Northcentral Mega Aquifer System (Mega Aquifer System),2002,114,-1.3309352396429146
pilot_uniform_depletion_v2,Northcentral Mega Aquifer System (Mega Aquifer System),2003,113,-1.461053589453237
pilot_uniform_depletion_v2,Northcentral Mega Aquifer System (Mega Aquifer System),2004,111,-1.537037315950656
pilot_uniform_depletion_v2,Northcentral Mega Aquifer System (Mega Aquifer System),2005,109,-1.41493287409173
pilot_uniform_depletion_v2,Northcentral Mega Aquifer System (Mega Aquifer System),2006,105,-1.1947748083086243
pilot_uniform_depletion_v2,Northcentral Mega Aquifer System (Mega Aquifer System),2007,101,-1.0167844439878935
pilot_uniform_depletion_v2,Northcentral Mega Aquifer System (Mega Aquifer System),2008,92,-0.8481209734415176
pilot_uniform_depletion_v2,Northcentral Mega Aquifer System (Mega Aquifer System),2009,88,-0.6560417571848367
pilot_uniform_depletion_v2,Northcentral Mega Aquifer System (Mega Aquifer System),2010,88,-0.5622980381957249
pilot_uniform_depletion_v2,Northcentral Mega Aquifer System (Mega Aquifer System),2011,89,-0.5798407074434246
pilot_uniform_depletion_v2,Northcentral Mega Aquifer System (Mega Aquifer System),2012,91,-0.6524073220966028
pilot_uniform_depletion_v2,Northcentral Mega Aquifer System (Mega Aquifer System),2013,94,-0.7214389627036625
pilot_uniform_depletion_v2,Northcentral Mega Aquifer System (Mega Aquifer System),2014,97,-0.6870113405753754
pilot_uniform_depletion_v2,Northcentral Mega Aquifer System (Mega Aquifer System),2015,99,-0.721173412517366
pilot_uniform_depletion_v2,Northcentral Mega Aquifer System (Mega Aquifer System),2016,100,-0.8065523723622949
pilot_uniform_depletion_v2,Ozark Plateaus Aquifer System,2002,114,-0.705346113795438
pilot_uniform_depletion_v2,Ozark Plateaus Aquifer System,2003,113,-1.218915890266806
pilot_uniform_depletion_v2,Ozark Plateaus Aquifer System,2004,111,-1.0684445108562965
pilot_uniform_depletion_v2,Ozark Plateaus Aquifer System,2005,109,-0.7471796927892678
pilot_uniform_depletion_v2,Ozark Plateaus Aquifer System,2006,105,-0.8582233809483605
pilot_uniform_depletion_v2,Ozark Plateaus Aquifer System,2007,101,-1.174488765869974
pilot_uniform_depletion_v2,Ozark Plateaus Aquifer System,2008,92,-1.139423438420453
pilot_uniform_depletion_v2,Ozark Plateaus Aquifer System,2009,88,-0.7203661151019705
pilot_uniform_depletion_v2,Ozark Plateaus Aquifer System,2010,88,0.2187945819467594
pilot_uniform_depletion_v2,Ozark Plateaus Aquifer System,2011,89,0.11063148823969304
pilot_uniform_depletion_v2,Ozark Plateaus Aquifer System,2012,91,-0.054258366679489176
pilot_uniform_depletion_v2,Ozark Plateaus Aquifer System,2013,94,-0.9389409035107559
pilot_uniform_depletion_v2,Ozark Plateaus Aquifer System,2014,97,-1.4139628592561917
pilot_uniform_depletion_v2,Ozark Plateaus Aquifer System,2015,99,-1.8763119862388422
pilot_uniform_depletion_v2,Ozark Plateaus Aquifer System,2016,100,-1.8210646441000677
pilot_uniform_depletion_v2,Western Karoo Basin (Main Karoo Basin),2002,114,-0.8598862114107738
pilot_uniform_depletion_v2,Western Karoo Basin (Main Karoo Basin),2003,113,-0.8507591943091869
pilot_uniform_depletion_v2,Western Karoo Basin (Main Karoo Basin),2004,111,-1.0106859103179326
pilot_uniform_depletion_v2,Western Karoo Basin (Main Karoo Basin),2005,109,-1.2026570104608991
pilot_uniform_depletion_v2,Western Karoo Basin (Main Karoo Basin),2006,105,-1.3980649810174246
pilot_uniform_depletion_v2,Western Karoo Basin (Main Karoo Basin),2007,101,-1.3787071743635138
pilot_uniform_depletion_v2,Western Karoo Basin (Main Karoo Basin),2008,92,-1.4425488485917444
pilot_uniform_depletion_v2,Western Karoo Basin (Main Karoo Basin),2009,88,-1.4348553878408792
pilot_uniform_depletion_v2,Western Karoo Basin (Main Karoo Basin),2010,88,-1.4777209433388434
pilot_uniform_depletion_v2,Western Karoo Basin (Main Karoo Basin),2011,89,-1.5024156194201415
pilot_uniform_depletion_v2,Western Karoo Basin (Main Karoo Basin),2012,91,-1.3062058685273432
pilot_uniform_depletion_v2,Western Karoo Basin (Main Karoo Basin),2013,94,-0.9928708148381725
pilot_uniform_depletion_v2,Western Karoo Basin (Main Karoo Basin),2014,97,-0.8193323049597556
pilot_uniform_depletion_v2,Western Karoo Basin (Main Karoo Basin),2015,99,-0.7060002355908577
pilot_uniform_depletion_v2,Western Karoo Basin (Main Karoo Basin),2016,100,-0.5143906273194033
pilot_uniform_depletion_v2,Middle Gangetic Plain (Indo-Gangetic Plain),2002,114,-1.174456694103315
pilot_uniform_depletion_v2,Middle Gangetic Plain (Indo-Gangetic Plain),2003,113,-1.1936520977901655
pilot_uniform_depletion_v2,Middle Gangetic Plain (Indo-Gangetic Plain),2004,111,-0.9919854909003958
pilot_uniform_depletion_v2,Middle Gangetic Plain (Indo-Gangetic Plain),2005,109,-0.8955548546233488
pilot_uniform_depletion_v2,Middle Gangetic Plain (Indo-Gangetic Plain),2006,105,-1.192176028026093
pilot_uniform_depletion_v2,Middle Gangetic Plain (Indo-Gangetic Plain),2007,101,-1.2356621366721618
pilot_uniform_depletion_v2,Middle Gangetic Plain (Indo-Gangetic Plain),2008,92,-1.3413513656501963
pilot_uniform_depletion_v2,Middle Gangetic Plain (Indo-Gangetic Plain),2009,88,-1.4221165741094377
pilot_uniform_depletion_v2,Middle Gangetic Plain (Indo-Gangetic Plain),2010,88,-1.2237158210938035
pilot_uniform_depletion_v2,Middle Gangetic Plain (Indo-Gangetic Plain),2011,89,-0.9240983748911301
pilot_uniform_depletion_v2,Middle Gangetic Plain (Indo-Gangetic Plain),2012,91,-0.4454081163241696
pilot_uniform_depletion_v2,Middle Gangetic Plain (Indo-Gangetic Plain),2013,94,-0.34156854743015147
pilot_uniform_depletion_v2,Middle Gangetic Plain (Indo-Gangetic Plain),2014,97,-0.37881856604367503
pilot_uniform_depletion_v2,Middle Gangetic Plain (Indo-Gangetic Plain),2015,99,-0.3306243938075092
pilot_uniform_depletion_v2,Middle Gangetic Plain (Indo-Gangetic Plain),2016,100,-0.2561148435470191
pilot_uniform_depletion_v2,Northern Mega Aquifer System (Mega Aquifer System),2002,114,-1.4269872941875295
pilot_uniform_depletion_v2,Northern Mega Aquifer System (Mega Aquifer System),2003,113,-1.5829637867121744
pilot_uniform_depletion_v2,Northern Mega Aquifer System (Mega Aquifer System),2004,111,-1.5704406012562675
pilot_uniform_depletion_v2,Northern Mega Aquifer System (Mega Aquifer System),2005,109,-1.3488676516915716
pilot_uniform_depletion_v2,Northern Mega Aquifer System (Mega Aquifer System),2006,105,-1.0939798441521593
pilot_uniform_depletion_v2,Northern Mega Aquifer System (Mega Aquifer System),2007,101,-0.7903221339300861
pilot_uniform_depletion_v2,Northern Mega Aquifer System (Mega Aquifer System),2008,92,-0.5824348037117384
pilot_uniform_depletion_v2,Northern Mega Aquifer System (Mega Aquifer System),2009,88,-0.37863528188172163
pilot_uniform_depletion_v2,Northern Mega Aquifer System (Mega Aquifer System),2010,88,-0.2731208246855669
pilot_uniform_depletion_v2,Northern Mega Aquifer System (Mega Aquifer System),2011,89,-0.3735718226712089
pilot_uniform_depletion_v2,Northern Mega Aquifer System (Mega Aquifer System),2012,91,-0.5585999184958937
pilot_uniform_depletion_v2,Northern Mega Aquifer System (Mega Aquifer System),2013,94,-0.75872407060636
pilot_uniform_depletion_v2,Northern Mega Aquifer System (Mega Aquifer System),2014,97,-0.7429863860019973
pilot_uniform_depletion_v2,Northern Mega Aquifer System (Mega Aquifer System),2015,99,-0.7392358396116302
pilot_uniform_depletion_v2,Northern Mega Aquifer System (Mega Aquifer System),2016,100,-0.8493840177499578
pilot_uniform_depletion_v2,Canning Basin,2002,114,-0.650214451851923
pilot_uniform_depletion_v2,Canning Basin,2003,113,-0.738686536002239
pilot_uniform_depletion_v2,Canning Basin,2004,111,-0.6105700995675795
pilot_uniform_depletion_v2,Canning Basin,2005,109,-0.6381514607673461
pilot_uniform_depletion_v2,Canning Basin,2006,105,-0.925351676487098
pilot_uniform_depletion_v2,Canning Basin,2007,101,-0.8927417134405715
pilot_uniform_depletion_v2,Canning Basin,2008,92,-0.6874838720982174
pilot_uniform_depletion_v2,Canning Basin,2009,88,-1.0204796180265636
pilot_uniform_depletion_v2,Canning Basin,2010,88,-1.5269795309395446
pilot_uniform_depletion_v2,Canning Basin,2011,89,-1.3924233556060048
pilot_uniform_depletion_v2,Canning Basin,2012,91,-1.1029562300118314
pilot_uniform_depletion_v2,Canning Basin,2013,94,-0.7703083316975428
pilot_uniform_depletion_v2,Canning Basin,2014,97,-0.5428804754538276
pilot_uniform_depletion_v2,Canning Basin,2015,99,-0.3765382903103162
pilot_uniform_depletion_v2,Canning Basin,2016,100,-0.45777735462487223
pilot_uniform_depletion_v2,Central Karoo Basin (Main Karoo Basin),2002,114,-1.0992981392365657
pilot_uniform_depletion_v2,Central Karoo Basin (Main Karoo Basin),2003,113,-1.0045222202741526
pilot_uniform_depletion_v2,Central Karoo Basin (Main Karoo Basin),2004,111,-1.2819862936199176
pilot_uniform_depletion_v2,Central Karoo Basin (Main Karoo Basin),2005,109,-1.4692533219937984
pilot_uniform_depletion_v2,Central Karoo Basin (Main Karoo Basin),2006,105,-1.7810794497196107
pilot_uniform_depletion_v2,Central Karoo Basin (Main Karoo Basin),2007,101,-1.5585250832417943
pilot_uniform_depletion_v2,Central Karoo Basin (Main Karoo Basin),2008,92,-1.6860524722255261
pilot_uniform_depletion_v2,Central Karoo Basin (Main Karoo Basin),2009,88,-1.7964068501617907
pilot_uniform_depletion_v2,Central Karoo Basin (Main Karoo Basin),2010,88,-1.7019717448323444
pilot_uniform_depletion_v2,Central Karoo Basin (Main Karoo Basin),2011,89,-1.4779761717918094
pilot_uniform_depletion_v2,Central Karoo Basin (Main Karoo Basin),2012,91,-1.0803820818869903
pilot_uniform_depletion_v2,Central Karoo Basin (Main Karoo Basin),2013,94,-0.5746842231132756
pilot_uniform_depletion_v2,Central Karoo Basin (Main Karoo Basin),2014,97,-0.40035233973407086
pilot_uniform_depletion_v2,Central Karoo Basin (Main Karoo Basin),2015,99,-0.5568048788918476
pilot_uniform_depletion_v2,Central Karoo Basin (Main Karoo Basin),2016,100,-0.5275512831939277
pilot_uniform_depletion_v2,Southern Carpentaria Basin (Great Artesian Basin),2002,114,-0.04717166913390716
pilot_uniform_depletion_v2,Southern Carpentaria Basin (Great Artesian Basin),2003,113,-0.3928727870572016
pilot_uniform_depletion_v2,Southern Carpentaria Basin (Great Artesian Basin),2004,111,-0.8835371664234931
pilot_uniform_depletion_v2,Southern Carpentaria Basin (Great Artesian Basin),2005,109,-1.271249164256505
pilot_uniform_depletion_v2,Southern Carpentaria Basin (Great Artesian Basin),2006,105,-1.7090157986999244
pilot_uniform_depletion_v2,Southern Carpentaria Basin (Great Artesian Basin),2007,101,-1.4901974909213664
pilot_uniform_depletion_v2,Southern Carpentaria Basin (Great Artesian Basin),2008,92,-1.48366332584381
pilot_uniform_depletion_v2,Southern Carpentaria Basin (Great Artesian Basin),2009,88,-1.5154969002697083
pilot_uniform_depletion_v2,Southern Carpentaria Basin (Great Artesian Basin),2010,88,-1.6156313949885397
pilot_uniform_depletion_v2,Southern Carpentaria Basin (Great Artesian Basin),2011,89,-1.2099902349802756
pilot_uniform_depletion_v2,Southern Carpentaria Basin (Great Artesian Basin),2012,91,-0.7760433123943369
pilot_uniform_depletion_v2,Southern Carpentaria Basin (Great Artesian Basin),2013,94,-0.5491747542308854
pilot_uniform_depletion_v2,Southern Carpentaria Basin (Great Artesian Basin),2014,97,-0.47021875235151556
pilot_uniform_depletion_v2,Southern Carpentaria Basin (Great Artesian Basin),2015,99,-0.28996159491279866
pilot_uniform_depletion_v2,Southern Carpentaria Basin (Great Artesian Basin),2016,100,-0.2798607099002723
pilot_uniform_depletion_v2,Eastern Parecis Basin (Parecis Basin),2002,114,-0.6374661669915309
pilot_uniform_depletion_v2,Eastern Parecis Basin (Parecis Basin),2003,113,-0.815404924630144
pilot_uniform_depletion_v2,Eastern Parecis Basin (Parecis Basin),2004,111,-0.4185191186737278
pilot_uniform_depletion_v2,Eastern Parecis Basin (Parecis Basin),2005,109,-0.4016982102613043
pilot_uniform_depletion_v2,Eastern Parecis Basin (Parecis Basin),2006,105,-0.4480967382451371
pilot_uniform_depletion_v2,Eastern Parecis Basin (Parecis Basin),2007,101,-0.419651763845452
pilot_uniform_depletion_v2,Eastern Parecis Basin (Parecis Basin),2008,92,-0.43681532073330726
pilot_uniform_depletion_v2,Eastern Parecis Basin (Parecis Basin),2009,88,-0.6432675129692754
pilot_uniform_depletion_v2,Eastern Parecis Basin (Parecis Basin),2010,88,-0.5481613727830352
pilot_uniform_depletion_v2,Eastern Parecis Basin (Parecis Basin),2011,89,-1.2292216912541871
pilot_uniform_depletion_v2,Eastern Parecis Basin (Parecis Basin),2012,91,-1.1368086224964213
pilot_uniform_depletion_v2,Eastern Parecis Basin (Parecis Basin),2013,94,-1.6161945151067099
pilot_uniform_depletion_v2,Eastern Parecis Basin (Parecis Basin),2014,97,-1.6915804069396179
pilot_uniform_depletion_v2,Eastern Parecis Basin (Parecis Basin),2015,99,-1.689565124138644
pilot_uniform_depletion_v2,Eastern Parecis Basin (Parecis Basin),2016,100,-1.9680045082360753
pilot_uniform_depletion_v2,Eastern Poti and Piaui and Cabecas and Serra Grande Aquifers (Parnaiba Basin),2002,114,-0.7145657625786505
pilot_uniform_depletion_v2,Eastern Poti and Piaui and Cabecas and Serra Grande Aquifers (Parnaiba Basin),2003,113,-1.1446431399050405
pilot_uniform_depletion_v2,Eastern Poti and Piaui and Cabecas and Serra Grande Aquifers (Parnaiba Basin),2004,111,-1.0972796597503944
pilot_uniform_depletion_v2,Eastern Poti and Piaui and Cabecas and Serra Grande Aquifers (Parnaiba Basin),2005,109,-1.2389284573350334
pilot_uniform_depletion_v2,Eastern Poti and Piaui and Cabecas and Serra Grande Aquifers (Parnaiba Basin),2006,105,-1.3101525029655023
pilot_uniform_depletion_v2,Eastern Poti and Piaui and Cabecas and Serra Grande Aquifers (Parnaiba Basin),2007,101,-1.3473292094278853
pilot_uniform_depletion_v2,Eastern Poti and Piaui and Cabecas and Serra Grande Aquifers (Parnaiba Basin),2008,92,-1.384668564151647
pilot_uniform_depletion_v2,Eastern Poti and Piaui and Cabecas and Serra Grande Aquifers (Parnaiba Basin),2009,88,-1.047870058401093
pilot_uniform_depletion_v2,Eastern Poti and Piaui and Cabecas and Serra Grande Aquifers (Parnaiba Basin),2010,88,-0.5209679838326994
pilot_uniform_depletion_v2,Eastern Poti and Piaui and Cabecas and Serra Grande Aquifers (Parnaiba Basin),2011,89,-0.4129360469492124
pilot_uniform_depletion_v2,Eastern Poti and Piaui and Cabecas and Serra Grande Aquifers (Parnaiba Basin),2012,91,-0.10788041230632439
pilot_uniform_depletion_v2,Eastern Poti and Piaui and Cabecas and Serra Grande Aquifers (Parnaiba Basin),2013,94,-0.32650386686010807
pilot_uniform_depletion_v2,Eastern Poti and Piaui and Cabecas and Serra Grande Aquifers (Parnaiba Basin),2014,97,-0.5278620826182281
pilot_uniform_depletion_v2,Eastern Poti and Piaui and Cabecas and Serra Grande Aquifers (Parnaiba Basin),2015,99,-0.765306084383965
pilot_uniform_depletion_v2,Eastern Poti and Piaui and Cabecas and Serra Grande Aquifers (Parnaiba Basin),2016,100,-1.2762860751046718
pilot_uniform_depletion_v2,Wiso Basin (Daly-Wiso-Georgina Basins),2002,114,-0.4524407375825703
pilot_uniform_depletion_v2,Wiso Basin (Daly-Wiso-Georgina Basins),2003,113,-0.6555859071145782
pilot_uniform_depletion_v2,Wiso Basin (Daly-Wiso-Georgina Basins),2004,111,-0.7180985398666948
pilot_uniform_depletion_v2,Wiso Basin (Daly-Wiso-Georgina Basins),2005,109,-0.7051577171209888
pilot_uniform_depletion_v2,Wiso Basin (Daly-Wiso-Georgina Basins),2006,105,-0.8727766485188815
pilot_uniform_depletion_v2,Wiso Basin (Daly-Wiso-Georgina Basins),2007,101,-0.7731299562909347
pilot_uniform_depletion_v2,Wiso Basin (Daly-Wiso-Georgina Basins),2008,92,-0.6480551051557131
pilot_uniform_depletion_v2,Wiso Basin (Daly-Wiso-Georgina Basins),2009,88,-1.341080879905899
pilot_uniform_depletion_v2,Wiso Basin (Daly-Wiso-Georgina Basins),2010,88,-2.1333604531996175
pilot_uniform_depletion_v2,Wiso Basin (Daly-Wiso-Georgina Basins),2011,89,-1.859705313548862
pilot_uniform_depletion_v2,Wiso Basin (Daly-Wiso-Georgina Basins),2012,91,-1.562896460838627
pilot_uniform_depletion_v2,Wiso Basin (Daly-Wiso-Georgina Basins),2013,94,-1.3606288064747347
pilot_uniform_depletion_v2,Wiso Basin (Daly-Wiso-Georgina Basins),2014,97,-1.0382085575441717
pilot_uniform_depletion_v2,Wiso Basin (Daly-Wiso-Georgina Basins),2015,99,-0.442252879180586
pilot_uniform_depletion_v2,Wiso Basin (Daly-Wiso-Georgina Basins),2016,100,-0.24559189858712577
pilot_uniform_depletion_v2,Northern Georgina Basin (Daly-Wiso-Georgina Basins),2002,114,-0.3925433730126961
pilot_uniform_depletion_v2,Northern Georgina Basin (Daly-Wiso-Georgina Basins),2003,113,-0.6373997938027007
pilot_uniform_depletion_v2,Northern Georgina Basin (Daly-Wiso-Georgina Basins),2004,111,-0.8402055346523634
pilot_uniform_depletion_v2,Northern Georgina Basin (Daly-Wiso-Georgina Basins),2005,109,-0.8866203773947479
pilot_uniform_depletion_v2,Northern Georgina Basin (Daly-Wiso-Georgina Basins),2006,105,-1.0980703801975593
pilot_uniform_depletion_v2,Northern Georgina Basin (Daly-Wiso-Georgina Basins),2007,101,-0.8195967360426821
pilot_uniform_depletion_v2,Northern Georgina Basin (Daly-Wiso-Georgina Basins),2008,92,-0.771833444919319
pilot_uniform_depletion_v2,Northern Georgina Basin (Daly-Wiso-Georgina Basins),2009,88,-1.5223149044030413
pilot_uniform_depletion_v2,Northern Georgina Basin (Daly-Wiso-Georgina Basins),2010,88,-2.163291871220354
pilot_uniform_depletion_v2,Northern Georgina Basin (Daly-Wiso-Georgina Basins),2011,89,-1.932744212101939
pilot_uniform_depletion_v2,Northern Georgina Basin (Daly-Wiso-Georgina Basins),2012,91,-1.5908209571246956
pilot_uniform_depletion_v2,Northern Georgina Basin (Daly-Wiso-Georgina Basins),2013,94,-1.38747893935478
pilot_uniform_depletion_v2,Northern Georgina Basin (Daly-Wiso-Georgina Basins),2014,97,-1.0915919101456868
pilot_uniform_depletion_v2,Northern Georgina Basin (Daly-Wiso-Georgina Basins),2015,99,-0.49406519730381615
pilot_uniform_depletion_v2,Northern Georgina Basin (Daly-Wiso-Georgina Basins),2016,100,-0.16975821702830957
pilot_uniform_depletion_v2,Dakota Aquifer System,2002,114,0.2642914188866011
pilot_uniform_depletion_v2,Dakota Aquifer System,2003,113,-0.19697743010672192
pilot_uniform_depletion_v2,Dakota Aquifer System,2004,111,-0.5272684602975162
pilot_uniform_depletion_v2,Dakota Aquifer System,2005,109,-0.78606819050784
pilot_uniform_depletion_v2,Dakota Aquifer System,2006,105,-1.1262780017769316
pilot_uniform_depletion_v2,Dakota Aquifer System,2007,101,-1.6167534862800839
pilot_uniform_depletion_v2,Dakota Aquifer System,2008,92,-1.78046375870289
pilot_uniform_depletion_v2,Dakota Aquifer System,2009,88,-1.827240309931681
pilot_uniform_depletion_v2,Dakota Aquifer System,2010,88,-1.2692613491256461
pilot_uniform_depletion_v2,Dakota Aquifer System,2011,89,-0.9892000849938906
pilot_uniform_depletion_v2,Dakota Aquifer System,2012,91,-0.8076089080778301
pilot_uniform_depletion_v2,Dakota Aquifer System,2013,94,-1.0956841250508509
pilot_uniform_depletion_v2,Dakota Aquifer System,2014,97,-1.029916617612354
pilot_uniform_depletion_v2,Dakota Aquifer System,2015,99,-1.059959737848503
pilot_uniform_depletion_v2,Dakota Aquifer System,2016,100,-1.19427831110343
pilot_uniform_depletion_v2,Arckaringa Basin and Southwestern Great Artesian Basin (Great Artesian Basin),2002,114,-0.6383451107038673
pilot_uniform_depletion_v2,Arckaringa Basin and Southwestern Great Artesian Basin (Great Artesian Basin),2003,113,-0.5664921706878435
pilot_uniform_depletion_v2,Arckaringa Basin and Southwestern Great Artesian Basin (Great Artesian Basin),2004,111,-0.554344666590328
pilot_uniform_depletion_v2,Arckaringa Basin and Southwestern Great Artesian Basin (Great Artesian Basin),2005,109,-0.5663295322510571
pilot_uniform_depletion_v2,Arckaringa Basin and Southwestern Great Artesian Basin (Great Artesian Basin),2006,105,-0.6991032453096822
pilot_uniform_depletion_v2,Arckaringa Basin and Southwestern Great Artesian Basin (Great Artesian Basin),2007,101,-0.7288737642761117
pilot_uniform_depletion_v2,Arckaringa Basin and Southwestern Great Artesian Basin (Great Artesian Basin),2008,92,-0.7796954442873519
pilot_uniform_depletion_v2,Arckaringa Basin and Southwestern Great Artesian Basin (Great Artesian Basin),2009,88,-1.1426911517600677
pilot_uniform_depletion_v2,Arckaringa Basin and Southwestern Great Artesian Basin (Great Artesian Basin),2010,88,-1.4926715724994624
pilot_uniform_depletion_v2,Arckaringa Basin and Southwestern Great Artesian Basin (Great Artesian Basin),2011,89,-1.5410442209991015
pilot_uniform_depletion_v2,Arckaringa Basin and Southwestern Great Artesian Basin (Great Artesian Basin),2012,91,-1.238644060577715
pilot_uniform_depletion_v2,Arckaringa Basin and Southwestern Great Artesian Basin (Great Artesian Basin),2013,94,-0.8788577659211091
pilot_uniform_depletion_v2,Arckaringa Basin and Southwestern Great Artesian Basin (Great Artesian Basin),2014,97,-0.690188997062086
pilot_uniform_depletion_v2,Arckaringa Basin and Southwestern Great Artesian Basin (Great Artesian Basin),2015,99,-0.6498452493071533
pilot_uniform_depletion_v2,Arckaringa Basin and Southwestern Great Artesian Basin (Great Artesian Basin),2016,100,-0.7584173476544283
pilot_uniform_depletion_v2,Trans Gangetic Plain (Indo-Gangetic Plain),2002,114,-0.2890081890360564
pilot_uniform_depletion_v2,Trans Gangetic Plain (Indo-Gangetic Plain),2003,113,-0.5496826777328877
pilot_uniform_depletion_v2,Trans Gangetic Plain (Indo-Gangetic Plain),2004,111,-0.27587396763406263
pilot_uniform_depletion_v2,Trans Gangetic Plain (Indo-Gangetic Plain),2005,109,-0.4364891824700309
pilot_uniform_depletion_v2,Trans Gangetic Plain (Indo-Gangetic Plain),2006,105,-0.6039922032101255
pilot_uniform_depletion_v2,Trans Gangetic Plain (Indo-Gangetic Plain),2007,101,-0.9236608797164214
pilot_uniform_depletion_v2,Trans Gangetic Plain (Indo-Gangetic Plain),2008,92,-1.291577552447488
pilot_uniform_depletion_v2,Trans Gangetic Plain (Indo-Gangetic Plain),2009,88,-0.9028541576926373
pilot_uniform_depletion_v2,Trans Gangetic Plain (Indo-Gangetic Plain),2010,88,-1.0956179931208296
pilot_uniform_depletion_v2,Trans Gangetic Plain (Indo-Gangetic Plain),2011,89,-1.0544173135326063
pilot_uniform_depletion_v2,Trans Gangetic Plain (Indo-Gangetic Plain),2012,91,-0.6391086374228696
pilot_uniform_depletion_v2,Trans Gangetic Plain (Indo-Gangetic Plain),2013,94,-0.5030557034540422
pilot_uniform_depletion_v2,Trans Gangetic Plain (Indo-Gangetic Plain),2014,97,-0.3700467294630119
pilot_uniform_depletion_v2,Trans Gangetic Plain (Indo-Gangetic Plain),2015,99,-0.4716298063509604
pilot_uniform_depletion_v2,Trans Gangetic Plain (Indo-Gangetic Plain),2016,100,-0.08811835154362616
pilot_uniform_depletion_v2,Southcentral Mega Aquifer System (Mega Aquifer System),2002,114,-0.6624033845589447
pilot_uniform_depletion_v2,Southcentral Mega Aquifer System (Mega Aquifer System),2003,113,-0.791725408140795
pilot_uniform_depletion_v2,Southcentral Mega Aquifer System (Mega Aquifer System),2004,111,-0.8490305420967278
pilot_uniform_depletion_v2,Southcentral Mega Aquifer System (Mega Aquifer System),2005,109,-0.7797955794786898
pilot_uniform_depletion_v2,Southcentral Mega Aquifer System (Mega Aquifer System),2006,105,-0.6797177761438943
pilot_uniform_depletion_v2,Southcentral Mega Aquifer System (Mega Aquifer System),2007,101,-0.5896909848491815
pilot_uniform_depletion_v2,Southcentral Mega Aquifer System (Mega Aquifer System),2008,92,-0.41843184669101263
pilot_uniform_depletion_v2,Southcentral Mega Aquifer System (Mega Aquifer System),2009,88,-0.4159129412221758
pilot_uniform_depletion_v2,Southcentral Mega Aquifer System (Mega Aquifer System),2010,88,-0.49232395655219446
pilot_uniform_depletion_v2,Southcentral Mega Aquifer System (Mega Aquifer System),2011,89,-0.6262543704447296
pilot_uniform_depletion_v2,Southcentral Mega Aquifer System (Mega Aquifer System),2012,91,-0.7529685481643872
pilot_uniform_depletion_v2,Southcentral Mega Aquifer System (Mega Aquifer System),2013,94,-0.8469100488976153
pilot_uniform_depletion_v2,Southcentral Mega Aquifer System (Mega Aquifer System),2014,97,-0.8490086898627935
pilot_uniform_depletion_v2,Southcentral Mega Aquifer System (Mega Aquifer System),2015,99,-0.8863055512355993
pilot_uniform_depletion_v2,Southcentral Mega Aquifer System (Mega Aquifer System),2016,100,-0.9382353603683455
pilot_uniform_depletion_v2,Central Mississippi Embayment (Mississippi Embayment),2002,114,-1.720475864559909
pilot_uniform_depletion_v2,Central Mississippi Embayment (Mississippi Embayment),2003,113,-1.6634631757916982
pilot_uniform_depletion_v2,Central Mississippi Embayment (Mississippi Embayment),2004,111,-1.231678861994818
pilot_uniform_depletion_v2,Central Mississippi Embayment (Mississippi Embayment),2005,109,-0.558331494054782
pilot_uniform_depletion_v2,Central Mississippi Embayment (Mississippi Embayment),2006,105,-0.6319393419423291
pilot_uniform_depletion_v2,Central Mississippi Embayment (Mississippi Embayment),2007,101,-0.7838985445180452
pilot_uniform_depletion_v2,Central Mississippi Embayment (Mississippi Embayment),2008,92,-0.834134528076501
pilot_uniform_depletion_v2,Central Mississippi Embayment (Mississippi Embayment),2009,88,-0.5429612824572232
pilot_uniform_depletion_v2,Central Mississippi Embayment (Mississippi Embayment),2010,88,0.160033228447902
pilot_uniform_depletion_v2,Central Mississippi Embayment (Mississippi Embayment),2011,89,-0.3064283917392308
pilot_uniform_depletion_v2,Central Mississippi Embayment (Mississippi Embayment),2012,91,-0.6635163650162806
pilot_uniform_depletion_v2,Central Mississippi Embayment (Mississippi Embayment),2013,94,-1.2643368955478202
pilot_uniform_depletion_v2,Central Mississippi Embayment (Mississippi Embayment),2014,97,-1.5413958557950074
pilot_uniform_depletion_v2,Central Mississippi Embayment (Mississippi Embayment),2015,99,-1.6795152700817306
pilot_uniform_depletion_v2,Central Mississippi Embayment (Mississippi Embayment),2016,100,-1.8589305466272807
pilot_uniform_depletion_v2,Northern Karoo Basin (Main Karoo Basin),2002,114,-0.9655760056188363
pilot_uniform_depletion_v2,Northern Karoo Basin (Main Karoo Basin),2003,113,-1.060426981832275
pilot_uniform_depletion_v2,Northern Karoo Basin (Main Karoo Basin),2004,111,-1.3955224241633652
pilot_uniform_depletion_v2,Northern Karoo Basin (Main Karoo Basin),2005,109,-1.680420651034017
pilot_uniform_depletion_v2,Northern Karoo Basin (Main Karoo Basin),2006,105,-1.9499542985614766
pilot_uniform_depletion_v2,Northern Karoo Basin (Main Karoo Basin),2007,101,-1.7585770583924456
pilot_uniform_depletion_v2,Northern Karoo Basin (Main Karoo Basin),2008,92,-1.9345828619829315
pilot_uniform_depletion_v2,Northern Karoo Basin (Main Karoo Basin),2009,88,-2.0544536998508556
pilot_uniform_depletion_v2,Northern Karoo Basin (Main Karoo Basin),2010,88,-1.8455576029587395
pilot_uniform_depletion_v2,Northern Karoo Basin (Main Karoo Basin),2011,89,-1.2895095182296954
pilot_uniform_depletion_v2,Northern Karoo Basin (Main Karoo Basin),2012,91,-0.6427122055040869
pilot_uniform_depletion_v2,Northern Karoo Basin (Main Karoo Basin),2013,94,-0.3368839415516731
pilot_uniform_depletion_v2,Northern Karoo Basin (Main Karoo Basin),2014,97,-0.34596244141331944
pilot_uniform_depletion_v2,Northern Karoo Basin (Main Karoo Basin),2015,99,-0.5637039088461722
pilot_uniform_depletion_v2,Northern Karoo Basin (Main Karoo Basin),2016,100,-0.6450772776392402
pilot_uniform_depletion_v2,Mississippian-Silurian-Devonian Carbonates (Northern Midwest Aquifer System),2002,114,0.039762437606372464
pilot_uniform_depletion_v2,Mississippian-Silurian-Devonian Carbonates (Northern Midwest Aquifer System),2003,113,-0.6333469446703631
pilot_uniform_depletion_v2,Mississippian-Silurian-Devonian Carbonates (Northern Midwest Aquifer System),2004,111,-0.9703042144951534
pilot_uniform_depletion_v2,Mississippian-Silurian-Devonian Carbonates (Northern Midwest Aquifer System),2005,109,-0.5965853832759486
pilot_uniform_depletion_v2,Mississippian-Silurian-Devonian Carbonates (Northern Midwest Aquifer System),2006,105,-1.011333784120813
pilot_uniform_depletion_v2,Mississippian-Silurian-Devonian Carbonates (Northern Midwest Aquifer System),2007,101,-1.2942751417187957
pilot_uniform_depletion_v2,Mississippian-Silurian-Devonian Carbonates (Northern Midwest Aquifer System),2008,92,-1.4160321723981169
pilot_uniform_depletion_v2,Mississippian-Silurian-Devonian Carbonates (Northern Midwest Aquifer System),2009,88,-0.8711157648525097
pilot_uniform_depletion_v2,Mississippian-Silurian-Devonian Carbonates (Northern Midwest Aquifer System),2010,88,-0.19573563715589834
pilot_uniform_depletion_v2,Mississippian-Silurian-Devonian Carbonates (Northern Midwest Aquifer System),2011,89,-0.02182448103579618
pilot_uniform_depletion_v2,Mississippian-Silurian-Devonian Carbonates (Northern Midwest Aquifer System),2012,91,-0.28849889767720394
pilot_uniform_depletion_v2,Mississippian-Silurian-Devonian Carbonates (Northern Midwest Aquifer System),2013,94,-1.3483467903717736
pilot_uniform_depletion_v2,Mississippian-Silurian-Devonian Carbonates (Northern Midwest Aquifer System),2014,97,-2.1649581871054795
pilot_uniform_depletion_v2,Mississippian-Silurian-Devonian Carbonates (Northern Midwest Aquifer System),2015,99,-2.2709632579091155
pilot_uniform_depletion_v2,Mississippian-Silurian-Devonian Carbonates (Northern Midwest Aquifer System),2016,100,-2.453420383091841
pilot_uniform_depletion_v2,Staten River Embayment and Central Carpentaria Basin (Great Artesian Basin),2002,114,-0.02402617396429203
pilot_uniform_depletion_v2,Staten River Embayment and Central Carpentaria Basin (Great Artesian Basin),2003,113,-0.4387924847678634
pilot_uniform_depletion_v2,Staten River Embayment and Central Carpentaria Basin (Great Artesian Basin),2004,111,-0.715668844074263
pilot_uniform_depletion_v2,Staten River Embayment and Central Carpentaria Basin (Great Artesian Basin),2005,109,-0.8603113250748003
pilot_uniform_depletion_v2,Staten River Embayment and Central Carpentaria Basin (Great Artesian Basin),2006,105,-1.1470699489395066
pilot_uniform_depletion_v2,Staten River Embayment and Central Carpentaria Basin (Great Artesian Basin),2007,101,-0.9499871684248394
pilot_uniform_depletion_v2,Staten River Embayment and Central Carpentaria Basin (Great Artesian Basin),2008,92,-0.844010530503669
pilot_uniform_depletion_v2,Staten River Embayment and Central Carpentaria Basin (Great Artesian Basin),2009,88,-0.9997598238694563
pilot_uniform_depletion_v2,Staten River Embayment and Central Carpentaria Basin (Great Artesian Basin),2010,88,-1.2810572246811545
pilot_uniform_depletion_v2,Staten River Embayment and Central Carpentaria Basin (Great Artesian Basin),2011,89,-1.0175722798097968
pilot_uniform_depletion_v2,Staten River Embayment and Central Carpentaria Basin (Great Artesian Basin),2012,91,-0.6525060900202604
pilot_uniform_depletion_v2,Staten River Embayment and Central Carpentaria Basin (Great Artesian Basin),2013,94,-0.6263874884939429
pilot_uniform_depletion_v2,Staten River Embayment and Central Carpentaria Basin (Great Artesian Basin),2014,97,-0.6745189456922153
pilot_uniform_depletion_v2,Staten River Embayment and Central Carpentaria Basin (Great Artesian Basin),2015,99,-0.5178059487567391
pilot_uniform_depletion_v2,Staten River Embayment and Central Carpentaria Basin (Great Artesian Basin),2016,100,-0.566274069428726
pilot_uniform_depletion_v2,Central Dharwar Craton Banded Gneiss Complex (Dharwar Craton Banded Gneiss Complex),2002,114,-0.693547713627495
pilot_uniform_depletion_v2,Central Dharwar Craton Banded Gneiss Complex (Dharwar Craton Banded Gneiss Complex),2003,113,-1.0782302560630999
pilot_uniform_depletion_v2,Central Dharwar Craton Banded Gneiss Complex (Dharwar Craton Banded Gneiss Complex),2004,111,-1.4546961815217627
pilot_uniform_depletion_v2,Central Dharwar Craton Banded Gneiss Complex (Dharwar Craton Banded Gneiss Complex),2005,109,-1.6807395023081124
pilot_uniform_depletion_v2,Central Dharwar Craton Banded Gneiss Complex (Dharwar Craton Banded Gneiss Complex),2006,105,-1.8097940902005305
pilot_uniform_depletion_v2,Central Dharwar Craton Banded Gneiss Complex (Dharwar Craton Banded Gneiss Complex),2007,101,-1.9170190078281344
pilot_uniform_depletion_v2,Central Dharwar Craton Banded Gneiss Complex (Dharwar Craton Banded Gneiss Complex),2008,92,-1.9251604600189158
pilot_uniform_depletion_v2,Central Dharwar Craton Banded Gneiss Complex (Dharwar Craton Banded Gneiss Complex),2009,88,-1.9811616677095842
pilot_uniform_depletion_v2,Central Dharwar Craton Banded Gneiss Complex (Dharwar Craton Banded Gneiss Complex),2010,88,-1.3988330680486103
pilot_uniform_depletion_v2,Central Dharwar Craton Banded Gneiss Complex (Dharwar Craton Banded Gneiss Complex),2011,89,-0.43445660704396066
pilot_uniform_depletion_v2,Central Dharwar Craton Banded Gneiss Complex (Dharwar Craton Banded Gneiss Complex),2012,91,-0.12215760075946437
pilot_uniform_depletion_v2,Central Dharwar Craton Banded Gneiss Complex (Dharwar Craton Banded Gneiss Complex),2013,94,-0.0013078510841425454
pilot_uniform_depletion_v2,Central Dharwar Craton Banded Gneiss Complex (Dharwar Craton Banded Gneiss Complex),2014,97,-0.20450199799612864
pilot_uniform_depletion_v2,Central Dharwar Craton Banded Gneiss Complex (Dharwar Craton Banded Gneiss Complex),2015,99,-0.06698518208417743
pilot_uniform_depletion_v2,Central Dharwar Craton Banded Gneiss Complex (Dharwar Craton Banded Gneiss Complex),2016,100,0.10753933355145778
pilot_uniform_depletion_v2,Central Huaihe Plain (Huaihe River Basin),2002,114,-1.3694279432856054
pilot_uniform_depletion_v2,Central Huaihe Plain (Huaihe River Basin),2003,113,-1.9060666830875659
pilot_uniform_depletion_v2,Central Huaihe Plain (Huaihe River Basin),2004,111,-1.8036084221547068
pilot_uniform_depletion_v2,Central Huaihe Plain (Huaihe River Basin),2005,109,-1.8381877183815893
pilot_uniform_depletion_v2,Central Huaihe Plain (Huaihe River Basin),2006,105,-1.5890003965468587
pilot_uniform_depletion_v2,Central Huaihe Plain (Huaihe River Basin),2007,101,-1.4186440733185282
pilot_uniform_depletion_v2,Central Huaihe Plain (Huaihe River Basin),2008,92,-1.3466125630612151
pilot_uniform_depletion_v2,Central Huaihe Plain (Huaihe River Basin),2009,88,-0.9838551335428305
pilot_uniform_depletion_v2,Central Huaihe Plain (Huaihe River Basin),2010,88,-1.0999910504741273
pilot_uniform_depletion_v2,Central Huaihe Plain (Huaihe River Basin),2011,89,-0.3083090804599322
pilot_uniform_depletion_v2,Central Huaihe Plain (Huaihe River Basin),2012,91,0.24554009606335866
pilot_uniform_depletion_v2,Central Huaihe Plain (Huaihe River Basin),2013,94,0.19022371208285455
pilot_uniform_depletion_v2,Central Huaihe Plain (Huaihe River Basin),2014,97,0.09721258948313549
pilot_uniform_depletion_v2,Central Huaihe Plain (Huaihe River Basin),2015,99,-0.24962638422967084
pilot_uniform_depletion_v2,Central Huaihe Plain (Huaihe River Basin),2016,100,-0.5615350289806396
pilot_uniform_depletion_v2,Central Minnesota Surficial and Buried Sand and Gravel Aquifers,2002,114,-0.5268048629649758
pilot_uniform_depletion_v2,Central Minnesota Surficial and Buried Sand and Gravel Aquifers,2003,113,-0.734173791862215
pilot_uniform_depletion_v2,Central Minnesota Surficial and Buried Sand and Gravel Aquifers,2004,111,-1.0854295560706468
pilot_uniform_depletion_v2,Central Minnesota Surficial and Buried Sand and Gravel Aquifers,2005,109,-1.172627254137993
pilot_uniform_depletion_v2,Central Minnesota Surficial and Buried Sand and Gravel Aquifers,2006,105,-1.1057297672374293
pilot_uniform_depletion_v2,Central Minnesota Surficial and Buried Sand and Gravel Aquifers,2007,101,-1.314975851773484
pilot_uniform_depletion_v2,Central Minnesota Surficial and Buried Sand and Gravel Aquifers,2008,92,-1.5117039461303123
pilot_uniform_depletion_v2,Central Minnesota Surficial and Buried Sand and Gravel Aquifers,2009,88,-1.5976951176162308
pilot_uniform_depletion_v2,Central Minnesota Surficial and Buried Sand and Gravel Aquifers,2010,88,-1.134903658751664
pilot_uniform_depletion_v2,Central Minnesota Surficial and Buried Sand and Gravel Aquifers,2011,89,-0.7942952674200928
pilot_uniform_depletion_v2,Central Minnesota Surficial and Buried Sand and Gravel Aquifers,2012,91,-0.9298465490974159
pilot_uniform_depletion_v2,Central Minnesota Surficial and Buried Sand and Gravel Aquifers,2013,94,-1.0897188934228945
pilot_uniform_depletion_v2,Central Minnesota Surficial and Buried Sand and Gravel Aquifers,2014,97,-1.1636752108382338
pilot_uniform_depletion_v2,Central Minnesota Surficial and Buried Sand and Gravel Aquifers,2015,99,-1.3010101267961822
pilot_uniform_depletion_v2,Central Minnesota Surficial and Buried Sand and Gravel Aquifers,2016,100,-1.8729023690715199
pilot_uniform_depletion_v2,Southern High Plains (High Plains),2002,114,-1.1239266380277844
pilot_uniform_depletion_v2,Southern High Plains (High Plains),2003,113,-1.5430609488606264
pilot_uniform_depletion_v2,Southern High Plains (High Plains),2004,111,-2.066603978447845
pilot_uniform_depletion_v2,Southern High Plains (High Plains),2005,109,-1.285142294534087
pilot_uniform_depletion_v2,Southern High Plains (High Plains),2006,105,-0.8839924702939838
pilot_uniform_depletion_v2,Southern High Plains (High Plains),2007,101,-0.7381568662548875
pilot_uniform_depletion_v2,Southern High Plains (High Plains),2008,92,-0.3954654606968255
pilot_uniform_depletion_v2,Southern High Plains (High Plains),2009,88,-0.20996118348717133
pilot_uniform_depletion_v2,Southern High Plains (High Plains),2010,88,-0.24925931245648975
pilot_uniform_depletion_v2,Southern High Plains (High Plains),2011,89,-0.43782598699420455
pilot_uniform_depletion_v2,Southern High Plains (High Plains),2012,91,-0.8125247066037091
pilot_uniform_depletion_v2,Southern High Plains (High Plains),2013,94,-1.2986154669546313
pilot_uniform_depletion_v2,Southern High Plains (High Plains),2014,97,-1.7146077286283763
pilot_uniform_depletion_v2,Southern High Plains (High Plains),2015,99,-1.4317129092164445
pilot_uniform_depletion_v2,Southern High Plains (High Plains),2016,100,-1.1406772439975663
pilot_uniform_depletion_v2,Southcentral Karoo Basin (Main Karoo Basin),2002,114,-0.8485270965033279
pilot_uniform_depletion_v2,Southcentral Karoo Basin (Main Karoo Basin),2003,113,-0.7252280108189163
pilot_uniform_depletion_v2,Southcentral Karoo Basin (Main Karoo Basin),2004,111,-0.8058074333084182
pilot_uniform_depletion_v2,Southcentral Karoo Basin (Main Karoo Basin),2005,109,-0.9839617432921509
pilot_uniform_depletion_v2,Southcentral Karoo Basin (Main Karoo Basin),2006,105,-1.099611083488977
pilot_uniform_depletion_v2,Southcentral Karoo Basin (Main Karoo Basin),2007,101,-0.994931394793248
pilot_uniform_depletion_v2,Southcentral Karoo Basin (Main Karoo Basin),2008,92,-1.0276093909998438
pilot_uniform_depletion_v2,Southcentral Karoo Basin (Main Karoo Basin),2009,88,-1.3610880855798684
pilot_uniform_depletion_v2,Southcentral Karoo Basin (Main Karoo Basin),2010,88,-1.6410580325105109
pilot_uniform_depletion_v2,Southcentral Karoo Basin (Main Karoo Basin),2011,89,-1.8001402637758652
pilot_uniform_depletion_v2,Southcentral Karoo Basin (Main Karoo Basin),2012,91,-1.6512275555131442
pilot_uniform_depletion_v2,Southcentral Karoo Basin (Main Karoo Basin),2013,94,-1.221101913114468
pilot_uniform_depletion_v2,Southcentral Karoo Basin (Main Karoo Basin),2014,97,-0.8199474739245303
pilot_uniform_depletion_v2,Southcentral Karoo Basin (Main Karoo Basin),2015,99,-0.5999278973203455
pilot_uniform_depletion_v2,Southcentral Karoo Basin (Main Karoo Basin),2016,100,-0.32052672869040777
pilot_uniform_depletion_v2,Central High Plains (High Plains),2002,114,-0.9659274553345206
pilot_uniform_depletion_v2,Central High Plains (High Plains),2003,113,-1.316224677095289
pilot_uniform_depletion_v2,Central High Plains (High Plains),2004,111,-1.6273952736261927
pilot_uniform_depletion_v2,Central High Plains (High Plains),2005,109,-1.201037503299127
pilot_uniform_depletion_v2,Central High Plains (High Plains),2006,105,-0.8738968711788729
pilot_uniform_depletion_v2,Central High Plains (High Plains),2007,101,-0.7721936567226674
pilot_uniform_depletion_v2,Central High Plains (High Plains),2008,92,-0.514178432107946
pilot_uniform_depletion_v2,Central High Plains (High Plains),2009,88,-0.22285925586692962
pilot_uniform_depletion_v2,Central High Plains (High Plains),2010,88,-0.14313424753757045
pilot_uniform_depletion_v2,Central High Plains (High Plains),2011,89,-0.34724785009315107
pilot_uniform_depletion_v2,Central High Plains (High Plains),2012,91,-0.7082456495742682
pilot_uniform_depletion_v2,Central High Plains (High Plains),2013,94,-1.2041995141630293
pilot_uniform_depletion_v2,Central High Plains (High Plains),2014,97,-1.3261526166253566
pilot_uniform_depletion_v2,Central High Plains (High Plains),2015,99,-1.1342947239888126
pilot_uniform_depletion_v2,Central High Plains (High Plains),2016,100,-0.852392217478394
pilot_uniform_depletion_v2,Lower Liaohe River Plain (Liaohe River Basin),2002,114,-0.31364380052701596
pilot_uniform_depletion_v2,Lower Liaohe River Plain (Liaohe River Basin),2003,113,-0.20368231937940673
pilot_uniform_depletion_v2,Lower Liaohe River Plain (Liaohe River Basin),2004,111,-0.17449303417881107
pilot_uniform_depletion_v2,Lower Liaohe River Plain (Liaohe River Basin),2005,109,-0.5595823484376478
pilot_uniform_depletion_v2,Lower Liaohe River Plain (Liaohe River Basin),2006,105,-0.5649552033409664
pilot_uniform_depletion_v2,Lower Liaohe River Plain (Liaohe River Basin),2007,101,-0.6093761704618514
pilot_uniform_depletion_v2,Lower Liaohe River Plain (Liaohe River Basin),2008,92,-0.9113767661245316
pilot_uniform_depletion_v2,Lower Liaohe River Plain (Liaohe River Basin),2009,88,-1.2637876906814411
pilot_uniform_depletion_v2,Lower Liaohe River Plain (Liaohe River Basin),2010,88,-1.6303578331096624
pilot_uniform_depletion_v2,Lower Liaohe River Plain (Liaohe River Basin),2011,89,-1.382753226951313
pilot_uniform_depletion_v2,Lower Liaohe River Plain (Liaohe River Basin),2012,91,-0.5580038494784616
pilot_uniform_depletion_v2,Lower Liaohe River Plain (Liaohe River Basin),2013,94,0.5710704033469368
pilot_uniform_depletion_v2,Lower Liaohe River Plain (Liaohe River Basin),2014,97,1.2408469707226013
pilot_uniform_depletion_v2,Lower Liaohe River Plain (Liaohe River Basin),2015,99,1.3925391174699149
pilot_uniform_depletion_v2,Lower Liaohe River Plain (Liaohe River Basin),2016,100,0.9177237478622016
pilot_uniform_depletion_v2,Wadi As-Sirhan Basin,2002,114,-0.47163193167608347
pilot_uniform_depletion_v2,Wadi As-Sirhan Basin,2003,113,-0.5713668755408687
pilot_uniform_depletion_v2,Wadi As-Sirhan Basin,2004,111,-0.6013801857026463
pilot_uniform_depletion_v2,Wadi As-Sirhan Basin,2005,109,-0.5673632902784091
pilot_uniform_depletion_v2,Wadi As-Sirhan Basin,2006,105,-0.523255718656343
pilot_uniform_depletion_v2,Wadi As-Sirhan Basin,2007,101,-0.456405962518213
pilot_uniform_depletion_v2,Wadi As-Sirhan Basin,2008,92,-0.4158927314128109
pilot_uniform_depletion_v2,Wadi As-Sirhan Basin,2009,88,-0.40363341343377535
pilot_uniform_depletion_v2,Wadi As-Sirhan Basin,2010,88,-0.31290609567585803
pilot_uniform_depletion_v2,Wadi As-Sirhan Basin,2011,89,-0.3185888106229481
pilot_uniform_depletion_v2,Wadi As-Sirhan Basin,2012,91,-0.3400369368625884
pilot_uniform_depletion_v2,Wadi As-Sirhan Basin,2013,94,-0.36043415490180236
pilot_uniform_depletion_v2,Wadi As-Sirhan Basin,2014,97,-0.34828378686293865
pilot_uniform_depletion_v2,Wadi As-Sirhan Basin,2015,99,-0.4177750650918538
pilot_uniform_depletion_v2,Wadi As-Sirhan Basin,2016,100,-0.5339964470034302
pilot_uniform_depletion_v2,Eastern Saq Aquifer (Ram-Saq Aquifer System),2002,114,-0.8586016478131899
pilot_uniform_depletion_v2,Eastern Saq Aquifer (Ram-Saq Aquifer System),2003,113,-0.9993259397299885
pilot_uniform_depletion_v2,Eastern Saq Aquifer (Ram-Saq Aquifer System),2004,111,-1.1770667709956208
pilot_uniform_depletion_v2,Eastern Saq Aquifer (Ram-Saq Aquifer System),2005,109,-1.2030229730480202
pilot_uniform_depletion_v2,Eastern Saq Aquifer (Ram-Saq Aquifer System),2006,105,-1.0739583632427216
pilot_uniform_depletion_v2,Eastern Saq Aquifer (Ram-Saq Aquifer System),2007,101,-0.9325351017600143
pilot_uniform_depletion_v2,Eastern Saq Aquifer (Ram-Saq Aquifer System),2008,92,-0.8737133546442261
pilot_uniform_depletion_v2,Eastern Saq Aquifer (Ram-Saq Aquifer System),2009,88,-0.6222277609737262
pilot_uniform_depletion_v2,Eastern Saq Aquifer (Ram-Saq Aquifer System),2010,88,-0.40272726906872724
pilot_uniform_depletion_v2,Eastern Saq Aquifer (Ram-Saq Aquifer System),2011,89,-0.33868060077985335
pilot_uniform_depletion_v2,Eastern Saq Aquifer (Ram-Saq Aquifer System),2012,91,-0.3479430965027514
pilot_uniform_depletion_v2,Eastern Saq Aquifer (Ram-Saq Aquifer System),2013,94,-0.3446737658619817
pilot_uniform_depletion_v2,Eastern Saq Aquifer (Ram-Saq Aquifer System),2014,97,-0.19940751361538908
pilot_uniform_depletion_v2,Eastern Saq Aquifer (Ram-Saq Aquifer System),2015,99,-0.14959264334819647
pilot_uniform_depletion_v2,Eastern Saq Aquifer (Ram-Saq Aquifer System),2016,100,-0.22488871743303462
pilot_uniform_depletion_v2,Trinity Aquifer System (Edwards-Trinity Aquifer System),2002,114,-1.479236882893909
pilot_uniform_depletion_v2,Trinity Aquifer System (Edwards-Trinity Aquifer System),2003,113,-1.395902573515365
pilot_uniform_depletion_v2,Trinity Aquifer System (Edwards-Trinity Aquifer System),2004,111,-1.536551494062839
pilot_uniform_depletion_v2,Trinity Aquifer System (Edwards-Trinity Aquifer System),2005,109,-0.9189099998721522
pilot_uniform_depletion_v2,Trinity Aquifer System (Edwards-Trinity Aquifer System),2006,105,-0.7928686222834606
pilot_uniform_depletion_v2,Trinity Aquifer System (Edwards-Trinity Aquifer System),2007,101,-0.763061298840202
pilot_uniform_depletion_v2,Trinity Aquifer System (Edwards-Trinity Aquifer System),2008,92,0.009937292228347192
pilot_uniform_depletion_v2,Trinity Aquifer System (Edwards-Trinity Aquifer System),2009,88,-0.02234284271508873
pilot_uniform_depletion_v2,Trinity Aquifer System (Edwards-Trinity Aquifer System),2010,88,0.18187626192445197
pilot_uniform_depletion_v2,Trinity Aquifer System (Edwards-Trinity Aquifer System),2011,89,-0.027086780852667955
pilot_uniform_depletion_v2,Trinity Aquifer System (Edwards-Trinity Aquifer System),2012,91,-0.34262209157223933
pilot_uniform_depletion_v2,Trinity Aquifer System (Edwards-Trinity Aquifer System),2013,94,-0.9695461595666172
pilot_uniform_depletion_v2,Trinity Aquifer System (Edwards-Trinity Aquifer System),2014,97,-1.4252773749115868
pilot_uniform_depletion_v2,Trinity Aquifer System (Edwards-Trinity Aquifer System),2015,99,-1.7178881397355985
pilot_uniform_depletion_v2,Trinity Aquifer System (Edwards-Trinity Aquifer System),2016,100,-1.6213615079100883
pilot_uniform_depletion_v2,Wisconsin Precambrian Aquifer,2002,114,-1.2554064021554392
pilot_uniform_depletion_v2,Wisconsin Precambrian Aquifer,2003,113,-1.2371532062951995
pilot_uniform_depletion_v2,Wisconsin Precambrian Aquifer,2004,111,-1.0987157521824003
pilot_uniform_depletion_v2,Wisconsin Precambrian Aquifer,2005,109,-0.5275392490195946
pilot_uniform_depletion_v2,Wisconsin Precambrian Aquifer,2006,105,-0.40345487582082507
pilot_uniform_depletion_v2,Wisconsin Precambrian Aquifer,2007,101,-0.3584628398596239
pilot_uniform_depletion_v2,Wisconsin Precambrian Aquifer,2008,92,-0.23467868907400133
pilot_uniform_depletion_v2,Wisconsin Precambrian Aquifer,2009,88,-0.20731571155867312
pilot_uniform_depletion_v2,Wisconsin Precambrian Aquifer,2010,88,-0.2606151729625332
pilot_uniform_depletion_v2,Wisconsin Precambrian Aquifer,2011,89,-0.16923343069494196
pilot_uniform_depletion_v2,Wisconsin Precambrian Aquifer,2012,91,-0.5257292565138111
pilot_uniform_depletion_v2,Wisconsin Precambrian Aquifer,2013,94,-1.162512267930637
pilot_uniform_depletion_v2,Wisconsin Precambrian Aquifer,2014,97,-1.5620508585726944
pilot_uniform_depletion_v2,Wisconsin Precambrian Aquifer,2015,99,-1.7265070596822978
pilot_uniform_depletion_v2,Wisconsin Precambrian Aquifer,2016,100,-2.2278444005531157
pilot_uniform_depletion_v2,Lafayette Area (Gulf Coast Regional Aquifer System),2002,114,-2.3087031136468927
pilot_uniform_depletion_v2,Lafayette Area (Gulf Coast Regional Aquifer System),2003,113,-1.9830426977122018
pilot_uniform_depletion_v2,Lafayette Area (Gulf Coast Regional Aquifer System),2004,111,-1.5485434181759286
pilot_uniform_depletion_v2,Lafayette Area (Gulf Coast Regional Aquifer System),2005,109,-0.694509215449811
pilot_uniform_depletion_v2,Lafayette Area (Gulf Coast Regional Aquifer System),2006,105,-0.7943183068843939
pilot_uniform_depletion_v2,Lafayette Area (Gulf Coast Regional Aquifer System),2007,101,-0.41134625165776423
pilot_uniform_depletion_v2,Lafayette Area (Gulf Coast Regional Aquifer System),2008,92,0.2255773877640929
pilot_uniform_depletion_v2,Lafayette Area (Gulf Coast Regional Aquifer System),2009,88,0.4939482403596834
pilot_uniform_depletion_v2,Lafayette Area (Gulf Coast Regional Aquifer System),2010,88,0.8976578225481803
pilot_uniform_depletion_v2,Lafayette Area (Gulf Coast Regional Aquifer System),2011,89,0.3795674802087272
pilot_uniform_depletion_v2,Lafayette Area (Gulf Coast Regional Aquifer System),2012,91,-0.16789584081455092
pilot_uniform_depletion_v2,Lafayette Area (Gulf Coast Regional Aquifer System),2013,94,-0.8350042189033603
pilot_uniform_depletion_v2,Lafayette Area (Gulf Coast Regional Aquifer System),2014,97,-1.4838938085935385
pilot_uniform_depletion_v2,Lafayette Area (Gulf Coast Regional Aquifer System),2015,99,-1.4641089977408206
pilot_uniform_depletion_v2,Lafayette Area (Gulf Coast Regional Aquifer System),2016,100,-1.839852456461568
pilot_uniform_depletion_v2,Paskapoo-Scollard,2002,114,-0.2062546946742997
pilot_uniform_depletion_v2,Paskapoo-Scollard,2003,113,-0.3306557919743829
pilot_uniform_depletion_v2,Paskapoo-Scollard,2004,111,-0.6171879523581896
pilot_uniform_depletion_v2,Paskapoo-Scollard,2005,109,-0.963484185541435
pilot_uniform_depletion_v2,Paskapoo-Scollard,2006,105,-0.9693572074945772
pilot_uniform_depletion_v2,Paskapoo-Scollard,2007,101,-0.9553360836270484
pilot_uniform_depletion_v2,Paskapoo-Scollard,2008,92,-0.7859107013656815
pilot_uniform_depletion_v2,Paskapoo-Scollard,2009,88,-1.0878604399064644
pilot_uniform_depletion_v2,Paskapoo-Scollard,2010,88,-1.149001677384668
pilot_uniform_depletion_v2,Paskapoo-Scollard,2011,89,-0.955053882650273
pilot_uniform_depletion_v2,Paskapoo-Scollard,2012,91,-1.0265848830606663
pilot_uniform_depletion_v2,Paskapoo-Scollard,2013,94,-1.1098496607728918
pilot_uniform_depletion_v2,Paskapoo-Scollard,2014,97,-1.108157635899319
pilot_uniform_depletion_v2,Paskapoo-Scollard,2015,99,-1.4186605761974107
pilot_uniform_depletion_v2,Paskapoo-Scollard,2016,100,-1.9541479531797548
pilot_uniform_depletion_v2,Western Surat Basin (Great Artesian Basin),2002,114,0.49116932363962196
pilot_uniform_depletion_v2,Western Surat Basin (Great Artesian Basin),2003,113,0.2540881304640343
pilot_uniform_depletion_v2,Western Surat Basin (Great Artesian Basin),2004,111,-0.2787520124091812
pilot_uniform_depletion_v2,Western Surat Basin (Great Artesian Basin),2005,109,-0.7699501574572013
pilot_uniform_depletion_v2,Western Surat Basin (Great Artesian Basin),2006,105,-1.1562773762299814
pilot_uniform_depletion_v2,Western Surat Basin (Great Artesian Basin),2007,101,-1.6250542542626416
pilot_uniform_depletion_v2,Western Surat Basin (Great Artesian Basin),2008,92,-2.10069181536542
pilot_uniform_depletion_v2,Western Surat Basin (Great Artesian Basin),2009,88,-2.651909070668933
pilot_uniform_depletion_v2,Western Surat Basin (Great Artesian Basin),2010,88,-3.107387175610744
pilot_uniform_depletion_v2,Western Surat Basin (Great Artesian Basin),2011,89,-2.4380413864688664
pilot_uniform_depletion_v2,Western Surat Basin (Great Artesian Basin),2012,91,-1.510256331404062
pilot_uniform_depletion_v2,Western Surat Basin (Great Artesian Basin),2013,94,-0.36781465915106026
pilot_uniform_depletion_v2,Western Surat Basin (Great Artesian Basin),2014,97,-0.22465214472878733
pilot_uniform_depletion_v2,Western Surat Basin (Great Artesian Basin),2015,99,-0.17749984058059423
pilot_uniform_depletion_v2,Western Surat Basin (Great Artesian Basin),2016,100,-0.158952514069426
pilot_uniform_depletion_v2,Coonamble Embayment (Great Artesian Basin),2002,114,0.6005707553026359
pilot_uniform_depletion_v2,Coonamble Embayment (Great Artesian Basin),2003,113,0.3685562907579488
pilot_uniform_depletion_v2,Coonamble Embayment (Great Artesian Basin),2004,111,-0.037212007028454154
pilot_uniform_depletion_v2,Coonamble Embayment (Great Artesian Basin),2005,109,-0.48894970723180314
pilot_uniform_depletion_v2,Coonamble Embayment (Great Artesian Basin),2006,105,-0.7588437349015337
pilot_uniform_depletion_v2,Coonamble Embayment (Great Artesian Basin),2007,101,-1.1185223924985424
pilot_uniform_depletion_v2,Coonamble Embayment (Great Artesian Basin),2008,92,-1.441262041874862
pilot_uniform_depletion_v2,Coonamble Embayment (Great Artesian Basin),2009,88,-2.0296845901222493
pilot_uniform_depletion_v2,Coonamble Embayment (Great Artesian Basin),2010,88,-2.518811564434833
pilot_uniform_depletion_v2,Coonamble Embayment (Great Artesian Basin),2011,89,-1.7847523726584535
pilot_uniform_depletion_v2,Coonamble Embayment (Great Artesian Basin),2012,91,-1.0290934491188253
pilot_uniform_depletion_v2,Coonamble Embayment (Great Artesian Basin),2013,94,-0.08339331612392237
pilot_uniform_depletion_v2,Coonamble Embayment (Great Artesian Basin),2014,97,-0.20459029947726837
pilot_uniform_depletion_v2,Coonamble Embayment (Great Artesian Basin),2015,99,-0.3590157085076752
pilot_uniform_depletion_v2,Coonamble Embayment (Great Artesian Basin),2016,100,-0.4668520007319381
pilot_uniform_depletion_v2,Mimosa Syncline and Eastern Surat Basin (Great Artesian Basin),2002,114,0.30253734225615336
pilot_uniform_depletion_v2,Mimosa Syncline and Eastern Surat Basin (Great Artesian Basin),2003,113,0.04039363328054256
pilot_uniform_depletion_v2,Mimosa Syncline and Eastern Surat Basin (Great Artesian Basin),2004,111,-0.24539476398802207
pilot_uniform_depletion_v2,Mimosa Syncline and Eastern Surat Basin (Great Artesian Basin),2005,109,-0.6325469533643585
pilot_uniform_depletion_v2,Mimosa Syncline and Eastern Surat Basin (Great Artesian Basin),2006,105,-0.8309236067410783
pilot_uniform_depletion_v2,Mimosa Syncline and Eastern Surat Basin (Great Artesian Basin),2007,101,-1.359144147233735
pilot_uniform_depletion_v2,Mimosa Syncline and Eastern Surat Basin (Great Artesian Basin),2008,92,-1.6415432770737366
pilot_uniform_depletion_v2,Mimosa Syncline and Eastern Surat Basin (Great Artesian Basin),2009,88,-2.129245201796212
pilot_uniform_depletion_v2,Mimosa Syncline and Eastern Surat Basin (Great Artesian Basin),2010,88,-2.7441287311954143
pilot_uniform_depletion_v2,Mimosa Syncline and Eastern Surat Basin (Great Artesian Basin),2011,89,-2.3476994027955445
pilot_uniform_depletion_v2,Mimosa Syncline and Eastern Surat Basin (Great Artesian Basin),2012,91,-1.4701506101202912
pilot_uniform_depletion_v2,Mimosa Syncline and Eastern Surat Basin (Great Artesian Basin),2013,94,-0.46872619427410767
pilot_uniform_depletion_v2,Mimosa Syncline and Eastern Surat Basin (Great Artesian Basin),2014,97,-0.4472521190334621
pilot_uniform_depletion_v2,Mimosa Syncline and Eastern Surat Basin (Great Artesian Basin),2015,99,-0.3377371787638366
pilot_uniform_depletion_v2,Mimosa Syncline and Eastern Surat Basin (Great Artesian Basin),2016,100,-0.23085180196674782
pilot_uniform_depletion_v2,Wuyuer-Shuangyang System (Songnen Plain),2002,114,-1.4432910969580666
pilot_uniform_depletion_v2,Wuyuer-Shuangyang System (Songnen Plain),2003,113,-1.4447322545013963
pilot_uniform_depletion_v2,Wuyuer-Shuangyang System (Songnen Plain),2004,111,-0.9076850435860261
pilot_uniform_depletion_v2,Wuyuer-Shuangyang System (Songnen Plain),2005,109,-0.770884140838546
pilot_uniform_depletion_v2,Wuyuer-Shuangyang System (Songnen Plain),2006,105,-0.5929754438619728
pilot_uniform_depletion_v2,Wuyuer-Shuangyang System (Songnen Plain),2007,101,-0.2726402528262181
pilot_uniform_depletion_v2,Wuyuer-Shuangyang System (Songnen Plain),2008,92,-0.3094258960188698
pilot_uniform_depletion_v2,Wuyuer-Shuangyang System (Songnen Plain),2009,88,-0.45019792091133054
pilot_uniform_depletion_v2,Wuyuer-Shuangyang System (Songnen Plain),2010,88,-0.14291613825772154
pilot_uniform_depletion_v2,Wuyuer-Shuangyang System (Songnen Plain),2011,89,0.3493313754080588
pilot_uniform_depletion_v2,Wuyuer-Shuangyang System (Songnen Plain),2012,91,0.7746920109217179
pilot_uniform_depletion_v2,Wuyuer-Shuangyang System (Songnen Plain),2013,94,0.9883599229568895
pilot_uniform_depletion_v2,Wuyuer-Shuangyang System (Songnen Plain),2014,97,1.2781788300314996
pilot_uniform_depletion_v2,Wuyuer-Shuangyang System (Songnen Plain),2015,99,1.0235642011332735
pilot_uniform_depletion_v2,Wuyuer-Shuangyang System (Songnen Plain),2016,100,0.15163464212941144
pilot_uniform_depletion_v2,Powder River Basin (Northern Great Plains),2002,114,-0.3094962283109981
pilot_uniform_depletion_v2,Powder River Basin (Northern Great Plains),2003,113,-0.5574717555332865
pilot_uniform_depletion_v2,Powder River Basin (Northern Great Plains),2004,111,-0.49104667235111593
pilot_uniform_depletion_v2,Powder River Basin (Northern Great Plains),2005,109,-0.5143193400774194
pilot_uniform_depletion_v2,Powder River Basin (Northern Great Plains),2006,105,-0.5805449750055425
pilot_uniform_depletion_v2,Powder River Basin (Northern Great Plains),2007,101,-0.8159801978864031
pilot_uniform_depletion_v2,Powder River Basin (Northern Great Plains),2008,92,-1.003045532679071
pilot_uniform_depletion_v2,Powder River Basin (Northern Great Plains),2009,88,-1.162299712230483
pilot_uniform_depletion_v2,Powder River Basin (Northern Great Plains),2010,88,-1.0437215044172325
pilot_uniform_depletion_v2,Powder River Basin (Northern Great Plains),2011,89,-0.9961199121652259
pilot_uniform_depletion_v2,Powder River Basin (Northern Great Plains),2012,91,-0.9930806782148295
pilot_uniform_depletion_v2,Powder River Basin (Northern Great Plains),2013,94,-1.207469831728428
pilot_uniform_depletion_v2,Powder River Basin (Northern Great Plains),2014,97,-1.044474890561984
pilot_uniform_depletion_v2,Powder River Basin (Northern Great Plains),2015,99,-0.9629982801091095
pilot_uniform_depletion_v2,Powder River Basin (Northern Great Plains),2016,100,-1.0371494001654478
pilot_uniform_depletion_v2,Central Eucla Basin (Eucla Basin),2002,114,-0.5773548514265076
pilot_uniform_depletion_v2,Central Eucla Basin (Eucla Basin),2003,113,-0.7024421009742126
pilot_uniform_depletion_v2,Central Eucla Basin (Eucla Basin),2004,111,-0.6516673691459252
pilot_uniform_depletion_v2,Central Eucla Basin (Eucla Basin),2005,109,-0.5633416082035837
pilot_uniform_depletion_v2,Central Eucla Basin (Eucla Basin),2006,105,-0.6062749690845621
pilot_uniform_depletion_v2,Central Eucla Basin (Eucla Basin),2007,101,-0.38700691352467054
pilot_uniform_depletion_v2,Central Eucla Basin (Eucla Basin),2008,92,-0.23268428603723282
pilot_uniform_depletion_v2,Central Eucla Basin (Eucla Basin),2009,88,-0.6286417449346815
pilot_uniform_depletion_v2,Central Eucla Basin (Eucla Basin),2010,88,-1.0395084451499248
pilot_uniform_depletion_v2,Central Eucla Basin (Eucla Basin),2011,89,-1.1741589558211594
pilot_uniform_depletion_v2,Central Eucla Basin (Eucla Basin),2012,91,-0.9057669790015874
pilot_uniform_depletion_v2,Central Eucla Basin (Eucla Basin),2013,94,-0.7369685062733067
pilot_uniform_depletion_v2,Central Eucla Basin (Eucla Basin),2014,97,-0.6823222726918031
pilot_uniform_depletion_v2,Central Eucla Basin (Eucla Basin),2015,99,-0.746076753408033
pilot_uniform_depletion_v2,Central Eucla Basin (Eucla Basin),2016,100,-0.9008284076857477
pilot_uniform_depletion_v2,Rio Grande Delta (Gulf Coast Regional Aquifer System),2002,114,-1.2883121921686527
pilot_uniform_depletion_v2,Rio Grande Delta (Gulf Coast Regional Aquifer System),2003,113,-1.5207566455520745
pilot_uniform_depletion_v2,Rio Grande Delta (Gulf Coast Regional Aquifer System),2004,111,-1.1317094037605637
pilot_uniform_depletion_v2,Rio Grande Delta (Gulf Coast Regional Aquifer System),2005,109,-0.6604133970267736
pilot_uniform_depletion_v2,Rio Grande Delta (Gulf Coast Regional Aquifer System),2006,105,-0.8025357701483997
pilot_uniform_depletion_v2,Rio Grande Delta (Gulf Coast Regional Aquifer System),2007,101,-0.8466776698924975
pilot_uniform_depletion_v2,Rio Grande Delta (Gulf Coast Regional Aquifer System),2008,92,-0.5851799833124971
pilot_uniform_depletion_v2,Rio Grande Delta (Gulf Coast Regional Aquifer System),2009,88,-0.28814151228067214
pilot_uniform_depletion_v2,Rio Grande Delta (Gulf Coast Regional Aquifer System),2010,88,-0.5954174100780311
pilot_uniform_depletion_v2,Rio Grande Delta (Gulf Coast Regional Aquifer System),2011,89,-0.4019174699482522
pilot_uniform_depletion_v2,Rio Grande Delta (Gulf Coast Regional Aquifer System),2012,91,-0.6598123417056858
pilot_uniform_depletion_v2,Rio Grande Delta (Gulf Coast Regional Aquifer System),2013,94,-1.1758181471138751
pilot_uniform_depletion_v2,Rio Grande Delta (Gulf Coast Regional Aquifer System),2014,97,-1.3059143707836647
pilot_uniform_depletion_v2,Rio Grande Delta (Gulf Coast Regional Aquifer System),2015,99,-1.0783194101880518
pilot_uniform_depletion_v2,Rio Grande Delta (Gulf Coast Regional Aquifer System),2016,100,-1.054901236069288
pilot_uniform_depletion_v2,Michigan Basin,2002,114,-0.5198252947720681
pilot_uniform_depletion_v2,Michigan Basin,2003,113,-0.999794998881801
pilot_uniform_depletion_v2,Michigan Basin,2004,111,-0.9396495184765823
pilot_uniform_depletion_v2,Michigan Basin,2005,109,-0.7546948570993773
pilot_uniform_depletion_v2,Michigan Basin,2006,105,-1.0084823410702684
pilot_uniform_depletion_v2,Michigan Basin,2007,101,-1.0327654316452701
pilot_uniform_depletion_v2,Michigan Basin,2008,92,-1.2087664662458484
pilot_uniform_depletion_v2,Michigan Basin,2009,88,-0.9118442272788575
pilot_uniform_depletion_v2,Michigan Basin,2010,88,-0.5213121813716719
pilot_uniform_depletion_v2,Michigan Basin,2011,89,-0.8195016768227029
pilot_uniform_depletion_v2,Michigan Basin,2012,91,-0.6300689953709092
pilot_uniform_depletion_v2,Michigan Basin,2013,94,-1.086336721012359
pilot_uniform_depletion_v2,Michigan Basin,2014,97,-1.1875362929230058
pilot_uniform_depletion_v2,Michigan Basin,2015,99,-1.3070747503634308
pilot_uniform_depletion_v2,Michigan Basin,2016,100,-1.7927094170143298
pilot_uniform_depletion_v2,Southern Piedmont Upland (Piedmont Plateau),2002,114,-1.7104765479850264
pilot_uniform_depletion_v2,Southern Piedmont Upland (Piedmont Plateau),2003,113,-1.7435818765171558
pilot_uniform_depletion_v2,Southern Piedmont Upland (Piedmont Plateau),2004,111,-1.038431456616246
pilot_uniform_depletion_v2,Southern Piedmont Upland (Piedmont Plateau),2005,109,-0.5803536931568463
pilot_uniform_depletion_v2,Southern Piedmont Upland (Piedmont Plateau),2006,105,0.09344827798848031
pilot_uniform_depletion_v2,Southern Piedmont Upland (Piedmont Plateau),2007,101,-0.22506287389243068
pilot_uniform_depletion_v2,Southern Piedmont Upland (Piedmont Plateau),2008,92,-0.5771406031311076
pilot_uniform_depletion_v2,Southern Piedmont Upland (Piedmont Plateau),2009,88,-0.37030522265076
pilot_uniform_depletion_v2,Southern Piedmont Upland (Piedmont Plateau),2010,88,-0.07113950244887887
pilot_uniform_depletion_v2,Southern Piedmont Upland (Piedmont Plateau),2011,89,-0.08212446615642298
pilot_uniform_depletion_v2,Southern Piedmont Upland (Piedmont Plateau),2012,91,-0.17733417303860277
pilot_uniform_depletion_v2,Southern Piedmont Upland (Piedmont Plateau),2013,94,-0.6926888897358608
pilot_uniform_depletion_v2,Southern Piedmont Upland (Piedmont Plateau),2014,97,-0.5431320278346157
pilot_uniform_depletion_v2,Southern Piedmont Upland (Piedmont Plateau),2015,99,-0.6381547953534887
pilot_uniform_depletion_v2,Southern Piedmont Upland (Piedmont Plateau),2016,100,-0.6537593976273115
pilot_uniform_depletion_v2,Eastern Huaihe Plain (Huaihe River Basin),2002,114,-0.8592042866657918
pilot_uniform_depletion_v2,Eastern Huaihe Plain (Huaihe River Basin),2003,113,-1.491926878774317
pilot_uniform_depletion_v2,Eastern Huaihe Plain (Huaihe River Basin),2004,111,-1.4405902699537394
pilot_uniform_depletion_v2,Eastern Huaihe Plain (Huaihe River Basin),2005,109,-1.6317831277039974
pilot_uniform_depletion_v2,Eastern Huaihe Plain (Huaihe River Basin),2006,105,-1.4647594770397516
pilot_uniform_depletion_v2,Eastern Huaihe Plain (Huaihe River Basin),2007,101,-1.3574394761768922
pilot_uniform_depletion_v2,Eastern Huaihe Plain (Huaihe River Basin),2008,92,-1.2908169291720226
pilot_uniform_depletion_v2,Eastern Huaihe Plain (Huaihe River Basin),2009,88,-0.9052436415038491
pilot_uniform_depletion_v2,Eastern Huaihe Plain (Huaihe River Basin),2010,88,-0.9166551734541727
pilot_uniform_depletion_v2,Eastern Huaihe Plain (Huaihe River Basin),2011,89,-0.3232855162794723
pilot_uniform_depletion_v2,Eastern Huaihe Plain (Huaihe River Basin),2012,91,0.1888236180704505
pilot_uniform_depletion_v2,Eastern Huaihe Plain (Huaihe River Basin),2013,94,0.267020629381322
pilot_uniform_depletion_v2,Eastern Huaihe Plain (Huaihe River Basin),2014,97,0.1141482625449954
pilot_uniform_depletion_v2,Eastern Huaihe Plain (Huaihe River Basin),2015,99,-0.30512367358809944
pilot_uniform_depletion_v2,Eastern Huaihe Plain (Huaihe River Basin),2016,100,-0.6333414311175523
pilot_uniform_depletion_v2,Northern Dharwar Craton Banded Gneiss Complex (Dharwar Craton Banded Gneiss Complex),2002,114,-0.9167294739096964
pilot_uniform_depletion_v2,Northern Dharwar Craton Banded Gneiss Complex (Dharwar Craton Banded Gneiss Complex),2003,113,-1.1372092660130344
pilot_uniform_depletion_v2,Northern Dharwar Craton Banded Gneiss Complex (Dharwar Craton Banded Gneiss Complex),2004,111,-1.0496237640637274
pilot_uniform_depletion_v2,Northern Dharwar Craton Banded Gneiss Complex (Dharwar Craton Banded Gneiss Complex),2005,109,-1.2870679071332058
pilot_uniform_depletion_v2,Northern Dharwar Craton Banded Gneiss Complex (Dharwar Craton Banded Gneiss Complex),2006,105,-1.3971251581754742
pilot_uniform_depletion_v2,Northern Dharwar Craton Banded Gneiss Complex (Dharwar Craton Banded Gneiss Complex),2007,101,-1.3481737332325634
pilot_uniform_depletion_v2,Northern Dharwar Craton Banded Gneiss Complex (Dharwar Craton Banded Gneiss Complex),2008,92,-1.4536747989360987
pilot_uniform_depletion_v2,Northern Dharwar Craton Banded Gneiss Complex (Dharwar Craton Banded Gneiss Complex),2009,88,-1.6181197977113204
pilot_uniform_depletion_v2,Northern Dharwar Craton Banded Gneiss Complex (Dharwar Craton Banded Gneiss Complex),2010,88,-1.2618392219612944
pilot_uniform_depletion_v2,Northern Dharwar Craton Banded Gneiss Complex (Dharwar Craton Banded Gneiss Complex),2011,89,-0.5045933301535235
pilot_uniform_depletion_v2,Northern Dharwar Craton Banded Gneiss Complex (Dharwar Craton Banded Gneiss Complex),2012,91,-0.3819320324551873
pilot_uniform_depletion_v2,Northern Dharwar Craton Banded Gneiss Complex (Dharwar Craton Banded Gneiss Complex),2013,94,-0.19374523259120727
pilot_uniform_depletion_v2,Northern Dharwar Craton Banded Gneiss Complex (Dharwar Craton Banded Gneiss Complex),2014,97,-0.11379171592531798
pilot_uniform_depletion_v2,Northern Dharwar Craton Banded Gneiss Complex (Dharwar Craton Banded Gneiss Complex),2015,99,-0.19885017411147907
pilot_uniform_depletion_v2,Northern Dharwar Craton Banded Gneiss Complex (Dharwar Craton Banded Gneiss Complex),2016,100,-0.019235236919203882
pilot_uniform_depletion_v2,Eastern Mississippi Embayment (Mississippi Embayment),2002,114,-1.7954100564689999
pilot_uniform_depletion_v2,Eastern Mississippi Embayment (Mississippi Embayment),2003,113,-1.6280332370275816
pilot_uniform_depletion_v2,Eastern Mississippi Embayment (Mississippi Embayment),2004,111,-1.0891497201956266
pilot_uniform_depletion_v2,Eastern Mississippi Embayment (Mississippi Embayment),2005,109,-0.517339190554229
pilot_uniform_depletion_v2,Eastern Mississippi Embayment (Mississippi Embayment),2006,105,-0.19047001326170973
pilot_uniform_depletion_v2,Eastern Mississippi Embayment (Mississippi Embayment),2007,101,-0.36982757594705173
pilot_uniform_depletion_v2,Eastern Mississippi Embayment (Mississippi Embayment),2008,92,-0.5666195484392522
pilot_uniform_depletion_v2,Eastern Mississippi Embayment (Mississippi Embayment),2009,88,-0.3634218894549369
pilot_uniform_depletion_v2,Eastern Mississippi Embayment (Mississippi Embayment),2010,88,0.118330949571266
pilot_uniform_depletion_v2,Eastern Mississippi Embayment (Mississippi Embayment),2011,89,-0.18992633005626847
pilot_uniform_depletion_v2,Eastern Mississippi Embayment (Mississippi Embayment),2012,91,-0.2714654365360924
pilot_uniform_depletion_v2,Eastern Mississippi Embayment (Mississippi Embayment),2013,94,-0.8469479239791212
pilot_uniform_depletion_v2,Eastern Mississippi Embayment (Mississippi Embayment),2014,97,-1.1288977482379614
pilot_uniform_depletion_v2,Eastern Mississippi Embayment (Mississippi Embayment),2015,99,-1.35852140979865
pilot_uniform_depletion_v2,Eastern Mississippi Embayment (Mississippi Embayment),2016,100,-1.4879277192888252
pilot_uniform_depletion_v2,Western Cambrian-Ordovician Aquifers (Northern Midwest Aquifer System),2002,114,-0.7810696031255481
pilot_uniform_depletion_v2,Western Cambrian-Ordovician Aquifers (Northern Midwest Aquifer System),2003,113,-0.9355311427088953
pilot_uniform_depletion_v2,Western Cambrian-Ordovician Aquifers (Northern Midwest Aquifer System),2004,111,-1.0757701440361538
pilot_uniform_depletion_v2,Western Cambrian-Ordovician Aquifers (Northern Midwest Aquifer System),2005,109,-0.8210712760268056
pilot_uniform_depletion_v2,Western Cambrian-Ordovician Aquifers (Northern Midwest Aquifer System),2006,105,-0.7945182999343356
pilot_uniform_depletion_v2,Western Cambrian-Ordovician Aquifers (Northern Midwest Aquifer System),2007,101,-0.7710521556189867
pilot_uniform_depletion_v2,Western Cambrian-Ordovician Aquifers (Northern Midwest Aquifer System),2008,92,-0.5318942578643313
pilot_uniform_depletion_v2,Western Cambrian-Ordovician Aquifers (Northern Midwest Aquifer System),2009,88,-0.3453475078536643
pilot_uniform_depletion_v2,Western Cambrian-Ordovician Aquifers (Northern Midwest Aquifer System),2010,88,-0.1788257220626458
pilot_uniform_depletion_v2,Western Cambrian-Ordovician Aquifers (Northern Midwest Aquifer System),2011,89,-0.1359229783443235
pilot_uniform_depletion_v2,Western Cambrian-Ordovician Aquifers (Northern Midwest Aquifer System),2012,91,-0.5733173461539105
pilot_uniform_depletion_v2,Western Cambrian-Ordovician Aquifers (Northern Midwest Aquifer System),2013,94,-1.229895438392633
pilot_uniform_depletion_v2,Western Cambrian-Ordovician Aquifers (Northern Midwest Aquifer System),2014,97,-1.6251102563229591
pilot_uniform_depletion_v2,Western Cambrian-Ordovician Aquifers (Northern Midwest Aquifer System),2015,99,-1.882356864102219
pilot_uniform_depletion_v2,Western Cambrian-Ordovician Aquifers (Northern Midwest Aquifer System),2016,100,-2.447865455871974
pilot_uniform_depletion_v2,Southeastern System (Amadeus Basin),2002,114,-0.7044689535200586
pilot_uniform_depletion_v2,Southeastern System (Amadeus Basin),2003,113,-0.3453923112795093
pilot_uniform_depletion_v2,Southeastern System (Amadeus Basin),2004,111,-0.39322331716000597
pilot_uniform_depletion_v2,Southeastern System (Amadeus Basin),2005,109,-0.36605027510672516
pilot_uniform_depletion_v2,Southeastern System (Amadeus Basin),2006,105,-0.5319686639738617
pilot_uniform_depletion_v2,Southeastern System (Amadeus Basin),2007,101,-0.679709417738066
pilot_uniform_depletion_v2,Southeastern System (Amadeus Basin),2008,92,-0.8094418469024814
pilot_uniform_depletion_v2,Southeastern System (Amadeus Basin),2009,88,-1.3940288405544077
pilot_uniform_depletion_v2,Southeastern System (Amadeus Basin),2010,88,-2.046258812109454
pilot_uniform_depletion_v2,Southeastern System (Amadeus Basin),2011,89,-1.9347486048594322
pilot_uniform_depletion_v2,Southeastern System (Amadeus Basin),2012,91,-1.3017303046200601
pilot_uniform_depletion_v2,Southeastern System (Amadeus Basin),2013,94,-0.7556675196113969
pilot_uniform_depletion_v2,Southeastern System (Amadeus Basin),2014,97,-0.594836298724923
pilot_uniform_depletion_v2,Southeastern System (Amadeus Basin),2015,99,-0.4904992135502258
pilot_uniform_depletion_v2,Southeastern System (Amadeus Basin),2016,100,-0.5552532744539669
pilot_uniform_depletion_v2,Edwards Plateau (Edwards-Trinity Aquifer System),2002,114,-1.5554286459202156
pilot_uniform_depletion_v2,Edwards Plateau (Edwards-Trinity Aquifer System),2003,113,-1.8460727646626789
pilot_uniform_depletion_v2,Edwards Plateau (Edwards-Trinity Aquifer System),2004,111,-2.060216328950317
pilot_uniform_depletion_v2,Edwards Plateau (Edwards-Trinity Aquifer System),2005,109,-1.4924160147300285
pilot_uniform_depletion_v2,Edwards Plateau (Edwards-Trinity Aquifer System),2006,105,-1.145403483382692
pilot_uniform_depletion_v2,Edwards Plateau (Edwards-Trinity Aquifer System),2007,101,-1.1332298739482605
pilot_uniform_depletion_v2,Edwards Plateau (Edwards-Trinity Aquifer System),2008,92,-0.5431082640599706
pilot_uniform_depletion_v2,Edwards Plateau (Edwards-Trinity Aquifer System),2009,88,-0.260968294095781
pilot_uniform_depletion_v2,Edwards Plateau (Edwards-Trinity Aquifer System),2010,88,-0.26652380404772
pilot_uniform_depletion_v2,Edwards Plateau (Edwards-Trinity Aquifer System),2011,89,-0.3370314911816143
pilot_uniform_depletion_v2,Edwards Plateau (Edwards-Trinity Aquifer System),2012,91,-0.6287162483821992
pilot_uniform_depletion_v2,Edwards Plateau (Edwards-Trinity Aquifer System),2013,94,-1.0129507883202267
pilot_uniform_depletion_v2,Edwards Plateau (Edwards-Trinity Aquifer System),2014,97,-1.3098872946739226
pilot_uniform_depletion_v2,Edwards Plateau (Edwards-Trinity Aquifer System),2015,99,-1.4979246423802617
pilot_uniform_depletion_v2,Edwards Plateau (Edwards-Trinity Aquifer System),2016,100,-1.4466117589663001
pilot_uniform_depletion_v2,Southcentral Deccan Basalt Plateau (Deccan Plateau),2002,114,-0.6687946622649331
pilot_uniform_depletion_v2,Southcentral Deccan Basalt Plateau (Deccan Plateau),2003,113,-0.8756428384237454
pilot_uniform_depletion_v2,Southcentral Deccan Basalt Plateau (Deccan Plateau),2004,111,-1.0609536394475128
pilot_uniform_depletion_v2,Southcentral Deccan Basalt Plateau (Deccan Plateau),2005,109,-1.1493500419116118
pilot_uniform_depletion_v2,Southcentral Deccan Basalt Plateau (Deccan Plateau),2006,105,-1.2740649141478806
pilot_uniform_depletion_v2,Southcentral Deccan Basalt Plateau (Deccan Plateau),2007,101,-1.2082206737205907
pilot_uniform_depletion_v2,Southcentral Deccan Basalt Plateau (Deccan Plateau),2008,92,-1.2373519052236979
pilot_uniform_depletion_v2,Southcentral Deccan Basalt Plateau (Deccan Plateau),2009,88,-1.4226503349407105
pilot_uniform_depletion_v2,Southcentral Deccan Basalt Plateau (Deccan Plateau),2010,88,-1.1129277458456244
pilot_uniform_depletion_v2,Southcentral Deccan Basalt Plateau (Deccan Plateau),2011,89,-0.5464564944428146
pilot_uniform_depletion_v2,Southcentral Deccan Basalt Plateau (Deccan Plateau),2012,91,-0.3434443241707799
pilot_uniform_depletion_v2,Southcentral Deccan Basalt Plateau (Deccan Plateau),2013,94,-0.3008902673282371
pilot_uniform_depletion_v2,Southcentral Deccan Basalt Plateau (Deccan Plateau),2014,97,-0.4366898667111694
pilot_uniform_depletion_v2,Southcentral Deccan Basalt Plateau (Deccan Plateau),2015,99,-0.4447903186391107
pilot_uniform_depletion_v2,Southcentral Deccan Basalt Plateau (Deccan Plateau),2016,100,-0.34196608530445993
pilot_uniform_depletion_v2,Eastside Lower Indus Valley (Indus Basin),2002,114,0.021758967943977345
pilot_uniform_depletion_v2,Eastside Lower Indus Valley (Indus Basin),2003,113,-0.2377989685362117
pilot_uniform_depletion_v2,Eastside Lower Indus Valley (Indus Basin),2004,111,-0.22968521404467468
pilot_uniform_depletion_v2,Eastside Lower Indus Valley (Indus Basin),2005,109,-0.5509480131730536
pilot_uniform_depletion_v2,Eastside Lower Indus Valley (Indus Basin),2006,105,-0.8425389614570595
pilot_uniform_depletion_v2,Eastside Lower Indus Valley (Indus Basin),2007,101,-0.8210092621132048
pilot_uniform_depletion_v2,Eastside Lower Indus Valley (Indus Basin),2008,92,-0.8152192413208056
pilot_uniform_depletion_v2,Eastside Lower Indus Valley (Indus Basin),2009,88,-1.1165437480484979
pilot_uniform_depletion_v2,Eastside Lower Indus Valley (Indus Basin),2010,88,-1.2164424479581086
pilot_uniform_depletion_v2,Eastside Lower Indus Valley (Indus Basin),2011,89,-0.9957413414892027
pilot_uniform_depletion_v2,Eastside Lower Indus Valley (Indus Basin),2012,91,-0.7230671176777557
pilot_uniform_depletion_v2,Eastside Lower Indus Valley (Indus Basin),2013,94,-0.13696204521684752
pilot_uniform_depletion_v2,Eastside Lower Indus Valley (Indus Basin),2014,97,0.08202473076508253
pilot_uniform_depletion_v2,Eastside Lower Indus Valley (Indus Basin),2015,99,0.10638358548150184
pilot_uniform_depletion_v2,Eastside Lower Indus Valley (Indus Basin),2016,100,0.17840548076974083
pilot_uniform_depletion_v2,Central Piedmont Upland (Piedmont Plateau),2002,114,-1.6248836799368105
pilot_uniform_depletion_v2,Central Piedmont Upland (Piedmont Plateau),2003,113,-1.7090285655463133
pilot_uniform_depletion_v2,Central Piedmont Upland (Piedmont Plateau),2004,111,-0.9980511020041004
pilot_uniform_depletion_v2,Central Piedmont Upland (Piedmont Plateau),2005,109,-0.5526243393737665
pilot_uniform_depletion_v2,Central Piedmont Upland (Piedmont Plateau),2006,105,-0.3186576039476167
pilot_uniform_depletion_v2,Central Piedmont Upland (Piedmont Plateau),2007,101,0.02099207406713373
pilot_uniform_depletion_v2,Central Piedmont Upland (Piedmont Plateau),2008,92,-0.2887196699879344
pilot_uniform_depletion_v2,Central Piedmont Upland (Piedmont Plateau),2009,88,-0.010717919951341994
pilot_uniform_depletion_v2,Central Piedmont Upland (Piedmont Plateau),2010,88,-0.08693478696601559
pilot_uniform_depletion_v2,Central Piedmont Upland (Piedmont Plateau),2011,89,-0.07266587835366044
pilot_uniform_depletion_v2,Central Piedmont Upland (Piedmont Plateau),2012,91,-0.5033468796539725
pilot_uniform_depletion_v2,Central Piedmont Upland (Piedmont Plateau),2013,94,-0.9645410732077744
pilot_uniform_depletion_v2,Central Piedmont Upland (Piedmont Plateau),2014,97,-0.8723499377959187
pilot_uniform_depletion_v2,Central Piedmont Upland (Piedmont Plateau),2015,99,-1.0561451238461506
pilot_uniform_depletion_v2,Central Piedmont Upland (Piedmont Plateau),2016,100,-1.2190380295382524
pilot_uniform_depletion_v2,Eastern Carrizo-Wilcox (Carrizo-Wilcox),2002,114,-1.510493478254451
pilot_uniform_depletion_v2,Eastern Carrizo-Wilcox (Carrizo-Wilcox),2003,113,-1.4472660792268024
pilot_uniform_depletion_v2,Eastern Carrizo-Wilcox (Carrizo-Wilcox),2004,111,-1.2476515940532742
pilot_uniform_depletion_v2,Eastern Carrizo-Wilcox (Carrizo-Wilcox),2005,109,-0.6150915713854155
pilot_uniform_depletion_v2,Eastern Carrizo-Wilcox (Carrizo-Wilcox),2006,105,-0.7792686721294037
pilot_uniform_depletion_v2,Eastern Carrizo-Wilcox (Carrizo-Wilcox),2007,101,-0.7348654905075683
pilot_uniform_depletion_v2,Eastern Carrizo-Wilcox (Carrizo-Wilcox),2008,92,-0.22967584317938114
pilot_uniform_depletion_v2,Eastern Carrizo-Wilcox (Carrizo-Wilcox),2009,88,0.007984948845601551
pilot_uniform_depletion_v2,Eastern Carrizo-Wilcox (Carrizo-Wilcox),2010,88,0.39984271536464727
pilot_uniform_depletion_v2,Eastern Carrizo-Wilcox (Carrizo-Wilcox),2011,89,0.016948635150411114
pilot_uniform_depletion_v2,Eastern Carrizo-Wilcox (Carrizo-Wilcox),2012,91,-0.41211326055463227
pilot_uniform_depletion_v2,Eastern Carrizo-Wilcox (Carrizo-Wilcox),2013,94,-1.001406084982664
pilot_uniform_depletion_v2,Eastern Carrizo-Wilcox (Carrizo-Wilcox),2014,97,-1.2159864699780643
pilot_uniform_depletion_v2,Eastern Carrizo-Wilcox (Carrizo-Wilcox),2015,99,-1.3702258258061226
pilot_uniform_depletion_v2,Eastern Carrizo-Wilcox (Carrizo-Wilcox),2016,100,-1.453389519733749
pilot_uniform_depletion_v2,Jiangsu Coastal Plain (Huaihe River Basin),2002,114,-0.6126212639225256
pilot_uniform_depletion_v2,Jiangsu Coastal Plain (Huaihe River Basin),2003,113,-0.7034813356602365
pilot_uniform_depletion_v2,Jiangsu Coastal Plain (Huaihe River Basin),2004,111,-0.6503039858330268
pilot_uniform_depletion_v2,Jiangsu Coastal Plain (Huaihe River Basin),2005,109,-0.9724326835118635
pilot_uniform_depletion_v2,Jiangsu Coastal Plain (Huaihe River Basin),2006,105,-0.8671518385396485
pilot_uniform_depletion_v2,Jiangsu Coastal Plain (Huaihe River Basin),2007,101,-0.7566244699963908
pilot_uniform_depletion_v2,Jiangsu Coastal Plain (Huaihe River Basin),2008,92,-0.7760014628542178
pilot_uniform_depletion_v2,Jiangsu Coastal Plain (Huaihe River Basin),2009,88,-0.6803741054298104
pilot_uniform_depletion_v2,Jiangsu Coastal Plain (Huaihe River Basin),2010,88,-0.823595930010676
pilot_uniform_depletion_v2,Jiangsu Coastal Plain (Huaihe River Basin),2011,89,-0.4559259030195788
pilot_uniform_depletion_v2,Jiangsu Coastal Plain (Huaihe River Basin),2012,91,-0.25774314434966367
pilot_uniform_depletion_v2,Jiangsu Coastal Plain (Huaihe River Basin),2013,94,-0.30307302094184835
pilot_uniform_depletion_v2,Jiangsu Coastal Plain (Huaihe River Basin),2014,97,-0.47213775881028663
pilot_uniform_depletion_v2,Jiangsu Coastal Plain (Huaihe River Basin),2015,99,-0.6470062032314223
pilot_uniform_depletion_v2,Jiangsu Coastal Plain (Huaihe River Basin),2016,100,-0.8066761438233594
pilot_uniform_depletion_v2,Eastern Cambrian-Ordovician Aquifers (Northern Midwest Aquifer System),2002,114,-0.2400024128899638
pilot_uniform_depletion_v2,Eastern Cambrian-Ordovician Aquifers (Northern Midwest Aquifer System),2003,113,-0.7688170025157772
pilot_uniform_depletion_v2,Eastern Cambrian-Ordovician Aquifers (Northern Midwest Aquifer System),2004,111,-0.9755645158833135
pilot_uniform_depletion_v2,Eastern Cambrian-Ordovician Aquifers (Northern Midwest Aquifer System),2005,109,-0.7188476673374989
pilot_uniform_depletion_v2,Eastern Cambrian-Ordovician Aquifers (Northern Midwest Aquifer System),2006,105,-1.1768401541431461
pilot_uniform_depletion_v2,Eastern Cambrian-Ordovician Aquifers (Northern Midwest Aquifer System),2007,101,-1.2224371004333647
pilot_uniform_depletion_v2,Eastern Cambrian-Ordovician Aquifers (Northern Midwest Aquifer System),2008,92,-1.151972852650309
pilot_uniform_depletion_v2,Eastern Cambrian-Ordovician Aquifers (Northern Midwest Aquifer System),2009,88,-0.6473751420533786
pilot_uniform_depletion_v2,Eastern Cambrian-Ordovician Aquifers (Northern Midwest Aquifer System),2010,88,-0.08989322527520514
pilot_uniform_depletion_v2,Eastern Cambrian-Ordovician Aquifers (Northern Midwest Aquifer System),2011,89,0.07733291555227431
pilot_uniform_depletion_v2,Eastern Cambrian-Ordovician Aquifers (Northern Midwest Aquifer System),2012,91,-0.20706317870939192
pilot_uniform_depletion_v2,Eastern Cambrian-Ordovician Aquifers (Northern Midwest Aquifer System),2013,94,-1.0706156710653427
pilot_uniform_depletion_v2,Eastern Cambrian-Ordovician Aquifers (Northern Midwest Aquifer System),2014,97,-1.7671446121547467
pilot_uniform_depletion_v2,Eastern Cambrian-Ordovician Aquifers (Northern Midwest Aquifer System),2015,99,-2.080132493703397
pilot_uniform_depletion_v2,Eastern Cambrian-Ordovician Aquifers (Northern Midwest Aquifer System),2016,100,-2.5070988728606096
pilot_uniform_depletion_v2,Northcentral Deccan Basalt Plateau (Deccan Plateau),2002,114,-0.4878181899040491
pilot_uniform_depletion_v2,Northcentral Deccan Basalt Plateau (Deccan Plateau),2003,113,-0.7100797531208123
pilot_uniform_depletion_v2,Northcentral Deccan Basalt Plateau (Deccan Plateau),2004,111,-0.8174481446882013
pilot_uniform_depletion_v2,Northcentral Deccan Basalt Plateau (Deccan Plateau),2005,109,-0.978907972698287
pilot_uniform_depletion_v2,Northcentral Deccan Basalt Plateau (Deccan Plateau),2006,105,-1.099749888877681
pilot_uniform_depletion_v2,Northcentral Deccan Basalt Plateau (Deccan Plateau),2007,101,-1.0768565181672958
pilot_uniform_depletion_v2,Northcentral Deccan Basalt Plateau (Deccan Plateau),2008,92,-1.1890361190670662
pilot_uniform_depletion_v2,Northcentral Deccan Basalt Plateau (Deccan Plateau),2009,88,-1.5519134630019191
pilot_uniform_depletion_v2,Northcentral Deccan Basalt Plateau (Deccan Plateau),2010,88,-1.1989720464352036
pilot_uniform_depletion_v2,Northcentral Deccan Basalt Plateau (Deccan Plateau),2011,89,-0.6092753939126608
pilot_uniform_depletion_v2,Northcentral Deccan Basalt Plateau (Deccan Plateau),2012,91,-0.33880305170331254
pilot_uniform_depletion_v2,Northcentral Deccan Basalt Plateau (Deccan Plateau),2013,94,-0.18513284053491808
pilot_uniform_depletion_v2,Northcentral Deccan Basalt Plateau (Deccan Plateau),2014,97,-0.19074401423036116
pilot_uniform_depletion_v2,Northcentral Deccan Basalt Plateau (Deccan Plateau),2015,99,-0.2395618738831405
pilot_uniform_depletion_v2,Northcentral Deccan Basalt Plateau (Deccan Plateau),2016,100,-0.015081752108821341
pilot_uniform_depletion_v2,Eastside Middle Indus Plain (Indus Basin),2002,114,-0.1124169380448956
pilot_uniform_depletion_v2,Eastside Middle Indus Plain (Indus Basin),2003,113,-0.18012012036217914
pilot_uniform_depletion_v2,Eastside Middle Indus Plain (Indus Basin),2004,111,-0.11799772412472326
pilot_uniform_depletion_v2,Eastside Middle Indus Plain (Indus Basin),2005,109,-0.25465716092627755
pilot_uniform_depletion_v2,Eastside Middle Indus Plain (Indus Basin),2006,105,-0.23194633013788654
pilot_uniform_depletion_v2,Eastside Middle Indus Plain (Indus Basin),2007,101,-0.3730033724450583
pilot_uniform_depletion_v2,Eastside Middle Indus Plain (Indus Basin),2008,92,-0.48519877050720006
pilot_uniform_depletion_v2,Eastside Middle Indus Plain (Indus Basin),2009,88,-0.7039763881536997
pilot_uniform_depletion_v2,Eastside Middle Indus Plain (Indus Basin),2010,88,-0.9806927996880124
pilot_uniform_depletion_v2,Eastside Middle Indus Plain (Indus Basin),2011,89,-1.0249602456842468
pilot_uniform_depletion_v2,Eastside Middle Indus Plain (Indus Basin),2012,91,-1.0181234444600706
pilot_uniform_depletion_v2,Eastside Middle Indus Plain (Indus Basin),2013,94,-0.7057237310070342
pilot_uniform_depletion_v2,Eastside Middle Indus Plain (Indus Basin),2014,97,-0.47845682699764563
pilot_uniform_depletion_v2,Eastside Middle Indus Plain (Indus Basin),2015,99,-0.37796803379733396
pilot_uniform_depletion_v2,Eastside Middle Indus Plain (Indus Basin),2016,100,-0.068346241492149
pilot_uniform_depletion_v2,Central Allegheny Plateau (Appalachian Plateaus),2002,114,-1.1724540679255662
pilot_uniform_depletion_v2,Central Allegheny Plateau (Appalachian Plateaus),2003,113,-1.4145913679883004
pilot_uniform_depletion_v2,Central Allegheny Plateau (Appalachian Plateaus),2004,111,-0.8431785120644678
pilot_uniform_depletion_v2,Central Allegheny Plateau (Appalachian Plateaus),2005,109,-0.3691245508154657
pilot_uniform_depletion_v2,Central Allegheny Plateau (Appalachian Plateaus),2006,105,-0.3875967257388364
pilot_uniform_depletion_v2,Central Allegheny Plateau (Appalachian Plateaus),2007,101,-0.26280395513420624
pilot_uniform_depletion_v2,Central Allegheny Plateau (Appalachian Plateaus),2008,92,-0.38811948032505494
pilot_uniform_depletion_v2,Central Allegheny Plateau (Appalachian Plateaus),2009,88,-0.1794625801565578
pilot_uniform_depletion_v2,Central Allegheny Plateau (Appalachian Plateaus),2010,88,-0.17856539717431283
pilot_uniform_depletion_v2,Central Allegheny Plateau (Appalachian Plateaus),2011,89,-0.43859942101028393
pilot_uniform_depletion_v2,Central Allegheny Plateau (Appalachian Plateaus),2012,91,-0.3596349945330403
pilot_uniform_depletion_v2,Central Allegheny Plateau (Appalachian Plateaus),2013,94,-0.7726268928814521
pilot_uniform_depletion_v2,Central Allegheny Plateau (Appalachian Plateaus),2014,97,-0.8445130527550284
pilot_uniform_depletion_v2,Central Allegheny Plateau (Appalachian Plateaus),2015,99,-1.0793530544862324
pilot_uniform_depletion_v2,Central Allegheny Plateau (Appalachian Plateaus),2016,100,-1.3368711118393575
pilot_uniform_depletion_v2,Northeastern Karoo Basin (Main Karoo Basin),2002,114,-0.7658253096411894
pilot_uniform_depletion_v2,Northeastern Karoo Basin (Main Karoo Basin),2003,113,-1.0445297075798168
pilot_uniform_depletion_v2,Northeastern Karoo Basin (Main Karoo Basin),2004,111,-1.4423017263082039
pilot_uniform_depletion_v2,Northeastern Karoo Basin (Main Karoo Basin),2005,109,-1.6692554750311024
pilot_uniform_depletion_v2,Northeastern Karoo Basin (Main Karoo Basin),2006,105,-1.8406418735185162
pilot_uniform_depletion_v2,Northeastern Karoo Basin (Main Karoo Basin),2007,101,-1.527337902030203
pilot_uniform_depletion_v2,Northeastern Karoo Basin (Main Karoo Basin),2008,92,-1.6717098337659222
pilot_uniform_depletion_v2,Northeastern Karoo Basin (Main Karoo Basin),2009,88,-1.7497933862465909
pilot_uniform_depletion_v2,Northeastern Karoo Basin (Main Karoo Basin),2010,88,-1.5675980391930415
pilot_uniform_depletion_v2,Northeastern Karoo Basin (Main Karoo Basin),2011,89,-1.2023280122216913
pilot_uniform_depletion_v2,Northeastern Karoo Basin (Main Karoo Basin),2012,91,-1.02509718373014
pilot_uniform_depletion_v2,Northeastern Karoo Basin (Main Karoo Basin),2013,94,-0.8334541493143266
pilot_uniform_depletion_v2,Northeastern Karoo Basin (Main Karoo Basin),2014,97,-0.7345354731718808
pilot_uniform_depletion_v2,Northeastern Karoo Basin (Main Karoo Basin),2015,99,-0.7390864128806972
pilot_uniform_depletion_v2,Northeastern Karoo Basin (Main Karoo Basin),2016,100,-0.7613685872331226
pilot_uniform_depletion_v2,Southern Riverine Plains (Murray Basin),2002,114,0.11669233763218301
pilot_uniform_depletion_v2,Southern Riverine Plains (Murray Basin),2003,113,0.01965555315108688
pilot_uniform_depletion_v2,Southern Riverine Plains (Murray Basin),2004,111,0.01927456220981912
pilot_uniform_depletion_v2,Southern Riverine Plains (Murray Basin),2005,109,0.08924977838231407
pilot_uniform_depletion_v2,Southern Riverine Plains (Murray Basin),2006,105,-0.020311830039643326
pilot_uniform_depletion_v2,Southern Riverine Plains (Murray Basin),2007,101,-0.12955311525617835
pilot_uniform_depletion_v2,Southern Riverine Plains (Murray Basin),2008,92,-0.2823034685112258
pilot_uniform_depletion_v2,Southern Riverine Plains (Murray Basin),2009,88,-1.1527127759702107
pilot_uniform_depletion_v2,Southern Riverine Plains (Murray Basin),2010,88,-1.8046636830508282
pilot_uniform_depletion_v2,Southern Riverine Plains (Murray Basin),2011,89,-1.431200477932154
pilot_uniform_depletion_v2,Southern Riverine Plains (Murray Basin),2012,91,-1.1254456776683945
pilot_uniform_depletion_v2,Southern Riverine Plains (Murray Basin),2013,94,-0.5165151012672725
pilot_uniform_depletion_v2,Southern Riverine Plains (Murray Basin),2014,97,-0.45737448546345155
pilot_uniform_depletion_v2,Southern Riverine Plains (Murray Basin),2015,99,-0.5470637472174366
pilot_uniform_depletion_v2,Southern Riverine Plains (Murray Basin),2016,100,-0.8225615233272097
pilot_uniform_depletion_v2,Black Warrior River Aquifer System (Eutaw and McShan Formations and Tuscaloosa Group),2002,114,-1.707870598818676
pilot_uniform_depletion_v2,Black Warrior River Aquifer System (Eutaw and McShan Formations and Tuscaloosa Group),2003,113,-1.5918980319390617
pilot_uniform_depletion_v2,Black Warrior River Aquifer System (Eutaw and McShan Formations and Tuscaloosa Group),2004,111,-0.9739638670065667
pilot_uniform_depletion_v2,Black Warrior River Aquifer System (Eutaw and McShan Formations and Tuscaloosa Group),2005,109,-0.4717481249571173
pilot_uniform_depletion_v2,Black Warrior River Aquifer System (Eutaw and McShan Formations and Tuscaloosa Group),2006,105,0.050451184933104146
pilot_uniform_depletion_v2,Black Warrior River Aquifer System (Eutaw and McShan Formations and Tuscaloosa Group),2007,101,-0.33057621199220133
pilot_uniform_depletion_v2,Black Warrior River Aquifer System (Eutaw and McShan Formations and Tuscaloosa Group),2008,92,-0.7180956225834647
pilot_uniform_depletion_v2,Black Warrior River Aquifer System (Eutaw and McShan Formations and Tuscaloosa Group),2009,88,-0.5445155187849794
pilot_uniform_depletion_v2,Black Warrior River Aquifer System (Eutaw and McShan Formations and Tuscaloosa Group),2010,88,-0.12162221384720387
pilot_uniform_depletion_v2,Black Warrior River Aquifer System (Eutaw and McShan Formations and Tuscaloosa Group),2011,89,-0.26660341539139165
pilot_uniform_depletion_v2,Black Warrior River Aquifer System (Eutaw and McShan Formations and Tuscaloosa Group),2012,91,-0.19414492478700796
pilot_uniform_depletion_v2,Black Warrior River Aquifer System (Eutaw and McShan Formations and Tuscaloosa Group),2013,94,-0.6805299503857593
pilot_uniform_depletion_v2,Black Warrior River Aquifer System (Eutaw and McShan Formations and Tuscaloosa Group),2014,97,-0.8280860737797465
pilot_uniform_depletion_v2,Black Warrior River Aquifer System (Eutaw and McShan Formations and Tuscaloosa Group),2015,99,-1.046311436452922
pilot_uniform_depletion_v2,Black Warrior River Aquifer System (Eutaw and McShan Formations and Tuscaloosa Group),2016,100,-1.0706092147497162
graded_floor_v2,Central Parana Basin and Torres Syncline (Guarani Aquifer System),2002,114,-0.011701031766107435
graded_floor_v2,Central Parana Basin and Torres Syncline (Guarani Aquifer System),2003,113,0.04069152879675541
graded_floor_v2,Central Parana Basin and Torres Syncline (Guarani Aquifer System),2004,111,0.12401539396638546
graded_floor_v2,Central Parana Basin and Torres Syncline (Guarani Aquifer System),2005,109,0.24498402111305354
graded_floor_v2,Central Parana Basin and Torres Syncline (Guarani Aquifer System),2006,105,0.3299016438118722
graded_floor_v2,Central Parana Basin and Torres Syncline (Guarani Aquifer System),2007,101,0.20827349052008828
graded_floor_v2,Central Parana Basin and Torres Syncline (Guarani Aquifer System),2008,92,0.29519753847359687
graded_floor_v2,Central Parana Basin and Torres Syncline (Guarani Aquifer System),2009,88,-0.030561564488764653
graded_floor_v2,Central Parana Basin and Torres Syncline (Guarani Aquifer System),2010,88,-0.3078677637981116
graded_floor_v2,Central Parana Basin and Torres Syncline (Guarani Aquifer System),2011,89,-0.671954929920273
graded_floor_v2,Central Parana Basin and Torres Syncline (Guarani Aquifer System),2012,91,-1.3003436074047194
graded_floor_v2,Central Parana Basin and Torres Syncline (Guarani Aquifer System),2013,94,-1.42386552501688
graded_floor_v2,Central Parana Basin and Torres Syncline (Guarani Aquifer System),2014,97,-1.1856476164843974
graded_floor_v2,Central Parana Basin and Torres Syncline (Guarani Aquifer System),2015,99,-1.1775579343669762
graded_floor_v2,Central Parana Basin and Torres Syncline (Guarani Aquifer System),2016,100,-0.7835507618316938
graded_floor_v2,Northern Guarani Aquifer (Guarani Aquifer System),2002,114,0.14595810461112485
graded_floor_v2,Northern Guarani Aquifer (Guarani Aquifer System),2003,113,0.12078622382466003
graded_floor_v2,Northern Guarani Aquifer (Guarani Aquifer System),2004,111,0.12332927957832575
graded_floor_v2,Northern Guarani Aquifer (Guarani Aquifer System),2005,109,0.2020258246363837
graded_floor_v2,Northern Guarani Aquifer (Guarani Aquifer System),2006,105,0.3859477221741875
graded_floor_v2,Northern Guarani Aquifer (Guarani Aquifer System),2007,101,0.377121969364561
graded_floor_v2,Northern Guarani Aquifer (Guarani Aquifer System),2008,92,0.22889508774519657
graded_floor_v2,Northern Guarani Aquifer (Guarani Aquifer System),2009,88,-0.08623187749777195
graded_floor_v2,Northern Guarani Aquifer (Guarani Aquifer System),2010,88,-0.09878517152463706
graded_floor_v2,Northern Guarani Aquifer (Guarani Aquifer System),2011,89,-0.5558439574835328
graded_floor_v2,Northern Guarani Aquifer (Guarani Aquifer System),2012,91,-1.0063103971421041
graded_floor_v2,Northern Guarani Aquifer (Guarani Aquifer System),2013,94,-1.0260215085312274
graded_floor_v2,Northern Guarani Aquifer (Guarani Aquifer System),2014,97,-1.0332263474643184
graded_floor_v2,Northern Guarani Aquifer (Guarani Aquifer System),2015,99,-1.1627457768805216
graded_floor_v2,Northern Guarani Aquifer (Guarani Aquifer System),2016,100,-0.9889637003238775
graded_floor_v2,Southwestern Chaco-Lower Parana Basin (Guarani Aquifer System),2002,114,-0.7078665942026324
graded_floor_v2,Southwestern Chaco-Lower Parana Basin (Guarani Aquifer System),2003,113,-0.1623661620471269
graded_floor_v2,Southwestern Chaco-Lower Parana Basin (Guarani Aquifer System),2004,111,0.1786282602541889
graded_floor_v2,Southwestern Chaco-Lower Parana Basin (Guarani Aquifer System),2005,109,0.32318200097091776
graded_floor_v2,Southwestern Chaco-Lower Parana Basin (Guarani Aquifer System),2006,105,0.527388061158518
graded_floor_v2,Southwestern Chaco-Lower Parana Basin (Guarani Aquifer System),2007,101,0.5125200740179853
graded_floor_v2,Southwestern Chaco-Lower Parana Basin (Guarani Aquifer System),2008,92,1.1224648738134508
graded_floor_v2,Southwestern Chaco-Lower Parana Basin (Guarani Aquifer System),2009,88,0.6480009348891227
graded_floor_v2,Southwestern Chaco-Lower Parana Basin (Guarani Aquifer System),2010,88,0.337706553103734
graded_floor_v2,Southwestern Chaco-Lower Parana Basin (Guarani Aquifer System),2011,89,-0.21969469331283478
graded_floor_v2,Southwestern Chaco-Lower Parana Basin (Guarani Aquifer System),2012,91,-1.009957106343979
graded_floor_v2,Southwestern Chaco-Lower Parana Basin (Guarani Aquifer System),2013,94,-1.6981885434700206
graded_floor_v2,Southwestern Chaco-Lower Parana Basin (Guarani Aquifer System),2014,97,-1.8408805268460575
graded_floor_v2,Southwestern Chaco-Lower Parana Basin (Guarani Aquifer System),2015,99,-1.541225028787824
graded_floor_v2,Southwestern Chaco-Lower Parana Basin (Guarani Aquifer System),2016,100,-1.2896526988677226
graded_floor_v2,Amazonas Basin and Alter de Chao Aquifer System (Amazon Aquifer System),2002,114,0.15734472637353245
graded_floor_v2,Amazonas Basin and Alter de Chao Aquifer System (Amazon Aquifer System),2003,113,-0.40694979481636034
graded_floor_v2,Amazonas Basin and Alter de Chao Aquifer System (Amazon Aquifer System),2004,111,-0.18805857235616116
graded_floor_v2,Amazonas Basin and Alter de Chao Aquifer System (Amazon Aquifer System),2005,109,-0.21571646000658798
graded_floor_v2,Amazonas Basin and Alter de Chao Aquifer System (Amazon Aquifer System),2006,105,-0.7845596463127313
graded_floor_v2,Amazonas Basin and Alter de Chao Aquifer System (Amazon Aquifer System),2007,101,-0.714546977809661
graded_floor_v2,Amazonas Basin and Alter de Chao Aquifer System (Amazon Aquifer System),2008,92,-0.3423487909564357
graded_floor_v2,Amazonas Basin and Alter de Chao Aquifer System (Amazon Aquifer System),2009,88,-0.030801324138211215
graded_floor_v2,Amazonas Basin and Alter de Chao Aquifer System (Amazon Aquifer System),2010,88,-0.030333660888813677
graded_floor_v2,Amazonas Basin and Alter de Chao Aquifer System (Amazon Aquifer System),2011,89,0.1539161310701242
graded_floor_v2,Amazonas Basin and Alter de Chao Aquifer System (Amazon Aquifer System),2012,91,0.6055161852671582
graded_floor_v2,Amazonas Basin and Alter de Chao Aquifer System (Amazon Aquifer System),2013,94,0.48030920524832765
graded_floor_v2,Amazonas Basin and Alter de Chao Aquifer System (Amazon Aquifer System),2014,97,0.16946908589299228
graded_floor_v2,Amazonas Basin and Alter de Chao Aquifer System (Amazon Aquifer System),2015,99,-0.43473905375675037
graded_floor_v2,Amazonas Basin and Alter de Chao Aquifer System (Amazon Aquifer System),2016,100,-1.4081466182738256
graded_floor_v2,Poolowanna Trough and Western Eromanga Basin (Great Artesian Basin),2002,114,0.38142543424860553
graded_floor_v2,Poolowanna Trough and Western Eromanga Basin (Great Artesian Basin),2003,113,0.5489856994634539
graded_floor_v2,Poolowanna Trough and Western Eromanga Basin (Great Artesian Basin),2004,111,0.5132211394125678
graded_floor_v2,Poolowanna Trough and Western Eromanga Basin (Great Artesian Basin),2005,109,0.36491451672173597
graded_floor_v2,Poolowanna Trough and Western Eromanga Basin (Great Artesian Basin),2006,105,0.19987200591792068
graded_floor_v2,Poolowanna Trough and Western Eromanga Basin (Great Artesian Basin),2007,101,0.12536371410260147
graded_floor_v2,Poolowanna Trough and Western Eromanga Basin (Great Artesian Basin),2008,92,0.06865843991556143
graded_floor_v2,Poolowanna Trough and Western Eromanga Basin (Great Artesian Basin),2009,88,-0.44658251144111133
graded_floor_v2,Poolowanna Trough and Western Eromanga Basin (Great Artesian Basin),2010,88,-1.0006379670749685
graded_floor_v2,Poolowanna Trough and Western Eromanga Basin (Great Artesian Basin),2011,89,-0.8963768679996339
graded_floor_v2,Poolowanna Trough and Western Eromanga Basin (Great Artesian Basin),2012,91,-0.544934143668808
graded_floor_v2,Poolowanna Trough and Western Eromanga Basin (Great Artesian Basin),2013,94,-0.18688509027868225
graded_floor_v2,Poolowanna Trough and Western Eromanga Basin (Great Artesian Basin),2014,97,-0.08611097960353929
graded_floor_v2,Poolowanna Trough and Western Eromanga Basin (Great Artesian Basin),2015,99,-0.15496549424126335
graded_floor_v2,Poolowanna Trough and Western Eromanga Basin (Great Artesian Basin),2016,100,-0.2095222616827244
graded_floor_v2,Eastern Eromanga Basin (Great Artesian Basin),2002,114,1.3842561942266325
graded_floor_v2,Eastern Eromanga Basin (Great Artesian Basin),2003,113,1.4574768610648634
graded_floor_v2,Eastern Eromanga Basin (Great Artesian Basin),2004,111,1.1453578173988632
graded_floor_v2,Eastern Eromanga Basin (Great Artesian Basin),2005,109,0.723757994955062
graded_floor_v2,Eastern Eromanga Basin (Great Artesian Basin),2006,105,0.2409642453028624
graded_floor_v2,Eastern Eromanga Basin (Great Artesian Basin),2007,101,-0.16749962985837086
graded_floor_v2,Eastern Eromanga Basin (Great Artesian Basin),2008,92,-0.5440252676454852
graded_floor_v2,Eastern Eromanga Basin (Great Artesian Basin),2009,88,-1.2594824064531378
graded_floor_v2,Eastern Eromanga Basin (Great Artesian Basin),2010,88,-1.8709982347556668
graded_floor_v2,Eastern Eromanga Basin (Great Artesian Basin),2011,89,-1.365891517287508
graded_floor_v2,Eastern Eromanga Basin (Great Artesian Basin),2012,91,-0.7603601634528483
graded_floor_v2,Eastern Eromanga Basin (Great Artesian Basin),2013,94,0.16067628582028665
graded_floor_v2,Eastern Eromanga Basin (Great Artesian Basin),2014,97,0.43202523942232635
graded_floor_v2,Eastern Eromanga Basin (Great Artesian Basin),2015,99,0.5524657361334271
graded_floor_v2,Eastern Eromanga Basin (Great Artesian Basin),2016,100,0.6310003653325683
graded_floor_v2,Northern Eromanga Basin (Great Artesian Basin),2002,114,1.0118885779353037
graded_floor_v2,Northern Eromanga Basin (Great Artesian Basin),2003,113,0.8090564654043001
graded_floor_v2,Northern Eromanga Basin (Great Artesian Basin),2004,111,0.33967152644005405
graded_floor_v2,Northern Eromanga Basin (Great Artesian Basin),2005,109,-0.17177737099310056
graded_floor_v2,Northern Eromanga Basin (Great Artesian Basin),2006,105,-0.7797979440168475
graded_floor_v2,Northern Eromanga Basin (Great Artesian Basin),2007,101,-0.9244656578423357
graded_floor_v2,Northern Eromanga Basin (Great Artesian Basin),2008,92,-1.117056706445455
graded_floor_v2,Northern Eromanga Basin (Great Artesian Basin),2009,88,-1.259373101609987
graded_floor_v2,Northern Eromanga Basin (Great Artesian Basin),2010,88,-0.9830620663714479
graded_floor_v2,Northern Eromanga Basin (Great Artesian Basin),2011,89,-0.5694853192368442
graded_floor_v2,Northern Eromanga Basin (Great Artesian Basin),2012,91,-0.14103733133954616
graded_floor_v2,Northern Eromanga Basin (Great Artesian Basin),2013,94,0.3461315174636947
graded_floor_v2,Northern Eromanga Basin (Great Artesian Basin),2014,97,0.5125381349109348
graded_floor_v2,Northern Eromanga Basin (Great Artesian Basin),2015,99,0.4154824713655776
graded_floor_v2,Northern Eromanga Basin (Great Artesian Basin),2016,100,0.3079801114357556
graded_floor_v2,Northern High Plains (High Plains),2002,114,0.6812309230334515
graded_floor_v2,Northern High Plains (High Plains),2003,113,0.10433057202957757
graded_floor_v2,Northern High Plains (High Plains),2004,111,-0.19907593872792884
graded_floor_v2,Northern High Plains (High Plains),2005,109,-0.2782709339852784
graded_floor_v2,Northern High Plains (High Plains),2006,105,-0.4401279077917179
graded_floor_v2,Northern High Plains (High Plains),2007,101,-0.7157722322066234
graded_floor_v2,Northern High Plains (High Plains),2008,92,-0.6631421362054577
graded_floor_v2,Northern High Plains (High Plains),2009,88,-0.46869095977075925
graded_floor_v2,Northern High Plains (High Plains),2010,88,0.09489903992456518
graded_floor_v2,Northern High Plains (High Plains),2011,89,0.2168266358835887
graded_floor_v2,Northern High Plains (High Plains),2012,91,0.2655883418970492
graded_floor_v2,Northern High Plains (High Plains),2013,94,-0.18484772314366793
graded_floor_v2,Northern High Plains (High Plains),2014,97,-0.16186670771130704
graded_floor_v2,Northern High Plains (High Plains),2015,99,-0.14376004638118722
graded_floor_v2,Northern High Plains (High Plains),2016,100,-0.19635602009252254
graded_floor_v2,Williston Basin (Northern Great Plains),2002,114,0.9556954150376246
graded_floor_v2,Williston Basin (Northern Great Plains),2003,113,0.7190840428629318
graded_floor_v2,Williston Basin (Northern Great Plains),2004,111,0.6253508984758949
graded_floor_v2,Williston Basin (Northern Great Plains),2005,109,0.583067488014987
graded_floor_v2,Williston Basin (Northern Great Plains),2006,105,0.3467854358136173
graded_floor_v2,Williston Basin (Northern Great Plains),2007,101,-0.011211680561265373
graded_floor_v2,Williston Basin (Northern Great Plains),2008,92,-0.3702120366889879
graded_floor_v2,Williston Basin (Northern Great Plains),2009,88,-0.9125696690648688
graded_floor_v2,Williston Basin (Northern Great Plains),2010,88,-0.8683636107049004
graded_floor_v2,Williston Basin (Northern Great Plains),2011,89,-0.6892008076979486
graded_floor_v2,Williston Basin (Northern Great Plains),2012,91,-0.5078672148206965
graded_floor_v2,Williston Basin (Northern Great Plains),2013,94,-0.6155302394606443
graded_floor_v2,Williston Basin (Northern Great Plains),2014,97,-0.5764131957550359
graded_floor_v2,Williston Basin (Northern Great Plains),2015,99,-0.49016076594921343
graded_floor_v2,Williston Basin (Northern Great Plains),2016,100,-0.5624400738055865
graded_floor_v2,Central Eromanga Depocenter (Great Artesian Basin),2002,114,1.2311686440609133
graded_floor_v2,Central Eromanga Depocenter (Great Artesian Basin),2003,113,1.4190011902817559
graded_floor_v2,Central Eromanga Depocenter (Great Artesian Basin),2004,111,1.3084845593840029
graded_floor_v2,Central Eromanga Depocenter (Great Artesian Basin),2005,109,0.9494138994168697
graded_floor_v2,Central Eromanga Depocenter (Great Artesian Basin),2006,105,0.5415723079782866
graded_floor_v2,Central Eromanga Depocenter (Great Artesian Basin),2007,101,0.2761530729806715
graded_floor_v2,Central Eromanga Depocenter (Great Artesian Basin),2008,92,0.06283418454262021
graded_floor_v2,Central Eromanga Depocenter (Great Artesian Basin),2009,88,-0.7060690792492265
graded_floor_v2,Central Eromanga Depocenter (Great Artesian Basin),2010,88,-1.4666842233159
graded_floor_v2,Central Eromanga Depocenter (Great Artesian Basin),2011,89,-1.1916687261071812
graded_floor_v2,Central Eromanga Depocenter (Great Artesian Basin),2012,91,-0.7249305925457893
graded_floor_v2,Central Eromanga Depocenter (Great Artesian Basin),2013,94,-0.16695946695310857
graded_floor_v2,Central Eromanga Depocenter (Great Artesian Basin),2014,97,0.03390314391186627
graded_floor_v2,Central Eromanga Depocenter (Great Artesian Basin),2015,99,0.045557938891836555
graded_floor_v2,Central Eromanga Depocenter (Great Artesian Basin),2016,100,0.11267021661340572
graded_floor_v2,Western Parecis Basin (Parecis Basin),2002,114,-0.06816722917350758
graded_floor_v2,Western Parecis Basin (Parecis Basin),2003,113,-0.19199278234112396
graded_floor_v2,Western Parecis Basin (Parecis Basin),2004,111,-0.008019118327017885
graded_floor_v2,Western Parecis Basin (Parecis Basin),2005,109,0.023608273695079295
graded_floor_v2,Western Parecis Basin (Parecis Basin),2006,105,-0.0969836143442108
graded_floor_v2,Western Parecis Basin (Parecis Basin),2007,101,-0.03839547148743294
graded_floor_v2,Western Parecis Basin (Parecis Basin),2008,92,0.10822925085991533
graded_floor_v2,Western Parecis Basin (Parecis Basin),2009,88,0.16381738837563728
graded_floor_v2,Western Parecis Basin (Parecis Basin),2010,88,0.26910668172919805
graded_floor_v2,Western Parecis Basin (Parecis Basin),2011,89,-0.4482375483947312
graded_floor_v2,Western Parecis Basin (Parecis Basin),2012,91,-0.4402256433572227
graded_floor_v2,Western Parecis Basin (Parecis Basin),2013,94,-0.8441847563940892
graded_floor_v2,Western Parecis Basin (Parecis Basin),2014,97,-1.0739950149982362
graded_floor_v2,Western Parecis Basin (Parecis Basin),2015,99,-1.3162262854083326
graded_floor_v2,Western Parecis Basin (Parecis Basin),2016,100,-1.5234417906309312
graded_floor_v2,Upper Gangetic Plain (Indo-Gangetic Plain),2002,114,0.05410517814617358
graded_floor_v2,Upper Gangetic Plain (Indo-Gangetic Plain),2003,113,-0.007577378760395856
graded_floor_v2,Upper Gangetic Plain (Indo-Gangetic Plain),2004,111,0.27025465741828625
graded_floor_v2,Upper Gangetic Plain (Indo-Gangetic Plain),2005,109,0.15502442508380154
graded_floor_v2,Upper Gangetic Plain (Indo-Gangetic Plain),2006,105,-0.04236251293112317
graded_floor_v2,Upper Gangetic Plain (Indo-Gangetic Plain),2007,101,-0.3001615501676303
graded_floor_v2,Upper Gangetic Plain (Indo-Gangetic Plain),2008,92,-0.6524238811488076
graded_floor_v2,Upper Gangetic Plain (Indo-Gangetic Plain),2009,88,-0.5515107589346313
graded_floor_v2,Upper Gangetic Plain (Indo-Gangetic Plain),2010,88,-0.2682112404965671
graded_floor_v2,Upper Gangetic Plain (Indo-Gangetic Plain),2011,89,-0.22634817595666643
graded_floor_v2,Upper Gangetic Plain (Indo-Gangetic Plain),2012,91,0.2906692940332653
graded_floor_v2,Upper Gangetic Plain (Indo-Gangetic Plain),2013,94,0.48478428780117067
graded_floor_v2,Upper Gangetic Plain (Indo-Gangetic Plain),2014,97,0.6422267370011705
graded_floor_v2,Upper Gangetic Plain (Indo-Gangetic Plain),2015,99,0.6532217330714535
graded_floor_v2,Upper Gangetic Plain (Indo-Gangetic Plain),2016,100,0.8700117266390459
graded_floor_v2,Stampriet Kalahari Karoo Aquifer System,2002,114,0.7324827255114078
graded_floor_v2,Stampriet Kalahari Karoo Aquifer System,2003,113,0.7243666244343393
graded_floor_v2,Stampriet Kalahari Karoo Aquifer System,2004,111,0.274819734009082
graded_floor_v2,Stampriet Kalahari Karoo Aquifer System,2005,109,0.008455560023912121
graded_floor_v2,Stampriet Kalahari Karoo Aquifer System,2006,105,-0.3309508821398684
graded_floor_v2,Stampriet Kalahari Karoo Aquifer System,2007,101,-0.30867910735100634
graded_floor_v2,Stampriet Kalahari Karoo Aquifer System,2008,92,-0.5410413868216143
graded_floor_v2,Stampriet Kalahari Karoo Aquifer System,2009,88,-0.992176315664003
graded_floor_v2,Stampriet Kalahari Karoo Aquifer System,2010,88,-1.3932330306590734
graded_floor_v2,Stampriet Kalahari Karoo Aquifer System,2011,89,-1.4843682405790735
graded_floor_v2,Stampriet Kalahari Karoo Aquifer System,2012,91,-0.9559834204381931
graded_floor_v2,Stampriet Kalahari Karoo Aquifer System,2013,94,-0.6968170703239049
graded_floor_v2,Stampriet Kalahari Karoo Aquifer System,2014,97,-0.7615513195157788
graded_floor_v2,Stampriet Kalahari Karoo Aquifer System,2015,99,-0.6220931404789947
graded_floor_v2,Stampriet Kalahari Karoo Aquifer System,2016,100,-0.44289633284545527
graded_floor_v2,Northcentral Mega Aquifer System (Mega Aquifer System),2002,114,-0.3858617508682033
graded_floor_v2,Northcentral Mega Aquifer System (Mega Aquifer System),2003,113,-0.5159801094405081
graded_floor_v2,Northcentral Mega Aquifer System (Mega Aquifer System),2004,111,-0.5919638598894956
graded_floor_v2,Northcentral Mega Aquifer System (Mega Aquifer System),2005,109,-0.4698594011967461
graded_floor_v2,Northcentral Mega Aquifer System (Mega Aquifer System),2006,105,-0.24970132912757415
graded_floor_v2,Northcentral Mega Aquifer System (Mega Aquifer System),2007,101,-0.07171097728434978
graded_floor_v2,Northcentral Mega Aquifer System (Mega Aquifer System),2008,92,0.0969524915249725
graded_floor_v2,Northcentral Mega Aquifer System (Mega Aquifer System),2009,88,0.2890317217014108
graded_floor_v2,Northcentral Mega Aquifer System (Mega Aquifer System),2010,88,0.38277545551223274
graded_floor_v2,Northcentral Mega Aquifer System (Mega Aquifer System),2011,89,0.36523279789982616
graded_floor_v2,Northcentral Mega Aquifer System (Mega Aquifer System),2012,91,0.2926661741182309
graded_floor_v2,Northcentral Mega Aquifer System (Mega Aquifer System),2013,94,0.2236345253674203
graded_floor_v2,Northcentral Mega Aquifer System (Mega Aquifer System),2014,97,0.25806215851510317
graded_floor_v2,Northcentral Mega Aquifer System (Mega Aquifer System),2015,99,0.2239000666859973
graded_floor_v2,Northcentral Mega Aquifer System (Mega Aquifer System),2016,100,0.13852108211932962
graded_floor_v2,Ozark Plateaus Aquifer System,2002,114,0.06480791012315285
graded_floor_v2,Ozark Plateaus Aquifer System,2003,113,-0.44876185707748945
graded_floor_v2,Ozark Plateaus Aquifer System,2004,111,-0.2982904451900841
graded_floor_v2,Ozark Plateaus Aquifer System,2005,109,0.022974361762142185
graded_floor_v2,Ozark Plateaus Aquifer System,2006,105,-0.08806930332513756
graded_floor_v2,Ozark Plateaus Aquifer System,2007,101,-0.4043346820514011
graded_floor_v2,Ozark Plateaus Aquifer System,2008,92,-0.3692693997128266
graded_floor_v2,Ozark Plateaus Aquifer System,2009,88,0.04978788570524231
graded_floor_v2,Ozark Plateaus Aquifer System,2010,88,0.9889485917942886
graded_floor_v2,Ozark Plateaus Aquifer System,2011,89,0.880785539718385
graded_floor_v2,Ozark Plateaus Aquifer System,2012,91,0.7158956776568726
graded_floor_v2,Ozark Plateaus Aquifer System,2013,94,-0.16878687518537477
graded_floor_v2,Ozark Plateaus Aquifer System,2014,97,-0.6438088310074305
graded_floor_v2,Ozark Plateaus Aquifer System,2015,99,-1.106157928472905
graded_floor_v2,Ozark Plateaus Aquifer System,2016,100,-1.05091060001648
graded_floor_v2,Western Karoo Basin (Main Karoo Basin),2002,114,0.10605105220615885
graded_floor_v2,Western Karoo Basin (Main Karoo Basin),2003,113,0.11517806734917226
graded_floor_v2,Western Karoo Basin (Main Karoo Basin),2004,111,-0.044748662927030156
graded_floor_v2,Western Karoo Basin (Main Karoo Basin),2005,109,-0.2367197234274312
graded_floor_v2,Western Karoo Basin (Main Karoo Basin),2006,105,-0.43212769453985406
graded_floor_v2,Western Karoo Basin (Main Karoo Basin),2007,101,-0.4127698845532005
graded_floor_v2,Western Karoo Basin (Main Karoo Basin),2008,92,-0.4766115545584
graded_floor_v2,Western Karoo Basin (Main Karoo Basin),2009,88,-0.4689180792009222
graded_floor_v2,Western Karoo Basin (Main Karoo Basin),2010,88,-0.5117836410178367
graded_floor_v2,Western Karoo Basin (Main Karoo Basin),2011,89,-0.5364783038332128
graded_floor_v2,Western Karoo Basin (Main Karoo Basin),2012,91,-0.3402685790766871
graded_floor_v2,Western Karoo Basin (Main Karoo Basin),2013,94,-0.026933526907559596
graded_floor_v2,Western Karoo Basin (Main Karoo Basin),2014,97,0.14660494616255507
graded_floor_v2,Western Karoo Basin (Main Karoo Basin),2015,99,0.25993701187218365
graded_floor_v2,Western Karoo Basin (Main Karoo Basin),2016,100,0.4515466168041697
graded_floor_v2,Middle Gangetic Plain (Indo-Gangetic Plain),2002,114,-0.4616756249912752
graded_floor_v2,Middle Gangetic Plain (Indo-Gangetic Plain),2003,113,-0.48087099144126005
graded_floor_v2,Middle Gangetic Plain (Indo-Gangetic Plain),2004,111,-0.27920437127330305
graded_floor_v2,Middle Gangetic Plain (Indo-Gangetic Plain),2005,109,-0.18277376560280037
graded_floor_v2,Middle Gangetic Plain (Indo-Gangetic Plain),2006,105,-0.4793949391331522
graded_floor_v2,Middle Gangetic Plain (Indo-Gangetic Plain),2007,101,-0.522881030247286
graded_floor_v2,Middle Gangetic Plain (Indo-Gangetic Plain),2008,92,-0.6285702657156945
graded_floor_v2,Middle Gangetic Plain (Indo-Gangetic Plain),2009,88,-0.7093354517643974
graded_floor_v2,Middle Gangetic Plain (Indo-Gangetic Plain),2010,88,-0.5109346647730124
graded_floor_v2,Middle Gangetic Plain (Indo-Gangetic Plain),2011,89,-0.21131723175448983
graded_floor_v2,Middle Gangetic Plain (Indo-Gangetic Plain),2012,91,0.26737297377070945
graded_floor_v2,Middle Gangetic Plain (Indo-Gangetic Plain),2013,94,0.3712125674345533
graded_floor_v2,Middle Gangetic Plain (Indo-Gangetic Plain),2014,97,0.3339625318219195
graded_floor_v2,Middle Gangetic Plain (Indo-Gangetic Plain),2015,99,0.3821567179971382
graded_floor_v2,Middle Gangetic Plain (Indo-Gangetic Plain),2016,100,0.4566662679599074
graded_floor_v2,Northern Mega Aquifer System (Mega Aquifer System),2002,114,-0.49083299883694165
graded_floor_v2,Northern Mega Aquifer System (Mega Aquifer System),2003,113,-0.6468094887246612
graded_floor_v2,Northern Mega Aquifer System (Mega Aquifer System),2004,111,-0.6342862843760038
graded_floor_v2,Northern Mega Aquifer System (Mega Aquifer System),2005,109,-0.4127133566751579
graded_floor_v2,Northern Mega Aquifer System (Mega Aquifer System),2006,105,-0.1578255543072043
graded_floor_v2,Northern Mega Aquifer System (Mega Aquifer System),2007,101,0.14583216123388706
graded_floor_v2,Northern Mega Aquifer System (Mega Aquifer System),2008,92,0.3537194971511767
graded_floor_v2,Northern Mega Aquifer System (Mega Aquifer System),2009,88,0.5575190213557364
graded_floor_v2,Northern Mega Aquifer System (Mega Aquifer System),2010,88,0.6630334657684535
graded_floor_v2,Northern Mega Aquifer System (Mega Aquifer System),2011,89,0.5625824463671482
graded_floor_v2,Northern Mega Aquifer System (Mega Aquifer System),2012,91,0.37755435341762444
graded_floor_v2,Northern Mega Aquifer System (Mega Aquifer System),2013,94,0.17743022914301554
graded_floor_v2,Northern Mega Aquifer System (Mega Aquifer System),2014,97,0.19316790938938447
graded_floor_v2,Northern Mega Aquifer System (Mega Aquifer System),2015,99,0.1969184589181363
graded_floor_v2,Northern Mega Aquifer System (Mega Aquifer System),2016,100,0.08677029906714999
graded_floor_v2,Canning Basin,2002,114,-0.002034981680116914
graded_floor_v2,Canning Basin,2003,113,-0.09050706964921948
graded_floor_v2,Canning Basin,2004,111,0.0376093514890559
graded_floor_v2,Canning Basin,2005,109,0.010027977499770866
graded_floor_v2,Canning Basin,2006,105,-0.27717224977528127
graded_floor_v2,Canning Basin,2007,101,-0.24456227483719103
graded_floor_v2,Canning Basin,2008,92,-0.03930443194172847
graded_floor_v2,Canning Basin,2009,88,-0.3723001711189093
graded_floor_v2,Canning Basin,2010,88,-0.8788001257726922
graded_floor_v2,Canning Basin,2011,89,-0.744243928398944
graded_floor_v2,Canning Basin,2012,91,-0.45477679020888817
graded_floor_v2,Canning Basin,2013,94,-0.12212889779770737
graded_floor_v2,Canning Basin,2014,97,0.10529897041513302
graded_floor_v2,Canning Basin,2015,99,0.2716411445651166
graded_floor_v2,Canning Basin,2016,100,0.19040205474279479
graded_floor_v2,Central Karoo Basin (Main Karoo Basin),2002,114,-0.12352430390390944
graded_floor_v2,Central Karoo Basin (Main Karoo Basin),2003,113,-0.0287483785830298
graded_floor_v2,Central Karoo Basin (Main Karoo Basin),2004,111,-0.3062124464288591
graded_floor_v2,Central Karoo Basin (Main Karoo Basin),2005,109,-0.49347947621660465
graded_floor_v2,Central Karoo Basin (Main Karoo Basin),2006,105,-0.8053056035182918
graded_floor_v2,Central Karoo Basin (Main Karoo Basin),2007,101,-0.5827512516380512
graded_floor_v2,Central Karoo Basin (Main Karoo Basin),2008,92,-0.7102786478333674
graded_floor_v2,Central Karoo Basin (Main Karoo Basin),2009,88,-0.820633022197003
graded_floor_v2,Central Karoo Basin (Main Karoo Basin),2010,88,-0.7261979138327341
graded_floor_v2,Central Karoo Basin (Main Karoo Basin),2011,89,-0.5022023262462272
graded_floor_v2,Central Karoo Basin (Main Karoo Basin),2012,91,-0.10460823114121114
graded_floor_v2,Central Karoo Basin (Main Karoo Basin),2013,94,0.40108963312798834
graded_floor_v2,Central Karoo Basin (Main Karoo Basin),2014,97,0.5754215026022175
graded_floor_v2,Central Karoo Basin (Main Karoo Basin),2015,99,0.4189689535314767
graded_floor_v2,Central Karoo Basin (Main Karoo Basin),2016,100,0.44822253448143395
graded_floor_v2,Southern Carpentaria Basin (Great Artesian Basin),2002,114,0.6451203383926337
graded_floor_v2,Southern Carpentaria Basin (Great Artesian Basin),2003,113,0.2994192089576664
graded_floor_v2,Southern Carpentaria Basin (Great Artesian Basin),2004,111,-0.19124519543936028
graded_floor_v2,Southern Carpentaria Basin (Great Artesian Basin),2005,109,-0.5789571958185527
graded_floor_v2,Southern Carpentaria Basin (Great Artesian Basin),2006,105,-1.0167238696302054
graded_floor_v2,Southern Carpentaria Basin (Great Artesian Basin),2007,101,-0.7979055588857771
graded_floor_v2,Southern Carpentaria Basin (Great Artesian Basin),2008,92,-0.7913714018820084
graded_floor_v2,Southern Carpentaria Basin (Great Artesian Basin),2009,88,-0.8232049924210748
graded_floor_v2,Southern Carpentaria Basin (Great Artesian Basin),2010,88,-0.9233395182597537
graded_floor_v2,Southern Carpentaria Basin (Great Artesian Basin),2011,89,-0.5176983189400661
graded_floor_v2,Southern Carpentaria Basin (Great Artesian Basin),2012,91,-0.08375138362529104
graded_floor_v2,Southern Carpentaria Basin (Great Artesian Basin),2013,94,0.14311720587684126
graded_floor_v2,Southern Carpentaria Basin (Great Artesian Basin),2014,97,0.22207325109997475
graded_floor_v2,Southern Carpentaria Basin (Great Artesian Basin),2015,99,0.4023304355308716
graded_floor_v2,Southern Carpentaria Basin (Great Artesian Basin),2016,100,0.4124312963044508
graded_floor_v2,Eastern Parecis Basin (Parecis Basin),2002,114,0.30139257171368916
graded_floor_v2,Eastern Parecis Basin (Parecis Basin),2003,113,0.12345386478600791
graded_floor_v2,Eastern Parecis Basin (Parecis Basin),2004,111,0.5203396726099679
graded_floor_v2,Eastern Parecis Basin (Parecis Basin),2005,109,0.5371605714160205
graded_floor_v2,Eastern Parecis Basin (Parecis Basin),2006,105,0.49076197073314093
graded_floor_v2,Eastern Parecis Basin (Parecis Basin),2007,101,0.5192069026503494
graded_floor_v2,Eastern Parecis Basin (Parecis Basin),2008,92,0.5020433241267089
graded_floor_v2,Eastern Parecis Basin (Parecis Basin),2009,88,0.2955911250232619
graded_floor_v2,Eastern Parecis Basin (Parecis Basin),2010,88,0.3906972584176501
graded_floor_v2,Eastern Parecis Basin (Parecis Basin),2011,89,-0.29036300519018354
graded_floor_v2,Eastern Parecis Basin (Parecis Basin),2012,91,-0.19794997674963707
graded_floor_v2,Eastern Parecis Basin (Parecis Basin),2013,94,-0.6773357337217868
graded_floor_v2,Eastern Parecis Basin (Parecis Basin),2014,97,-0.752721567651337
graded_floor_v2,Eastern Parecis Basin (Parecis Basin),2015,99,-0.7507062212143893
graded_floor_v2,Eastern Parecis Basin (Parecis Basin),2016,100,-1.0291456824226692
graded_floor_v2,Eastern Poti and Piaui and Cabecas and Serra Grande Aquifers (Parnaiba Basin),2002,114,-0.10245298513018498
graded_floor_v2,Eastern Poti and Piaui and Cabecas and Serra Grande Aquifers (Parnaiba Basin),2003,113,-0.5325303541559417
graded_floor_v2,Eastern Poti and Piaui and Cabecas and Serra Grande Aquifers (Parnaiba Basin),2004,111,-0.48516689064120144
graded_floor_v2,Eastern Poti and Piaui and Cabecas and Serra Grande Aquifers (Parnaiba Basin),2005,109,-0.626815699099779
graded_floor_v2,Eastern Poti and Piaui and Cabecas and Serra Grande Aquifers (Parnaiba Basin),2006,105,-0.6980397540231124
graded_floor_v2,Eastern Poti and Piaui and Cabecas and Serra Grande Aquifers (Parnaiba Basin),2007,101,-0.7352164616823831
graded_floor_v2,Eastern Poti and Piaui and Cabecas and Serra Grande Aquifers (Parnaiba Basin),2008,92,-0.7725558398958374
graded_floor_v2,Eastern Poti and Piaui and Cabecas and Serra Grande Aquifers (Parnaiba Basin),2009,88,-0.4357573273387845
graded_floor_v2,Eastern Poti and Piaui and Cabecas and Serra Grande Aquifers (Parnaiba Basin),2010,88,0.09114475528650584
graded_floor_v2,Eastern Poti and Piaui and Cabecas and Serra Grande Aquifers (Parnaiba Basin),2011,89,0.19917672172444412
graded_floor_v2,Eastern Poti and Piaui and Cabecas and Serra Grande Aquifers (Parnaiba Basin),2012,91,0.504232359470604
graded_floor_v2,Eastern Poti and Piaui and Cabecas and Serra Grande Aquifers (Parnaiba Basin),2013,94,0.28560891459280147
graded_floor_v2,Eastern Poti and Piaui and Cabecas and Serra Grande Aquifers (Parnaiba Basin),2014,97,0.0842507291024785
graded_floor_v2,Eastern Poti and Piaui and Cabecas and Serra Grande Aquifers (Parnaiba Basin),2015,99,-0.15319328241719168
graded_floor_v2,Eastern Poti and Piaui and Cabecas and Serra Grande Aquifers (Parnaiba Basin),2016,100,-0.6641732961159866
graded_floor_v2,Wiso Basin (Daly-Wiso-Georgina Basins),2002,114,0.45585303192541776
graded_floor_v2,Wiso Basin (Daly-Wiso-Georgina Basins),2003,113,0.2527078593352145
graded_floor_v2,Wiso Basin (Daly-Wiso-Georgina Basins),2004,111,0.19019523085064727
graded_floor_v2,Wiso Basin (Daly-Wiso-Georgina Basins),2005,109,0.20313605961691383
graded_floor_v2,Wiso Basin (Daly-Wiso-Georgina Basins),2006,105,0.03551712148286125
graded_floor_v2,Wiso Basin (Daly-Wiso-Georgina Basins),2007,101,0.13516381532760907
graded_floor_v2,Wiso Basin (Daly-Wiso-Georgina Basins),2008,92,0.2602386697471877
graded_floor_v2,Wiso Basin (Daly-Wiso-Georgina Basins),2009,88,-0.43278709848405894
graded_floor_v2,Wiso Basin (Daly-Wiso-Georgina Basins),2010,88,-1.225066682950168
graded_floor_v2,Wiso Basin (Daly-Wiso-Georgina Basins),2011,89,-0.951411556443506
graded_floor_v2,Wiso Basin (Daly-Wiso-Georgina Basins),2012,91,-0.6546026905946487
graded_floor_v2,Wiso Basin (Daly-Wiso-Georgina Basins),2013,94,-0.4523350658357921
graded_floor_v2,Wiso Basin (Daly-Wiso-Georgina Basins),2014,97,-0.12991480861454177
graded_floor_v2,Wiso Basin (Daly-Wiso-Georgina Basins),2015,99,0.4660408766050279
graded_floor_v2,Wiso Basin (Daly-Wiso-Georgina Basins),2016,100,0.6627018808707837
graded_floor_v2,Northern Georgina Basin (Daly-Wiso-Georgina Basins),2002,114,0.25554562786512874
graded_floor_v2,Northern Georgina Basin (Daly-Wiso-Georgina Basins),2003,113,0.010689199020107927
graded_floor_v2,Northern Georgina Basin (Daly-Wiso-Georgina Basins),2004,111,-0.19211652569490253
graded_floor_v2,Northern Georgina Basin (Daly-Wiso-Georgina Basins),2005,109,-0.23853135875724563
graded_floor_v2,Northern Georgina Basin (Daly-Wiso-Georgina Basins),2006,105,-0.4499813431053847
graded_floor_v2,Northern Georgina Basin (Daly-Wiso-Georgina Basins),2007,101,-0.17150768969878433
graded_floor_v2,Northern Georgina Basin (Daly-Wiso-Georgina Basins),2008,92,-0.12374437733440102
graded_floor_v2,Northern Georgina Basin (Daly-Wiso-Georgina Basins),2009,88,-0.8742258688909498
graded_floor_v2,Northern Georgina Basin (Daly-Wiso-Georgina Basins),2010,88,-1.5152028321609845
graded_floor_v2,Northern Georgina Basin (Daly-Wiso-Georgina Basins),2011,89,-1.2846551679717424
graded_floor_v2,Northern Georgina Basin (Daly-Wiso-Georgina Basins),2012,91,-0.942731900305892
graded_floor_v2,Northern Georgina Basin (Daly-Wiso-Georgina Basins),2013,94,-0.7393898926967966
graded_floor_v2,Northern Georgina Basin (Daly-Wiso-Georgina Basins),2014,97,-0.44350287711891684
graded_floor_v2,Northern Georgina Basin (Daly-Wiso-Georgina Basins),2015,99,0.1540238618849499
graded_floor_v2,Northern Georgina Basin (Daly-Wiso-Georgina Basins),2016,100,0.4783308561425446
graded_floor_v2,Dakota Aquifer System,2002,114,1.2436091927871262
graded_floor_v2,Dakota Aquifer System,2003,113,0.7823403303257344
graded_floor_v2,Dakota Aquifer System,2004,111,0.4520493042966322
graded_floor_v2,Dakota Aquifer System,2005,109,0.1932495775708434
graded_floor_v2,Dakota Aquifer System,2006,105,-0.1469602258404951
graded_floor_v2,Dakota Aquifer System,2007,101,-0.6374357311873887
graded_floor_v2,Dakota Aquifer System,2008,92,-0.8011460093884579
graded_floor_v2,Dakota Aquifer System,2009,88,-0.8479225765503267
graded_floor_v2,Dakota Aquifer System,2010,88,-0.28994357753366495
graded_floor_v2,Dakota Aquifer System,2011,89,-0.009882308930741397
graded_floor_v2,Dakota Aquifer System,2012,91,0.17170887639132434
graded_floor_v2,Dakota Aquifer System,2013,94,-0.11636635414029693
graded_floor_v2,Dakota Aquifer System,2014,97,-0.05059883456958337
graded_floor_v2,Dakota Aquifer System,2015,99,-0.08064194238692424
graded_floor_v2,Dakota Aquifer System,2016,100,-0.21496048466088968
graded_floor_v2,Arckaringa Basin and Southwestern Great Artesian Basin (Great Artesian Basin),2002,114,0.014824155458689836
graded_floor_v2,Arckaringa Basin and Southwestern Great Artesian Basin (Great Artesian Basin),2003,113,0.08667709499968465
graded_floor_v2,Arckaringa Basin and Southwestern Great Artesian Basin (Great Artesian Basin),2004,111,0.0988246113780143
graded_floor_v2,Arckaringa Basin and Southwestern Great Artesian Basin (Great Artesian Basin),2005,109,0.08683973579732272
graded_floor_v2,Arckaringa Basin and Southwestern Great Artesian Basin (Great Artesian Basin),2006,105,-0.04593398569615494
graded_floor_v2,Arckaringa Basin and Southwestern Great Artesian Basin (Great Artesian Basin),2007,101,-0.07570451225011367
graded_floor_v2,Arckaringa Basin and Southwestern Great Artesian Basin (Great Artesian Basin),2008,92,-0.12652618255295148
graded_floor_v2,Arckaringa Basin and Southwestern Great Artesian Basin (Great Artesian Basin),2009,88,-0.4895218836180658
graded_floor_v2,Arckaringa Basin and Southwestern Great Artesian Basin (Great Artesian Basin),2010,88,-0.8395022975623483
graded_floor_v2,Arckaringa Basin and Southwestern Great Artesian Basin (Great Artesian Basin),2011,89,-0.8878749784212772
graded_floor_v2,Arckaringa Basin and Southwestern Great Artesian Basin (Great Artesian Basin),2012,91,-0.585474801057814
graded_floor_v2,Arckaringa Basin and Southwestern Great Artesian Basin (Great Artesian Basin),2013,94,-0.225688503939194
graded_floor_v2,Arckaringa Basin and Southwestern Great Artesian Basin (Great Artesian Basin),2014,97,-0.03701975643006323
graded_floor_v2,Arckaringa Basin and Southwestern Great Artesian Basin (Great Artesian Basin),2015,99,0.0033239935327231992
graded_floor_v2,Arckaringa Basin and Southwestern Great Artesian Basin (Great Artesian Basin),2016,100,-0.10524811727533685
graded_floor_v2,Trans Gangetic Plain (Indo-Gangetic Plain),2002,114,0.6606909709716452
graded_floor_v2,Trans Gangetic Plain (Indo-Gangetic Plain),2003,113,0.4000164808166762
graded_floor_v2,Trans Gangetic Plain (Indo-Gangetic Plain),2004,111,0.673825200993411
graded_floor_v2,Trans Gangetic Plain (Indo-Gangetic Plain),2005,109,0.5132099885366649
graded_floor_v2,Trans Gangetic Plain (Indo-Gangetic Plain),2006,105,0.34570697892053204
graded_floor_v2,Trans Gangetic Plain (Indo-Gangetic Plain),2007,101,0.02603832373467235
graded_floor_v2,Trans Gangetic Plain (Indo-Gangetic Plain),2008,92,-0.34187833773306997
graded_floor_v2,Trans Gangetic Plain (Indo-Gangetic Plain),2009,88,0.046845034600170886
graded_floor_v2,Trans Gangetic Plain (Indo-Gangetic Plain),2010,88,-0.14591880893414633
graded_floor_v2,Trans Gangetic Plain (Indo-Gangetic Plain),2011,89,-0.10471815081511511
graded_floor_v2,Trans Gangetic Plain (Indo-Gangetic Plain),2012,91,0.3105905418697486
graded_floor_v2,Trans Gangetic Plain (Indo-Gangetic Plain),2013,94,0.4466434874604281
graded_floor_v2,Trans Gangetic Plain (Indo-Gangetic Plain),2014,97,0.5796524627144163
graded_floor_v2,Trans Gangetic Plain (Indo-Gangetic Plain),2015,99,0.47806936500298086
graded_floor_v2,Trans Gangetic Plain (Indo-Gangetic Plain),2016,100,0.8615808443548952
graded_floor_v2,Southcentral Mega Aquifer System (Mega Aquifer System),2002,114,-0.06546363354832768
graded_floor_v2,Southcentral Mega Aquifer System (Mega Aquifer System),2003,113,-0.1947856528749187
graded_floor_v2,Southcentral Mega Aquifer System (Mega Aquifer System),2004,111,-0.2520907884711585
graded_floor_v2,Southcentral Mega Aquifer System (Mega Aquifer System),2005,109,-0.18285581514970703
graded_floor_v2,Southcentral Mega Aquifer System (Mega Aquifer System),2006,105,-0.08277801434070156
graded_floor_v2,Southcentral Mega Aquifer System (Mega Aquifer System),2007,101,0.007248776069512075
graded_floor_v2,Southcentral Mega Aquifer System (Mega Aquifer System),2008,92,0.17850790888092097
graded_floor_v2,Southcentral Mega Aquifer System (Mega Aquifer System),2009,88,0.18102681238931181
graded_floor_v2,Southcentral Mega Aquifer System (Mega Aquifer System),2010,88,0.10461579802596123
graded_floor_v2,Southcentral Mega Aquifer System (Mega Aquifer System),2011,89,-0.02931460695870953
graded_floor_v2,Southcentral Mega Aquifer System (Mega Aquifer System),2012,91,-0.15602879540448453
graded_floor_v2,Southcentral Mega Aquifer System (Mega Aquifer System),2013,94,-0.249970301393351
graded_floor_v2,Southcentral Mega Aquifer System (Mega Aquifer System),2014,97,-0.2520689433783185
graded_floor_v2,Southcentral Mega Aquifer System (Mega Aquifer System),2015,99,-0.28936580098666403
graded_floor_v2,Southcentral Mega Aquifer System (Mega Aquifer System),2016,100,-0.3412956055193079
graded_floor_v2,Central Mississippi Embayment (Mississippi Embayment),2002,114,-0.5722252760231591
graded_floor_v2,Central Mississippi Embayment (Mississippi Embayment),2003,113,-0.5152125692700248
graded_floor_v2,Central Mississippi Embayment (Mississippi Embayment),2004,111,-0.0834282580603399
graded_floor_v2,Central Mississippi Embayment (Mississippi Embayment),2005,109,0.5899190819655633
graded_floor_v2,Central Mississippi Embayment (Mississippi Embayment),2006,105,0.5163112489319569
graded_floor_v2,Central Mississippi Embayment (Mississippi Embayment),2007,101,0.3643520743800575
graded_floor_v2,Central Mississippi Embayment (Mississippi Embayment),2008,92,0.3141161068964318
graded_floor_v2,Central Mississippi Embayment (Mississippi Embayment),2009,88,0.6052893548274219
graded_floor_v2,Central Mississippi Embayment (Mississippi Embayment),2010,88,1.3082838991201924
graded_floor_v2,Central Mississippi Embayment (Mississippi Embayment),2011,89,0.841822267549604
graded_floor_v2,Central Mississippi Embayment (Mississippi Embayment),2012,91,0.484734300576317
graded_floor_v2,Central Mississippi Embayment (Mississippi Embayment),2013,94,-0.11608624433710649
graded_floor_v2,Central Mississippi Embayment (Mississippi Embayment),2014,97,-0.3931451856596804
graded_floor_v2,Central Mississippi Embayment (Mississippi Embayment),2015,99,-0.5312646092363887
graded_floor_v2,Central Mississippi Embayment (Mississippi Embayment),2016,100,-0.7106799215611892
graded_floor_v2,Northern Karoo Basin (Main Karoo Basin),2002,114,-0.3276477349482696
graded_floor_v2,Northern Karoo Basin (Main Karoo Basin),2003,113,-0.42249872259864063
graded_floor_v2,Northern Karoo Basin (Main Karoo Basin),2004,111,-0.7575941610476251
graded_floor_v2,Northern Karoo Basin (Main Karoo Basin),2005,109,-1.042492396980647
graded_floor_v2,Northern Karoo Basin (Main Karoo Basin),2006,105,-1.312026060605236
graded_floor_v2,Northern Karoo Basin (Main Karoo Basin),2007,101,-1.1206488114782398
graded_floor_v2,Northern Karoo Basin (Main Karoo Basin),2008,92,-1.2966546114431443
graded_floor_v2,Northern Karoo Basin (Main Karoo Basin),2009,88,-1.416525459054148
graded_floor_v2,Northern Karoo Basin (Main Karoo Basin),2010,88,-1.2076293682243824
graded_floor_v2,Northern Karoo Basin (Main Karoo Basin),2011,89,-0.6515812767046945
graded_floor_v2,Northern Karoo Basin (Main Karoo Basin),2012,91,-0.0047839526482527026
graded_floor_v2,Northern Karoo Basin (Main Karoo Basin),2013,94,0.30104431429101514
graded_floor_v2,Northern Karoo Basin (Main Karoo Basin),2014,97,0.2919658259275578
graded_floor_v2,Northern Karoo Basin (Main Karoo Basin),2015,99,0.07422434478510867
graded_floor_v2,Northern Karoo Basin (Main Karoo Basin),2016,100,-0.007149032560335425
graded_floor_v2,Mississippian-Silurian-Devonian Carbonates (Northern Midwest Aquifer System),2002,114,0.8951239621725972
graded_floor_v2,Mississippian-Silurian-Devonian Carbonates (Northern Midwest Aquifer System),2003,113,0.22201457884356407
graded_floor_v2,Mississippian-Silurian-Devonian Carbonates (Northern Midwest Aquifer System),2004,111,-0.11494269183150736
graded_floor_v2,Mississippian-Silurian-Devonian Carbonates (Northern Midwest Aquifer System),2005,109,0.2587761251520319
graded_floor_v2,Mississippian-Silurian-Devonian Carbonates (Northern Midwest Aquifer System),2006,105,-0.15597228280787473
graded_floor_v2,Mississippian-Silurian-Devonian Carbonates (Northern Midwest Aquifer System),2007,101,-0.43891363097974184
graded_floor_v2,Mississippian-Silurian-Devonian Carbonates (Northern Midwest Aquifer System),2008,92,-0.5606706517840365
graded_floor_v2,Mississippian-Silurian-Devonian Carbonates (Northern Midwest Aquifer System),2009,88,-0.01575427131375084
graded_floor_v2,Mississippian-Silurian-Devonian Carbonates (Northern Midwest Aquifer System),2010,88,0.6596258642217891
graded_floor_v2,Mississippian-Silurian-Devonian Carbonates (Northern Midwest Aquifer System),2011,89,0.8335370308412702
graded_floor_v2,Mississippian-Silurian-Devonian Carbonates (Northern Midwest Aquifer System),2012,91,0.5668626189109033
graded_floor_v2,Mississippian-Silurian-Devonian Carbonates (Northern Midwest Aquifer System),2013,94,-0.4929852803175451
graded_floor_v2,Mississippian-Silurian-Devonian Carbonates (Northern Midwest Aquifer System),2014,97,-1.3095967028426965
graded_floor_v2,Mississippian-Silurian-Devonian Carbonates (Northern Midwest Aquifer System),2015,99,-1.4156017830780154
graded_floor_v2,Mississippian-Silurian-Devonian Carbonates (Northern Midwest Aquifer System),2016,100,-1.5980588906273767
graded_floor_v2,Staten River Embayment and Central Carpentaria Basin (Great Artesian Basin),2002,114,0.5148319236830435
graded_floor_v2,Staten River Embayment and Central Carpentaria Basin (Great Artesian Basin),2003,113,0.1000656285085101
graded_floor_v2,Staten River Embayment and Central Carpentaria Basin (Great Artesian Basin),2004,111,-0.1768107351237177
graded_floor_v2,Staten River Embayment and Central Carpentaria Basin (Great Artesian Basin),2005,109,-0.32145324701863276
graded_floor_v2,Staten River Embayment and Central Carpentaria Basin (Great Artesian Basin),2006,105,-0.6082118454653687
graded_floor_v2,Staten River Embayment and Central Carpentaria Basin (Great Artesian Basin),2007,101,-0.4111290895396566
graded_floor_v2,Staten River Embayment and Central Carpentaria Basin (Great Artesian Basin),2008,92,-0.305152452982656
graded_floor_v2,Staten River Embayment and Central Carpentaria Basin (Great Artesian Basin),2009,88,-0.46090179177788343
graded_floor_v2,Staten River Embayment and Central Carpentaria Basin (Great Artesian Basin),2010,88,-0.74219916910899
graded_floor_v2,Staten River Embayment and Central Carpentaria Basin (Great Artesian Basin),2011,89,-0.47871423075728176
graded_floor_v2,Staten River Embayment and Central Carpentaria Basin (Great Artesian Basin),2012,91,-0.11364800809292645
graded_floor_v2,Staten River Embayment and Central Carpentaria Basin (Great Artesian Basin),2013,94,-0.08752938903538696
graded_floor_v2,Staten River Embayment and Central Carpentaria Basin (Great Artesian Basin),2014,97,-0.13566081149654216
graded_floor_v2,Staten River Embayment and Central Carpentaria Basin (Great Artesian Basin),2015,99,0.021052203664849663
graded_floor_v2,Staten River Embayment and Central Carpentaria Basin (Great Artesian Basin),2016,100,-0.02741592208436919
graded_floor_v2,Central Dharwar Craton Banded Gneiss Complex (Dharwar Craton Banded Gneiss Complex),2002,114,0.27030481111274907
graded_floor_v2,Central Dharwar Craton Banded Gneiss Complex (Dharwar Craton Banded Gneiss Complex),2003,113,-0.11437777781053388
graded_floor_v2,Central Dharwar Craton Banded Gneiss Complex (Dharwar Craton Banded Gneiss Complex),2004,111,-0.4908436816494779
graded_floor_v2,Central Dharwar Craton Banded Gneiss Complex (Dharwar Craton Banded Gneiss Complex),2005,109,-0.7168869946826582
graded_floor_v2,Central Dharwar Craton Banded Gneiss Complex (Dharwar Craton Banded Gneiss Complex),2006,105,-0.8459415619466019
graded_floor_v2,Central Dharwar Craton Banded Gneiss Complex (Dharwar Craton Banded Gneiss Complex),2007,101,-0.953166448727531
graded_floor_v2,Central Dharwar Craton Banded Gneiss Complex (Dharwar Craton Banded Gneiss Complex),2008,92,-0.9613079104794024
graded_floor_v2,Central Dharwar Craton Banded Gneiss Complex (Dharwar Craton Banded Gneiss Complex),2009,88,-1.0173091153764486
graded_floor_v2,Central Dharwar Craton Banded Gneiss Complex (Dharwar Craton Banded Gneiss Complex),2010,88,-0.43498053981653556
graded_floor_v2,Central Dharwar Craton Banded Gneiss Complex (Dharwar Craton Banded Gneiss Complex),2011,89,0.5293959423776101
graded_floor_v2,Central Dharwar Craton Banded Gneiss Complex (Dharwar Craton Banded Gneiss Complex),2012,91,0.8416949447772571
graded_floor_v2,Central Dharwar Craton Banded Gneiss Complex (Dharwar Craton Banded Gneiss Complex),2013,94,0.9625446826440954
graded_floor_v2,Central Dharwar Craton Banded Gneiss Complex (Dharwar Craton Banded Gneiss Complex),2014,97,0.7593505362776127
graded_floor_v2,Central Dharwar Craton Banded Gneiss Complex (Dharwar Craton Banded Gneiss Complex),2015,99,0.8968673247594748
graded_floor_v2,Central Dharwar Craton Banded Gneiss Complex (Dharwar Craton Banded Gneiss Complex),2016,100,1.0713918183327271
graded_floor_v2,Central Huaihe Plain (Huaihe River Basin),2002,114,-0.7161754956181741
graded_floor_v2,Central Huaihe Plain (Huaihe River Basin),2003,113,-1.2528142252423413
graded_floor_v2,Central Huaihe Plain (Huaihe River Basin),2004,111,-1.1503560116563696
graded_floor_v2,Central Huaihe Plain (Huaihe River Basin),2005,109,-1.1849352850121984
graded_floor_v2,Central Huaihe Plain (Huaihe River Basin),2006,105,-0.9357479380233625
graded_floor_v2,Central Huaihe Plain (Huaihe River Basin),2007,101,-0.765391597484201
graded_floor_v2,Central Huaihe Plain (Huaihe River Basin),2008,92,-0.6933600773153927
graded_floor_v2,Central Huaihe Plain (Huaihe River Basin),2009,88,-0.3306026783478365
graded_floor_v2,Central Huaihe Plain (Huaihe River Basin),2010,88,-0.44673860879031807
graded_floor_v2,Central Huaihe Plain (Huaihe River Basin),2011,89,0.3449433514801827
graded_floor_v2,Central Huaihe Plain (Huaihe River Basin),2012,91,0.8987925096039334
graded_floor_v2,Central Huaihe Plain (Huaihe River Basin),2013,94,0.8434761397783841
graded_floor_v2,Central Huaihe Plain (Huaihe River Basin),2014,97,0.7504650161435876
graded_floor_v2,Central Huaihe Plain (Huaihe River Basin),2015,99,0.40362604223915705
graded_floor_v2,Central Huaihe Plain (Huaihe River Basin),2016,100,0.09171737276184934
graded_floor_v2,Central Minnesota Surficial and Buried Sand and Gravel Aquifers,2002,114,0.5130806520843504
graded_floor_v2,Central Minnesota Surficial and Buried Sand and Gravel Aquifers,2003,113,0.30571175331620803
graded_floor_v2,Central Minnesota Surficial and Buried Sand and Gravel Aquifers,2004,111,-0.045543991591293666
graded_floor_v2,Central Minnesota Surficial and Buried Sand and Gravel Aquifers,2005,109,-0.13274171084812597
graded_floor_v2,Central Minnesota Surficial and Buried Sand and Gravel Aquifers,2006,105,-0.06584424492652646
graded_floor_v2,Central Minnesota Surficial and Buried Sand and Gravel Aquifers,2007,101,-0.2750903273488619
graded_floor_v2,Central Minnesota Surficial and Buried Sand and Gravel Aquifers,2008,92,-0.47181843383361594
graded_floor_v2,Central Minnesota Surficial and Buried Sand and Gravel Aquifers,2009,88,-0.5578095956524297
graded_floor_v2,Central Minnesota Surficial and Buried Sand and Gravel Aquifers,2010,88,-0.09501811849121714
graded_floor_v2,Central Minnesota Surficial and Buried Sand and Gravel Aquifers,2011,89,0.24559032370350242
graded_floor_v2,Central Minnesota Surficial and Buried Sand and Gravel Aquifers,2012,91,0.11003903200323868
graded_floor_v2,Central Minnesota Surficial and Buried Sand and Gravel Aquifers,2013,94,-0.049833320178638986
graded_floor_v2,Central Minnesota Surficial and Buried Sand and Gravel Aquifers,2014,97,-0.12378964383357983
graded_floor_v2,Central Minnesota Surficial and Buried Sand and Gravel Aquifers,2015,99,-0.26112457451803667
graded_floor_v2,Central Minnesota Surficial and Buried Sand and Gravel Aquifers,2016,100,-0.8330168816379462
graded_floor_v2,Southern High Plains (High Plains),2002,114,-0.6715982654118456
graded_floor_v2,Southern High Plains (High Plains),2003,113,-1.0907325654254187
graded_floor_v2,Southern High Plains (High Plains),2004,111,-1.6142755968567413
graded_floor_v2,Southern High Plains (High Plains),2005,109,-0.8328139341312149
graded_floor_v2,Southern High Plains (High Plains),2006,105,-0.43166408913483595
graded_floor_v2,Southern High Plains (High Plains),2007,101,-0.2858284662397762
graded_floor_v2,Southern High Plains (High Plains),2008,92,0.05686291104662977
graded_floor_v2,Southern High Plains (High Plains),2009,88,0.2423671974773672
graded_floor_v2,Southern High Plains (High Plains),2010,88,0.20306908144293404
graded_floor_v2,Southern High Plains (High Plains),2011,89,0.014502403934472038
graded_floor_v2,Southern High Plains (High Plains),2012,91,-0.3601963189970884
graded_floor_v2,Southern High Plains (High Plains),2013,94,-0.8462870552723996
graded_floor_v2,Southern High Plains (High Plains),2014,97,-1.262279350406112
graded_floor_v2,Southern High Plains (High Plains),2015,99,-0.9793845273127659
graded_floor_v2,Southern High Plains (High Plains),2016,100,-0.6883488671627439
graded_floor_v2,Southcentral Karoo Basin (Main Karoo Basin),2002,114,0.2582409217780856
graded_floor_v2,Southcentral Karoo Basin (Main Karoo Basin),2003,113,0.3815400173998606
graded_floor_v2,Southcentral Karoo Basin (Main Karoo Basin),2004,111,0.3009605980843753
graded_floor_v2,Southcentral Karoo Basin (Main Karoo Basin),2005,109,0.12280628146409626
graded_floor_v2,Southcentral Karoo Basin (Main Karoo Basin),2006,105,0.007156934286507946
graded_floor_v2,Southcentral Karoo Basin (Main Karoo Basin),2007,101,0.11183662953362838
graded_floor_v2,Southcentral Karoo Basin (Main Karoo Basin),2008,92,0.07915863093059398
graded_floor_v2,Southcentral Karoo Basin (Main Karoo Basin),2009,88,-0.25432007555933317
graded_floor_v2,Southcentral Karoo Basin (Main Karoo Basin),2010,88,-0.5342899992281741
graded_floor_v2,Southcentral Karoo Basin (Main Karoo Basin),2011,89,-0.6933722189188584
graded_floor_v2,Southcentral Karoo Basin (Main Karoo Basin),2012,91,-0.5444594993096689
graded_floor_v2,Southcentral Karoo Basin (Main Karoo Basin),2013,94,-0.11433384929659894
graded_floor_v2,Southcentral Karoo Basin (Main Karoo Basin),2014,97,0.28682058912076763
graded_floor_v2,Southcentral Karoo Basin (Main Karoo Basin),2015,99,0.506840171348129
graded_floor_v2,Southcentral Karoo Basin (Main Karoo Basin),2016,100,0.7862413339518853
graded_floor_v2,Central High Plains (High Plains),2002,114,-0.5759368326888064
graded_floor_v2,Central High Plains (High Plains),2003,113,-0.9262340536010676
graded_floor_v2,Central High Plains (High Plains),2004,111,-1.237404640599253
graded_floor_v2,Central High Plains (High Plains),2005,109,-0.8110468584259045
graded_floor_v2,Central High Plains (High Plains),2006,105,-0.4839062230016603
graded_floor_v2,Central High Plains (High Plains),2007,101,-0.3822030017669254
graded_floor_v2,Central High Plains (High Plains),2008,92,-0.12418781215173862
graded_floor_v2,Central High Plains (High Plains),2009,88,0.16713136796075792
graded_floor_v2,Central High Plains (High Plains),2010,88,0.24685639210487964
graded_floor_v2,Central High Plains (High Plains),2011,89,0.042742756320566684
graded_floor_v2,Central High Plains (High Plains),2012,91,-0.3182550203538484
graded_floor_v2,Central High Plains (High Plains),2013,94,-0.814208871025039
graded_floor_v2,Central High Plains (High Plains),2014,97,-0.9361619822900749
graded_floor_v2,Central High Plains (High Plains),2015,99,-0.7443041019457373
graded_floor_v2,Central High Plains (High Plains),2016,100,-0.462401591285151
graded_floor_v2,Lower Liaohe River Plain (Liaohe River Basin),2002,114,0.6912394900117503
graded_floor_v2,Lower Liaohe River Plain (Liaohe River Basin),2003,113,0.8012009848066026
graded_floor_v2,Lower Liaohe River Plain (Liaohe River Basin),2004,111,0.830390271412107
graded_floor_v2,Lower Liaohe River Plain (Liaohe River Basin),2005,109,0.44530096910548445
graded_floor_v2,Lower Liaohe River Plain (Liaohe River Basin),2006,105,0.4399281031602609
graded_floor_v2,Lower Liaohe River Plain (Liaohe River Basin),2007,101,0.3955071592934209
graded_floor_v2,Lower Liaohe River Plain (Liaohe River Basin),2008,92,0.09350655792115799
graded_floor_v2,Lower Liaohe River Plain (Liaohe River Basin),2009,88,-0.25890437161020025
graded_floor_v2,Lower Liaohe River Plain (Liaohe River Basin),2010,88,-0.6254745259445079
graded_floor_v2,Lower Liaohe River Plain (Liaohe River Basin),2011,89,-0.3778699274113593
graded_floor_v2,Lower Liaohe River Plain (Liaohe River Basin),2012,91,0.44687946563445125
graded_floor_v2,Lower Liaohe River Plain (Liaohe River Basin),2013,94,1.5759537041326566
graded_floor_v2,Lower Liaohe River Plain (Liaohe River Basin),2014,97,2.2457302766256926
graded_floor_v2,Lower Liaohe River Plain (Liaohe River Basin),2015,99,2.3974224121534915
graded_floor_v2,Lower Liaohe River Plain (Liaohe River Basin),2016,100,1.922607047054702
graded_floor_v2,Wadi As-Sirhan Basin,2002,114,-0.12266938095708826
graded_floor_v2,Wadi As-Sirhan Basin,2003,113,-0.22240432930635962
graded_floor_v2,Wadi As-Sirhan Basin,2004,111,-0.25241764211891987
graded_floor_v2,Wadi As-Sirhan Basin,2005,109,-0.2184007449596065
graded_floor_v2,Wadi As-Sirhan Basin,2006,105,-0.17429317506873934
graded_floor_v2,Wadi As-Sirhan Basin,2007,101,-0.10744340943843403
graded_floor_v2,Wadi As-Sirhan Basin,2008,92,-0.06693017617876035
graded_floor_v2,Wadi As-Sirhan Basin,2009,88,-0.05467086568670815
graded_floor_v2,Wadi As-Sirhan Basin,2010,88,0.036056448249477575
graded_floor_v2,Wadi As-Sirhan Basin,2011,89,0.03037373929408946
graded_floor_v2,Wadi As-Sirhan Basin,2012,91,0.00892561800570403
graded_floor_v2,Wadi As-Sirhan Basin,2013,94,-0.011471599165449504
graded_floor_v2,Wadi As-Sirhan Basin,2014,97,0.0006787690767055405
graded_floor_v2,Wadi As-Sirhan Basin,2015,99,-0.06881251053150964
graded_floor_v2,Wadi As-Sirhan Basin,2016,100,-0.18503389708956416
graded_floor_v2,Eastern Saq Aquifer (Ram-Saq Aquifer System),2002,114,0.08786483566497122
graded_floor_v2,Eastern Saq Aquifer (Ram-Saq Aquifer System),2003,113,-0.052859454120197824
graded_floor_v2,Eastern Saq Aquifer (Ram-Saq Aquifer System),2004,111,-0.23060027545240144
graded_floor_v2,Eastern Saq Aquifer (Ram-Saq Aquifer System),2005,109,-0.2565564742424421
graded_floor_v2,Eastern Saq Aquifer (Ram-Saq Aquifer System),2006,105,-0.12749185617633552
graded_floor_v2,Eastern Saq Aquifer (Ram-Saq Aquifer System),2007,101,0.013931406531772566
graded_floor_v2,Eastern Saq Aquifer (Ram-Saq Aquifer System),2008,92,0.0727531456302379
graded_floor_v2,Eastern Saq Aquifer (Ram-Saq Aquifer System),2009,88,0.32423874014011533
graded_floor_v2,Eastern Saq Aquifer (Ram-Saq Aquifer System),2010,88,0.5437392282830609
graded_floor_v2,Eastern Saq Aquifer (Ram-Saq Aquifer System),2011,89,0.6077859010727649
graded_floor_v2,Eastern Saq Aquifer (Ram-Saq Aquifer System),2012,91,0.5985234012142424
graded_floor_v2,Eastern Saq Aquifer (Ram-Saq Aquifer System),2013,94,0.6017927220671715
graded_floor_v2,Eastern Saq Aquifer (Ram-Saq Aquifer System),2014,97,0.7470589708474277
graded_floor_v2,Eastern Saq Aquifer (Ram-Saq Aquifer System),2015,99,0.7968738471761175
graded_floor_v2,Eastern Saq Aquifer (Ram-Saq Aquifer System),2016,100,0.7215777753156777
graded_floor_v2,Trinity Aquifer System (Edwards-Trinity Aquifer System),2002,114,-1.2001317451692821
graded_floor_v2,Trinity Aquifer System (Edwards-Trinity Aquifer System),2003,113,-1.116797423680936
graded_floor_v2,Trinity Aquifer System (Edwards-Trinity Aquifer System),2004,111,-1.2574463479188442
graded_floor_v2,Trinity Aquifer System (Edwards-Trinity Aquifer System),2005,109,-0.6398048395599669
graded_floor_v2,Trinity Aquifer System (Edwards-Trinity Aquifer System),2006,105,-0.5137634449020622
graded_floor_v2,Trinity Aquifer System (Edwards-Trinity Aquifer System),2007,101,-0.48395612161141105
graded_floor_v2,Trinity Aquifer System (Edwards-Trinity Aquifer System),2008,92,0.28904244983470656
graded_floor_v2,Trinity Aquifer System (Edwards-Trinity Aquifer System),2009,88,0.25676230687547624
graded_floor_v2,Trinity Aquifer System (Edwards-Trinity Aquifer System),2010,88,0.4609814127702996
graded_floor_v2,Trinity Aquifer System (Edwards-Trinity Aquifer System),2011,89,0.2520183769046212
graded_floor_v2,Trinity Aquifer System (Edwards-Trinity Aquifer System),2012,91,-0.06351692736474344
graded_floor_v2,Trinity Aquifer System (Edwards-Trinity Aquifer System),2013,94,-0.6904410088187241
graded_floor_v2,Trinity Aquifer System (Edwards-Trinity Aquifer System),2014,97,-1.14617225315257
graded_floor_v2,Trinity Aquifer System (Edwards-Trinity Aquifer System),2015,99,-1.438783014081559
graded_floor_v2,Trinity Aquifer System (Edwards-Trinity Aquifer System),2016,100,-1.3422563732880484
graded_floor_v2,Wisconsin Precambrian Aquifer,2002,114,-0.21281867905096458
graded_floor_v2,Wisconsin Precambrian Aquifer,2003,113,-0.19456552140162248
graded_floor_v2,Wisconsin Precambrian Aquifer,2004,111,-0.05612810433971604
graded_floor_v2,Wisconsin Precambrian Aquifer,2005,109,0.5150484398255244
graded_floor_v2,Wisconsin Precambrian Aquifer,2006,105,0.6391328357741292
graded_floor_v2,Wisconsin Precambrian Aquifer,2007,101,0.6841248546488199
graded_floor_v2,Wisconsin Precambrian Aquifer,2008,92,0.8079090019226853
graded_floor_v2,Wisconsin Precambrian Aquifer,2009,88,0.8352719249160476
graded_floor_v2,Wisconsin Precambrian Aquifer,2010,88,0.78197245010059
graded_floor_v2,Wisconsin Precambrian Aquifer,2011,89,0.8733541980085294
graded_floor_v2,Wisconsin Precambrian Aquifer,2012,91,0.5168583859931006
graded_floor_v2,Wisconsin Precambrian Aquifer,2013,94,-0.11992465775923947
graded_floor_v2,Wisconsin Precambrian Aquifer,2014,97,-0.5194632480926151
graded_floor_v2,Wisconsin Precambrian Aquifer,2015,99,-0.6839194440826873
graded_floor_v2,Wisconsin Precambrian Aquifer,2016,100,-1.1852567600807236
graded_floor_v2,Lafayette Area (Gulf Coast Regional Aquifer System),2002,114,-2.081845575581329
graded_floor_v2,Lafayette Area (Gulf Coast Regional Aquifer System),2003,113,-1.7561851654601883
graded_floor_v2,Lafayette Area (Gulf Coast Regional Aquifer System),2004,111,-1.3216858611168194
graded_floor_v2,Lafayette Area (Gulf Coast Regional Aquifer System),2005,109,-0.4676516468573785
graded_floor_v2,Lafayette Area (Gulf Coast Regional Aquifer System),2006,105,-0.5674607134526863
graded_floor_v2,Lafayette Area (Gulf Coast Regional Aquifer System),2007,101,-0.1844886673719854
graded_floor_v2,Lafayette Area (Gulf Coast Regional Aquifer System),2008,92,0.4524349400501163
graded_floor_v2,Lafayette Area (Gulf Coast Regional Aquifer System),2009,88,0.7208057739680718
graded_floor_v2,Lafayette Area (Gulf Coast Regional Aquifer System),2010,88,1.1245153216928325
graded_floor_v2,Lafayette Area (Gulf Coast Regional Aquifer System),2011,89,0.6064249762044
graded_floor_v2,Lafayette Area (Gulf Coast Regional Aquifer System),2012,91,0.058961672680086265
graded_floor_v2,Lafayette Area (Gulf Coast Regional Aquifer System),2013,94,-0.6081467309051872
graded_floor_v2,Lafayette Area (Gulf Coast Regional Aquifer System),2014,97,-1.2570362686856695
graded_floor_v2,Lafayette Area (Gulf Coast Regional Aquifer System),2015,99,-1.2372514483993937
graded_floor_v2,Lafayette Area (Gulf Coast Regional Aquifer System),2016,100,-1.612994908041517
graded_floor_v2,Paskapoo-Scollard,2002,114,0.9309368326599252
graded_floor_v2,Paskapoo-Scollard,2003,113,0.8065357240275612
graded_floor_v2,Paskapoo-Scollard,2004,111,0.5200035481297501
graded_floor_v2,Paskapoo-Scollard,2005,109,0.17370733981034742
graded_floor_v2,Paskapoo-Scollard,2006,105,0.16783432512853722
graded_floor_v2,Paskapoo-Scollard,2007,101,0.1818554497553453
graded_floor_v2,Paskapoo-Scollard,2008,92,0.35128084219866285
graded_floor_v2,Paskapoo-Scollard,2009,88,0.0493311356344088
graded_floor_v2,Paskapoo-Scollard,2010,88,-0.01181011519480694
graded_floor_v2,Paskapoo-Scollard,2011,89,0.1821376710856748
graded_floor_v2,Paskapoo-Scollard,2012,91,0.11060668162421934
graded_floor_v2,Paskapoo-Scollard,2013,94,0.027341911388201075
graded_floor_v2,Paskapoo-Scollard,2014,97,0.029033917030786435
graded_floor_v2,Paskapoo-Scollard,2015,99,-0.2814690250716213
graded_floor_v2,Paskapoo-Scollard,2016,100,-0.8169564186238026
graded_floor_v2,Western Surat Basin (Great Artesian Basin),2002,114,0.9687158366389433
graded_floor_v2,Western Surat Basin (Great Artesian Basin),2003,113,0.7316346116349863
graded_floor_v2,Western Surat Basin (Great Artesian Basin),2004,111,0.1987944453718471
graded_floor_v2,Western Surat Basin (Great Artesian Basin),2005,109,-0.2924037010341072
graded_floor_v2,Western Surat Basin (Great Artesian Basin),2006,105,-0.6787309175250162
graded_floor_v2,Western Surat Basin (Great Artesian Basin),2007,101,-1.1475078121904494
graded_floor_v2,Western Surat Basin (Great Artesian Basin),2008,92,-1.623145390946939
graded_floor_v2,Western Surat Basin (Great Artesian Basin),2009,88,-2.1743626386935513
graded_floor_v2,Western Surat Basin (Great Artesian Basin),2010,88,-2.6298407003460254
graded_floor_v2,Western Surat Basin (Great Artesian Basin),2011,89,-1.9604948660694508
graded_floor_v2,Western Surat Basin (Great Artesian Basin),2012,91,-1.0327098092875315
graded_floor_v2,Western Surat Basin (Great Artesian Basin),2013,94,0.10973182650857832
graded_floor_v2,Western Surat Basin (Great Artesian Basin),2014,97,0.25289433085052787
graded_floor_v2,Western Surat Basin (Great Artesian Basin),2015,99,0.30004661333668897
graded_floor_v2,Western Surat Basin (Great Artesian Basin),2016,100,0.3185939252808511
graded_floor_v2,Coonamble Embayment (Great Artesian Basin),2002,114,1.8487243510533056
graded_floor_v2,Coonamble Embayment (Great Artesian Basin),2003,113,1.6167098746707695
graded_floor_v2,Coonamble Embayment (Great Artesian Basin),2004,111,1.2109415772248227
graded_floor_v2,Coonamble Embayment (Great Artesian Basin),2005,109,0.7592038735776709
graded_floor_v2,Coonamble Embayment (Great Artesian Basin),2006,105,0.4893098512654878
graded_floor_v2,Coonamble Embayment (Great Artesian Basin),2007,101,0.1296312138711359
graded_floor_v2,Coonamble Embayment (Great Artesian Basin),2008,92,-0.1931084319758216
graded_floor_v2,Coonamble Embayment (Great Artesian Basin),2009,88,-0.7815309763768163
graded_floor_v2,Coonamble Embayment (Great Artesian Basin),2010,88,-1.2706579804667606
graded_floor_v2,Coonamble Embayment (Great Artesian Basin),2011,89,-0.536598778999152
graded_floor_v2,Coonamble Embayment (Great Artesian Basin),2012,91,0.21906013002393698
graded_floor_v2,Coonamble Embayment (Great Artesian Basin),2013,94,1.164760261035136
graded_floor_v2,Coonamble Embayment (Great Artesian Basin),2014,97,1.043563287914628
graded_floor_v2,Coonamble Embayment (Great Artesian Basin),2015,99,0.8891378811617057
graded_floor_v2,Coonamble Embayment (Great Artesian Basin),2016,100,0.781301607311048
graded_floor_v2,Mimosa Syncline and Eastern Surat Basin (Great Artesian Basin),2002,114,0.49244553908736544
graded_floor_v2,Mimosa Syncline and Eastern Surat Basin (Great Artesian Basin),2003,113,0.23030182018526715
graded_floor_v2,Mimosa Syncline and Eastern Surat Basin (Great Artesian Basin),2004,111,-0.055486567454126154
graded_floor_v2,Mimosa Syncline and Eastern Surat Basin (Great Artesian Basin),2005,109,-0.4426387528419914
graded_floor_v2,Mimosa Syncline and Eastern Surat Basin (Great Artesian Basin),2006,105,-0.6410153911827491
graded_floor_v2,Mimosa Syncline and Eastern Surat Basin (Great Artesian Basin),2007,101,-1.1692359197691555
graded_floor_v2,Mimosa Syncline and Eastern Surat Basin (Great Artesian Basin),2008,92,-1.4516350365370896
graded_floor_v2,Mimosa Syncline and Eastern Surat Basin (Great Artesian Basin),2009,88,-1.939336926634525
graded_floor_v2,Mimosa Syncline and Eastern Surat Basin (Great Artesian Basin),2010,88,-2.554220489625952
graded_floor_v2,Mimosa Syncline and Eastern Surat Basin (Great Artesian Basin),2011,89,-2.1577911692751117
graded_floor_v2,Mimosa Syncline and Eastern Surat Basin (Great Artesian Basin),2012,91,-1.2802423775035976
graded_floor_v2,Mimosa Syncline and Eastern Surat Basin (Great Artesian Basin),2013,94,-0.27881798118178097
graded_floor_v2,Mimosa Syncline and Eastern Surat Basin (Great Artesian Basin),2014,97,-0.2573438608999221
graded_floor_v2,Mimosa Syncline and Eastern Surat Basin (Great Artesian Basin),2015,99,-0.14782890511661306
graded_floor_v2,Mimosa Syncline and Eastern Surat Basin (Great Artesian Basin),2016,100,-0.04094353616614053
graded_floor_v2,Wuyuer-Shuangyang System (Songnen Plain),2002,114,-0.15644609035739052
graded_floor_v2,Wuyuer-Shuangyang System (Songnen Plain),2003,113,-0.15788724538567295
graded_floor_v2,Wuyuer-Shuangyang System (Songnen Plain),2004,111,0.3791599614178329
graded_floor_v2,Wuyuer-Shuangyang System (Songnen Plain),2005,109,0.5159608683611329
graded_floor_v2,Wuyuer-Shuangyang System (Songnen Plain),2006,105,0.693869556382863
graded_floor_v2,Wuyuer-Shuangyang System (Songnen Plain),2007,101,1.0142047291724885
graded_floor_v2,Wuyuer-Shuangyang System (Songnen Plain),2008,92,0.977419102009514
graded_floor_v2,Wuyuer-Shuangyang System (Songnen Plain),2009,88,0.8366470870249945
graded_floor_v2,Wuyuer-Shuangyang System (Songnen Plain),2010,88,1.1439288434452126
graded_floor_v2,Wuyuer-Shuangyang System (Songnen Plain),2011,89,1.6361763613032703
graded_floor_v2,Wuyuer-Shuangyang System (Songnen Plain),2012,91,2.06153699707348
graded_floor_v2,Wuyuer-Shuangyang System (Songnen Plain),2013,94,2.2752049143354705
graded_floor_v2,Wuyuer-Shuangyang System (Songnen Plain),2014,97,2.5650238350271675
graded_floor_v2,Wuyuer-Shuangyang System (Songnen Plain),2015,99,2.3104092271496084
graded_floor_v2,Wuyuer-Shuangyang System (Songnen Plain),2016,100,1.4384796684389205
graded_floor_v2,Powder River Basin (Northern Great Plains),2002,114,-0.13579061741005252
graded_floor_v2,Powder River Basin (Northern Great Plains),2003,113,-0.3837661442168932
graded_floor_v2,Powder River Basin (Northern Great Plains),2004,111,-0.317341071708298
graded_floor_v2,Powder River Basin (Northern Great Plains),2005,109,-0.3406137604927278
graded_floor_v2,Powder River Basin (Northern Great Plains),2006,105,-0.4068393803878797
graded_floor_v2,Powder River Basin (Northern Great Plains),2007,101,-0.6422745913359406
graded_floor_v2,Powder River Basin (Northern Great Plains),2008,92,-0.8293399317891806
graded_floor_v2,Powder River Basin (Northern Great Plains),2009,88,-0.9885941095533767
graded_floor_v2,Powder River Basin (Northern Great Plains),2010,88,-0.8700158983431994
graded_floor_v2,Powder River Basin (Northern Great Plains),2011,89,-0.8224142928107472
graded_floor_v2,Powder River Basin (Northern Great Plains),2012,91,-0.8193750673862034
graded_floor_v2,Powder River Basin (Northern Great Plains),2013,94,-1.0337642170259111
graded_floor_v2,Powder River Basin (Northern Great Plains),2014,97,-0.8707692598717947
graded_floor_v2,Powder River Basin (Northern Great Plains),2015,99,-0.7892926621676272
graded_floor_v2,Powder River Basin (Northern Great Plains),2016,100,-0.8634437996602501
graded_floor_v2,Central Eucla Basin (Eucla Basin),2002,114,0.5324785333153859
graded_floor_v2,Central Eucla Basin (Eucla Basin),2003,113,0.40739129370129573
graded_floor_v2,Central Eucla Basin (Eucla Basin),2004,111,0.45816603419432456
graded_floor_v2,Central Eucla Basin (Eucla Basin),2005,109,0.5464917837903979
graded_floor_v2,Central Eucla Basin (Eucla Basin),2006,105,0.5035584066654015
graded_floor_v2,Central Eucla Basin (Eucla Basin),2007,101,0.7228264688235035
graded_floor_v2,Central Eucla Basin (Eucla Basin),2008,92,0.877149083481943
graded_floor_v2,Central Eucla Basin (Eucla Basin),2009,88,0.4811916220808389
graded_floor_v2,Central Eucla Basin (Eucla Basin),2010,88,0.07032489784300378
graded_floor_v2,Central Eucla Basin (Eucla Basin),2011,89,-0.06432560404444743
graded_floor_v2,Central Eucla Basin (Eucla Basin),2012,91,0.20406638901784763
graded_floor_v2,Central Eucla Basin (Eucla Basin),2013,94,0.3728648781602667
graded_floor_v2,Central Eucla Basin (Eucla Basin),2014,97,0.4275111154458564
graded_floor_v2,Central Eucla Basin (Eucla Basin),2015,99,0.3637566343600461
graded_floor_v2,Central Eucla Basin (Eucla Basin),2016,100,0.2090049460106526
graded_floor_v2,Rio Grande Delta (Gulf Coast Regional Aquifer System),2002,114,-1.2644754087621706
graded_floor_v2,Rio Grande Delta (Gulf Coast Regional Aquifer System),2003,113,-1.4969198862848936
graded_floor_v2,Rio Grande Delta (Gulf Coast Regional Aquifer System),2004,111,-1.107872622204117
graded_floor_v2,Rio Grande Delta (Gulf Coast Regional Aquifer System),2005,109,-0.636576602471373
graded_floor_v2,Rio Grande Delta (Gulf Coast Regional Aquifer System),2006,105,-0.7786990029533816
graded_floor_v2,Rio Grande Delta (Gulf Coast Regional Aquifer System),2007,101,-0.822840896345186
graded_floor_v2,Rio Grande Delta (Gulf Coast Regional Aquifer System),2008,92,-0.5613432021221147
graded_floor_v2,Rio Grande Delta (Gulf Coast Regional Aquifer System),2009,88,-0.2643047190327691
graded_floor_v2,Rio Grande Delta (Gulf Coast Regional Aquifer System),2010,88,-0.5715806199093764
graded_floor_v2,Rio Grande Delta (Gulf Coast Regional Aquifer System),2011,89,-0.3780806656772539
graded_floor_v2,Rio Grande Delta (Gulf Coast Regional Aquifer System),2012,91,-0.6359755530280732
graded_floor_v2,Rio Grande Delta (Gulf Coast Regional Aquifer System),2013,94,-1.1519813695273535
graded_floor_v2,Rio Grande Delta (Gulf Coast Regional Aquifer System),2014,97,-1.2820775560266298
graded_floor_v2,Rio Grande Delta (Gulf Coast Regional Aquifer System),2015,99,-1.0544826094282331
graded_floor_v2,Rio Grande Delta (Gulf Coast Regional Aquifer System),2016,100,-1.0310644449289075
graded_floor_v2,Michigan Basin,2002,114,0.8907458722318906
graded_floor_v2,Michigan Basin,2003,113,0.4107761715115214
graded_floor_v2,Michigan Basin,2004,111,0.4709217038316903
graded_floor_v2,Michigan Basin,2005,109,0.655876315960605
graded_floor_v2,Michigan Basin,2006,105,0.40208886707967434
graded_floor_v2,Michigan Basin,2007,101,0.37780579915356877
graded_floor_v2,Michigan Basin,2008,92,0.20180477874126188
graded_floor_v2,Michigan Basin,2009,88,0.49872699165928197
graded_floor_v2,Michigan Basin,2010,88,0.8892590548810886
graded_floor_v2,Michigan Basin,2011,89,0.5910695570723271
graded_floor_v2,Michigan Basin,2012,91,0.7805022230334604
graded_floor_v2,Michigan Basin,2013,94,0.3242344826028834
graded_floor_v2,Michigan Basin,2014,97,0.22303490537272255
graded_floor_v2,Michigan Basin,2015,99,0.10349642015042528
graded_floor_v2,Michigan Basin,2016,100,-0.382138254459078
graded_floor_v2,Southern Piedmont Upland (Piedmont Plateau),2002,114,-1.8318622568640666
graded_floor_v2,Southern Piedmont Upland (Piedmont Plateau),2003,113,-1.864967580354778
graded_floor_v2,Southern Piedmont Upland (Piedmont Plateau),2004,111,-1.1598171702059834
graded_floor_v2,Southern Piedmont Upland (Piedmont Plateau),2005,109,-0.7017393992371996
graded_floor_v2,Southern Piedmont Upland (Piedmont Plateau),2006,105,-0.02793743025370127
graded_floor_v2,Southern Piedmont Upland (Piedmont Plateau),2007,101,-0.34644859216798934
graded_floor_v2,Southern Piedmont Upland (Piedmont Plateau),2008,92,-0.6985262929533567
graded_floor_v2,Southern Piedmont Upland (Piedmont Plateau),2009,88,-0.49169090859472925
graded_floor_v2,Southern Piedmont Upland (Piedmont Plateau),2010,88,-0.19252520341883034
graded_floor_v2,Southern Piedmont Upland (Piedmont Plateau),2011,89,-0.20351017536762994
graded_floor_v2,Southern Piedmont Upland (Piedmont Plateau),2012,91,-0.29871987760536306
graded_floor_v2,Southern Piedmont Upland (Piedmont Plateau),2013,94,-0.8140745855197279
graded_floor_v2,Southern Piedmont Upland (Piedmont Plateau),2014,97,-0.6645177181471861
graded_floor_v2,Southern Piedmont Upland (Piedmont Plateau),2015,99,-0.7595404888032393
graded_floor_v2,Southern Piedmont Upland (Piedmont Plateau),2016,100,-0.7751450715781308
graded_floor_v2,Eastern Huaihe Plain (Huaihe River Basin),2002,114,0.8190928935874717
graded_floor_v2,Eastern Huaihe Plain (Huaihe River Basin),2003,113,0.18637029864871835
graded_floor_v2,Eastern Huaihe Plain (Huaihe River Basin),2004,111,0.23770689676431261
graded_floor_v2,Eastern Huaihe Plain (Huaihe River Basin),2005,109,0.04651404674526772
graded_floor_v2,Eastern Huaihe Plain (Huaihe River Basin),2006,105,0.2135377054935083
graded_floor_v2,Eastern Huaihe Plain (Huaihe River Basin),2007,101,0.3208577216508829
graded_floor_v2,Eastern Huaihe Plain (Huaihe River Basin),2008,92,0.38748026849237255
graded_floor_v2,Eastern Huaihe Plain (Huaihe River Basin),2009,88,0.7730535737321732
graded_floor_v2,Eastern Huaihe Plain (Huaihe River Basin),2010,88,0.7616420365796048
graded_floor_v2,Eastern Huaihe Plain (Huaihe River Basin),2011,89,1.3550117038127747
graded_floor_v2,Eastern Huaihe Plain (Huaihe River Basin),2012,91,1.8671208120247589
graded_floor_v2,Eastern Huaihe Plain (Huaihe River Basin),2013,94,1.9453178124659711
graded_floor_v2,Eastern Huaihe Plain (Huaihe River Basin),2014,97,1.7924454518241495
graded_floor_v2,Eastern Huaihe Plain (Huaihe River Basin),2015,99,1.3731735270898355
graded_floor_v2,Eastern Huaihe Plain (Huaihe River Basin),2016,100,1.0449557677567751
graded_floor_v2,Northern Dharwar Craton Banded Gneiss Complex (Dharwar Craton Banded Gneiss Complex),2002,114,-0.9898085887655046
graded_floor_v2,Northern Dharwar Craton Banded Gneiss Complex (Dharwar Craton Banded Gneiss Complex),2003,113,-1.2102883576307428
graded_floor_v2,Northern Dharwar Craton Banded Gneiss Complex (Dharwar Craton Banded Gneiss Complex),2004,111,-1.1227028587943073
graded_floor_v2,Northern Dharwar Craton Banded Gneiss Complex (Dharwar Craton Banded Gneiss Complex),2005,109,-1.36014701300282
graded_floor_v2,Northern Dharwar Craton Banded Gneiss Complex (Dharwar Craton Banded Gneiss Complex),2006,105,-1.470204309751506
graded_floor_v2,Northern Dharwar Craton Banded Gneiss Complex (Dharwar Craton Banded Gneiss Complex),2007,101,-1.4212528526934496
graded_floor_v2,Northern Dharwar Craton Banded Gneiss Complex (Dharwar Craton Banded Gneiss Complex),2008,92,-1.5267539113362676
graded_floor_v2,Northern Dharwar Craton Banded Gneiss Complex (Dharwar Craton Banded Gneiss Complex),2009,88,-1.6911988885534464
graded_floor_v2,Northern Dharwar Craton Banded Gneiss Complex (Dharwar Craton Banded Gneiss Complex),2010,88,-1.3349183340802901
graded_floor_v2,Northern Dharwar Craton Banded Gneiss Complex (Dharwar Craton Banded Gneiss Complex),2011,89,-0.5776724271706487
graded_floor_v2,Northern Dharwar Craton Banded Gneiss Complex (Dharwar Craton Banded Gneiss Complex),2012,91,-0.4550111275252496
graded_floor_v2,Northern Dharwar Craton Banded Gneiss Complex (Dharwar Craton Banded Gneiss Complex),2013,94,-0.26682434052372317
graded_floor_v2,Northern Dharwar Craton Banded Gneiss Complex (Dharwar Craton Banded Gneiss Complex),2014,97,-0.1868708433246692
graded_floor_v2,Northern Dharwar Craton Banded Gneiss Complex (Dharwar Craton Banded Gneiss Complex),2015,99,-0.2719293093349568
graded_floor_v2,Northern Dharwar Craton Banded Gneiss Complex (Dharwar Craton Banded Gneiss Complex),2016,100,-0.09231437122610169
graded_floor_v2,Eastern Mississippi Embayment (Mississippi Embayment),2002,114,-0.7197910910975482
graded_floor_v2,Eastern Mississippi Embayment (Mississippi Embayment),2003,113,-0.55241430838926
graded_floor_v2,Eastern Mississippi Embayment (Mississippi Embayment),2004,111,-0.01353075161483989
graded_floor_v2,Eastern Mississippi Embayment (Mississippi Embayment),2005,109,0.5582798110388522
graded_floor_v2,Eastern Mississippi Embayment (Mississippi Embayment),2006,105,0.8851489722248289
graded_floor_v2,Eastern Mississippi Embayment (Mississippi Embayment),2007,101,0.7057914135282919
graded_floor_v2,Eastern Mississippi Embayment (Mississippi Embayment),2008,92,0.50899945305101
graded_floor_v2,Eastern Mississippi Embayment (Mississippi Embayment),2009,88,0.7121971076387298
graded_floor_v2,Eastern Mississippi Embayment (Mississippi Embayment),2010,88,1.1939499069475228
graded_floor_v2,Eastern Mississippi Embayment (Mississippi Embayment),2011,89,0.885692640213102
graded_floor_v2,Eastern Mississippi Embayment (Mississippi Embayment),2012,91,0.8041535221017179
graded_floor_v2,Eastern Mississippi Embayment (Mississippi Embayment),2013,94,0.22867103113287457
graded_floor_v2,Eastern Mississippi Embayment (Mississippi Embayment),2014,97,-0.05327879873282265
graded_floor_v2,Eastern Mississippi Embayment (Mississippi Embayment),2015,99,-0.2829024604703625
graded_floor_v2,Eastern Mississippi Embayment (Mississippi Embayment),2016,100,-0.41230878602413956
graded_floor_v2,Western Cambrian-Ordovician Aquifers (Northern Midwest Aquifer System),2002,114,-0.8473046715533079
graded_floor_v2,Western Cambrian-Ordovician Aquifers (Northern Midwest Aquifer System),2003,113,-1.0017661429294942
graded_floor_v2,Western Cambrian-Ordovician Aquifers (Northern Midwest Aquifer System),2004,111,-1.14200512451492
graded_floor_v2,Western Cambrian-Ordovician Aquifers (Northern Midwest Aquifer System),2005,109,-0.8873062442711245
graded_floor_v2,Western Cambrian-Ordovician Aquifers (Northern Midwest Aquifer System),2006,105,-0.8607532429282858
graded_floor_v2,Western Cambrian-Ordovician Aquifers (Northern Midwest Aquifer System),2007,101,-0.837287078151132
graded_floor_v2,Western Cambrian-Ordovician Aquifers (Northern Midwest Aquifer System),2008,92,-0.5981291861342185
graded_floor_v2,Western Cambrian-Ordovician Aquifers (Northern Midwest Aquifer System),2009,88,-0.4115824470553076
graded_floor_v2,Western Cambrian-Ordovician Aquifers (Northern Midwest Aquifer System),2010,88,-0.24506066619517045
graded_floor_v2,Western Cambrian-Ordovician Aquifers (Northern Midwest Aquifer System),2011,89,-0.20215795048547167
graded_floor_v2,Western Cambrian-Ordovician Aquifers (Northern Midwest Aquifer System),2012,91,-0.6395523192347106
graded_floor_v2,Western Cambrian-Ordovician Aquifers (Northern Midwest Aquifer System),2013,94,-1.2961304408670258
graded_floor_v2,Western Cambrian-Ordovician Aquifers (Northern Midwest Aquifer System),2014,97,-1.6913452590898732
graded_floor_v2,Western Cambrian-Ordovician Aquifers (Northern Midwest Aquifer System),2015,99,-1.9485918706403207
graded_floor_v2,Western Cambrian-Ordovician Aquifers (Northern Midwest Aquifer System),2016,100,-2.5141004353847847
graded_floor_v2,Southeastern System (Amadeus Basin),2002,114,0.9720082606207134
graded_floor_v2,Southeastern System (Amadeus Basin),2003,113,1.3310848495382805
graded_floor_v2,Southeastern System (Amadeus Basin),2004,111,1.2832538516444176
graded_floor_v2,Southeastern System (Amadeus Basin),2005,109,1.310426910138969
graded_floor_v2,Southeastern System (Amadeus Basin),2006,105,1.1445085197362308
graded_floor_v2,Southeastern System (Amadeus Basin),2007,101,0.9967677949154724
graded_floor_v2,Southeastern System (Amadeus Basin),2008,92,0.867035342953837
graded_floor_v2,Southeastern System (Amadeus Basin),2009,88,0.28244834049971834
graded_floor_v2,Southeastern System (Amadeus Basin),2010,88,-0.3697816468637087
graded_floor_v2,Southeastern System (Amadeus Basin),2011,89,-0.2582714491118848
graded_floor_v2,Southeastern System (Amadeus Basin),2012,91,0.37474686282522984
graded_floor_v2,Southeastern System (Amadeus Basin),2013,94,0.9208096622076085
graded_floor_v2,Southeastern System (Amadeus Basin),2014,97,1.0816408930524641
graded_floor_v2,Southeastern System (Amadeus Basin),2015,99,1.1859779545702531
graded_floor_v2,Southeastern System (Amadeus Basin),2016,100,1.1212238897702134
graded_floor_v2,Edwards Plateau (Edwards-Trinity Aquifer System),2002,114,-1.8797236282569922
graded_floor_v2,Edwards Plateau (Edwards-Trinity Aquifer System),2003,113,-2.1703677588887365
graded_floor_v2,Edwards Plateau (Edwards-Trinity Aquifer System),2004,111,-2.3845113298536806
graded_floor_v2,Edwards Plateau (Edwards-Trinity Aquifer System),2005,109,-1.816710995515485
graded_floor_v2,Edwards Plateau (Edwards-Trinity Aquifer System),2006,105,-1.4696984764647953
graded_floor_v2,Edwards Plateau (Edwards-Trinity Aquifer System),2007,101,-1.4575248685590627
graded_floor_v2,Edwards Plateau (Edwards-Trinity Aquifer System),2008,92,-0.867403257242802
graded_floor_v2,Edwards Plateau (Edwards-Trinity Aquifer System),2009,88,-0.5852632881737605
graded_floor_v2,Edwards Plateau (Edwards-Trinity Aquifer System),2010,88,-0.5908187980388109
graded_floor_v2,Edwards Plateau (Edwards-Trinity Aquifer System),2011,89,-0.6613264902981018
graded_floor_v2,Edwards Plateau (Edwards-Trinity Aquifer System),2012,91,-0.953011229664588
graded_floor_v2,Edwards Plateau (Edwards-Trinity Aquifer System),2013,94,-1.337245760983771
graded_floor_v2,Edwards Plateau (Edwards-Trinity Aquifer System),2014,97,-1.6341822751220367
graded_floor_v2,Edwards Plateau (Edwards-Trinity Aquifer System),2015,99,-1.8222195866685613
graded_floor_v2,Edwards Plateau (Edwards-Trinity Aquifer System),2016,100,-1.7709066889120229
graded_floor_v2,Southcentral Deccan Basalt Plateau (Deccan Plateau),2002,114,1.2185449610318957
graded_floor_v2,Southcentral Deccan Basalt Plateau (Deccan Plateau),2003,113,1.0116967835544792
graded_floor_v2,Southcentral Deccan Basalt Plateau (Deccan Plateau),2004,111,0.8263859746921318
graded_floor_v2,Southcentral Deccan Basalt Plateau (Deccan Plateau),2005,109,0.7379895931297797
graded_floor_v2,Southcentral Deccan Basalt Plateau (Deccan Plateau),2006,105,0.6132747341667312
graded_floor_v2,Southcentral Deccan Basalt Plateau (Deccan Plateau),2007,101,0.6791189943237809
graded_floor_v2,Southcentral Deccan Basalt Plateau (Deccan Plateau),2008,92,0.6499877643914506
graded_floor_v2,Southcentral Deccan Basalt Plateau (Deccan Plateau),2009,88,0.46468934235475684
graded_floor_v2,Southcentral Deccan Basalt Plateau (Deccan Plateau),2010,88,0.7744119312595628
graded_floor_v2,Southcentral Deccan Basalt Plateau (Deccan Plateau),2011,89,1.3408831937142485
graded_floor_v2,Southcentral Deccan Basalt Plateau (Deccan Plateau),2012,91,1.5438953680542473
graded_floor_v2,Southcentral Deccan Basalt Plateau (Deccan Plateau),2013,94,1.5864494088548666
graded_floor_v2,Southcentral Deccan Basalt Plateau (Deccan Plateau),2014,97,1.4506497793794872
graded_floor_v2,Southcentral Deccan Basalt Plateau (Deccan Plateau),2015,99,1.4425493267105984
graded_floor_v2,Southcentral Deccan Basalt Plateau (Deccan Plateau),2016,100,1.545373547601941
graded_floor_v2,Eastside Lower Indus Valley (Indus Basin),2002,114,-0.44331493424817175
graded_floor_v2,Eastside Lower Indus Valley (Indus Basin),2003,113,-0.7028728617192567
graded_floor_v2,Eastside Lower Indus Valley (Indus Basin),2004,111,-0.6947591134327066
graded_floor_v2,Eastside Lower Indus Valley (Indus Basin),2005,109,-1.0160219083421185
graded_floor_v2,Eastside Lower Indus Valley (Indus Basin),2006,105,-1.3076128568841168
graded_floor_v2,Eastside Lower Indus Valley (Indus Basin),2007,101,-1.2860831610611527
graded_floor_v2,Eastside Lower Indus Valley (Indus Basin),2008,92,-1.2802931210255823
graded_floor_v2,Eastside Lower Indus Valley (Indus Basin),2009,88,-1.5816176296272908
graded_floor_v2,Eastside Lower Indus Valley (Indus Basin),2010,88,-1.6815163230178103
graded_floor_v2,Eastside Lower Indus Valley (Indus Basin),2011,89,-1.4608152410133013
graded_floor_v2,Eastside Lower Indus Valley (Indus Basin),2012,91,-1.1881410191186341
graded_floor_v2,Eastside Lower Indus Valley (Indus Basin),2013,94,-0.6020359268872613
graded_floor_v2,Eastside Lower Indus Valley (Indus Basin),2014,97,-0.38304915243366855
graded_floor_v2,Eastside Lower Indus Valley (Indus Basin),2015,99,-0.3586902865126157
graded_floor_v2,Eastside Lower Indus Valley (Indus Basin),2016,100,-0.286668364342825
graded_floor_v2,Central Piedmont Upland (Piedmont Plateau),2002,114,0.3282418098151647
graded_floor_v2,Central Piedmont Upland (Piedmont Plateau),2003,113,0.24409701279806487
graded_floor_v2,Central Piedmont Upland (Piedmont Plateau),2004,111,0.9550744802765986
graded_floor_v2,Central Piedmont Upland (Piedmont Plateau),2005,109,1.400501259502534
graded_floor_v2,Central Piedmont Upland (Piedmont Plateau),2006,105,1.6344680148261321
graded_floor_v2,Central Piedmont Upland (Piedmont Plateau),2007,101,1.9741176863495842
graded_floor_v2,Central Piedmont Upland (Piedmont Plateau),2008,92,1.6644059158633162
graded_floor_v2,Central Piedmont Upland (Piedmont Plateau),2009,88,1.9424076606778027
graded_floor_v2,Central Piedmont Upland (Piedmont Plateau),2010,88,1.8661907798665054
graded_floor_v2,Central Piedmont Upland (Piedmont Plateau),2011,89,1.8804596158964382
graded_floor_v2,Central Piedmont Upland (Piedmont Plateau),2012,91,1.4497785767280358
graded_floor_v2,Central Piedmont Upland (Piedmont Plateau),2013,94,0.9885844139683998
graded_floor_v2,Central Piedmont Upland (Piedmont Plateau),2014,97,1.080775531064022
graded_floor_v2,Central Piedmont Upland (Piedmont Plateau),2015,99,0.8969803739228668
graded_floor_v2,Central Piedmont Upland (Piedmont Plateau),2016,100,0.7340874621735112
graded_floor_v2,Eastern Carrizo-Wilcox (Carrizo-Wilcox),2002,114,-2.0920687410351606
graded_floor_v2,Eastern Carrizo-Wilcox (Carrizo-Wilcox),2003,113,-2.028841276518618
graded_floor_v2,Eastern Carrizo-Wilcox (Carrizo-Wilcox),2004,111,-1.8292268094285695
graded_floor_v2,Eastern Carrizo-Wilcox (Carrizo-Wilcox),2005,109,-1.196666806638274
graded_floor_v2,Eastern Carrizo-Wilcox (Carrizo-Wilcox),2006,105,-1.360843955581188
graded_floor_v2,Eastern Carrizo-Wilcox (Carrizo-Wilcox),2007,101,-1.3164407905595852
graded_floor_v2,Eastern Carrizo-Wilcox (Carrizo-Wilcox),2008,92,-0.811251142262791
graded_floor_v2,Eastern Carrizo-Wilcox (Carrizo-Wilcox),2009,88,-0.5735903005810861
graded_floor_v2,Eastern Carrizo-Wilcox (Carrizo-Wilcox),2010,88,-0.18173255286813042
graded_floor_v2,Eastern Carrizo-Wilcox (Carrizo-Wilcox),2011,89,-0.564626624705629
graded_floor_v2,Eastern Carrizo-Wilcox (Carrizo-Wilcox),2012,91,-0.9936885237670596
graded_floor_v2,Eastern Carrizo-Wilcox (Carrizo-Wilcox),2013,94,-1.5829812971890824
graded_floor_v2,Eastern Carrizo-Wilcox (Carrizo-Wilcox),2014,97,-1.797561672950607
graded_floor_v2,Eastern Carrizo-Wilcox (Carrizo-Wilcox),2015,99,-1.9518010090886064
graded_floor_v2,Eastern Carrizo-Wilcox (Carrizo-Wilcox),2016,100,-2.03496474934938
graded_floor_v2,Jiangsu Coastal Plain (Huaihe River Basin),2002,114,1.4837064706629925
graded_floor_v2,Jiangsu Coastal Plain (Huaihe River Basin),2003,113,1.3928464017787234
graded_floor_v2,Jiangsu Coastal Plain (Huaihe River Basin),2004,111,1.4460237474689073
graded_floor_v2,Jiangsu Coastal Plain (Huaihe River Basin),2005,109,1.1238950561306513
graded_floor_v2,Jiangsu Coastal Plain (Huaihe River Basin),2006,105,1.2291758763043905
graded_floor_v2,Jiangsu Coastal Plain (Huaihe River Basin),2007,101,1.3397032463914529
graded_floor_v2,Jiangsu Coastal Plain (Huaihe River Basin),2008,92,1.3203262594901053
graded_floor_v2,Jiangsu Coastal Plain (Huaihe River Basin),2009,88,1.4159536014227256
graded_floor_v2,Jiangsu Coastal Plain (Huaihe River Basin),2010,88,1.2727317966523284
graded_floor_v2,Jiangsu Coastal Plain (Huaihe River Basin),2011,89,1.640401847818138
graded_floor_v2,Jiangsu Coastal Plain (Huaihe River Basin),2012,91,1.8385845763726887
graded_floor_v2,Jiangsu Coastal Plain (Huaihe River Basin),2013,94,1.7932546779688958
graded_floor_v2,Jiangsu Coastal Plain (Huaihe River Basin),2014,97,1.6241899407800717
graded_floor_v2,Jiangsu Coastal Plain (Huaihe River Basin),2015,99,1.4493215156605186
graded_floor_v2,Jiangsu Coastal Plain (Huaihe River Basin),2016,100,1.2896515512828466
graded_floor_v2,Eastern Cambrian-Ordovician Aquifers (Northern Midwest Aquifer System),2002,114,-0.8605354711593057
graded_floor_v2,Eastern Cambrian-Ordovician Aquifers (Northern Midwest Aquifer System),2003,113,-1.389350015472341
graded_floor_v2,Eastern Cambrian-Ordovician Aquifers (Northern Midwest Aquifer System),2004,111,-1.596097575552664
graded_floor_v2,Eastern Cambrian-Ordovician Aquifers (Northern Midwest Aquifer System),2005,109,-1.3393807529706523
graded_floor_v2,Eastern Cambrian-Ordovician Aquifers (Northern Midwest Aquifer System),2006,105,-1.7973732122209642
graded_floor_v2,Eastern Cambrian-Ordovician Aquifers (Northern Midwest Aquifer System),2007,101,-1.8429701745330729
graded_floor_v2,Eastern Cambrian-Ordovician Aquifers (Northern Midwest Aquifer System),2008,92,-1.7725059572690076
graded_floor_v2,Eastern Cambrian-Ordovician Aquifers (Northern Midwest Aquifer System),2009,88,-1.2679082902435037
graded_floor_v2,Eastern Cambrian-Ordovician Aquifers (Northern Midwest Aquifer System),2010,88,-0.7104263532192817
graded_floor_v2,Eastern Cambrian-Ordovician Aquifers (Northern Midwest Aquifer System),2011,89,-0.5432001920255037
graded_floor_v2,Eastern Cambrian-Ordovician Aquifers (Northern Midwest Aquifer System),2012,91,-0.8275963099172001
graded_floor_v2,Eastern Cambrian-Ordovician Aquifers (Northern Midwest Aquifer System),2013,94,-1.6911487289670546
graded_floor_v2,Eastern Cambrian-Ordovician Aquifers (Northern Midwest Aquifer System),2014,97,-2.387677602789295
graded_floor_v2,Eastern Cambrian-Ordovician Aquifers (Northern Midwest Aquifer System),2015,99,-2.700665507765188
graded_floor_v2,Eastern Cambrian-Ordovician Aquifers (Northern Midwest Aquifer System),2016,100,-3.1276318352982724
graded_floor_v2,Northcentral Deccan Basalt Plateau (Deccan Plateau),2002,114,1.5825427676164296
graded_floor_v2,Northcentral Deccan Basalt Plateau (Deccan Plateau),2003,113,1.3602812285553816
graded_floor_v2,Northcentral Deccan Basalt Plateau (Deccan Plateau),2004,111,1.2529128265058205
graded_floor_v2,Northcentral Deccan Basalt Plateau (Deccan Plateau),2005,109,1.0914529944126736
graded_floor_v2,Northcentral Deccan Basalt Plateau (Deccan Plateau),2006,105,0.9706110850611201
graded_floor_v2,Northcentral Deccan Basalt Plateau (Deccan Plateau),2007,101,0.993504438119788
graded_floor_v2,Northcentral Deccan Basalt Plateau (Deccan Plateau),2008,92,0.8813248352620053
graded_floor_v2,Northcentral Deccan Basalt Plateau (Deccan Plateau),2009,88,0.5184474487779468
graded_floor_v2,Northcentral Deccan Basalt Plateau (Deccan Plateau),2010,88,0.8713889228601223
graded_floor_v2,Northcentral Deccan Basalt Plateau (Deccan Plateau),2011,89,1.461085544334444
graded_floor_v2,Northcentral Deccan Basalt Plateau (Deccan Plateau),2012,91,1.7315578901068145
graded_floor_v2,Northcentral Deccan Basalt Plateau (Deccan Plateau),2013,94,1.8852281478235655
graded_floor_v2,Northcentral Deccan Basalt Plateau (Deccan Plateau),2014,97,1.879617001201741
graded_floor_v2,Northcentral Deccan Basalt Plateau (Deccan Plateau),2015,99,1.8307991662560872
graded_floor_v2,Northcentral Deccan Basalt Plateau (Deccan Plateau),2016,100,2.0552792921354697
graded_floor_v2,Eastside Middle Indus Plain (Indus Basin),2002,114,-0.8920475932721373
graded_floor_v2,Eastside Middle Indus Plain (Indus Basin),2003,113,-0.9597507744612949
graded_floor_v2,Eastside Middle Indus Plain (Indus Basin),2004,111,-0.8976283681431944
graded_floor_v2,Eastside Middle Indus Plain (Indus Basin),2005,109,-1.0342877948115567
graded_floor_v2,Eastside Middle Indus Plain (Indus Basin),2006,105,-1.0115769542845212
graded_floor_v2,Eastside Middle Indus Plain (Indus Basin),2007,101,-1.1526339924108804
graded_floor_v2,Eastside Middle Indus Plain (Indus Basin),2008,92,-1.2648293851611752
graded_floor_v2,Eastside Middle Indus Plain (Indus Basin),2009,88,-1.4836070414249267
graded_floor_v2,Eastside Middle Indus Plain (Indus Basin),2010,88,-1.7603234224627888
graded_floor_v2,Eastside Middle Indus Plain (Indus Basin),2011,89,-1.8045908890994269
graded_floor_v2,Eastside Middle Indus Plain (Indus Basin),2012,91,-1.7977541024577601
graded_floor_v2,Eastside Middle Indus Plain (Indus Basin),2013,94,-1.4853543870302024
graded_floor_v2,Eastside Middle Indus Plain (Indus Basin),2014,97,-1.2580874901521595
graded_floor_v2,Eastside Middle Indus Plain (Indus Basin),2015,99,-1.1575986928974615
graded_floor_v2,Eastside Middle Indus Plain (Indus Basin),2016,100,-0.847976891957155
graded_floor_v2,Central Allegheny Plateau (Appalachian Plateaus),2002,114,1.1125721926586356
graded_floor_v2,Central Allegheny Plateau (Appalachian Plateaus),2003,113,0.8704349597195385
graded_floor_v2,Central Allegheny Plateau (Appalachian Plateaus),2004,111,1.4418477935591543
graded_floor_v2,Central Allegheny Plateau (Appalachian Plateaus),2005,109,1.9159017816594148
graded_floor_v2,Central Allegheny Plateau (Appalachian Plateaus),2006,105,1.8974295991850558
graded_floor_v2,Central Allegheny Plateau (Appalachian Plateaus),2007,101,2.0222223694490697
graded_floor_v2,Central Allegheny Plateau (Appalachian Plateaus),2008,92,1.896906826174597
graded_floor_v2,Central Allegheny Plateau (Appalachian Plateaus),2009,88,2.1055636919167617
graded_floor_v2,Central Allegheny Plateau (Appalachian Plateaus),2010,88,2.1064609015705025
graded_floor_v2,Central Allegheny Plateau (Appalachian Plateaus),2011,89,1.8464268798400076
graded_floor_v2,Central Allegheny Plateau (Appalachian Plateaus),2012,91,1.9253912726030953
graded_floor_v2,Central Allegheny Plateau (Appalachian Plateaus),2013,94,1.5123993794099075
graded_floor_v2,Central Allegheny Plateau (Appalachian Plateaus),2014,97,1.4405132470880315
graded_floor_v2,Central Allegheny Plateau (Appalachian Plateaus),2015,99,1.205673320685042
graded_floor_v2,Central Allegheny Plateau (Appalachian Plateaus),2016,100,0.9481552560662319
graded_floor_v2,Northeastern Karoo Basin (Main Karoo Basin),2002,114,-1.8069951179952946
graded_floor_v2,Northeastern Karoo Basin (Main Karoo Basin),2003,113,-2.0856995122519613
graded_floor_v2,Northeastern Karoo Basin (Main Karoo Basin),2004,111,-2.483471501723519
graded_floor_v2,Northeastern Karoo Basin (Main Karoo Basin),2005,109,-2.7104252815189738
graded_floor_v2,Northeastern Karoo Basin (Main Karoo Basin),2006,105,-2.881811694744473
graded_floor_v2,Northeastern Karoo Basin (Main Karoo Basin),2007,101,-2.5685076889588783
graded_floor_v2,Northeastern Karoo Basin (Main Karoo Basin),2008,92,-2.7128796397485417
graded_floor_v2,Northeastern Karoo Basin (Main Karoo Basin),2009,88,-2.7909631672374773
graded_floor_v2,Northeastern Karoo Basin (Main Karoo Basin),2010,88,-2.608767827029341
graded_floor_v2,Northeastern Karoo Basin (Main Karoo Basin),2011,89,-2.2434977644187977
graded_floor_v2,Northeastern Karoo Basin (Main Karoo Basin),2012,91,-2.0662669232201822
graded_floor_v2,Northeastern Karoo Basin (Main Karoo Basin),2013,94,-1.874623879482265
graded_floor_v2,Northeastern Karoo Basin (Main Karoo Basin),2014,97,-1.7757052485814557
graded_floor_v2,Northeastern Karoo Basin (Main Karoo Basin),2015,99,-1.7802561971026696
graded_floor_v2,Northeastern Karoo Basin (Main Karoo Basin),2016,100,-1.8025383765965008
graded_floor_v2,Southern Riverine Plains (Murray Basin),2002,114,2.615793225660372
graded_floor_v2,Southern Riverine Plains (Murray Basin),2003,113,2.518756420571539
graded_floor_v2,Southern Riverine Plains (Murray Basin),2004,111,2.5183754386708994
graded_floor_v2,Southern Riverine Plains (Murray Basin),2005,109,2.5883506596395858
graded_floor_v2,Southern Riverine Plains (Murray Basin),2006,105,2.478789062252405
graded_floor_v2,Southern Riverine Plains (Murray Basin),2007,101,2.3695477423094857
graded_floor_v2,Southern Riverine Plains (Murray Basin),2008,92,2.216797375796432
graded_floor_v2,Southern Riverine Plains (Murray Basin),2009,88,1.3463880586179533
graded_floor_v2,Southern Riverine Plains (Murray Basin),2010,88,0.6944371612950382
graded_floor_v2,Southern Riverine Plains (Murray Basin),2011,89,1.0679003887491774
graded_floor_v2,Southern Riverine Plains (Murray Basin),2012,91,1.3736552005462563
graded_floor_v2,Southern Riverine Plains (Murray Basin),2013,94,1.9825857815663162
graded_floor_v2,Southern Riverine Plains (Murray Basin),2014,97,2.0417263892210005
graded_floor_v2,Southern Riverine Plains (Murray Basin),2015,99,1.9520370961444955
graded_floor_v2,Southern Riverine Plains (Murray Basin),2016,100,1.6765393265185422
graded_floor_v2,Black Warrior River Aquifer System (Eutaw and McShan Formations and Tuscaloosa Group),2002,114,-2.5355052518830643
graded_floor_v2,Black Warrior River Aquifer System (Eutaw and McShan Formations and Tuscaloosa Group),2003,113,-2.4195327058087
graded_floor_v2,Black Warrior River Aquifer System (Eutaw and McShan Formations and Tuscaloosa Group),2004,111,-1.8015985384428106
graded_floor_v2,Black Warrior River Aquifer System (Eutaw and McShan Formations and Tuscaloosa Group),2005,109,-1.299382733369312
graded_floor_v2,Black Warrior River Aquifer System (Eutaw and McShan Formations and Tuscaloosa Group),2006,105,-0.7771834293322841
graded_floor_v2,Black Warrior River Aquifer System (Eutaw and McShan Formations and Tuscaloosa Group),2007,101,-1.1582108073589588
graded_floor_v2,Black Warrior River Aquifer System (Eutaw and McShan Formations and Tuscaloosa Group),2008,92,-1.54573023847893
graded_floor_v2,Black Warrior River Aquifer System (Eutaw and McShan Formations and Tuscaloosa Group),2009,88,-1.372150097694085
graded_floor_v2,Black Warrior River Aquifer System (Eutaw and McShan Formations and Tuscaloosa Group),2010,88,-0.9492568227195758
graded_floor_v2,Black Warrior River Aquifer System (Eutaw and McShan Formations and Tuscaloosa Group),2011,89,-1.0942380476410272
graded_floor_v2,Black Warrior River Aquifer System (Eutaw and McShan Formations and Tuscaloosa Group),2012,91,-1.0217795508007177
graded_floor_v2,Black Warrior River Aquifer System (Eutaw and McShan Formations and Tuscaloosa Group),2013,94,-1.5081645717266146
graded_floor_v2,Black Warrior River Aquifer System (Eutaw and McShan Formations and Tuscaloosa Group),2014,97,-1.6557207298793446
graded_floor_v2,Black Warrior River Aquifer System (Eutaw and McShan Formations and Tuscaloosa Group),2015,99,-1.8739459874045936
graded_floor_v2,Black Warrior River Aquifer System (Eutaw and McShan Formations and Tuscaloosa Group),2016,100,-1.898243792514466
graded_floor_v3,Central Parana Basin and Torres Syncline (Guarani Aquifer System),2002,114,-0.24656287952560224
graded_floor_v3,Central Parana Basin and Torres Syncline (Guarani Aquifer System),2003,113,-0.1941703206930343
graded_floor_v3,Central Parana Basin and Torres Syncline (Guarani Aquifer System),2004,111,-0.11084646215884271
graded_floor_v3,Central Parana Basin and Torres Syncline (Guarani Aquifer System),2005,109,0.010122188604998597
graded_floor_v3,Central Parana Basin and Torres Syncline (Guarani Aquifer System),2006,105,0.0950397976697886
graded_floor_v3,Central Parana Basin and Torres Syncline (Guarani Aquifer System),2007,101,-0.026588345962975303
graded_floor_v3,Central Parana Basin and Torres Syncline (Guarani Aquifer System),2008,92,0.060335677887619774
graded_floor_v3,Central Parana Basin and Torres Syncline (Guarani Aquifer System),2009,88,-0.2654234074823533
graded_floor_v3,Central Parana Basin and Torres Syncline (Guarani Aquifer System),2010,88,-0.5427295943804947
graded_floor_v3,Central Parana Basin and Torres Syncline (Guarani Aquifer System),2011,89,-0.9068167367430171
graded_floor_v3,Central Parana Basin and Torres Syncline (Guarani Aquifer System),2012,91,-1.535205425003624
graded_floor_v3,Central Parana Basin and Torres Syncline (Guarani Aquifer System),2013,94,-1.6587273464725953
graded_floor_v3,Central Parana Basin and Torres Syncline (Guarani Aquifer System),2014,97,-1.4205094396521791
graded_floor_v3,Central Parana Basin and Torres Syncline (Guarani Aquifer System),2015,99,-1.4124197517721173
graded_floor_v3,Central Parana Basin and Torres Syncline (Guarani Aquifer System),2016,100,-1.0184125854760955
graded_floor_v3,Northern Guarani Aquifer (Guarani Aquifer System),2002,114,-0.02300026594853655
graded_floor_v3,Northern Guarani Aquifer (Guarani Aquifer System),2003,113,-0.04817215737085563
graded_floor_v3,Northern Guarani Aquifer (Guarani Aquifer System),2004,111,-0.04562909789177284
graded_floor_v3,Northern Guarani Aquifer (Guarani Aquifer System),2005,109,0.033067467180247063
graded_floor_v3,Northern Guarani Aquifer (Guarani Aquifer System),2006,105,0.21698936452021902
graded_floor_v3,Northern Guarani Aquifer (Guarani Aquifer System),2007,101,0.20816360139292178
graded_floor_v3,Northern Guarani Aquifer (Guarani Aquifer System),2008,92,0.05993669172138346
graded_floor_v3,Northern Guarani Aquifer (Guarani Aquifer System),2009,88,-0.2551902416615356
graded_floor_v3,Northern Guarani Aquifer (Guarani Aquifer System),2010,88,-0.26774349779195905
graded_floor_v3,Northern Guarani Aquifer (Guarani Aquifer System),2011,89,-0.7248022803858021
graded_floor_v3,Northern Guarani Aquifer (Guarani Aquifer System),2012,91,-1.1752687038093421
graded_floor_v3,Northern Guarani Aquifer (Guarani Aquifer System),2013,94,-1.194979824541474
graded_floor_v3,Northern Guarani Aquifer (Guarani Aquifer System),2014,97,-1.2021846734669817
graded_floor_v3,Northern Guarani Aquifer (Guarani Aquifer System),2015,99,-1.3317041304339454
graded_floor_v3,Northern Guarani Aquifer (Guarani Aquifer System),2016,100,-1.1579220557716816
graded_floor_v3,Southwestern Chaco-Lower Parana Basin (Guarani Aquifer System),2002,114,-0.9467691489540724
graded_floor_v3,Southwestern Chaco-Lower Parana Basin (Guarani Aquifer System),2003,113,-0.40126872055706353
graded_floor_v3,Southwestern Chaco-Lower Parana Basin (Guarani Aquifer System),2004,111,-0.06027427994153724
graded_floor_v3,Southwestern Chaco-Lower Parana Basin (Guarani Aquifer System),2005,109,0.08427946726611886
graded_floor_v3,Southwestern Chaco-Lower Parana Basin (Guarani Aquifer System),2006,105,0.28848553319032116
graded_floor_v3,Southwestern Chaco-Lower Parana Basin (Guarani Aquifer System),2007,101,0.2736175657737331
graded_floor_v3,Southwestern Chaco-Lower Parana Basin (Guarani Aquifer System),2008,92,0.8835623699839196
graded_floor_v3,Southwestern Chaco-Lower Parana Basin (Guarani Aquifer System),2009,88,0.40909841588095613
graded_floor_v3,Southwestern Chaco-Lower Parana Basin (Guarani Aquifer System),2010,88,0.09880404920463132
graded_floor_v3,Southwestern Chaco-Lower Parana Basin (Guarani Aquifer System),2011,89,-0.45859720480604066
graded_floor_v3,Southwestern Chaco-Lower Parana Basin (Guarani Aquifer System),2012,91,-1.2488596300159103
graded_floor_v3,Southwestern Chaco-Lower Parana Basin (Guarani Aquifer System),2013,94,-1.9370910639527466
graded_floor_v3,Southwestern Chaco-Lower Parana Basin (Guarani Aquifer System),2014,97,-2.079783055068424
graded_floor_v3,Southwestern Chaco-Lower Parana Basin (Guarani Aquifer System),2015,99,-1.7801275773060268
graded_floor_v3,Southwestern Chaco-Lower Parana Basin (Guarani Aquifer System),2016,100,-1.5285552598082413
graded_floor_v3,Amazonas Basin and Alter de Chao Aquifer System (Amazon Aquifer System),2002,114,-0.920999802819104
graded_floor_v3,Amazonas Basin and Alter de Chao Aquifer System (Amazon Aquifer System),2003,113,-1.4852943697032035
graded_floor_v3,Amazonas Basin and Alter de Chao Aquifer System (Amazon Aquifer System),2004,111,-1.2664031487991165
graded_floor_v3,Amazonas Basin and Alter de Chao Aquifer System (Amazon Aquifer System),2005,109,-1.2940610546927764
graded_floor_v3,Amazonas Basin and Alter de Chao Aquifer System (Amazon Aquifer System),2006,105,-1.8629042528974984
graded_floor_v3,Amazonas Basin and Alter de Chao Aquifer System (Amazon Aquifer System),2007,101,-1.7928915798211469
graded_floor_v3,Amazonas Basin and Alter de Chao Aquifer System (Amazon Aquifer System),2008,92,-1.420693367898755
graded_floor_v3,Amazonas Basin and Alter de Chao Aquifer System (Amazon Aquifer System),2009,88,-1.109145908146151
graded_floor_v3,Amazonas Basin and Alter de Chao Aquifer System (Amazon Aquifer System),2010,88,-1.1086782738946546
graded_floor_v3,Amazonas Basin and Alter de Chao Aquifer System (Amazon Aquifer System),2011,89,-0.9244285221439306
graded_floor_v3,Amazonas Basin and Alter de Chao Aquifer System (Amazon Aquifer System),2012,91,-0.47282846622871866
graded_floor_v3,Amazonas Basin and Alter de Chao Aquifer System (Amazon Aquifer System),2013,94,-0.5980354457941554
graded_floor_v3,Amazonas Basin and Alter de Chao Aquifer System (Amazon Aquifer System),2014,97,-0.9088755190639347
graded_floor_v3,Amazonas Basin and Alter de Chao Aquifer System (Amazon Aquifer System),2015,99,-1.51308363015142
graded_floor_v3,Amazonas Basin and Alter de Chao Aquifer System (Amazon Aquifer System),2016,100,-2.486491129937446
graded_floor_v3,Poolowanna Trough and Western Eromanga Basin (Great Artesian Basin),2002,114,0.09859280251430332
graded_floor_v3,Poolowanna Trough and Western Eromanga Basin (Great Artesian Basin),2003,113,0.26615307261260135
graded_floor_v3,Poolowanna Trough and Western Eromanga Basin (Great Artesian Basin),2004,111,0.23038852052856915
graded_floor_v3,Poolowanna Trough and Western Eromanga Basin (Great Artesian Basin),2005,109,0.08208189278217712
graded_floor_v3,Poolowanna Trough and Western Eromanga Basin (Great Artesian Basin),2006,105,-0.08296061182591905
graded_floor_v3,Poolowanna Trough and Western Eromanga Basin (Great Artesian Basin),2007,101,-0.15746890600401645
graded_floor_v3,Poolowanna Trough and Western Eromanga Basin (Great Artesian Basin),2008,92,-0.2141741769825924
graded_floor_v3,Poolowanna Trough and Western Eromanga Basin (Great Artesian Basin),2009,88,-0.7294151155597658
graded_floor_v3,Poolowanna Trough and Western Eromanga Basin (Great Artesian Basin),2010,88,-1.2834705509408388
graded_floor_v3,Poolowanna Trough and Western Eromanga Basin (Great Artesian Basin),2011,89,-1.1792094588215891
graded_floor_v3,Poolowanna Trough and Western Eromanga Basin (Great Artesian Basin),2012,91,-0.8277667517023019
graded_floor_v3,Poolowanna Trough and Western Eromanga Basin (Great Artesian Basin),2013,94,-0.46971769652874806
graded_floor_v3,Poolowanna Trough and Western Eromanga Basin (Great Artesian Basin),2014,97,-0.36894359069631044
graded_floor_v3,Poolowanna Trough and Western Eromanga Basin (Great Artesian Basin),2015,99,-0.437798107499495
graded_floor_v3,Poolowanna Trough and Western Eromanga Basin (Great Artesian Basin),2016,100,-0.4923548759327594
graded_floor_v3,Eastern Eromanga Basin (Great Artesian Basin),2002,114,0.47980886562264935
graded_floor_v3,Eastern Eromanga Basin (Great Artesian Basin),2003,113,0.5530295286190081
graded_floor_v3,Eastern Eromanga Basin (Great Artesian Basin),2004,111,0.2409104818701803
graded_floor_v3,Eastern Eromanga Basin (Great Artesian Basin),2005,109,-0.18068933840862103
graded_floor_v3,Eastern Eromanga Basin (Great Artesian Basin),2006,105,-0.6634830871726928
graded_floor_v3,Eastern Eromanga Basin (Great Artesian Basin),2007,101,-1.0719469654027085
graded_floor_v3,Eastern Eromanga Basin (Great Artesian Basin),2008,92,-1.4484725973651438
graded_floor_v3,Eastern Eromanga Basin (Great Artesian Basin),2009,88,-2.163929753017628
graded_floor_v3,Eastern Eromanga Basin (Great Artesian Basin),2010,88,-2.7754455396660944
graded_floor_v3,Eastern Eromanga Basin (Great Artesian Basin),2011,89,-2.270338784889988
graded_floor_v3,Eastern Eromanga Basin (Great Artesian Basin),2012,91,-1.664807447340686
graded_floor_v3,Eastern Eromanga Basin (Great Artesian Basin),2013,94,-0.7437710002517746
graded_floor_v3,Eastern Eromanga Basin (Great Artesian Basin),2014,97,-0.4724220520785954
graded_floor_v3,Eastern Eromanga Basin (Great Artesian Basin),2015,99,-0.3519815534084905
graded_floor_v3,Eastern Eromanga Basin (Great Artesian Basin),2016,100,-0.2734469157391666
graded_floor_v3,Northern Eromanga Basin (Great Artesian Basin),2002,114,-1.2264628941875604
graded_floor_v3,Northern Eromanga Basin (Great Artesian Basin),2003,113,-1.4292950625127872
graded_floor_v3,Northern Eromanga Basin (Great Artesian Basin),2004,111,-1.8986800262391474
graded_floor_v3,Northern Eromanga Basin (Great Artesian Basin),2005,109,-2.4101288777793255
graded_floor_v3,Northern Eromanga Basin (Great Artesian Basin),2006,105,-3.0181494844640486
graded_floor_v3,Northern Eromanga Basin (Great Artesian Basin),2007,101,-3.1628172114859114
graded_floor_v3,Northern Eromanga Basin (Great Artesian Basin),2008,92,-3.3554082712968056
graded_floor_v3,Northern Eromanga Basin (Great Artesian Basin),2009,88,-3.4977246680508625
graded_floor_v3,Northern Eromanga Basin (Great Artesian Basin),2010,88,-3.2214136306430596
graded_floor_v3,Northern Eromanga Basin (Great Artesian Basin),2011,89,-2.807836865902766
graded_floor_v3,Northern Eromanga Basin (Great Artesian Basin),2012,91,-2.379388814968466
graded_floor_v3,Northern Eromanga Basin (Great Artesian Basin),2013,94,-1.892219963284309
graded_floor_v3,Northern Eromanga Basin (Great Artesian Basin),2014,97,-1.7258133608927306
graded_floor_v3,Northern Eromanga Basin (Great Artesian Basin),2015,99,-1.822869021094252
graded_floor_v3,Northern Eromanga Basin (Great Artesian Basin),2016,100,-1.930371441505082
graded_floor_v3,Northern High Plains (High Plains),2002,114,0.3630570422390322
graded_floor_v3,Northern High Plains (High Plains),2003,113,-0.21384333587923984
graded_floor_v3,Northern High Plains (High Plains),2004,111,-0.5172498402359191
graded_floor_v3,Northern High Plains (High Plains),2005,109,-0.5964448462561359
graded_floor_v3,Northern High Plains (High Plains),2006,105,-0.7583018351126535
graded_floor_v3,Northern High Plains (High Plains),2007,101,-1.0339461536226333
graded_floor_v3,Northern High Plains (High Plains),2008,92,-0.9813160618274432
graded_floor_v3,Northern High Plains (High Plains),2009,88,-0.7868648741933866
graded_floor_v3,Northern High Plains (High Plains),2010,88,-0.22327486793783577
graded_floor_v3,Northern High Plains (High Plains),2011,89,-0.10134724719095092
graded_floor_v3,Northern High Plains (High Plains),2012,91,-0.05258551670731329
graded_floor_v3,Northern High Plains (High Plains),2013,94,-0.5030216231192083
graded_floor_v3,Northern High Plains (High Plains),2014,97,-0.48004061122549563
graded_floor_v3,Northern High Plains (High Plains),2015,99,-0.46193395228087913
graded_floor_v3,Northern High Plains (High Plains),2016,100,-0.514529949483396
graded_floor_v3,Williston Basin (Northern Great Plains),2002,114,0.4137913151664028
graded_floor_v3,Williston Basin (Northern Great Plains),2003,113,0.17717995370896775
graded_floor_v3,Williston Basin (Northern Great Plains),2004,111,0.08344680182262632
graded_floor_v3,Williston Basin (Northern Great Plains),2005,109,0.04116341551632437
graded_floor_v3,Williston Basin (Northern Great Plains),2006,105,-0.19511860283282595
graded_floor_v3,Williston Basin (Northern Great Plains),2007,101,-0.5531156824665673
graded_floor_v3,Williston Basin (Northern Great Plains),2008,92,-0.9121160203242091
graded_floor_v3,Williston Basin (Northern Great Plains),2009,88,-1.4544736342084574
graded_floor_v3,Williston Basin (Northern Great Plains),2010,88,-1.4102675870409076
graded_floor_v3,Williston Basin (Northern Great Plains),2011,89,-1.2311048179704802
graded_floor_v3,Williston Basin (Northern Great Plains),2012,91,-1.0497712570473134
graded_floor_v3,Williston Basin (Northern Great Plains),2013,94,-1.1574342894502196
graded_floor_v3,Williston Basin (Northern Great Plains),2014,97,-1.1183172609952206
graded_floor_v3,Williston Basin (Northern Great Plains),2015,99,-1.0320648446808791
graded_floor_v3,Williston Basin (Northern Great Plains),2016,100,-1.1043441498562527
graded_floor_v3,Central Eromanga Depocenter (Great Artesian Basin),2002,114,-0.5932399051620988
graded_floor_v3,Central Eromanga Depocenter (Great Artesian Basin),2003,113,-0.40540731770927996
graded_floor_v3,Central Eromanga Depocenter (Great Artesian Basin),2004,111,-0.5159239128585587
graded_floor_v3,Central Eromanga Depocenter (Great Artesian Basin),2005,109,-0.8749945478260648
graded_floor_v3,Central Eromanga Depocenter (Great Artesian Basin),2006,105,-1.2828361224713254
graded_floor_v3,Central Eromanga Depocenter (Great Artesian Basin),2007,101,-1.5482553463728712
graded_floor_v3,Central Eromanga Depocenter (Great Artesian Basin),2008,92,-1.7615742367840872
graded_floor_v3,Central Eromanga Depocenter (Great Artesian Basin),2009,88,-2.530477455745035
graded_floor_v3,Central Eromanga Depocenter (Great Artesian Basin),2010,88,-3.2910925693897934
graded_floor_v3,Central Eromanga Depocenter (Great Artesian Basin),2011,89,-3.016077124854079
graded_floor_v3,Central Eromanga Depocenter (Great Artesian Basin),2012,91,-2.549339001597487
graded_floor_v3,Central Eromanga Depocenter (Great Artesian Basin),2013,94,-1.991367850358666
graded_floor_v3,Central Eromanga Depocenter (Great Artesian Basin),2014,97,-1.79050522692262
graded_floor_v3,Central Eromanga Depocenter (Great Artesian Basin),2015,99,-1.7788504457386247
graded_floor_v3,Central Eromanga Depocenter (Great Artesian Basin),2016,100,-1.7117381981070916
graded_floor_v3,Western Parecis Basin (Parecis Basin),2002,114,-0.9241002740944526
graded_floor_v3,Western Parecis Basin (Parecis Basin),2003,113,-1.0479257172915128
graded_floor_v3,Western Parecis Basin (Parecis Basin),2004,111,-0.8639520385576439
graded_floor_v3,Western Parecis Basin (Parecis Basin),2005,109,-0.8323245779877038
graded_floor_v3,Western Parecis Basin (Parecis Basin),2006,105,-0.9529164757216942
graded_floor_v3,Western Parecis Basin (Parecis Basin),2007,101,-0.8943283519937817
graded_floor_v3,Western Parecis Basin (Parecis Basin),2008,92,-0.7477036136544978
graded_floor_v3,Western Parecis Basin (Parecis Basin),2009,88,-0.6921154703681901
graded_floor_v3,Western Parecis Basin (Parecis Basin),2010,88,-0.5868261867201552
graded_floor_v3,Western Parecis Basin (Parecis Basin),2011,89,-1.3041705776448353
graded_floor_v3,Western Parecis Basin (Parecis Basin),2012,91,-1.296158694546974
graded_floor_v3,Western Parecis Basin (Parecis Basin),2013,94,-1.700117777100314
graded_floor_v3,Western Parecis Basin (Parecis Basin),2014,97,-1.9299280661953306
graded_floor_v3,Western Parecis Basin (Parecis Basin),2015,99,-2.172159364377563
graded_floor_v3,Western Parecis Basin (Parecis Basin),2016,100,-2.379374920567791
graded_floor_v3,Upper Gangetic Plain (Indo-Gangetic Plain),2002,114,-1.4240185131220622
graded_floor_v3,Upper Gangetic Plain (Indo-Gangetic Plain),2003,113,-1.4857010877849455
graded_floor_v3,Upper Gangetic Plain (Indo-Gangetic Plain),2004,111,-1.2078690587841547
graded_floor_v3,Upper Gangetic Plain (Indo-Gangetic Plain),2005,109,-1.3230992607266148
graded_floor_v3,Upper Gangetic Plain (Indo-Gangetic Plain),2006,105,-1.520486183583843
graded_floor_v3,Upper Gangetic Plain (Indo-Gangetic Plain),2007,101,-1.7782852163117508
graded_floor_v3,Upper Gangetic Plain (Indo-Gangetic Plain),2008,92,-2.130547563496633
graded_floor_v3,Upper Gangetic Plain (Indo-Gangetic Plain),2009,88,-2.0296344029067233
graded_floor_v3,Upper Gangetic Plain (Indo-Gangetic Plain),2010,88,-1.7463348599600843
graded_floor_v3,Upper Gangetic Plain (Indo-Gangetic Plain),2011,89,-1.7044718088104078
graded_floor_v3,Upper Gangetic Plain (Indo-Gangetic Plain),2012,91,-1.1874543552918841
graded_floor_v3,Upper Gangetic Plain (Indo-Gangetic Plain),2013,94,-0.9933393537200088
graded_floor_v3,Upper Gangetic Plain (Indo-Gangetic Plain),2014,97,-0.835896925692812
graded_floor_v3,Upper Gangetic Plain (Indo-Gangetic Plain),2015,99,-0.8249018884590626
graded_floor_v3,Upper Gangetic Plain (Indo-Gangetic Plain),2016,100,-0.6081118997867885
graded_floor_v3,Stampriet Kalahari Karoo Aquifer System,2002,114,0.7489568122780482
graded_floor_v3,Stampriet Kalahari Karoo Aquifer System,2003,113,0.7408406960577206
graded_floor_v3,Stampriet Kalahari Karoo Aquifer System,2004,111,0.29129380544468625
graded_floor_v3,Stampriet Kalahari Karoo Aquifer System,2005,109,0.024929625595526785
graded_floor_v3,Stampriet Kalahari Karoo Aquifer System,2006,105,-0.31447681485233664
graded_floor_v3,Stampriet Kalahari Karoo Aquifer System,2007,101,-0.29220504657472435
graded_floor_v3,Stampriet Kalahari Karoo Aquifer System,2008,92,-0.5245673369028854
graded_floor_v3,Stampriet Kalahari Karoo Aquifer System,2009,88,-0.975702247573394
graded_floor_v3,Stampriet Kalahari Karoo Aquifer System,2010,88,-1.3767589528161333
graded_floor_v3,Stampriet Kalahari Karoo Aquifer System,2011,89,-1.4678941593071073
graded_floor_v3,Stampriet Kalahari Karoo Aquifer System,2012,91,-0.9395093314095423
graded_floor_v3,Stampriet Kalahari Karoo Aquifer System,2013,94,-0.6803429829432184
graded_floor_v3,Stampriet Kalahari Karoo Aquifer System,2014,97,-0.7450772268957591
graded_floor_v3,Stampriet Kalahari Karoo Aquifer System,2015,99,-0.6056190388549902
graded_floor_v3,Stampriet Kalahari Karoo Aquifer System,2016,100,-0.42642223659457684
graded_floor_v3,Northcentral Mega Aquifer System (Mega Aquifer System),2002,114,-0.5987412432169211
graded_floor_v3,Northcentral Mega Aquifer System (Mega Aquifer System),2003,113,-0.7288595985715894
graded_floor_v3,Northcentral Mega Aquifer System (Mega Aquifer System),2004,111,-0.8048433504381192
graded_floor_v3,Northcentral Mega Aquifer System (Mega Aquifer System),2005,109,-0.6827388936532613
graded_floor_v3,Northcentral Mega Aquifer System (Mega Aquifer System),2006,105,-0.462580819726644
graded_floor_v3,Northcentral Mega Aquifer System (Mega Aquifer System),2007,101,-0.2845904611123204
graded_floor_v3,Northcentral Mega Aquifer System (Mega Aquifer System),2008,92,-0.11592699163648837
graded_floor_v3,Northcentral Mega Aquifer System (Mega Aquifer System),2009,88,0.07615223701622167
graded_floor_v3,Northcentral Mega Aquifer System (Mega Aquifer System),2010,88,0.16989596266513482
graded_floor_v3,Northcentral Mega Aquifer System (Mega Aquifer System),2011,89,0.15235330104410555
graded_floor_v3,Northcentral Mega Aquifer System (Mega Aquifer System),2012,91,0.07978667854090365
graded_floor_v3,Northcentral Mega Aquifer System (Mega Aquifer System),2013,94,0.010755035386673653
graded_floor_v3,Northcentral Mega Aquifer System (Mega Aquifer System),2014,97,0.045182665971054845
graded_floor_v3,Northcentral Mega Aquifer System (Mega Aquifer System),2015,99,0.011020570969410745
graded_floor_v3,Northcentral Mega Aquifer System (Mega Aquifer System),2016,100,-0.0743584099256178
graded_floor_v3,Ozark Plateaus Aquifer System,2002,114,-1.585793442920836
graded_floor_v3,Ozark Plateaus Aquifer System,2003,113,-2.0993632322596736
graded_floor_v3,Ozark Plateaus Aquifer System,2004,111,-1.9488918240235114
graded_floor_v3,Ozark Plateaus Aquifer System,2005,109,-1.627627031210636
graded_floor_v3,Ozark Plateaus Aquifer System,2006,105,-1.7386706905512301
graded_floor_v3,Ozark Plateaus Aquifer System,2007,101,-2.0549360937112415
graded_floor_v3,Ozark Plateaus Aquifer System,2008,92,-2.0198707794288233
graded_floor_v3,Ozark Plateaus Aquifer System,2009,88,-1.6008134684368611
graded_floor_v3,Ozark Plateaus Aquifer System,2010,88,-0.6616527678523213
graded_floor_v3,Ozark Plateaus Aquifer System,2011,89,-0.7698158205709069
graded_floor_v3,Ozark Plateaus Aquifer System,2012,91,-0.9347056551772085
graded_floor_v3,Ozark Plateaus Aquifer System,2013,94,-1.8193881450095102
graded_floor_v3,Ozark Plateaus Aquifer System,2014,97,-2.2944101632707823
graded_floor_v3,Ozark Plateaus Aquifer System,2015,99,-2.7567592048757734
graded_floor_v3,Ozark Plateaus Aquifer System,2016,100,-2.7015118705837655
graded_floor_v3,Western Karoo Basin (Main Karoo Basin),2002,114,-2.346063375653057
graded_floor_v3,Western Karoo Basin (Main Karoo Basin),2003,113,-2.3369364334819105
graded_floor_v3,Western Karoo Basin (Main Karoo Basin),2004,111,-2.4968631547765834
graded_floor_v3,Western Karoo Basin (Main Karoo Basin),2005,109,-2.6888341692592705
graded_floor_v3,Western Karoo Basin (Main Karoo Basin),2006,105,-2.8842421407795107
graded_floor_v3,Western Karoo Basin (Main Karoo Basin),2007,101,-2.86488429929541
graded_floor_v3,Western Karoo Basin (Main Karoo Basin),2008,92,-2.9287260092575718
graded_floor_v3,Western Karoo Basin (Main Karoo Basin),2009,88,-2.9210325600565037
graded_floor_v3,Western Karoo Basin (Main Karoo Basin),2010,88,-2.9638981206141706
graded_floor_v3,Western Karoo Basin (Main Karoo Basin),2011,89,-2.9885927473661953
graded_floor_v3,Western Karoo Basin (Main Karoo Basin),2012,91,-2.7923829854576634
graded_floor_v3,Western Karoo Basin (Main Karoo Basin),2013,94,-2.479047962803582
graded_floor_v3,Western Karoo Basin (Main Karoo Basin),2014,97,-2.305509468740903
graded_floor_v3,Western Karoo Basin (Main Karoo Basin),2015,99,-2.1921773962917563
graded_floor_v3,Western Karoo Basin (Main Karoo Basin),2016,100,-2.0005677908159987
graded_floor_v3,Middle Gangetic Plain (Indo-Gangetic Plain),2002,114,-0.4999602432278073
graded_floor_v3,Middle Gangetic Plain (Indo-Gangetic Plain),2003,113,-0.5191556259602461
graded_floor_v3,Middle Gangetic Plain (Indo-Gangetic Plain),2004,111,-0.31748902465956425
graded_floor_v3,Middle Gangetic Plain (Indo-Gangetic Plain),2005,109,-0.22105838920387638
graded_floor_v3,Middle Gangetic Plain (Indo-Gangetic Plain),2006,105,-0.5176795781433119
graded_floor_v3,Middle Gangetic Plain (Indo-Gangetic Plain),2007,101,-0.5611657025374999
graded_floor_v3,Middle Gangetic Plain (Indo-Gangetic Plain),2008,92,-0.6668549415008767
graded_floor_v3,Middle Gangetic Plain (Indo-Gangetic Plain),2009,88,-0.7476201387574521
graded_floor_v3,Middle Gangetic Plain (Indo-Gangetic Plain),2010,88,-0.5492193125206329
graded_floor_v3,Middle Gangetic Plain (Indo-Gangetic Plain),2011,89,-0.24960186746299287
graded_floor_v3,Middle Gangetic Plain (Indo-Gangetic Plain),2012,91,0.22908836182283143
graded_floor_v3,Middle Gangetic Plain (Indo-Gangetic Plain),2013,94,0.332927939753356
graded_floor_v3,Middle Gangetic Plain (Indo-Gangetic Plain),2014,97,0.29567786758209336
graded_floor_v3,Middle Gangetic Plain (Indo-Gangetic Plain),2015,99,0.34387207441866946
graded_floor_v3,Middle Gangetic Plain (Indo-Gangetic Plain),2016,100,0.41838164977109665
graded_floor_v3,Northern Mega Aquifer System (Mega Aquifer System),2002,114,-0.7153194350757576
graded_floor_v3,Northern Mega Aquifer System (Mega Aquifer System),2003,113,-0.8712959268663428
graded_floor_v3,Northern Mega Aquifer System (Mega Aquifer System),2004,111,-0.8587727267100687
graded_floor_v3,Northern Mega Aquifer System (Mega Aquifer System),2005,109,-0.6371997922610291
graded_floor_v3,Northern Mega Aquifer System (Mega Aquifer System),2006,105,-0.3823119999257824
graded_floor_v3,Northern Mega Aquifer System (Mega Aquifer System),2007,101,-0.07865429071070931
graded_floor_v3,Northern Mega Aquifer System (Mega Aquifer System),2008,92,0.12923304668726265
graded_floor_v3,Northern Mega Aquifer System (Mega Aquifer System),2009,88,0.3330325582481939
graded_floor_v3,Northern Mega Aquifer System (Mega Aquifer System),2010,88,0.4385470164181953
graded_floor_v3,Northern Mega Aquifer System (Mega Aquifer System),2011,89,0.3380960008601451
graded_floor_v3,Northern Mega Aquifer System (Mega Aquifer System),2012,91,0.15306791305647038
graded_floor_v3,Northern Mega Aquifer System (Mega Aquifer System),2013,94,-0.04705620918719527
graded_floor_v3,Northern Mega Aquifer System (Mega Aquifer System),2014,97,-0.031318531323754166
graded_floor_v3,Northern Mega Aquifer System (Mega Aquifer System),2015,99,-0.027567980436392348
graded_floor_v3,Northern Mega Aquifer System (Mega Aquifer System),2016,100,-0.13771613935541324
graded_floor_v3,Canning Basin,2002,114,-0.3074503701898854
graded_floor_v3,Canning Basin,2003,113,-0.39592246007158305
graded_floor_v3,Canning Basin,2004,111,-0.2678060616382518
graded_floor_v3,Canning Basin,2005,109,-0.2953874388034836
graded_floor_v3,Canning Basin,2006,105,-0.5825876786013587
graded_floor_v3,Canning Basin,2007,101,-0.549977700225659
graded_floor_v3,Canning Basin,2008,92,-0.3447198528835869
graded_floor_v3,Canning Basin,2009,88,-0.6777155826763008
graded_floor_v3,Canning Basin,2010,88,-1.1842154967812746
graded_floor_v3,Canning Basin,2011,89,-1.0496592810370848
graded_floor_v3,Canning Basin,2012,91,-0.760192164568286
graded_floor_v3,Canning Basin,2013,94,-0.4275442662009345
graded_floor_v3,Canning Basin,2014,97,-0.200116412161953
graded_floor_v3,Canning Basin,2015,99,-0.0337742262921746
graded_floor_v3,Canning Basin,2016,100,-0.11501335164562695
graded_floor_v3,Central Karoo Basin (Main Karoo Basin),2002,114,-0.4017992385650714
graded_floor_v3,Central Karoo Basin (Main Karoo Basin),2003,113,-0.30702330116248155
graded_floor_v3,Central Karoo Basin (Main Karoo Basin),2004,111,-0.5844873596166104
graded_floor_v3,Central Karoo Basin (Main Karoo Basin),2005,109,-0.7717543771290636
graded_floor_v3,Central Karoo Basin (Main Karoo Basin),2006,105,-1.0835805173662767
graded_floor_v3,Central Karoo Basin (Main Karoo Basin),2007,101,-0.8610261739730052
graded_floor_v3,Central Karoo Basin (Main Karoo Basin),2008,92,-0.9885535665640739
graded_floor_v3,Central Karoo Basin (Main Karoo Basin),2009,88,-1.09890792548178
graded_floor_v3,Central Karoo Basin (Main Karoo Basin),2010,88,-1.0044728145884962
graded_floor_v3,Central Karoo Basin (Main Karoo Basin),2011,89,-0.780477232641445
graded_floor_v3,Central Karoo Basin (Main Karoo Basin),2012,91,-0.38288314462957934
graded_floor_v3,Central Karoo Basin (Main Karoo Basin),2013,94,0.1228147131953996
graded_floor_v3,Central Karoo Basin (Main Karoo Basin),2014,97,0.29714658925783594
graded_floor_v3,Central Karoo Basin (Main Karoo Basin),2015,99,0.14069404231646107
graded_floor_v3,Central Karoo Basin (Main Karoo Basin),2016,100,0.16994761139721726
graded_floor_v3,Southern Carpentaria Basin (Great Artesian Basin),2002,114,0.4840871896378667
graded_floor_v3,Southern Carpentaria Basin (Great Artesian Basin),2003,113,0.13838606259228242
graded_floor_v3,Southern Carpentaria Basin (Great Artesian Basin),2004,111,-0.35227833009208687
graded_floor_v3,Southern Carpentaria Basin (Great Artesian Basin),2005,109,-0.7399903237714285
graded_floor_v3,Southern Carpentaria Basin (Great Artesian Basin),2006,105,-1.1777569664412806
graded_floor_v3,Southern Carpentaria Basin (Great Artesian Basin),2007,101,-0.9589386802763116
graded_floor_v3,Southern Carpentaria Basin (Great Artesian Basin),2008,92,-0.9524045146638619
graded_floor_v3,Southern Carpentaria Basin (Great Artesian Basin),2009,88,-0.9842381313095959
graded_floor_v3,Southern Carpentaria Basin (Great Artesian Basin),2010,88,-1.0843726394051423
graded_floor_v3,Southern Carpentaria Basin (Great Artesian Basin),2011,89,-0.6787314417251346
graded_floor_v3,Southern Carpentaria Basin (Great Artesian Basin),2012,91,-0.24478453019866583
graded_floor_v3,Southern Carpentaria Basin (Great Artesian Basin),2013,94,-0.017915969962770697
graded_floor_v3,Southern Carpentaria Basin (Great Artesian Basin),2014,97,0.06104004429792007
graded_floor_v3,Southern Carpentaria Basin (Great Artesian Basin),2015,99,0.2412972230731015
graded_floor_v3,Southern Carpentaria Basin (Great Artesian Basin),2016,100,0.25139811725269834
graded_floor_v3,Eastern Parecis Basin (Parecis Basin),2002,114,-0.65871294882747
graded_floor_v3,Eastern Parecis Basin (Parecis Basin),2003,113,-0.8366516426781964
graded_floor_v3,Eastern Parecis Basin (Parecis Basin),2004,111,-0.4397657993499139
graded_floor_v3,Eastern Parecis Basin (Parecis Basin),2005,109,-0.42294495817923267
graded_floor_v3,Eastern Parecis Basin (Parecis Basin),2006,105,-0.4693435347773806
graded_floor_v3,Eastern Parecis Basin (Parecis Basin),2007,101,-0.4408986244889765
graded_floor_v3,Eastern Parecis Basin (Parecis Basin),2008,92,-0.4580621843958131
graded_floor_v3,Eastern Parecis Basin (Parecis Basin),2009,88,-0.6645143503549625
graded_floor_v3,Eastern Parecis Basin (Parecis Basin),2010,88,-0.5694081866063745
graded_floor_v3,Eastern Parecis Basin (Parecis Basin),2011,89,-1.2504684147926006
graded_floor_v3,Eastern Parecis Basin (Parecis Basin),2012,91,-1.1580553599541368
graded_floor_v3,Eastern Parecis Basin (Parecis Basin),2013,94,-1.6374410839469105
graded_floor_v3,Eastern Parecis Basin (Parecis Basin),2014,97,-1.7128269819356143
graded_floor_v3,Eastern Parecis Basin (Parecis Basin),2015,99,-1.7108116820859105
graded_floor_v3,Eastern Parecis Basin (Parecis Basin),2016,100,-1.989251122588254
graded_floor_v3,Eastern Poti and Piaui and Cabecas and Serra Grande Aquifers (Parnaiba Basin),2002,114,-0.31353658333734724
graded_floor_v3,Eastern Poti and Piaui and Cabecas and Serra Grande Aquifers (Parnaiba Basin),2003,113,-0.7436139815207641
graded_floor_v3,Eastern Poti and Piaui and Cabecas and Serra Grande Aquifers (Parnaiba Basin),2004,111,-0.6962505032723243
graded_floor_v3,Eastern Poti and Piaui and Cabecas and Serra Grande Aquifers (Parnaiba Basin),2005,109,-0.8378992794850919
graded_floor_v3,Eastern Poti and Piaui and Cabecas and Serra Grande Aquifers (Parnaiba Basin),2006,105,-0.9091233367485436
graded_floor_v3,Eastern Poti and Piaui and Cabecas and Serra Grande Aquifers (Parnaiba Basin),2007,101,-0.9463000673966725
graded_floor_v3,Eastern Poti and Piaui and Cabecas and Serra Grande Aquifers (Parnaiba Basin),2008,92,-0.9836394514841659
graded_floor_v3,Eastern Poti and Piaui and Cabecas and Serra Grande Aquifers (Parnaiba Basin),2009,88,-0.6468409629351919
graded_floor_v3,Eastern Poti and Piaui and Cabecas and Serra Grande Aquifers (Parnaiba Basin),2010,88,-0.1199388602854254
graded_floor_v3,Eastern Poti and Piaui and Cabecas and Serra Grande Aquifers (Parnaiba Basin),2011,89,-0.011906885985066966
graded_floor_v3,Eastern Poti and Piaui and Cabecas and Serra Grande Aquifers (Parnaiba Basin),2012,91,0.29314875727896106
graded_floor_v3,Eastern Poti and Piaui and Cabecas and Serra Grande Aquifers (Parnaiba Basin),2013,94,0.07452531418328986
graded_floor_v3,Eastern Poti and Piaui and Cabecas and Serra Grande Aquifers (Parnaiba Basin),2014,97,-0.12683287951416883
graded_floor_v3,Eastern Poti and Piaui and Cabecas and Serra Grande Aquifers (Parnaiba Basin),2015,99,-0.3642768559494765
graded_floor_v3,Eastern Poti and Piaui and Cabecas and Serra Grande Aquifers (Parnaiba Basin),2016,100,-0.875256859433026
graded_floor_v3,Wiso Basin (Daly-Wiso-Georgina Basins),2002,114,-0.3051710955892998
graded_floor_v3,Wiso Basin (Daly-Wiso-Georgina Basins),2003,113,-0.5083162551697826
graded_floor_v3,Wiso Basin (Daly-Wiso-Georgina Basins),2004,111,-0.5708289002160137
graded_floor_v3,Wiso Basin (Daly-Wiso-Georgina Basins),2005,109,-0.5578880526410545
graded_floor_v3,Wiso Basin (Daly-Wiso-Georgina Basins),2006,105,-0.7255069846394859
graded_floor_v3,Wiso Basin (Daly-Wiso-Georgina Basins),2007,101,-0.6258602814502576
graded_floor_v3,Wiso Basin (Daly-Wiso-Georgina Basins),2008,92,-0.5007854318039596
graded_floor_v3,Wiso Basin (Daly-Wiso-Georgina Basins),2009,88,-1.1938112444359377
graded_floor_v3,Wiso Basin (Daly-Wiso-Georgina Basins),2010,88,-1.9860908022589285
graded_floor_v3,Wiso Basin (Daly-Wiso-Georgina Basins),2011,89,-1.7124356654318742
graded_floor_v3,Wiso Basin (Daly-Wiso-Georgina Basins),2012,91,-1.4156268058667634
graded_floor_v3,Wiso Basin (Daly-Wiso-Georgina Basins),2013,94,-1.2133591792407459
graded_floor_v3,Wiso Basin (Daly-Wiso-Georgina Basins),2014,97,-0.8909389409036211
graded_floor_v3,Wiso Basin (Daly-Wiso-Georgina Basins),2015,99,-0.294983238721486
graded_floor_v3,Wiso Basin (Daly-Wiso-Georgina Basins),2016,100,-0.09832225021699514
graded_floor_v3,Northern Georgina Basin (Daly-Wiso-Georgina Basins),2002,114,0.29015538466112417
graded_floor_v3,Northern Georgina Basin (Daly-Wiso-Georgina Basins),2003,113,0.045298957480064114
graded_floor_v3,Northern Georgina Basin (Daly-Wiso-Georgina Basins),2004,111,-0.15750676209482709
graded_floor_v3,Northern Georgina Basin (Daly-Wiso-Georgina Basins),2005,109,-0.20392160815586732
graded_floor_v3,Northern Georgina Basin (Daly-Wiso-Georgina Basins),2006,105,-0.41537160234308573
graded_floor_v3,Northern Georgina Basin (Daly-Wiso-Georgina Basins),2007,101,-0.1368979453660886
graded_floor_v3,Northern Georgina Basin (Daly-Wiso-Georgina Basins),2008,92,-0.08913464330922446
graded_floor_v3,Northern Georgina Basin (Daly-Wiso-Georgina Basins),2009,88,-0.839616094432884
graded_floor_v3,Northern Georgina Basin (Daly-Wiso-Georgina Basins),2010,88,-1.4805930566263439
graded_floor_v3,Northern Georgina Basin (Daly-Wiso-Georgina Basins),2011,89,-1.2500454178334592
graded_floor_v3,Northern Georgina Basin (Daly-Wiso-Georgina Basins),2012,91,-0.9081221544536928
graded_floor_v3,Northern Georgina Basin (Daly-Wiso-Georgina Basins),2013,94,-0.7047801526073029
graded_floor_v3,Northern Georgina Basin (Daly-Wiso-Georgina Basins),2014,97,-0.40889312638364683
graded_floor_v3,Northern Georgina Basin (Daly-Wiso-Georgina Basins),2015,99,0.18863360166152537
graded_floor_v3,Northern Georgina Basin (Daly-Wiso-Georgina Basins),2016,100,0.5129406049916159
graded_floor_v3,Dakota Aquifer System,2002,114,0.8989648455263317
graded_floor_v3,Dakota Aquifer System,2003,113,0.43769598639475743
graded_floor_v3,Dakota Aquifer System,2004,111,0.10740496502084865
graded_floor_v3,Dakota Aquifer System,2005,109,-0.15139477515579441
graded_floor_v3,Dakota Aquifer System,2006,105,-0.49160458190871353
graded_floor_v3,Dakota Aquifer System,2007,101,-0.9820800812178033
graded_floor_v3,Dakota Aquifer System,2008,92,-1.1457903563277283
graded_floor_v3,Dakota Aquifer System,2009,88,-1.192566928259778
graded_floor_v3,Dakota Aquifer System,2010,88,-0.6345879507285658
graded_floor_v3,Dakota Aquifer System,2011,89,-0.3545266585053868
graded_floor_v3,Dakota Aquifer System,2012,91,-0.1729354898359602
graded_floor_v3,Dakota Aquifer System,2013,94,-0.46101071340419586
graded_floor_v3,Dakota Aquifer System,2014,97,-0.3952431914820533
graded_floor_v3,Dakota Aquifer System,2015,99,-0.42528629960930203
graded_floor_v3,Dakota Aquifer System,2016,100,-0.5596048378872241
graded_floor_v3,Arckaringa Basin and Southwestern Great Artesian Basin (Great Artesian Basin),2002,114,0.09424554555529187
graded_floor_v3,Arckaringa Basin and Southwestern Great Artesian Basin (Great Artesian Basin),2003,113,0.16609848468987776
graded_floor_v3,Arckaringa Basin and Southwestern Great Artesian Basin (Great Artesian Basin),2004,111,0.17824599264335797
graded_floor_v3,Arckaringa Basin and Southwestern Great Artesian Basin (Great Artesian Basin),2005,109,0.16626110875067673
graded_floor_v3,Arckaringa Basin and Southwestern Great Artesian Basin (Great Artesian Basin),2006,105,0.03348737278833235
graded_floor_v3,Arckaringa Basin and Southwestern Great Artesian Basin (Great Artesian Basin),2007,101,0.003716842797880067
graded_floor_v3,Arckaringa Basin and Southwestern Great Artesian Basin (Great Artesian Basin),2008,92,-0.04710483410009538
graded_floor_v3,Arckaringa Basin and Southwestern Great Artesian Basin (Great Artesian Basin),2009,88,-0.41010054571692783
graded_floor_v3,Arckaringa Basin and Southwestern Great Artesian Basin (Great Artesian Basin),2010,88,-0.7600809754949549
graded_floor_v3,Arckaringa Basin and Southwestern Great Artesian Basin (Great Artesian Basin),2011,89,-0.8084536581184698
graded_floor_v3,Arckaringa Basin and Southwestern Great Artesian Basin (Great Artesian Basin),2012,91,-0.5060534656283684
graded_floor_v3,Arckaringa Basin and Southwestern Great Artesian Basin (Great Artesian Basin),2013,94,-0.1462671480383561
graded_floor_v3,Arckaringa Basin and Southwestern Great Artesian Basin (Great Artesian Basin),2014,97,0.042401608588484116
graded_floor_v3,Arckaringa Basin and Southwestern Great Artesian Basin (Great Artesian Basin),2015,99,0.08274536397901092
graded_floor_v3,Arckaringa Basin and Southwestern Great Artesian Basin (Great Artesian Basin),2016,100,-0.025826762967106003
graded_floor_v3,Trans Gangetic Plain (Indo-Gangetic Plain),2002,114,-0.4093837046010546
graded_floor_v3,Trans Gangetic Plain (Indo-Gangetic Plain),2003,113,-0.6700581857757918
graded_floor_v3,Trans Gangetic Plain (Indo-Gangetic Plain),2004,111,-0.3962494808763764
graded_floor_v3,Trans Gangetic Plain (Indo-Gangetic Plain),2005,109,-0.5568647009154813
graded_floor_v3,Trans Gangetic Plain (Indo-Gangetic Plain),2006,105,-0.7243677107932314
graded_floor_v3,Trans Gangetic Plain (Indo-Gangetic Plain),2007,101,-1.0440363795545589
graded_floor_v3,Trans Gangetic Plain (Indo-Gangetic Plain),2008,92,-1.4119530410019077
graded_floor_v3,Trans Gangetic Plain (Indo-Gangetic Plain),2009,88,-1.0232296620550971
graded_floor_v3,Trans Gangetic Plain (Indo-Gangetic Plain),2010,88,-1.215993520685007
graded_floor_v3,Trans Gangetic Plain (Indo-Gangetic Plain),2011,89,-1.1747928354580643
graded_floor_v3,Trans Gangetic Plain (Indo-Gangetic Plain),2012,91,-0.7594841600276816
graded_floor_v3,Trans Gangetic Plain (Indo-Gangetic Plain),2013,94,-0.6234312169266866
graded_floor_v3,Trans Gangetic Plain (Indo-Gangetic Plain),2014,97,-0.49042224471695617
graded_floor_v3,Trans Gangetic Plain (Indo-Gangetic Plain),2015,99,-0.59200533481118
graded_floor_v3,Trans Gangetic Plain (Indo-Gangetic Plain),2016,100,-0.208493858120692
graded_floor_v3,Southcentral Mega Aquifer System (Mega Aquifer System),2002,114,-0.10073217772517992
graded_floor_v3,Southcentral Mega Aquifer System (Mega Aquifer System),2003,113,-0.2300541964969202
graded_floor_v3,Southcentral Mega Aquifer System (Mega Aquifer System),2004,111,-0.2873593316822852
graded_floor_v3,Southcentral Mega Aquifer System (Mega Aquifer System),2005,109,-0.21812435948162567
graded_floor_v3,Southcentral Mega Aquifer System (Mega Aquifer System),2006,105,-0.1180465595625891
graded_floor_v3,Southcentral Mega Aquifer System (Mega Aquifer System),2007,101,-0.02801976849512945
graded_floor_v3,Southcentral Mega Aquifer System (Mega Aquifer System),2008,92,0.14323936687965533
graded_floor_v3,Southcentral Mega Aquifer System (Mega Aquifer System),2009,88,0.1457582684377842
graded_floor_v3,Southcentral Mega Aquifer System (Mega Aquifer System),2010,88,0.06934725290326903
graded_floor_v3,Southcentral Mega Aquifer System (Mega Aquifer System),2011,89,-0.06458315639402969
graded_floor_v3,Southcentral Mega Aquifer System (Mega Aquifer System),2012,91,-0.19129734402399207
graded_floor_v3,Southcentral Mega Aquifer System (Mega Aquifer System),2013,94,-0.2852388500114289
graded_floor_v3,Southcentral Mega Aquifer System (Mega Aquifer System),2014,97,-0.2873374901028124
graded_floor_v3,Southcentral Mega Aquifer System (Mega Aquifer System),2015,99,-0.32463435102412763
graded_floor_v3,Southcentral Mega Aquifer System (Mega Aquifer System),2016,100,-0.3765641527617556
graded_floor_v3,Central Mississippi Embayment (Mississippi Embayment),2002,114,-2.8651578738794923
graded_floor_v3,Central Mississippi Embayment (Mississippi Embayment),2003,113,-2.808145236213083
graded_floor_v3,Central Mississippi Embayment (Mississippi Embayment),2004,111,-2.3763609245799366
graded_floor_v3,Central Mississippi Embayment (Mississippi Embayment),2005,109,-1.7030135912987667
graded_floor_v3,Central Mississippi Embayment (Mississippi Embayment),2006,105,-1.776621431195632
graded_floor_v3,Central Mississippi Embayment (Mississippi Embayment),2007,101,-1.9285806180862914
graded_floor_v3,Central Mississippi Embayment (Mississippi Embayment),2008,92,-1.9788166132228429
graded_floor_v3,Central Mississippi Embayment (Mississippi Embayment),2009,88,-1.6876434000035354
graded_floor_v3,Central Mississippi Embayment (Mississippi Embayment),2010,88,-0.9846487945517661
graded_floor_v3,Central Mississippi Embayment (Mississippi Embayment),2011,89,-1.4511104102371093
graded_floor_v3,Central Mississippi Embayment (Mississippi Embayment),2012,91,-1.8081983695014259
graded_floor_v3,Central Mississippi Embayment (Mississippi Embayment),2013,94,-2.4090189292922277
graded_floor_v3,Central Mississippi Embayment (Mississippi Embayment),2014,97,-2.6860778728761217
graded_floor_v3,Central Mississippi Embayment (Mississippi Embayment),2015,99,-2.824197245623587
graded_floor_v3,Central Mississippi Embayment (Mississippi Embayment),2016,100,-3.003612505132806
graded_floor_v3,Northern Karoo Basin (Main Karoo Basin),2002,114,-0.2738813129674568
graded_floor_v3,Northern Karoo Basin (Main Karoo Basin),2003,113,-0.3687323010607361
graded_floor_v3,Northern Karoo Basin (Main Karoo Basin),2004,111,-0.7038277442062199
graded_floor_v3,Northern Karoo Basin (Main Karoo Basin),2005,109,-0.9887259744257986
graded_floor_v3,Northern Karoo Basin (Main Karoo Basin),2006,105,-1.2582596070749787
graded_floor_v3,Northern Karoo Basin (Main Karoo Basin),2007,101,-1.066882366833613
graded_floor_v3,Northern Karoo Basin (Main Karoo Basin),2008,92,-1.2428881606794013
graded_floor_v3,Northern Karoo Basin (Main Karoo Basin),2009,88,-1.3627590001961272
graded_floor_v3,Northern Karoo Basin (Main Karoo Basin),2010,88,-1.1538629014489559
graded_floor_v3,Northern Karoo Basin (Main Karoo Basin),2011,89,-0.5978148237438935
graded_floor_v3,Northern Karoo Basin (Main Karoo Basin),2012,91,0.048982481835128204
graded_floor_v3,Northern Karoo Basin (Main Karoo Basin),2013,94,0.3548107336979504
graded_floor_v3,Northern Karoo Basin (Main Karoo Basin),2014,97,0.34573223384395857
graded_floor_v3,Northern Karoo Basin (Main Karoo Basin),2015,99,0.1279907222424092
graded_floor_v3,Northern Karoo Basin (Main Karoo Basin),2016,100,0.04661736659323327
graded_floor_v3,Mississippian-Silurian-Devonian Carbonates (Northern Midwest Aquifer System),2002,114,0.6450233603000749
graded_floor_v3,Mississippian-Silurian-Devonian Carbonates (Northern Midwest Aquifer System),2003,113,-0.028086005002273557
graded_floor_v3,Mississippian-Silurian-Devonian Carbonates (Northern Midwest Aquifer System),2004,111,-0.3650432581526491
graded_floor_v3,Mississippian-Silurian-Devonian Carbonates (Northern Midwest Aquifer System),2005,109,0.008675563096931153
graded_floor_v3,Mississippian-Silurian-Devonian Carbonates (Northern Midwest Aquifer System),2006,105,-0.4060728408234361
graded_floor_v3,Mississippian-Silurian-Devonian Carbonates (Northern Midwest Aquifer System),2007,101,-0.6890141896931293
graded_floor_v3,Mississippian-Silurian-Devonian Carbonates (Northern Midwest Aquifer System),2008,92,-0.8107711910338289
graded_floor_v3,Mississippian-Silurian-Devonian Carbonates (Northern Midwest Aquifer System),2009,88,-0.26585482562489765
graded_floor_v3,Mississippian-Silurian-Devonian Carbonates (Northern Midwest Aquifer System),2010,88,0.4095252823488994
graded_floor_v3,Mississippian-Silurian-Devonian Carbonates (Northern Midwest Aquifer System),2011,89,0.5834364460911817
graded_floor_v3,Mississippian-Silurian-Devonian Carbonates (Northern Midwest Aquifer System),2012,91,0.3167620307358838
graded_floor_v3,Mississippian-Silurian-Devonian Carbonates (Northern Midwest Aquifer System),2013,94,-0.7430858574056206
graded_floor_v3,Mississippian-Silurian-Devonian Carbonates (Northern Midwest Aquifer System),2014,97,-1.55969727592717
graded_floor_v3,Mississippian-Silurian-Devonian Carbonates (Northern Midwest Aquifer System),2015,99,-1.665702321570814
graded_floor_v3,Mississippian-Silurian-Devonian Carbonates (Northern Midwest Aquifer System),2016,100,-1.8481594153908056
graded_floor_v3,Staten River Embayment and Central Carpentaria Basin (Great Artesian Basin),2002,114,-0.28620585402882837
graded_floor_v3,Staten River Embayment and Central Carpentaria Basin (Great Artesian Basin),2003,113,-0.7009721629438875
graded_floor_v3,Staten River Embayment and Central Carpentaria Basin (Great Artesian Basin),2004,111,-0.9778484803120842
graded_floor_v3,Staten River Embayment and Central Carpentaria Basin (Great Artesian Basin),2005,109,-1.122490971899709
graded_floor_v3,Staten River Embayment and Central Carpentaria Basin (Great Artesian Basin),2006,105,-1.409249596171898
graded_floor_v3,Staten River Embayment and Central Carpentaria Basin (Great Artesian Basin),2007,101,-1.212166857196513
graded_floor_v3,Staten River Embayment and Central Carpentaria Basin (Great Artesian Basin),2008,92,-1.1061902375683956
graded_floor_v3,Staten River Embayment and Central Carpentaria Basin (Great Artesian Basin),2009,88,-1.2619395418137391
graded_floor_v3,Staten River Embayment and Central Carpentaria Basin (Great Artesian Basin),2010,88,-1.543236903401738
graded_floor_v3,Staten River Embayment and Central Carpentaria Basin (Great Artesian Basin),2011,89,-1.2797519533565163
graded_floor_v3,Staten River Embayment and Central Carpentaria Basin (Great Artesian Basin),2012,91,-0.9146857439725484
graded_floor_v3,Staten River Embayment and Central Carpentaria Basin (Great Artesian Basin),2013,94,-0.888567141646497
graded_floor_v3,Staten River Embayment and Central Carpentaria Basin (Great Artesian Basin),2014,97,-0.9366985714736762
graded_floor_v3,Staten River Embayment and Central Carpentaria Basin (Great Artesian Basin),2015,99,-0.7799855665477642
graded_floor_v3,Staten River Embayment and Central Carpentaria Basin (Great Artesian Basin),2016,100,-0.8284537282587052
graded_floor_v3,Central Dharwar Craton Banded Gneiss Complex (Dharwar Craton Banded Gneiss Complex),2002,114,-0.023087664801424185
graded_floor_v3,Central Dharwar Craton Banded Gneiss Complex (Dharwar Craton Banded Gneiss Complex),2003,113,-0.4077702600110299
graded_floor_v3,Central Dharwar Craton Banded Gneiss Complex (Dharwar Craton Banded Gneiss Complex),2004,111,-0.7842361705556921
graded_floor_v3,Central Dharwar Craton Banded Gneiss Complex (Dharwar Craton Banded Gneiss Complex),2005,109,-1.0102794877099572
graded_floor_v3,Central Dharwar Craton Banded Gneiss Complex (Dharwar Craton Banded Gneiss Complex),2006,105,-1.1393340728975885
graded_floor_v3,Central Dharwar Craton Banded Gneiss Complex (Dharwar Craton Banded Gneiss Complex),2007,101,-1.2465589476880372
graded_floor_v3,Central Dharwar Craton Banded Gneiss Complex (Dharwar Craton Banded Gneiss Complex),2008,92,-1.254700449231055
graded_floor_v3,Central Dharwar Craton Banded Gneiss Complex (Dharwar Craton Banded Gneiss Complex),2009,88,-1.3107016562084683
graded_floor_v3,Central Dharwar Craton Banded Gneiss Complex (Dharwar Craton Banded Gneiss Complex),2010,88,-0.7283730724971214
graded_floor_v3,Central Dharwar Craton Banded Gneiss Complex (Dharwar Craton Banded Gneiss Complex),2011,89,0.23600343378914931
graded_floor_v3,Central Dharwar Craton Banded Gneiss Complex (Dharwar Craton Banded Gneiss Complex),2012,91,0.5483024444097877
graded_floor_v3,Central Dharwar Craton Banded Gneiss Complex (Dharwar Craton Banded Gneiss Complex),2013,94,0.66915217396423
graded_floor_v3,Central Dharwar Craton Banded Gneiss Complex (Dharwar Craton Banded Gneiss Complex),2014,97,0.4659580252107123
graded_floor_v3,Central Dharwar Craton Banded Gneiss Complex (Dharwar Craton Banded Gneiss Complex),2015,99,0.6034747857055367
graded_floor_v3,Central Dharwar Craton Banded Gneiss Complex (Dharwar Craton Banded Gneiss Complex),2016,100,0.7779993195725018
graded_floor_v3,Central Huaihe Plain (Huaihe River Basin),2002,114,-1.0618053503014708
graded_floor_v3,Central Huaihe Plain (Huaihe River Basin),2003,113,-1.5984440639744466
graded_floor_v3,Central Huaihe Plain (Huaihe River Basin),2004,111,-1.4959858563697621
graded_floor_v3,Central Huaihe Plain (Huaihe River Basin),2005,109,-1.5305651350813685
graded_floor_v3,Central Huaihe Plain (Huaihe River Basin),2006,105,-1.281377806765557
graded_floor_v3,Central Huaihe Plain (Huaihe River Basin),2007,101,-1.1110214507507463
graded_floor_v3,Central Huaihe Plain (Huaihe River Basin),2008,92,-1.038989924246776
graded_floor_v3,Central Huaihe Plain (Huaihe River Basin),2009,88,-0.6762325184440702
graded_floor_v3,Central Huaihe Plain (Huaihe River Basin),2010,88,-0.7923684470680825
graded_floor_v3,Central Huaihe Plain (Huaihe River Basin),2011,89,-0.0006864846242914755
graded_floor_v3,Central Huaihe Plain (Huaihe River Basin),2012,91,0.5531626768526609
graded_floor_v3,Central Huaihe Plain (Huaihe River Basin),2013,94,0.49784630967269045
graded_floor_v3,Central Huaihe Plain (Huaihe River Basin),2014,97,0.4048351621199229
graded_floor_v3,Central Huaihe Plain (Huaihe River Basin),2015,99,0.05799617574411094
graded_floor_v3,Central Huaihe Plain (Huaihe River Basin),2016,100,-0.25391248873326344
graded_floor_v3,Central Minnesota Surficial and Buried Sand and Gravel Aquifers,2002,114,-0.7199003577034793
graded_floor_v3,Central Minnesota Surficial and Buried Sand and Gravel Aquifers,2003,113,-0.9272692600958229
graded_floor_v3,Central Minnesota Surficial and Buried Sand and Gravel Aquifers,2004,111,-1.2785249781515071
graded_floor_v3,Central Minnesota Surficial and Buried Sand and Gravel Aquifers,2005,109,-1.3657226704138652
graded_floor_v3,Central Minnesota Surficial and Buried Sand and Gravel Aquifers,2006,105,-1.2988252255916668
graded_floor_v3,Central Minnesota Surficial and Buried Sand and Gravel Aquifers,2007,101,-1.5080713000175021
graded_floor_v3,Central Minnesota Surficial and Buried Sand and Gravel Aquifers,2008,92,-1.70479938858179
graded_floor_v3,Central Minnesota Surficial and Buried Sand and Gravel Aquifers,2009,88,-1.7907905511532298
graded_floor_v3,Central Minnesota Surficial and Buried Sand and Gravel Aquifers,2010,88,-1.3279990471332384
graded_floor_v3,Central Minnesota Surficial and Buried Sand and Gravel Aquifers,2011,89,-0.9873907013969089
graded_floor_v3,Central Minnesota Surficial and Buried Sand and Gravel Aquifers,2012,91,-1.122941961705491
graded_floor_v3,Central Minnesota Surficial and Buried Sand and Gravel Aquifers,2013,94,-1.28281432443771
graded_floor_v3,Central Minnesota Surficial and Buried Sand and Gravel Aquifers,2014,97,-1.356770672530023
graded_floor_v3,Central Minnesota Surficial and Buried Sand and Gravel Aquifers,2015,99,-1.494105586604601
graded_floor_v3,Central Minnesota Surficial and Buried Sand and Gravel Aquifers,2016,100,-2.065997891739586
graded_floor_v3,Southern High Plains (High Plains),2002,114,-0.6561473294839911
graded_floor_v3,Southern High Plains (High Plains),2003,113,-1.0752816435134658
graded_floor_v3,Southern High Plains (High Plains),2004,111,-1.5988246743450794
graded_floor_v3,Southern High Plains (High Plains),2005,109,-0.8173629879043098
graded_floor_v3,Southern High Plains (High Plains),2006,105,-0.4162131580738337
graded_floor_v3,Southern High Plains (High Plains),2007,101,-0.27037754144151843
graded_floor_v3,Southern High Plains (High Plains),2008,92,0.07231385235375812
graded_floor_v3,Southern High Plains (High Plains),2009,88,0.25781812801039256
graded_floor_v3,Southern High Plains (High Plains),2010,88,0.2185199944854195
graded_floor_v3,Southern High Plains (High Plains),2011,89,0.02995332630344256
graded_floor_v3,Southern High Plains (High Plains),2012,91,-0.344745385306844
graded_floor_v3,Southern High Plains (High Plains),2013,94,-0.8308361313880385
graded_floor_v3,Southern High Plains (High Plains),2014,97,-1.2468284179420461
graded_floor_v3,Southern High Plains (High Plains),2015,99,-0.963933598361132
graded_floor_v3,Southern High Plains (High Plains),2016,100,-0.6728979386475389
graded_floor_v3,Southcentral Karoo Basin (Main Karoo Basin),2002,114,-1.1452979639508685
graded_floor_v3,Southcentral Karoo Basin (Main Karoo Basin),2003,113,-1.0219988844175332
graded_floor_v3,Southcentral Karoo Basin (Main Karoo Basin),2004,111,-1.1025783088218317
graded_floor_v3,Southcentral Karoo Basin (Main Karoo Basin),2005,109,-1.280732650944866
graded_floor_v3,Southcentral Karoo Basin (Main Karoo Basin),2006,105,-1.3963819743948296
graded_floor_v3,Southcentral Karoo Basin (Main Karoo Basin),2007,101,-1.2917022766752726
graded_floor_v3,Southcentral Karoo Basin (Main Karoo Basin),2008,92,-1.3243802661794928
graded_floor_v3,Southcentral Karoo Basin (Main Karoo Basin),2009,88,-1.6578590135616336
graded_floor_v3,Southcentral Karoo Basin (Main Karoo Basin),2010,88,-1.937828958556328
graded_floor_v3,Southcentral Karoo Basin (Main Karoo Basin),2011,89,-2.0969111631471833
graded_floor_v3,Southcentral Karoo Basin (Main Karoo Basin),2012,91,-1.9479984305884892
graded_floor_v3,Southcentral Karoo Basin (Main Karoo Basin),2013,94,-1.5178727638594423
graded_floor_v3,Southcentral Karoo Basin (Main Karoo Basin),2014,97,-1.1167183337390318
graded_floor_v3,Southcentral Karoo Basin (Main Karoo Basin),2015,99,-0.8966987537366882
graded_floor_v3,Southcentral Karoo Basin (Main Karoo Basin),2016,100,-0.617297576540367
graded_floor_v3,Central High Plains (High Plains),2002,114,-1.4772335511231534
graded_floor_v3,Central High Plains (High Plains),2003,113,-1.8275307658906434
graded_floor_v3,Central High Plains (High Plains),2004,111,-2.1387013734766622
graded_floor_v3,Central High Plains (High Plains),2005,109,-1.7123435755640144
graded_floor_v3,Central High Plains (High Plains),2006,105,-1.385202919715219
graded_floor_v3,Central High Plains (High Plains),2007,101,-1.2834997226934979
graded_floor_v3,Central High Plains (High Plains),2008,92,-1.0254845086803073
graded_floor_v3,Central High Plains (High Plains),2009,88,-0.7341653427757279
graded_floor_v3,Central High Plains (High Plains),2010,88,-0.6544403211253335
graded_floor_v3,Central High Plains (High Plains),2011,89,-0.8585539323344027
graded_floor_v3,Central High Plains (High Plains),2012,91,-1.219551689439534
graded_floor_v3,Central High Plains (High Plains),2013,94,-1.715505555917424
graded_floor_v3,Central High Plains (High Plains),2014,97,-1.8374586674121123
graded_floor_v3,Central High Plains (High Plains),2015,99,-1.645600786477046
graded_floor_v3,Central High Plains (High Plains),2016,100,-1.363698299545658
graded_floor_v3,Lower Liaohe River Plain (Liaohe River Basin),2002,114,0.3209516095521318
graded_floor_v3,Lower Liaohe River Plain (Liaohe River Basin),2003,113,0.4309130863080682
graded_floor_v3,Lower Liaohe River Plain (Liaohe River Basin),2004,111,0.4601023782774736
graded_floor_v3,Lower Liaohe River Plain (Liaohe River Basin),2005,109,0.07501306044326654
graded_floor_v3,Lower Liaohe River Plain (Liaohe River Basin),2006,105,0.0696402074551465
graded_floor_v3,Lower Liaohe River Plain (Liaohe River Basin),2007,101,0.025219258668502574
graded_floor_v3,Lower Liaohe River Plain (Liaohe River Basin),2008,92,-0.2767813209075307
graded_floor_v3,Lower Liaohe River Plain (Liaohe River Basin),2009,88,-0.6291922495104508
graded_floor_v3,Lower Liaohe River Plain (Liaohe River Basin),2010,88,-0.9957624131053611
graded_floor_v3,Lower Liaohe River Plain (Liaohe River Basin),2011,89,-0.7481578054339543
graded_floor_v3,Lower Liaohe River Plain (Liaohe River Basin),2012,91,0.076591583220726
graded_floor_v3,Lower Liaohe River Plain (Liaohe River Basin),2013,94,1.2056658229713986
graded_floor_v3,Lower Liaohe River Plain (Liaohe River Basin),2014,97,1.8754423939652174
graded_floor_v3,Lower Liaohe River Plain (Liaohe River Basin),2015,99,2.0271345297338392
graded_floor_v3,Lower Liaohe River Plain (Liaohe River Basin),2016,100,1.5523191596128103
graded_floor_v3,Wadi As-Sirhan Basin,2002,114,0.156776858041739
graded_floor_v3,Wadi As-Sirhan Basin,2003,113,0.05704191779706131
graded_floor_v3,Wadi As-Sirhan Basin,2004,111,0.027028604967107454
graded_floor_v3,Wadi As-Sirhan Basin,2005,109,0.06104550360919279
graded_floor_v3,Wadi As-Sirhan Basin,2006,105,0.10515307638945931
graded_floor_v3,Wadi As-Sirhan Basin,2007,101,0.17200283821592371
graded_floor_v3,Wadi As-Sirhan Basin,2008,92,0.21251606955222177
graded_floor_v3,Wadi As-Sirhan Basin,2009,88,0.22477538035144018
graded_floor_v3,Wadi As-Sirhan Basin,2010,88,0.3155026909499106
graded_floor_v3,Wadi As-Sirhan Basin,2011,89,0.30981998453125065
graded_floor_v3,Wadi As-Sirhan Basin,2012,91,0.2883718623140736
graded_floor_v3,Wadi As-Sirhan Basin,2013,94,0.26797464590378983
graded_floor_v3,Wadi As-Sirhan Basin,2014,97,0.2801250164243289
graded_floor_v3,Wadi As-Sirhan Basin,2015,99,0.2106337350559724
graded_floor_v3,Wadi As-Sirhan Basin,2016,100,0.09441234793872819
graded_floor_v3,Eastern Saq Aquifer (Ram-Saq Aquifer System),2002,114,-1.1778132906263397
graded_floor_v3,Eastern Saq Aquifer (Ram-Saq Aquifer System),2003,113,-1.3185375682682159
graded_floor_v3,Eastern Saq Aquifer (Ram-Saq Aquifer System),2004,111,-1.4962783925181549
graded_floor_v3,Eastern Saq Aquifer (Ram-Saq Aquifer System),2005,109,-1.522234603449082
graded_floor_v3,Eastern Saq Aquifer (Ram-Saq Aquifer System),2006,105,-1.3931699882433728
graded_floor_v3,Eastern Saq Aquifer (Ram-Saq Aquifer System),2007,101,-1.251746720831191
graded_floor_v3,Eastern Saq Aquifer (Ram-Saq Aquifer System),2008,92,-1.1929249893581502
graded_floor_v3,Eastern Saq Aquifer (Ram-Saq Aquifer System),2009,88,-0.9414393881258988
graded_floor_v3,Eastern Saq Aquifer (Ram-Saq Aquifer System),2010,88,-0.721938901014321
graded_floor_v3,Eastern Saq Aquifer (Ram-Saq Aquifer System),2011,89,-0.6578922338429992
graded_floor_v3,Eastern Saq Aquifer (Ram-Saq Aquifer System),2012,91,-0.6671547327388092
graded_floor_v3,Eastern Saq Aquifer (Ram-Saq Aquifer System),2013,94,-0.6638853998898886
graded_floor_v3,Eastern Saq Aquifer (Ram-Saq Aquifer System),2014,97,-0.5186191391497007
graded_floor_v3,Eastern Saq Aquifer (Ram-Saq Aquifer System),2015,99,-0.46880427073264586
graded_floor_v3,Eastern Saq Aquifer (Ram-Saq Aquifer System),2016,100,-0.5441003548780244
graded_floor_v3,Trinity Aquifer System (Edwards-Trinity Aquifer System),2002,114,-0.9507134542276475
graded_floor_v3,Trinity Aquifer System (Edwards-Trinity Aquifer System),2003,113,-0.8673791344424545
graded_floor_v3,Trinity Aquifer System (Edwards-Trinity Aquifer System),2004,111,-1.008028061337873
graded_floor_v3,Trinity Aquifer System (Edwards-Trinity Aquifer System),2005,109,-0.3903865331089521
graded_floor_v3,Trinity Aquifer System (Edwards-Trinity Aquifer System),2006,105,-0.2643451450052247
graded_floor_v3,Trinity Aquifer System (Edwards-Trinity Aquifer System),2007,101,-0.2345378229496227
graded_floor_v3,Trinity Aquifer System (Edwards-Trinity Aquifer System),2008,92,0.5384607337159923
graded_floor_v3,Trinity Aquifer System (Edwards-Trinity Aquifer System),2009,88,0.5061805985053551
graded_floor_v3,Trinity Aquifer System (Edwards-Trinity Aquifer System),2010,88,0.7103996967054639
graded_floor_v3,Trinity Aquifer System (Edwards-Trinity Aquifer System),2011,89,0.5014366778084682
graded_floor_v3,Trinity Aquifer System (Edwards-Trinity Aquifer System),2012,91,0.18590138173047416
graded_floor_v3,Trinity Aquifer System (Edwards-Trinity Aquifer System),2013,94,-0.4410226989900035
graded_floor_v3,Trinity Aquifer System (Edwards-Trinity Aquifer System),2014,97,-0.8967539302738086
graded_floor_v3,Trinity Aquifer System (Edwards-Trinity Aquifer System),2015,99,-1.1893646898656605
graded_floor_v3,Trinity Aquifer System (Edwards-Trinity Aquifer System),2016,100,-1.0928380541520017
graded_floor_v3,Wisconsin Precambrian Aquifer,2002,114,-0.6573216656865176
graded_floor_v3,Wisconsin Precambrian Aquifer,2003,113,-0.6390685163001967
graded_floor_v3,Wisconsin Precambrian Aquifer,2004,111,-0.5006310776349474
graded_floor_v3,Wisconsin Precambrian Aquifer,2005,109,0.07054542352707215
graded_floor_v3,Wisconsin Precambrian Aquifer,2006,105,0.19462981242346458
graded_floor_v3,Wisconsin Precambrian Aquifer,2007,101,0.23962185482495038
graded_floor_v3,Wisconsin Precambrian Aquifer,2008,92,0.363406001695352
graded_floor_v3,Wisconsin Precambrian Aquifer,2009,88,0.3907689319803563
graded_floor_v3,Wisconsin Precambrian Aquifer,2010,88,0.3374694745935422
graded_floor_v3,Wisconsin Precambrian Aquifer,2011,89,0.4288512275997198
graded_floor_v3,Wisconsin Precambrian Aquifer,2012,91,0.07235540811205995
graded_floor_v3,Wisconsin Precambrian Aquifer,2013,94,-0.5644276428951075
graded_floor_v3,Wisconsin Precambrian Aquifer,2014,97,-0.9639662394022734
graded_floor_v3,Wisconsin Precambrian Aquifer,2015,99,-1.1284224475364033
graded_floor_v3,Wisconsin Precambrian Aquifer,2016,100,-1.6297597638729882
graded_floor_v3,Lafayette Area (Gulf Coast Regional Aquifer System),2002,114,-3.5498503635000573
graded_floor_v3,Lafayette Area (Gulf Coast Regional Aquifer System),2003,113,-3.224189984842689
graded_floor_v3,Lafayette Area (Gulf Coast Regional Aquifer System),2004,111,-2.7896906699519115
graded_floor_v3,Lafayette Area (Gulf Coast Regional Aquifer System),2005,109,-1.9356564753600025
graded_floor_v3,Lafayette Area (Gulf Coast Regional Aquifer System),2006,105,-2.035465576679142
graded_floor_v3,Lafayette Area (Gulf Coast Regional Aquifer System),2007,101,-1.6524935438968944
graded_floor_v3,Lafayette Area (Gulf Coast Regional Aquifer System),2008,92,-1.0155699358237453
graded_floor_v3,Lafayette Area (Gulf Coast Regional Aquifer System),2009,88,-0.7471990886185728
graded_floor_v3,Lafayette Area (Gulf Coast Regional Aquifer System),2010,88,-0.34348951138113004
graded_floor_v3,Lafayette Area (Gulf Coast Regional Aquifer System),2011,89,-0.8615798686526469
graded_floor_v3,Lafayette Area (Gulf Coast Regional Aquifer System),2012,91,-1.4090431363641391
graded_floor_v3,Lafayette Area (Gulf Coast Regional Aquifer System),2013,94,-2.0761515652301545
graded_floor_v3,Lafayette Area (Gulf Coast Regional Aquifer System),2014,97,-2.7250411389204925
graded_floor_v3,Lafayette Area (Gulf Coast Regional Aquifer System),2015,99,-2.7052563073152247
graded_floor_v3,Lafayette Area (Gulf Coast Regional Aquifer System),2016,100,-3.0809997574673647
graded_floor_v3,Paskapoo-Scollard,2002,114,0.4436183583992435
graded_floor_v3,Paskapoo-Scollard,2003,113,0.31921725263398215
graded_floor_v3,Paskapoo-Scollard,2004,111,0.032685082253584616
graded_floor_v3,Paskapoo-Scollard,2005,109,-0.31361115042443916
graded_floor_v3,Paskapoo-Scollard,2006,105,-0.31948413876668585
graded_floor_v3,Paskapoo-Scollard,2007,101,-0.30546301888176663
graded_floor_v3,Paskapoo-Scollard,2008,92,-0.13603762596941696
graded_floor_v3,Paskapoo-Scollard,2009,88,-0.43798733954079105
graded_floor_v3,Paskapoo-Scollard,2010,88,-0.49912857573963054
graded_floor_v3,Paskapoo-Scollard,2011,89,-0.3051807873766451
graded_floor_v3,Paskapoo-Scollard,2012,91,-0.3767117591890134
graded_floor_v3,Paskapoo-Scollard,2013,94,-0.4599765315706197
graded_floor_v3,Paskapoo-Scollard,2014,97,-0.4582845339075166
graded_floor_v3,Paskapoo-Scollard,2015,99,-0.7687874981524886
graded_floor_v3,Paskapoo-Scollard,2016,100,-1.3042748756347486
graded_floor_v3,Western Surat Basin (Great Artesian Basin),2002,114,-0.14717636957428903
graded_floor_v3,Western Surat Basin (Great Artesian Basin),2003,113,-0.38425760097964035
graded_floor_v3,Western Surat Basin (Great Artesian Basin),2004,111,-0.9170977192297018
graded_floor_v3,Western Surat Basin (Great Artesian Basin),2005,109,-1.4082958690209686
graded_floor_v3,Western Surat Basin (Great Artesian Basin),2006,105,-1.7946230642955976
graded_floor_v3,Western Surat Basin (Great Artesian Basin),2007,101,-2.2633999399136426
graded_floor_v3,Western Surat Basin (Great Artesian Basin),2008,92,-2.7390375195228995
graded_floor_v3,Western Surat Basin (Great Artesian Basin),2009,88,-3.290254755431633
graded_floor_v3,Western Surat Basin (Great Artesian Basin),2010,88,-3.7457328194173867
graded_floor_v3,Western Surat Basin (Great Artesian Basin),2011,89,-3.0763870468925583
graded_floor_v3,Western Surat Basin (Great Artesian Basin),2012,91,-2.1486019887610466
graded_floor_v3,Western Surat Basin (Great Artesian Basin),2013,94,-1.0061603582725422
graded_floor_v3,Western Surat Basin (Great Artesian Basin),2014,97,-0.8629978761154296
graded_floor_v3,Western Surat Basin (Great Artesian Basin),2015,99,-0.815845608440264
graded_floor_v3,Western Surat Basin (Great Artesian Basin),2016,100,-0.7972982925221004
graded_floor_v3,Coonamble Embayment (Great Artesian Basin),2002,114,1.1673631868097942
graded_floor_v3,Coonamble Embayment (Great Artesian Basin),2003,113,0.9353487114750925
graded_floor_v3,Coonamble Embayment (Great Artesian Basin),2004,111,0.529580413074414
graded_floor_v3,Coonamble Embayment (Great Artesian Basin),2005,109,0.07784269800175754
graded_floor_v3,Coonamble Embayment (Great Artesian Basin),2006,105,-0.19205132949691137
graded_floor_v3,Coonamble Embayment (Great Artesian Basin),2007,101,-0.551729977557402
graded_floor_v3,Coonamble Embayment (Great Artesian Basin),2008,92,-0.8744696144400934
graded_floor_v3,Coonamble Embayment (Great Artesian Basin),2009,88,-1.462892132017629
graded_floor_v3,Coonamble Embayment (Great Artesian Basin),2010,88,-1.9520191092889299
graded_floor_v3,Coonamble Embayment (Great Artesian Basin),2011,89,-1.2179599178287537
graded_floor_v3,Coonamble Embayment (Great Artesian Basin),2012,91,-0.462301006747482
graded_floor_v3,Coonamble Embayment (Great Artesian Basin),2013,94,0.48339910932207114
graded_floor_v3,Coonamble Embayment (Great Artesian Basin),2014,97,0.36220212757321635
graded_floor_v3,Coonamble Embayment (Great Artesian Basin),2015,99,0.20777670055505143
graded_floor_v3,Coonamble Embayment (Great Artesian Basin),2016,100,0.09994041229594418
graded_floor_v3,Mimosa Syncline and Eastern Surat Basin (Great Artesian Basin),2002,114,0.6305692957638352
graded_floor_v3,Mimosa Syncline and Eastern Surat Basin (Great Artesian Basin),2003,113,0.3684255967284854
graded_floor_v3,Mimosa Syncline and Eastern Surat Basin (Great Artesian Basin),2004,111,0.08263718254760213
graded_floor_v3,Mimosa Syncline and Eastern Surat Basin (Great Artesian Basin),2005,109,-0.3045149903303137
graded_floor_v3,Mimosa Syncline and Eastern Surat Basin (Great Artesian Basin),2006,105,-0.5028916473664514
graded_floor_v3,Mimosa Syncline and Eastern Surat Basin (Great Artesian Basin),2007,101,-1.0311121780383923
graded_floor_v3,Mimosa Syncline and Eastern Surat Basin (Great Artesian Basin),2008,92,-1.3135112924168153
graded_floor_v3,Mimosa Syncline and Eastern Surat Basin (Great Artesian Basin),2009,88,-1.8012131923986683
graded_floor_v3,Mimosa Syncline and Eastern Surat Basin (Great Artesian Basin),2010,88,-2.4160967567433396
graded_floor_v3,Mimosa Syncline and Eastern Surat Basin (Great Artesian Basin),2011,89,-2.0196674327905186
graded_floor_v3,Mimosa Syncline and Eastern Surat Basin (Great Artesian Basin),2012,91,-1.1421186579512248
graded_floor_v3,Mimosa Syncline and Eastern Surat Basin (Great Artesian Basin),2013,94,-0.14069424740953865
graded_floor_v3,Mimosa Syncline and Eastern Surat Basin (Great Artesian Basin),2014,97,-0.11922013819107545
graded_floor_v3,Mimosa Syncline and Eastern Surat Basin (Great Artesian Basin),2015,99,-0.00970520652170886
graded_floor_v3,Mimosa Syncline and Eastern Surat Basin (Great Artesian Basin),2016,100,0.09718018808736446
graded_floor_v3,Wuyuer-Shuangyang System (Songnen Plain),2002,114,-1.0286106857425417
graded_floor_v3,Wuyuer-Shuangyang System (Songnen Plain),2003,113,-1.0300518423315088
graded_floor_v3,Wuyuer-Shuangyang System (Songnen Plain),2004,111,-0.4930046132986324
graded_floor_v3,Wuyuer-Shuangyang System (Songnen Plain),2005,109,-0.3562037208630099
graded_floor_v3,Wuyuer-Shuangyang System (Songnen Plain),2006,105,-0.17829504855872333
graded_floor_v3,Wuyuer-Shuangyang System (Songnen Plain),2007,101,0.14204013762190565
graded_floor_v3,Wuyuer-Shuangyang System (Songnen Plain),2008,92,0.105254509001084
graded_floor_v3,Wuyuer-Shuangyang System (Songnen Plain),2009,88,-0.03551749075028924
graded_floor_v3,Wuyuer-Shuangyang System (Songnen Plain),2010,88,0.27176429308989414
graded_floor_v3,Wuyuer-Shuangyang System (Songnen Plain),2011,89,0.7640117873102824
graded_floor_v3,Wuyuer-Shuangyang System (Songnen Plain),2012,91,1.1893724617439703
graded_floor_v3,Wuyuer-Shuangyang System (Songnen Plain),2013,94,1.4030403826253917
graded_floor_v3,Wuyuer-Shuangyang System (Songnen Plain),2014,97,1.6928592907639086
graded_floor_v3,Wuyuer-Shuangyang System (Songnen Plain),2015,99,1.4382446501165915
graded_floor_v3,Wuyuer-Shuangyang System (Songnen Plain),2016,100,0.5663150709345346
graded_floor_v3,Powder River Basin (Northern Great Plains),2002,114,0.18509039838274347
graded_floor_v3,Powder River Basin (Northern Great Plains),2003,113,-0.06288512309594481
graded_floor_v3,Powder River Basin (Northern Great Plains),2004,111,0.0035399506862518614
graded_floor_v3,Powder River Basin (Northern Great Plains),2005,109,-0.019732728602189626
graded_floor_v3,Powder River Basin (Northern Great Plains),2006,105,-0.08595835058589507
graded_floor_v3,Powder River Basin (Northern Great Plains),2007,101,-0.3213935622369544
graded_floor_v3,Powder River Basin (Northern Great Plains),2008,92,-0.5084588999441924
graded_floor_v3,Powder River Basin (Northern Great Plains),2009,88,-0.6677130658699583
graded_floor_v3,Powder River Basin (Northern Great Plains),2010,88,-0.5491348600840781
graded_floor_v3,Powder River Basin (Northern Great Plains),2011,89,-0.5015332668413898
graded_floor_v3,Powder River Basin (Northern Great Plains),2012,91,-0.49849405361323484
graded_floor_v3,Powder River Basin (Northern Great Plains),2013,94,-0.712883202817347
graded_floor_v3,Powder River Basin (Northern Great Plains),2014,97,-0.5498882535894052
graded_floor_v3,Powder River Basin (Northern Great Plains),2015,99,-0.46841166705134085
graded_floor_v3,Powder River Basin (Northern Great Plains),2016,100,-0.5425628002462584
graded_floor_v3,Central Eucla Basin (Eucla Basin),2002,114,-0.4369152884947812
graded_floor_v3,Central Eucla Basin (Eucla Basin),2003,113,-0.5620025315929402
graded_floor_v3,Central Eucla Basin (Eucla Basin),2004,111,-0.511227781178001
graded_floor_v3,Central Eucla Basin (Eucla Basin),2005,109,-0.42290201173987224
graded_floor_v3,Central Eucla Basin (Eucla Basin),2006,105,-0.4658353732509851
graded_floor_v3,Central Eucla Basin (Eucla Basin),2007,101,-0.2465673271900522
graded_floor_v3,Central Eucla Basin (Eucla Basin),2008,92,-0.09224470673488133
graded_floor_v3,Central Eucla Basin (Eucla Basin),2009,88,-0.4882021758509946
graded_floor_v3,Central Eucla Basin (Eucla Basin),2010,88,-0.8990688811527383
graded_floor_v3,Central Eucla Basin (Eucla Basin),2011,89,-1.0337193834537945
graded_floor_v3,Central Eucla Basin (Eucla Basin),2012,91,-0.7653274087846746
graded_floor_v3,Central Eucla Basin (Eucla Basin),2013,94,-0.596528927572399
graded_floor_v3,Central Eucla Basin (Eucla Basin),2014,97,-0.5418827089271874
graded_floor_v3,Central Eucla Basin (Eucla Basin),2015,99,-0.6056371558385052
graded_floor_v3,Central Eucla Basin (Eucla Basin),2016,100,-0.7603888426874144
graded_floor_v3,Rio Grande Delta (Gulf Coast Regional Aquifer System),2002,114,-0.8066787638687335
graded_floor_v3,Rio Grande Delta (Gulf Coast Regional Aquifer System),2003,113,-1.0391232232648877
graded_floor_v3,Rio Grande Delta (Gulf Coast Regional Aquifer System),2004,111,-0.6500759410705707
graded_floor_v3,Rio Grande Delta (Gulf Coast Regional Aquifer System),2005,109,-0.17877991718877154
graded_floor_v3,Rio Grande Delta (Gulf Coast Regional Aquifer System),2006,105,-0.32090229797418846
graded_floor_v3,Rio Grande Delta (Gulf Coast Regional Aquifer System),2007,101,-0.3650442093984729
graded_floor_v3,Rio Grande Delta (Gulf Coast Regional Aquifer System),2008,92,-0.10354653232564916
graded_floor_v3,Rio Grande Delta (Gulf Coast Regional Aquifer System),2009,88,0.1934919563207097
graded_floor_v3,Rio Grande Delta (Gulf Coast Regional Aquifer System),2010,88,-0.11378394656082054
graded_floor_v3,Rio Grande Delta (Gulf Coast Regional Aquifer System),2011,89,0.0797160128062461
graded_floor_v3,Rio Grande Delta (Gulf Coast Regional Aquifer System),2012,91,-0.17817888011147423
graded_floor_v3,Rio Grande Delta (Gulf Coast Regional Aquifer System),2013,94,-0.6941846942600368
graded_floor_v3,Rio Grande Delta (Gulf Coast Regional Aquifer System),2014,97,-0.8242808796304434
graded_floor_v3,Rio Grande Delta (Gulf Coast Regional Aquifer System),2015,99,-0.5966859310941189
graded_floor_v3,Rio Grande Delta (Gulf Coast Regional Aquifer System),2016,100,-0.5732677621237777
graded_floor_v3,Michigan Basin,2002,114,0.11371913563579113
graded_floor_v3,Michigan Basin,2003,113,-0.3662505582532043
graded_floor_v3,Michigan Basin,2004,111,-0.30610503964559177
graded_floor_v3,Michigan Basin,2005,109,-0.12115040247303323
graded_floor_v3,Michigan Basin,2006,105,-0.37493786349237734
graded_floor_v3,Michigan Basin,2007,101,-0.39922094695637067
graded_floor_v3,Michigan Basin,2008,92,-0.5752219766459211
graded_floor_v3,Michigan Basin,2009,88,-0.27829974260631407
graded_floor_v3,Michigan Basin,2010,88,0.11223230631932757
graded_floor_v3,Michigan Basin,2011,89,-0.18595718801888386
graded_floor_v3,Michigan Basin,2012,91,0.003475468076096128
graded_floor_v3,Michigan Basin,2013,94,-0.45279227633417324
graded_floor_v3,Michigan Basin,2014,97,-0.5539918482168499
graded_floor_v3,Michigan Basin,2015,99,-0.6735303012964751
graded_floor_v3,Michigan Basin,2016,100,-1.1591649811340572
graded_floor_v3,Southern Piedmont Upland (Piedmont Plateau),2002,114,-1.3702015068984899
graded_floor_v3,Southern Piedmont Upland (Piedmont Plateau),2003,113,-1.4033068350238052
graded_floor_v3,Southern Piedmont Upland (Piedmont Plateau),2004,111,-0.6981564409684443
graded_floor_v3,Southern Piedmont Upland (Piedmont Plateau),2005,109,-0.24007866296181996
graded_floor_v3,Southern Piedmont Upland (Piedmont Plateau),2006,105,0.4337233192805298
graded_floor_v3,Southern Piedmont Upland (Piedmont Plateau),2007,101,0.11521214194189411
graded_floor_v3,Southern Piedmont Upland (Piedmont Plateau),2008,92,-0.23686556544050716
graded_floor_v3,Southern Piedmont Upland (Piedmont Plateau),2009,88,-0.030030172475156824
graded_floor_v3,Southern Piedmont Upland (Piedmont Plateau),2010,88,0.2691355772015896
graded_floor_v3,Southern Piedmont Upland (Piedmont Plateau),2011,89,0.2581506176266388
graded_floor_v3,Southern Piedmont Upland (Piedmont Plateau),2012,91,0.16294089825711616
graded_floor_v3,Southern Piedmont Upland (Piedmont Plateau),2013,94,-0.35241382356374223
graded_floor_v3,Southern Piedmont Upland (Piedmont Plateau),2014,97,-0.2028569706244763
graded_floor_v3,Southern Piedmont Upland (Piedmont Plateau),2015,99,-0.29787974144947704
graded_floor_v3,Southern Piedmont Upland (Piedmont Plateau),2016,100,-0.3134843349604036
graded_floor_v3,Eastern Huaihe Plain (Huaihe River Basin),2002,114,-0.29612575373097977
graded_floor_v3,Eastern Huaihe Plain (Huaihe River Basin),2003,113,-0.9288483431673186
graded_floor_v3,Eastern Huaihe Plain (Huaihe River Basin),2004,111,-0.8775117285001263
graded_floor_v3,Eastern Huaihe Plain (Huaihe River Basin),2005,109,-1.0687045893204097
graded_floor_v3,Eastern Huaihe Plain (Huaihe River Basin),2006,105,-0.901680936373228
graded_floor_v3,Eastern Huaihe Plain (Huaihe River Basin),2007,101,-0.794360937548934
graded_floor_v3,Eastern Huaihe Plain (Huaihe River Basin),2008,92,-0.7277384044301637
graded_floor_v3,Eastern Huaihe Plain (Huaihe River Basin),2009,88,-0.34216510020659097
graded_floor_v3,Eastern Huaihe Plain (Huaihe River Basin),2010,88,-0.35357662706225274
graded_floor_v3,Eastern Huaihe Plain (Huaihe River Basin),2011,89,0.23979301507212683
graded_floor_v3,Eastern Huaihe Plain (Huaihe River Basin),2012,91,0.7519021524702019
graded_floor_v3,Eastern Huaihe Plain (Huaihe River Basin),2013,94,0.830099148865356
graded_floor_v3,Eastern Huaihe Plain (Huaihe River Basin),2014,97,0.677226780370922
graded_floor_v3,Eastern Huaihe Plain (Huaihe River Basin),2015,99,0.2579548499994436
graded_floor_v3,Eastern Huaihe Plain (Huaihe River Basin),2016,100,-0.07026291269328896
graded_floor_v3,Northern Dharwar Craton Banded Gneiss Complex (Dharwar Craton Banded Gneiss Complex),2002,114,-0.29816478147132336
graded_floor_v3,Northern Dharwar Craton Banded Gneiss Complex (Dharwar Craton Banded Gneiss Complex),2003,113,-0.5186445863738492
graded_floor_v3,Northern Dharwar Craton Banded Gneiss Complex (Dharwar Craton Banded Gneiss Complex),2004,111,-0.431059052486594
graded_floor_v3,Northern Dharwar Craton Banded Gneiss Complex (Dharwar Craton Banded Gneiss Complex),2005,109,-0.6685031671548783
graded_floor_v3,Northern Dharwar Craton Banded Gneiss Complex (Dharwar Craton Banded Gneiss Complex),2006,105,-0.7785604202160202
graded_floor_v3,Northern Dharwar Craton Banded Gneiss Complex (Dharwar Craton Banded Gneiss Complex),2007,101,-0.729608953348429
graded_floor_v3,Northern Dharwar Craton Banded Gneiss Complex (Dharwar Craton Banded Gneiss Complex),2008,92,-0.8351100289817793
graded_floor_v3,Northern Dharwar Craton Banded Gneiss Complex (Dharwar Craton Banded Gneiss Complex),2009,88,-0.9995550094906972
graded_floor_v3,Northern Dharwar Craton Banded Gneiss Complex (Dharwar Craton Banded Gneiss Complex),2010,88,-0.6432744507572956
graded_floor_v3,Northern Dharwar Craton Banded Gneiss Complex (Dharwar Craton Banded Gneiss Complex),2011,89,0.1139714596962073
graded_floor_v3,Northern Dharwar Craton Banded Gneiss Complex (Dharwar Craton Banded Gneiss Complex),2012,91,0.23663275996911212
graded_floor_v3,Northern Dharwar Craton Banded Gneiss Complex (Dharwar Craton Banded Gneiss Complex),2013,94,0.4248195226255828
graded_floor_v3,Northern Dharwar Craton Banded Gneiss Complex (Dharwar Craton Banded Gneiss Complex),2014,97,0.504773007442497
graded_floor_v3,Northern Dharwar Craton Banded Gneiss Complex (Dharwar Craton Banded Gneiss Complex),2015,99,0.41971460390211274
graded_floor_v3,Northern Dharwar Craton Banded Gneiss Complex (Dharwar Craton Banded Gneiss Complex),2016,100,0.5993295599155863
graded_floor_v3,Eastern Mississippi Embayment (Mississippi Embayment),2002,114,-1.6757492787077066
graded_floor_v3,Eastern Mississippi Embayment (Mississippi Embayment),2003,113,-1.5083724723907443
graded_floor_v3,Eastern Mississippi Embayment (Mississippi Embayment),2004,111,-0.9694889537338972
graded_floor_v3,Eastern Mississippi Embayment (Mississippi Embayment),2005,109,-0.3976783729496616
graded_floor_v3,Eastern Mississippi Embayment (Mississippi Embayment),2006,105,-0.07080923240141304
graded_floor_v3,Eastern Mississippi Embayment (Mississippi Embayment),2007,101,-0.25016678714625884
graded_floor_v3,Eastern Mississippi Embayment (Mississippi Embayment),2008,92,-0.446958788767805
graded_floor_v3,Eastern Mississippi Embayment (Mississippi Embayment),2009,88,-0.24376112536425315
graded_floor_v3,Eastern Mississippi Embayment (Mississippi Embayment),2010,88,0.23799170359981772
graded_floor_v3,Eastern Mississippi Embayment (Mississippi Embayment),2011,89,-0.07026554329608252
graded_floor_v3,Eastern Mississippi Embayment (Mississippi Embayment),2012,91,-0.15180466864156955
graded_floor_v3,Eastern Mississippi Embayment (Mississippi Embayment),2013,94,-0.7272871583121564
graded_floor_v3,Eastern Mississippi Embayment (Mississippi Embayment),2014,97,-1.0092369723101302
graded_floor_v3,Eastern Mississippi Embayment (Mississippi Embayment),2015,99,-1.2388606060243361
graded_floor_v3,Eastern Mississippi Embayment (Mississippi Embayment),2016,100,-1.3682669655167645
graded_floor_v3,Western Cambrian-Ordovician Aquifers (Northern Midwest Aquifer System),2002,114,-0.4281095744081279
graded_floor_v3,Western Cambrian-Ordovician Aquifers (Northern Midwest Aquifer System),2003,113,-0.5825710592309225
graded_floor_v3,Western Cambrian-Ordovician Aquifers (Northern Midwest Aquifer System),2004,111,-0.7228100729537124
graded_floor_v3,Western Cambrian-Ordovician Aquifers (Northern Midwest Aquifer System),2005,109,-0.46811123633447344
graded_floor_v3,Western Cambrian-Ordovician Aquifers (Northern Midwest Aquifer System),2006,105,-0.4415582284281259
graded_floor_v3,Western Cambrian-Ordovician Aquifers (Northern Midwest Aquifer System),2007,101,-0.41809208432708084
graded_floor_v3,Western Cambrian-Ordovician Aquifers (Northern Midwest Aquifer System),2008,92,-0.17893420326644413
graded_floor_v3,Western Cambrian-Ordovician Aquifers (Northern Midwest Aquifer System),2009,88,0.007612551269152181
graded_floor_v3,Western Cambrian-Ordovician Aquifers (Northern Midwest Aquifer System),2010,88,0.17413435436456073
graded_floor_v3,Western Cambrian-Ordovician Aquifers (Northern Midwest Aquifer System),2011,89,0.21703706616739551
graded_floor_v3,Western Cambrian-Ordovician Aquifers (Northern Midwest Aquifer System),2012,91,-0.2203573008344169
graded_floor_v3,Western Cambrian-Ordovician Aquifers (Northern Midwest Aquifer System),2013,94,-0.8769353896738182
graded_floor_v3,Western Cambrian-Ordovician Aquifers (Northern Midwest Aquifer System),2014,97,-1.2721501876623436
graded_floor_v3,Western Cambrian-Ordovician Aquifers (Northern Midwest Aquifer System),2015,99,-1.5293968121825392
graded_floor_v3,Western Cambrian-Ordovician Aquifers (Northern Midwest Aquifer System),2016,100,-2.0949053745438335
graded_floor_v3,Southeastern System (Amadeus Basin),2002,114,-1.0239401331280042
graded_floor_v3,Southeastern System (Amadeus Basin),2003,113,-0.6648634674775035
graded_floor_v3,Southeastern System (Amadeus Basin),2004,111,-0.712694483870849
graded_floor_v3,Southeastern System (Amadeus Basin),2005,109,-0.6855214168938394
graded_floor_v3,Southeastern System (Amadeus Basin),2006,105,-0.8514398020327857
graded_floor_v3,Southeastern System (Amadeus Basin),2007,101,-0.9991805579057802
graded_floor_v3,Southeastern System (Amadeus Basin),2008,92,-1.1289129869627308
graded_floor_v3,Southeastern System (Amadeus Basin),2009,88,-1.713500001722928
graded_floor_v3,Southeastern System (Amadeus Basin),2010,88,-2.3657299978193
graded_floor_v3,Southeastern System (Amadeus Basin),2011,89,-2.2542198019845174
graded_floor_v3,Southeastern System (Amadeus Basin),2012,91,-1.621201486791191
graded_floor_v3,Southeastern System (Amadeus Basin),2013,94,-1.0751386758439856
graded_floor_v3,Southeastern System (Amadeus Basin),2014,97,-0.9143074510173212
graded_floor_v3,Southeastern System (Amadeus Basin),2015,99,-0.8099703815123355
graded_floor_v3,Southeastern System (Amadeus Basin),2016,100,-0.8747244120495048
graded_floor_v3,Edwards Plateau (Edwards-Trinity Aquifer System),2002,114,-0.9356557367753021
graded_floor_v3,Edwards Plateau (Edwards-Trinity Aquifer System),2003,113,-1.226299862781764
graded_floor_v3,Edwards Plateau (Edwards-Trinity Aquifer System),2004,111,-1.4404434222454896
graded_floor_v3,Edwards Plateau (Edwards-Trinity Aquifer System),2005,109,-0.8726430764459807
graded_floor_v3,Edwards Plateau (Edwards-Trinity Aquifer System),2006,105,-0.5256305485607008
graded_floor_v3,Edwards Plateau (Edwards-Trinity Aquifer System),2007,101,-0.5134569503724956
graded_floor_v3,Edwards Plateau (Edwards-Trinity Aquifer System),2008,92,0.0766646631938468
graded_floor_v3,Edwards Plateau (Edwards-Trinity Aquifer System),2009,88,0.3588046391289223
graded_floor_v3,Edwards Plateau (Edwards-Trinity Aquifer System),2010,88,0.3532491287412885
graded_floor_v3,Edwards Plateau (Edwards-Trinity Aquifer System),2011,89,0.28274143760696424
graded_floor_v3,Edwards Plateau (Edwards-Trinity Aquifer System),2012,91,-0.00894331740620976
graded_floor_v3,Edwards Plateau (Edwards-Trinity Aquifer System),2013,94,-0.3931778467638674
graded_floor_v3,Edwards Plateau (Edwards-Trinity Aquifer System),2014,97,-0.6901143875035394
graded_floor_v3,Edwards Plateau (Edwards-Trinity Aquifer System),2015,99,-0.8781517193565457
graded_floor_v3,Edwards Plateau (Edwards-Trinity Aquifer System),2016,100,-0.8268388494631771
graded_floor_v3,Southcentral Deccan Basalt Plateau (Deccan Plateau),2002,114,-0.20213732847533067
graded_floor_v3,Southcentral Deccan Basalt Plateau (Deccan Plateau),2003,113,-0.40898549360848174
graded_floor_v3,Southcentral Deccan Basalt Plateau (Deccan Plateau),2004,111,-0.5942962902104594
graded_floor_v3,Southcentral Deccan Basalt Plateau (Deccan Plateau),2005,109,-0.6826926496175284
graded_floor_v3,Southcentral Deccan Basalt Plateau (Deccan Plateau),2006,105,-0.8074075153525795
graded_floor_v3,Southcentral Deccan Basalt Plateau (Deccan Plateau),2007,101,-0.7415632661935333
graded_floor_v3,Southcentral Deccan Basalt Plateau (Deccan Plateau),2008,92,-0.7706944842838221
graded_floor_v3,Southcentral Deccan Basalt Plateau (Deccan Plateau),2009,88,-0.9559929214910778
graded_floor_v3,Southcentral Deccan Basalt Plateau (Deccan Plateau),2010,88,-0.6462703477616565
graded_floor_v3,Southcentral Deccan Basalt Plateau (Deccan Plateau),2011,89,-0.07979912947822845
graded_floor_v3,Southcentral Deccan Basalt Plateau (Deccan Plateau),2012,91,0.12321303722382558
graded_floor_v3,Southcentral Deccan Basalt Plateau (Deccan Plateau),2013,94,0.16576708754434796
graded_floor_v3,Southcentral Deccan Basalt Plateau (Deccan Plateau),2014,97,0.02996746013292225
graded_floor_v3,Southcentral Deccan Basalt Plateau (Deccan Plateau),2015,99,0.021867041800162156
graded_floor_v3,Southcentral Deccan Basalt Plateau (Deccan Plateau),2016,100,0.12469127740950092
graded_floor_v3,Eastside Lower Indus Valley (Indus Basin),2002,114,0.47510363609823136
graded_floor_v3,Eastside Lower Indus Valley (Indus Basin),2003,113,0.21554569675639582
graded_floor_v3,Eastside Lower Indus Valley (Indus Basin),2004,111,0.22365946629383698
graded_floor_v3,Eastside Lower Indus Valley (Indus Basin),2005,109,-0.0976033344112805
graded_floor_v3,Eastside Lower Indus Valley (Indus Basin),2006,105,-0.38919428722513344
graded_floor_v3,Eastside Lower Indus Valley (Indus Basin),2007,101,-0.36766456754016263
graded_floor_v3,Eastside Lower Indus Valley (Indus Basin),2008,92,-0.3618745412171957
graded_floor_v3,Eastside Lower Indus Valley (Indus Basin),2009,88,-0.6631990357954436
graded_floor_v3,Eastside Lower Indus Valley (Indus Basin),2010,88,-0.7630977332795087
graded_floor_v3,Eastside Lower Indus Valley (Indus Basin),2011,89,-0.5423966339365068
graded_floor_v3,Eastside Lower Indus Valley (Indus Basin),2012,91,-0.26972242311885075
graded_floor_v3,Eastside Lower Indus Valley (Indus Basin),2013,94,0.31638266297580625
graded_floor_v3,Eastside Lower Indus Valley (Indus Basin),2014,97,0.535369444535814
graded_floor_v3,Eastside Lower Indus Valley (Indus Basin),2015,99,0.5597282964625366
graded_floor_v3,Eastside Lower Indus Valley (Indus Basin),2016,100,0.63175018739106
graded_floor_v3,Central Piedmont Upland (Piedmont Plateau),2002,114,-0.973353609853366
graded_floor_v3,Central Piedmont Upland (Piedmont Plateau),2003,113,-1.057498451748396
graded_floor_v3,Central Piedmont Upland (Piedmont Plateau),2004,111,-0.34652096403728455
graded_floor_v3,Central Piedmont Upland (Piedmont Plateau),2005,109,0.09890579367578839
graded_floor_v3,Central Piedmont Upland (Piedmont Plateau),2006,105,0.3328725140417312
graded_floor_v3,Central Piedmont Upland (Piedmont Plateau),2007,101,0.6725221910967709
graded_floor_v3,Central Piedmont Upland (Piedmont Plateau),2008,92,0.36281043107511357
graded_floor_v3,Central Piedmont Upland (Piedmont Plateau),2009,88,0.6408121857492071
graded_floor_v3,Central Piedmont Upland (Piedmont Plateau),2010,88,0.564595335072534
graded_floor_v3,Central Piedmont Upland (Piedmont Plateau),2011,89,0.5788642075383662
graded_floor_v3,Central Piedmont Upland (Piedmont Plateau),2012,91,0.1481831995137202
graded_floor_v3,Central Piedmont Upland (Piedmont Plateau),2013,94,-0.3130110223049539
graded_floor_v3,Central Piedmont Upland (Piedmont Plateau),2014,97,-0.2208198717283909
graded_floor_v3,Central Piedmont Upland (Piedmont Plateau),2015,99,-0.40461506489942023
graded_floor_v3,Central Piedmont Upland (Piedmont Plateau),2016,100,-0.567507965661732
graded_floor_v3,Eastern Carrizo-Wilcox (Carrizo-Wilcox),2002,114,-1.355362085691142
graded_floor_v3,Eastern Carrizo-Wilcox (Carrizo-Wilcox),2003,113,-1.2921346649009895
graded_floor_v3,Eastern Carrizo-Wilcox (Carrizo-Wilcox),2004,111,-1.0925201600989798
graded_floor_v3,Eastern Carrizo-Wilcox (Carrizo-Wilcox),2005,109,-0.45996020024082535
graded_floor_v3,Eastern Carrizo-Wilcox (Carrizo-Wilcox),2006,105,-0.6241373405692517
graded_floor_v3,Eastern Carrizo-Wilcox (Carrizo-Wilcox),2007,101,-0.579734177408868
graded_floor_v3,Eastern Carrizo-Wilcox (Carrizo-Wilcox),2008,92,-0.07454451962465439
graded_floor_v3,Eastern Carrizo-Wilcox (Carrizo-Wilcox),2009,88,0.16311630003192334
graded_floor_v3,Eastern Carrizo-Wilcox (Carrizo-Wilcox),2010,88,0.5549740435069757
graded_floor_v3,Eastern Carrizo-Wilcox (Carrizo-Wilcox),2011,89,0.17208001131511122
graded_floor_v3,Eastern Carrizo-Wilcox (Carrizo-Wilcox),2012,91,-0.2569818775525678
graded_floor_v3,Eastern Carrizo-Wilcox (Carrizo-Wilcox),2013,94,-0.8462746581929558
graded_floor_v3,Eastern Carrizo-Wilcox (Carrizo-Wilcox),2014,97,-1.0608550257141907
graded_floor_v3,Eastern Carrizo-Wilcox (Carrizo-Wilcox),2015,99,-1.2150943907336147
graded_floor_v3,Eastern Carrizo-Wilcox (Carrizo-Wilcox),2016,100,-1.2982581325061273
graded_floor_v3,Jiangsu Coastal Plain (Huaihe River Basin),2002,114,-1.4256668427911818
graded_floor_v3,Jiangsu Coastal Plain (Huaihe River Basin),2003,113,-1.5165268807809222
graded_floor_v3,Jiangsu Coastal Plain (Huaihe River Basin),2004,111,-1.4633495349938594
graded_floor_v3,Jiangsu Coastal Plain (Huaihe River Basin),2005,109,-1.7854782141377161
graded_floor_v3,Jiangsu Coastal Plain (Huaihe River Basin),2006,105,-1.6801974088074845
graded_floor_v3,Jiangsu Coastal Plain (Huaihe River Basin),2007,101,-1.5696700410405382
graded_floor_v3,Jiangsu Coastal Plain (Huaihe River Basin),2008,92,-1.5890470383995456
graded_floor_v3,Jiangsu Coastal Plain (Huaihe River Basin),2009,88,-1.4934196947058014
graded_floor_v3,Jiangsu Coastal Plain (Huaihe River Basin),2010,88,-1.636641497368046
graded_floor_v3,Jiangsu Coastal Plain (Huaihe River Basin),2011,89,-1.2689714553589393
graded_floor_v3,Jiangsu Coastal Plain (Huaihe River Basin),2012,91,-1.0707886945818577
graded_floor_v3,Jiangsu Coastal Plain (Huaihe River Basin),2013,94,-1.1161185853006237
graded_floor_v3,Jiangsu Coastal Plain (Huaihe River Basin),2014,97,-1.2851833536762975
graded_floor_v3,Jiangsu Coastal Plain (Huaihe River Basin),2015,99,-1.4600518028302194
graded_floor_v3,Jiangsu Coastal Plain (Huaihe River Basin),2016,100,-1.6197217567179192
graded_floor_v3,Eastern Cambrian-Ordovician Aquifers (Northern Midwest Aquifer System),2002,114,0.45572098074124856
graded_floor_v3,Eastern Cambrian-Ordovician Aquifers (Northern Midwest Aquifer System),2003,113,-0.07309357551559659
graded_floor_v3,Eastern Cambrian-Ordovician Aquifers (Northern Midwest Aquifer System),2004,111,-0.2798410996348367
graded_floor_v3,Eastern Cambrian-Ordovician Aquifers (Northern Midwest Aquifer System),2005,109,-0.02312426689646967
graded_floor_v3,Eastern Cambrian-Ordovician Aquifers (Northern Midwest Aquifer System),2006,105,-0.48111673613374994
graded_floor_v3,Eastern Cambrian-Ordovician Aquifers (Northern Midwest Aquifer System),2007,101,-0.5267137091079199
graded_floor_v3,Eastern Cambrian-Ordovician Aquifers (Northern Midwest Aquifer System),2008,92,-0.4562494766621182
graded_floor_v3,Eastern Cambrian-Ordovician Aquifers (Northern Midwest Aquifer System),2009,88,0.04834823512773992
graded_floor_v3,Eastern Cambrian-Ordovician Aquifers (Northern Midwest Aquifer System),2010,88,0.6058301419715008
graded_floor_v3,Eastern Cambrian-Ordovician Aquifers (Northern Midwest Aquifer System),2011,89,0.7730562612831087
graded_floor_v3,Eastern Cambrian-Ordovician Aquifers (Northern Midwest Aquifer System),2012,91,0.488660173379196
graded_floor_v3,Eastern Cambrian-Ordovician Aquifers (Northern Midwest Aquifer System),2013,94,-0.3748922837143191
graded_floor_v3,Eastern Cambrian-Ordovician Aquifers (Northern Midwest Aquifer System),2014,97,-1.0714211823193818
graded_floor_v3,Eastern Cambrian-Ordovician Aquifers (Northern Midwest Aquifer System),2015,99,-1.384409055994259
graded_floor_v3,Eastern Cambrian-Ordovician Aquifers (Northern Midwest Aquifer System),2016,100,-1.8113753850555325
graded_floor_v3,Northcentral Deccan Basalt Plateau (Deccan Plateau),2002,114,0.07427454584010788
graded_floor_v3,Northcentral Deccan Basalt Plateau (Deccan Plateau),2003,113,-0.14798701986897697
graded_floor_v3,Northcentral Deccan Basalt Plateau (Deccan Plateau),2004,111,-0.25535541261587763
graded_floor_v3,Northcentral Deccan Basalt Plateau (Deccan Plateau),2005,109,-0.4168152453151214
graded_floor_v3,Northcentral Deccan Basalt Plateau (Deccan Plateau),2006,105,-0.5376571310512984
graded_floor_v3,Northcentral Deccan Basalt Plateau (Deccan Plateau),2007,101,-0.5147638049916933
graded_floor_v3,Northcentral Deccan Basalt Plateau (Deccan Plateau),2008,92,-0.6269434058352227
graded_floor_v3,Northcentral Deccan Basalt Plateau (Deccan Plateau),2009,88,-0.9898207485728934
graded_floor_v3,Northcentral Deccan Basalt Plateau (Deccan Plateau),2010,88,-0.6368793045188028
graded_floor_v3,Northcentral Deccan Basalt Plateau (Deccan Plateau),2011,89,-0.04718267505398516
graded_floor_v3,Northcentral Deccan Basalt Plateau (Deccan Plateau),2012,91,0.223289655029931
graded_floor_v3,Northcentral Deccan Basalt Plateau (Deccan Plateau),2013,94,0.3769598723842341
graded_floor_v3,Northcentral Deccan Basalt Plateau (Deccan Plateau),2014,97,0.371348702057108
graded_floor_v3,Northcentral Deccan Basalt Plateau (Deccan Plateau),2015,99,0.322530823421375
graded_floor_v3,Northcentral Deccan Basalt Plateau (Deccan Plateau),2016,100,0.5470109429715417
graded_floor_v3,Eastside Middle Indus Plain (Indus Basin),2002,114,-0.8525110266944785
graded_floor_v3,Eastside Middle Indus Plain (Indus Basin),2003,113,-0.9202141993633645
graded_floor_v3,Eastside Middle Indus Plain (Indus Basin),2004,111,-0.8580917866255879
graded_floor_v3,Eastside Middle Indus Plain (Indus Basin),2005,109,-0.9947512340715156
graded_floor_v3,Eastside Middle Indus Plain (Indus Basin),2006,105,-0.9720404189182388
graded_floor_v3,Eastside Middle Indus Plain (Indus Basin),2007,101,-1.1130974600843557
graded_floor_v3,Eastside Middle Indus Plain (Indus Basin),2008,92,-1.2252928667958818
graded_floor_v3,Eastside Middle Indus Plain (Indus Basin),2009,88,-1.4440704929103902
graded_floor_v3,Eastside Middle Indus Plain (Indus Basin),2010,88,-1.7207868992844195
graded_floor_v3,Eastside Middle Indus Plain (Indus Basin),2011,89,-1.7650543272395374
graded_floor_v3,Eastside Middle Indus Plain (Indus Basin),2012,91,-1.7582175448088184
graded_floor_v3,Eastside Middle Indus Plain (Indus Basin),2013,94,-1.4458178365839205
graded_floor_v3,Eastside Middle Indus Plain (Indus Basin),2014,97,-1.2185509503806407
graded_floor_v3,Eastside Middle Indus Plain (Indus Basin),2015,99,-1.1180621364743042
graded_floor_v3,Eastside Middle Indus Plain (Indus Basin),2016,100,-0.8084402977355446
graded_floor_v3,Central Allegheny Plateau (Appalachian Plateaus),2002,114,-1.1477750070762849
graded_floor_v3,Central Allegheny Plateau (Appalachian Plateaus),2003,113,-1.3899122852478718
graded_floor_v3,Central Allegheny Plateau (Appalachian Plateaus),2004,111,-0.8184994400808848
graded_floor_v3,Central Allegheny Plateau (Appalachian Plateaus),2005,109,-0.34444548734193864
graded_floor_v3,Central Allegheny Plateau (Appalachian Plateaus),2006,105,-0.3629176969141275
graded_floor_v3,Central Allegheny Plateau (Appalachian Plateaus),2007,101,-0.23812492947058944
graded_floor_v3,Central Allegheny Plateau (Appalachian Plateaus),2008,92,-0.36344044279907783
graded_floor_v3,Central Allegheny Plateau (Appalachian Plateaus),2009,88,-0.1547835323642222
graded_floor_v3,Central Allegheny Plateau (Appalachian Plateaus),2010,88,-0.15388633973301336
graded_floor_v3,Central Allegheny Plateau (Appalachian Plateaus),2011,89,-0.41392034790802973
graded_floor_v3,Central Allegheny Plateau (Appalachian Plateaus),2012,91,-0.33495591599014507
graded_floor_v3,Central Allegheny Plateau (Appalachian Plateaus),2013,94,-0.7479477941858399
graded_floor_v3,Central Allegheny Plateau (Appalachian Plateaus),2014,97,-0.8198339662032599
graded_floor_v3,Central Allegheny Plateau (Appalachian Plateaus),2015,99,-1.0546739352935697
graded_floor_v3,Central Allegheny Plateau (Appalachian Plateaus),2016,100,-1.312192004957592
graded_floor_v3,Northeastern Karoo Basin (Main Karoo Basin),2002,114,-0.6277940666638087
graded_floor_v3,Northeastern Karoo Basin (Main Karoo Basin),2003,113,-0.9064984698261552
graded_floor_v3,Northeastern Karoo Basin (Main Karoo Basin),2004,111,-1.3042704790713957
graded_floor_v3,Northeastern Karoo Basin (Main Karoo Basin),2005,109,-1.5312242236044442
graded_floor_v3,Northeastern Karoo Basin (Main Karoo Basin),2006,105,-1.7026106362733422
graded_floor_v3,Northeastern Karoo Basin (Main Karoo Basin),2007,101,-1.3893066689750355
graded_floor_v3,Northeastern Karoo Basin (Main Karoo Basin),2008,92,-1.5336786055401406
graded_floor_v3,Northeastern Karoo Basin (Main Karoo Basin),2009,88,-1.611762144935043
graded_floor_v3,Northeastern Karoo Basin (Main Karoo Basin),2010,88,-1.4295667777599086
graded_floor_v3,Northeastern Karoo Basin (Main Karoo Basin),2011,89,-1.0642967514068848
graded_floor_v3,Northeastern Karoo Basin (Main Karoo Basin),2012,91,-0.8870659135208137
graded_floor_v3,Northeastern Karoo Basin (Main Karoo Basin),2013,94,-0.6954228922483856
graded_floor_v3,Northeastern Karoo Basin (Main Karoo Basin),2014,97,-0.5965042370513981
graded_floor_v3,Northeastern Karoo Basin (Main Karoo Basin),2015,99,-0.6010551720140056
graded_floor_v3,Northeastern Karoo Basin (Main Karoo Basin),2016,100,-0.6233373428535843
graded_floor_v3,Southern Riverine Plains (Murray Basin),2002,114,0.6255463879939381
graded_floor_v3,Southern Riverine Plains (Murray Basin),2003,113,0.5285095823407467
graded_floor_v3,Southern Riverine Plains (Murray Basin),2004,111,0.5281285657038601
graded_floor_v3,Southern Riverine Plains (Murray Basin),2005,109,0.5981037750106171
graded_floor_v3,Southern Riverine Plains (Murray Basin),2006,105,0.4885421678723151
graded_floor_v3,Southern Riverine Plains (Murray Basin),2007,101,0.3793008723460717
graded_floor_v3,Southern Riverine Plains (Murray Basin),2008,92,0.2265505209869363
graded_floor_v3,Southern Riverine Plains (Murray Basin),2009,88,-0.6438588083757056
graded_floor_v3,Southern Riverine Plains (Murray Basin),2010,88,-1.2958097103133053
graded_floor_v3,Southern Riverine Plains (Murray Basin),2011,89,-0.9223464701238258
graded_floor_v3,Southern Riverine Plains (Murray Basin),2012,91,-0.6165916496732252
graded_floor_v3,Southern Riverine Plains (Murray Basin),2013,94,-0.0076610762806730605
graded_floor_v3,Southern Riverine Plains (Murray Basin),2014,97,0.051479541419145194
graded_floor_v3,Southern Riverine Plains (Murray Basin),2015,99,-0.038209743398459194
graded_floor_v3,Southern Riverine Plains (Murray Basin),2016,100,-0.3137074899396355
graded_floor_v3,Black Warrior River Aquifer System (Eutaw and McShan Formations and Tuscaloosa Group),2002,114,-1.3821014298296694
graded_floor_v3,Black Warrior River Aquifer System (Eutaw and McShan Formations and Tuscaloosa Group),2003,113,-1.2661288596727256
graded_floor_v3,Black Warrior River Aquifer System (Eutaw and McShan Formations and Tuscaloosa Group),2004,111,-0.6481947138407375
graded_floor_v3,Black Warrior River Aquifer System (Eutaw and McShan Formations and Tuscaloosa Group),2005,109,-0.14597894664327818
graded_floor_v3,Black Warrior River Aquifer System (Eutaw and McShan Formations and Tuscaloosa Group),2006,105,0.376220369675836
graded_floor_v3,Black Warrior River Aquifer System (Eutaw and McShan Formations and Tuscaloosa Group),2007,101,-0.0048070270590543146
graded_floor_v3,Black Warrior River Aquifer System (Eutaw and McShan Formations and Tuscaloosa Group),2008,92,-0.3923264599525425
graded_floor_v3,Black Warrior River Aquifer System (Eutaw and McShan Formations and Tuscaloosa Group),2009,88,-0.21874633132974405
graded_floor_v3,Black Warrior River Aquifer System (Eutaw and McShan Formations and Tuscaloosa Group),2010,88,0.20414697086025993
graded_floor_v3,Black Warrior River Aquifer System (Eutaw and McShan Formations and Tuscaloosa Group),2011,89,0.0591657645911806
graded_floor_v3,Black Warrior River Aquifer System (Eutaw and McShan Formations and Tuscaloosa Group),2012,91,0.1316242654321058
graded_floor_v3,Black Warrior River Aquifer System (Eutaw and McShan Formations and Tuscaloosa Group),2013,94,-0.3547607453809989
graded_floor_v3,Black Warrior River Aquifer System (Eutaw and McShan Formations and Tuscaloosa Group),2014,97,-0.5023168522069589
graded_floor_v3,Black Warrior River Aquifer System (Eutaw and McShan Formations and Tuscaloosa Group),2015,99,-0.7205421800940014
graded_floor_v3,Black Warrior River Aquifer System (Eutaw and McShan Formations and Tuscaloosa Group),2016,100,-0.7448399631248112
graded_balanced_v3,Central Parana Basin and Torres Syncline (Guarani Aquifer System),2002,114,0.3021273462779603
graded_balanced_v3,Central Parana Basin and Torres Syncline (Guarani Aquifer System),2003,113,0.35451990631322905
graded_balanced_v3,Central Parana Basin and Torres Syncline (Guarani Aquifer System),2004,111,0.4378437749754363
graded_balanced_v3,Central Parana Basin and Torres Syncline (Guarani Aquifer System),2005,109,0.5588124021337981
graded_balanced_v3,Central Parana Basin and Torres Syncline (Guarani Aquifer System),2006,105,0.6437300087721627
graded_balanced_v3,Central Parana Basin and Torres Syncline (Guarani Aquifer System),2007,101,0.5221018597428407
graded_balanced_v3,Central Parana Basin and Torres Syncline (Guarani Aquifer System),2008,92,0.6090259105474215
graded_balanced_v3,Central Parana Basin and Torres Syncline (Guarani Aquifer System),2009,88,0.2832668016263622
graded_balanced_v3,Central Parana Basin and Torres Syncline (Guarani Aquifer System),2010,88,0.0059606227501886305
graded_balanced_v3,Central Parana Basin and Torres Syncline (Guarani Aquifer System),2011,89,-0.3581265227905652
graded_balanced_v3,Central Parana Basin and Torres Syncline (Guarani Aquifer System),2012,91,-0.9865151916462289
graded_balanced_v3,Central Parana Basin and Torres Syncline (Guarani Aquifer System),2013,94,-1.1100371212581843
graded_balanced_v3,Central Parana Basin and Torres Syncline (Guarani Aquifer System),2014,97,-0.8718192069070683
graded_balanced_v3,Central Parana Basin and Torres Syncline (Guarani Aquifer System),2015,99,-0.8637295049381947
graded_balanced_v3,Central Parana Basin and Torres Syncline (Guarani Aquifer System),2016,100,-0.46972235200569945
graded_balanced_v3,Northern Guarani Aquifer (Guarani Aquifer System),2002,114,-0.001418602097274166
graded_balanced_v3,Northern Guarani Aquifer (Guarani Aquifer System),2003,113,-0.026590500636553473
graded_balanced_v3,Northern Guarani Aquifer (Guarani Aquifer System),2004,111,-0.02404745135488955
graded_balanced_v3,Northern Guarani Aquifer (Guarani Aquifer System),2005,109,0.054649091900444334
graded_balanced_v3,Northern Guarani Aquifer (Guarani Aquifer System),2006,105,0.23857099338806398
graded_balanced_v3,Northern Guarani Aquifer (Guarani Aquifer System),2007,101,0.22974523485267165
graded_balanced_v3,Northern Guarani Aquifer (Guarani Aquifer System),2008,92,0.08151832782318168
graded_balanced_v3,Northern Guarani Aquifer (Guarani Aquifer System),2009,88,-0.23360861628076882
graded_balanced_v3,Northern Guarani Aquifer (Guarani Aquifer System),2010,88,-0.24616189722321097
graded_balanced_v3,Northern Guarani Aquifer (Guarani Aquifer System),2011,89,-0.7032206621758308
graded_balanced_v3,Northern Guarani Aquifer (Guarani Aquifer System),2012,91,-1.1536870749973647
graded_balanced_v3,Northern Guarani Aquifer (Guarani Aquifer System),2013,94,-1.1733982012148976
graded_balanced_v3,Northern Guarani Aquifer (Guarani Aquifer System),2014,97,-1.1806030453876022
graded_balanced_v3,Northern Guarani Aquifer (Guarani Aquifer System),2015,99,-1.3101224982472492
graded_balanced_v3,Northern Guarani Aquifer (Guarani Aquifer System),2016,100,-1.1363404135977995
graded_balanced_v3,Southwestern Chaco-Lower Parana Basin (Guarani Aquifer System),2002,114,-0.3702306851355331
graded_balanced_v3,Southwestern Chaco-Lower Parana Basin (Guarani Aquifer System),2003,113,0.1752697647783445
graded_balanced_v3,Southwestern Chaco-Lower Parana Basin (Guarani Aquifer System),2004,111,0.5162642101824713
graded_balanced_v3,Southwestern Chaco-Lower Parana Basin (Guarani Aquifer System),2005,109,0.6608179416002133
graded_balanced_v3,Southwestern Chaco-Lower Parana Basin (Guarani Aquifer System),2006,105,0.8650239956275769
graded_balanced_v3,Southwestern Chaco-Lower Parana Basin (Guarani Aquifer System),2007,101,0.8501560078698112
graded_balanced_v3,Southwestern Chaco-Lower Parana Basin (Guarani Aquifer System),2008,92,1.4601008325763183
graded_balanced_v3,Southwestern Chaco-Lower Parana Basin (Guarani Aquifer System),2009,88,0.9856368542329225
graded_balanced_v3,Southwestern Chaco-Lower Parana Basin (Guarani Aquifer System),2010,88,0.6753424744135257
graded_balanced_v3,Southwestern Chaco-Lower Parana Basin (Guarani Aquifer System),2011,89,0.11794123198386698
graded_balanced_v3,Southwestern Chaco-Lower Parana Basin (Guarani Aquifer System),2012,91,-0.6723211674921499
graded_balanced_v3,Southwestern Chaco-Lower Parana Basin (Guarani Aquifer System),2013,94,-1.3605525988921177
graded_balanced_v3,Southwestern Chaco-Lower Parana Basin (Guarani Aquifer System),2014,97,-1.5032445817220281
graded_balanced_v3,Southwestern Chaco-Lower Parana Basin (Guarani Aquifer System),2015,99,-1.2035891102289997
graded_balanced_v3,Southwestern Chaco-Lower Parana Basin (Guarani Aquifer System),2016,100,-0.9520168003888135
graded_balanced_v3,Amazonas Basin and Alter de Chao Aquifer System (Amazon Aquifer System),2002,114,-0.920999802819104
graded_balanced_v3,Amazonas Basin and Alter de Chao Aquifer System (Amazon Aquifer System),2003,113,-1.4852943697032035
graded_balanced_v3,Amazonas Basin and Alter de Chao Aquifer System (Amazon Aquifer System),2004,111,-1.2664031487991165
graded_balanced_v3,Amazonas Basin and Alter de Chao Aquifer System (Amazon Aquifer System),2005,109,-1.2940610546927764
graded_balanced_v3,Amazonas Basin and Alter de Chao Aquifer System (Amazon Aquifer System),2006,105,-1.8629042528974984
graded_balanced_v3,Amazonas Basin and Alter de Chao Aquifer System (Amazon Aquifer System),2007,101,-1.7928915798211469
graded_balanced_v3,Amazonas Basin and Alter de Chao Aquifer System (Amazon Aquifer System),2008,92,-1.420693367898755
graded_balanced_v3,Amazonas Basin and Alter de Chao Aquifer System (Amazon Aquifer System),2009,88,-1.109145908146151
graded_balanced_v3,Amazonas Basin and Alter de Chao Aquifer System (Amazon Aquifer System),2010,88,-1.1086782738946546
graded_balanced_v3,Amazonas Basin and Alter de Chao Aquifer System (Amazon Aquifer System),2011,89,-0.9244285221439306
graded_balanced_v3,Amazonas Basin and Alter de Chao Aquifer System (Amazon Aquifer System),2012,91,-0.47282846622871866
graded_balanced_v3,Amazonas Basin and Alter de Chao Aquifer System (Amazon Aquifer System),2013,94,-0.5980354457941554
graded_balanced_v3,Amazonas Basin and Alter de Chao Aquifer System (Amazon Aquifer System),2014,97,-0.9088755190639347
graded_balanced_v3,Amazonas Basin and Alter de Chao Aquifer System (Amazon Aquifer System),2015,99,-1.51308363015142
graded_balanced_v3,Amazonas Basin and Alter de Chao Aquifer System (Amazon Aquifer System),2016,100,-2.486491129937446
graded_balanced_v3,Poolowanna Trough and Western Eromanga Basin (Great Artesian Basin),2002,114,0.5100843640823621
graded_balanced_v3,Poolowanna Trough and Western Eromanga Basin (Great Artesian Basin),2003,113,0.6776446268283924
graded_balanced_v3,Poolowanna Trough and Western Eromanga Basin (Great Artesian Basin),2004,111,0.6418800617797935
graded_balanced_v3,Poolowanna Trough and Western Eromanga Basin (Great Artesian Basin),2005,109,0.4935734375675836
graded_balanced_v3,Poolowanna Trough and Western Eromanga Basin (Great Artesian Basin),2006,105,0.3285309311695489
graded_balanced_v3,Poolowanna Trough and Western Eromanga Basin (Great Artesian Basin),2007,101,0.25402263668531727
graded_balanced_v3,Poolowanna Trough and Western Eromanga Basin (Great Artesian Basin),2008,92,0.19731736757775323
graded_balanced_v3,Poolowanna Trough and Western Eromanga Basin (Great Artesian Basin),2009,88,-0.3179235781204335
graded_balanced_v3,Poolowanna Trough and Western Eromanga Basin (Great Artesian Basin),2010,88,-0.8719790155284133
graded_balanced_v3,Poolowanna Trough and Western Eromanga Basin (Great Artesian Basin),2011,89,-0.7677179147033918
graded_balanced_v3,Poolowanna Trough and Western Eromanga Basin (Great Artesian Basin),2012,91,-0.4162751997042851
graded_balanced_v3,Poolowanna Trough and Western Eromanga Basin (Great Artesian Basin),2013,94,-0.05822614761445262
graded_balanced_v3,Poolowanna Trough and Western Eromanga Basin (Great Artesian Basin),2014,97,0.042547957806437005
graded_balanced_v3,Poolowanna Trough and Western Eromanga Basin (Great Artesian Basin),2015,99,-0.02630655685563088
graded_balanced_v3,Poolowanna Trough and Western Eromanga Basin (Great Artesian Basin),2016,100,-0.08086331928234561
graded_balanced_v3,Eastern Eromanga Basin (Great Artesian Basin),2002,114,0.6973567251153359
graded_balanced_v3,Eastern Eromanga Basin (Great Artesian Basin),2003,113,0.7705773833664599
graded_balanced_v3,Eastern Eromanga Basin (Great Artesian Basin),2004,111,0.45845833969742744
graded_balanced_v3,Eastern Eromanga Basin (Great Artesian Basin),2005,109,0.036858517667636335
graded_balanced_v3,Eastern Eromanga Basin (Great Artesian Basin),2006,105,-0.445935215724194
graded_balanced_v3,Eastern Eromanga Basin (Great Artesian Basin),2007,101,-0.8543990795593667
graded_balanced_v3,Eastern Eromanga Basin (Great Artesian Basin),2008,92,-1.2309247129038883
graded_balanced_v3,Eastern Eromanga Basin (Great Artesian Basin),2009,88,-1.9463818578083458
graded_balanced_v3,Eastern Eromanga Basin (Great Artesian Basin),2010,88,-2.5578976550991745
graded_balanced_v3,Eastern Eromanga Basin (Great Artesian Basin),2011,89,-2.0527909526175256
graded_balanced_v3,Eastern Eromanga Basin (Great Artesian Basin),2012,91,-1.4472595933699846
graded_balanced_v3,Eastern Eromanga Basin (Great Artesian Basin),2013,94,-0.526223145534986
graded_balanced_v3,Eastern Eromanga Basin (Great Artesian Basin),2014,97,-0.254874191257201
graded_balanced_v3,Eastern Eromanga Basin (Great Artesian Basin),2015,99,-0.13443371545636162
graded_balanced_v3,Eastern Eromanga Basin (Great Artesian Basin),2016,100,-0.05589909222357388
graded_balanced_v3,Northern Eromanga Basin (Great Artesian Basin),2002,114,3.180838865063846
graded_balanced_v3,Northern Eromanga Basin (Great Artesian Basin),2003,113,2.978006751589076
graded_balanced_v3,Northern Eromanga Basin (Great Artesian Basin),2004,111,2.508621855294103
graded_balanced_v3,Northern Eromanga Basin (Great Artesian Basin),2005,109,1.9971729150212638
graded_balanced_v3,Northern Eromanga Basin (Great Artesian Basin),2006,105,1.389152321686021
graded_balanced_v3,Northern Eromanga Basin (Great Artesian Basin),2007,101,1.2444845844571943
graded_balanced_v3,Northern Eromanga Basin (Great Artesian Basin),2008,92,1.0518935557492488
graded_balanced_v3,Northern Eromanga Basin (Great Artesian Basin),2009,88,0.909577167995723
graded_balanced_v3,Northern Eromanga Basin (Great Artesian Basin),2010,88,1.1858881957770686
graded_balanced_v3,Northern Eromanga Basin (Great Artesian Basin),2011,89,1.599464932960286
graded_balanced_v3,Northern Eromanga Basin (Great Artesian Basin),2012,91,2.027912957648222
graded_balanced_v3,Northern Eromanga Basin (Great Artesian Basin),2013,94,2.515081791962577
graded_balanced_v3,Northern Eromanga Basin (Great Artesian Basin),2014,97,2.6814883988269833
graded_balanced_v3,Northern Eromanga Basin (Great Artesian Basin),2015,99,2.5844327269458334
graded_balanced_v3,Northern Eromanga Basin (Great Artesian Basin),2016,100,2.476930328475335
graded_balanced_v3,Northern High Plains (High Plains),2002,114,0.8519629719030403
graded_balanced_v3,Northern High Plains (High Plains),2003,113,0.2750626151074261
graded_balanced_v3,Northern High Plains (High Plains),2004,111,-0.028343907897975456
graded_balanced_v3,Northern High Plains (High Plains),2005,109,-0.1075389112757591
graded_balanced_v3,Northern High Plains (High Plains),2006,105,-0.2693959005087648
graded_balanced_v3,Northern High Plains (High Plains),2007,101,-0.5450402218802011
graded_balanced_v3,Northern High Plains (High Plains),2008,92,-0.49241014517645704
graded_balanced_v3,Northern High Plains (High Plains),2009,88,-0.29795896532360006
graded_balanced_v3,Northern High Plains (High Plains),2010,88,0.2656310407598543
graded_balanced_v3,Northern High Plains (High Plains),2011,89,0.3875586427489153
graded_balanced_v3,Northern High Plains (High Plains),2012,91,0.43632036582286626
graded_balanced_v3,Northern High Plains (High Plains),2013,94,-0.014115700875742807
graded_balanced_v3,Northern High Plains (High Plains),2014,97,0.008865294573689737
graded_balanced_v3,Northern High Plains (High Plains),2015,99,0.026971962468910992
graded_balanced_v3,Northern High Plains (High Plains),2016,100,-0.025624007600125894
graded_balanced_v3,Williston Basin (Northern Great Plains),2002,114,1.6355885773887686
graded_balanced_v3,Williston Basin (Northern Great Plains),2003,113,1.3989772173145985
graded_balanced_v3,Williston Basin (Northern Great Plains),2004,111,1.3052440859000398
graded_balanced_v3,Williston Basin (Northern Great Plains),2005,109,1.2629606942208413
graded_balanced_v3,Williston Basin (Northern Great Plains),2006,105,1.0266786658605784
graded_balanced_v3,Williston Basin (Northern Great Plains),2007,101,0.6686815723554681
graded_balanced_v3,Williston Basin (Northern Great Plains),2008,92,0.30968121683711086
graded_balanced_v3,Williston Basin (Northern Great Plains),2009,88,-0.2326764115333472
graded_balanced_v3,Williston Basin (Northern Great Plains),2010,88,-0.18847036845836482
graded_balanced_v3,Williston Basin (Northern Great Plains),2011,89,-0.009307558713307313
graded_balanced_v3,Williston Basin (Northern Great Plains),2012,91,0.17202598466303032
graded_balanced_v3,Williston Basin (Northern Great Plains),2013,94,0.06436295719046899
graded_balanced_v3,Williston Basin (Northern Great Plains),2014,97,0.10347999985335721
graded_balanced_v3,Williston Basin (Northern Great Plains),2015,99,0.18973243236574167
graded_balanced_v3,Williston Basin (Northern Great Plains),2016,100,0.11745312076131575
graded_balanced_v3,Central Eromanga Depocenter (Great Artesian Basin),2002,114,-0.2945876294929058
graded_balanced_v3,Central Eromanga Depocenter (Great Artesian Basin),2003,113,-0.10675509097081883
graded_balanced_v3,Central Eromanga Depocenter (Great Artesian Basin),2004,111,-0.21727167670505684
graded_balanced_v3,Central Eromanga Depocenter (Great Artesian Basin),2005,109,-0.5763423286386756
graded_balanced_v3,Central Eromanga Depocenter (Great Artesian Basin),2006,105,-0.98418390282412
graded_balanced_v3,Central Eromanga Depocenter (Great Artesian Basin),2007,101,-1.2496031512728938
graded_balanced_v3,Central Eromanga Depocenter (Great Artesian Basin),2008,92,-1.462922021972131
graded_balanced_v3,Central Eromanga Depocenter (Great Artesian Basin),2009,88,-2.2318252950979782
graded_balanced_v3,Central Eromanga Depocenter (Great Artesian Basin),2010,88,-2.992440402780574
graded_balanced_v3,Central Eromanga Depocenter (Great Artesian Basin),2011,89,-2.7174249127129793
graded_balanced_v3,Central Eromanga Depocenter (Great Artesian Basin),2012,91,-2.2506867759228766
graded_balanced_v3,Central Eromanga Depocenter (Great Artesian Basin),2013,94,-1.692715655019207
graded_balanced_v3,Central Eromanga Depocenter (Great Artesian Basin),2014,97,-1.491853046118948
graded_balanced_v3,Central Eromanga Depocenter (Great Artesian Basin),2015,99,-1.4801982639772344
graded_balanced_v3,Central Eromanga Depocenter (Great Artesian Basin),2016,100,-1.4130860114091943
graded_balanced_v3,Western Parecis Basin (Parecis Basin),2002,114,0.8609235476176442
graded_balanced_v3,Western Parecis Basin (Parecis Basin),2003,113,0.7370980311957805
graded_balanced_v3,Western Parecis Basin (Parecis Basin),2004,111,0.9210717317230661
graded_balanced_v3,Western Parecis Basin (Parecis Basin),2005,109,0.9526991951600583
graded_balanced_v3,Western Parecis Basin (Parecis Basin),2006,105,0.8321073293771675
graded_balanced_v3,Western Parecis Basin (Parecis Basin),2007,101,0.8906954554880896
graded_balanced_v3,Western Parecis Basin (Parecis Basin),2008,92,1.0373202398292094
graded_balanced_v3,Western Parecis Basin (Parecis Basin),2009,88,1.0929083728285922
graded_balanced_v3,Western Parecis Basin (Parecis Basin),2010,88,1.1981976682918087
graded_balanced_v3,Western Parecis Basin (Parecis Basin),2011,89,0.48085329336343957
graded_balanced_v3,Western Parecis Basin (Parecis Basin),2012,91,0.48886516126892404
graded_balanced_v3,Western Parecis Basin (Parecis Basin),2013,94,0.08490600746696254
graded_balanced_v3,Western Parecis Basin (Parecis Basin),2014,97,-0.14490426916302165
graded_balanced_v3,Western Parecis Basin (Parecis Basin),2015,99,-0.38713554827796354
graded_balanced_v3,Western Parecis Basin (Parecis Basin),2016,100,-0.5943510464918933
graded_balanced_v3,Upper Gangetic Plain (Indo-Gangetic Plain),2002,114,1.3219112177387207
graded_balanced_v3,Upper Gangetic Plain (Indo-Gangetic Plain),2003,113,1.2602286720155036
graded_balanced_v3,Upper Gangetic Plain (Indo-Gangetic Plain),2004,111,1.5380607021666444
graded_balanced_v3,Upper Gangetic Plain (Indo-Gangetic Plain),2005,109,1.4228304671675205
graded_balanced_v3,Upper Gangetic Plain (Indo-Gangetic Plain),2006,105,1.2254435505376098
graded_balanced_v3,Upper Gangetic Plain (Indo-Gangetic Plain),2007,101,0.9676445193149551
graded_balanced_v3,Upper Gangetic Plain (Indo-Gangetic Plain),2008,92,0.6153821750715233
graded_balanced_v3,Upper Gangetic Plain (Indo-Gangetic Plain),2009,88,0.7162953579464801
graded_balanced_v3,Upper Gangetic Plain (Indo-Gangetic Plain),2010,88,0.9995949010863108
graded_balanced_v3,Upper Gangetic Plain (Indo-Gangetic Plain),2011,89,1.0414579505188821
graded_balanced_v3,Upper Gangetic Plain (Indo-Gangetic Plain),2012,91,1.558475419922743
graded_balanced_v3,Upper Gangetic Plain (Indo-Gangetic Plain),2013,94,1.752590423125851
graded_balanced_v3,Upper Gangetic Plain (Indo-Gangetic Plain),2014,97,1.9100328542709024
graded_balanced_v3,Upper Gangetic Plain (Indo-Gangetic Plain),2015,99,1.9210278647786645
graded_balanced_v3,Upper Gangetic Plain (Indo-Gangetic Plain),2016,100,2.137817838669851
graded_balanced_v3,Stampriet Kalahari Karoo Aquifer System,2002,114,0.8781266559828218
graded_balanced_v3,Stampriet Kalahari Karoo Aquifer System,2003,113,0.8700105515303195
graded_balanced_v3,Stampriet Kalahari Karoo Aquifer System,2004,111,0.4204636571979978
graded_balanced_v3,Stampriet Kalahari Karoo Aquifer System,2005,109,0.15409947581314673
graded_balanced_v3,Stampriet Kalahari Karoo Aquifer System,2006,105,-0.1853069704862516
graded_balanced_v3,Stampriet Kalahari Karoo Aquifer System,2007,101,-0.1630351961503217
graded_balanced_v3,Stampriet Kalahari Karoo Aquifer System,2008,92,-0.395397486066197
graded_balanced_v3,Stampriet Kalahari Karoo Aquifer System,2009,88,-0.8465324232456086
graded_balanced_v3,Stampriet Kalahari Karoo Aquifer System,2010,88,-1.247589123057909
graded_balanced_v3,Stampriet Kalahari Karoo Aquifer System,2011,89,-1.3387243318420363
graded_balanced_v3,Stampriet Kalahari Karoo Aquifer System,2012,91,-0.8103395072870454
graded_balanced_v3,Stampriet Kalahari Karoo Aquifer System,2013,94,-0.5511731477147974
graded_balanced_v3,Stampriet Kalahari Karoo Aquifer System,2014,97,-0.6159073960811651
graded_balanced_v3,Stampriet Kalahari Karoo Aquifer System,2015,99,-0.4764492040031843
graded_balanced_v3,Stampriet Kalahari Karoo Aquifer System,2016,100,-0.2972523872738007
graded_balanced_v3,Northcentral Mega Aquifer System (Mega Aquifer System),2002,114,-0.5971004475144789
graded_balanced_v3,Northcentral Mega Aquifer System (Mega Aquifer System),2003,113,-0.7272187961002206
graded_balanced_v3,Northcentral Mega Aquifer System (Mega Aquifer System),2004,111,-0.8032025401658388
graded_balanced_v3,Northcentral Mega Aquifer System (Mega Aquifer System),2005,109,-0.6810980829106298
graded_balanced_v3,Northcentral Mega Aquifer System (Mega Aquifer System),2006,105,-0.4609400170053546
graded_balanced_v3,Northcentral Mega Aquifer System (Mega Aquifer System),2007,101,-0.2829496669075141
graded_balanced_v3,Northcentral Mega Aquifer System (Mega Aquifer System),2008,92,-0.11428619839856562
graded_balanced_v3,Northcentral Mega Aquifer System (Mega Aquifer System),2009,88,0.07779303020853844
graded_balanced_v3,Northcentral Mega Aquifer System (Mega Aquifer System),2010,88,0.17153675214466454
graded_balanced_v3,Northcentral Mega Aquifer System (Mega Aquifer System),2011,89,0.1539940884182061
graded_balanced_v3,Northcentral Mega Aquifer System (Mega Aquifer System),2012,91,0.08142746458700098
graded_balanced_v3,Northcentral Mega Aquifer System (Mega Aquifer System),2013,94,0.01239582432226535
graded_balanced_v3,Northcentral Mega Aquifer System (Mega Aquifer System),2014,97,0.04682345660363908
graded_balanced_v3,Northcentral Mega Aquifer System (Mega Aquifer System),2015,99,0.012661359356193539
graded_balanced_v3,Northcentral Mega Aquifer System (Mega Aquifer System),2016,100,-0.0727176199335227
graded_balanced_v3,Ozark Plateaus Aquifer System,2002,114,-1.585793442920836
graded_balanced_v3,Ozark Plateaus Aquifer System,2003,113,-2.0993632322596736
graded_balanced_v3,Ozark Plateaus Aquifer System,2004,111,-1.9488918240235114
graded_balanced_v3,Ozark Plateaus Aquifer System,2005,109,-1.627627031210636
graded_balanced_v3,Ozark Plateaus Aquifer System,2006,105,-1.7386706892355932
graded_balanced_v3,Ozark Plateaus Aquifer System,2007,101,-2.0549360926342546
graded_balanced_v3,Ozark Plateaus Aquifer System,2008,92,-2.0198707783515
graded_balanced_v3,Ozark Plateaus Aquifer System,2009,88,-1.600813467781814
graded_balanced_v3,Ozark Plateaus Aquifer System,2010,88,-0.6616527676761154
graded_balanced_v3,Ozark Plateaus Aquifer System,2011,89,-0.7698158207678316
graded_balanced_v3,Ozark Plateaus Aquifer System,2012,91,-0.9347056557080631
graded_balanced_v3,Ozark Plateaus Aquifer System,2013,94,-1.8193881458533354
graded_balanced_v3,Ozark Plateaus Aquifer System,2014,97,-2.294410164449687
graded_balanced_v3,Ozark Plateaus Aquifer System,2015,99,-2.7567592065157878
graded_balanced_v3,Ozark Plateaus Aquifer System,2016,100,-2.7015118705837655
graded_balanced_v3,Western Karoo Basin (Main Karoo Basin),2002,114,2.2019471595336024
graded_balanced_v3,Western Karoo Basin (Main Karoo Basin),2003,113,2.2110741447539777
graded_balanced_v3,Western Karoo Basin (Main Karoo Basin),2004,111,2.051147393195154
graded_balanced_v3,Western Karoo Basin (Main Karoo Basin),2005,109,1.8591763486366648
graded_balanced_v3,Western Karoo Basin (Main Karoo Basin),2006,105,1.6637683723081627
graded_balanced_v3,Western Karoo Basin (Main Karoo Basin),2007,101,1.6831261788094232
graded_balanced_v3,Western Karoo Basin (Main Karoo Basin),2008,92,1.6192845354537961
graded_balanced_v3,Western Karoo Basin (Main Karoo Basin),2009,88,1.6269780065074881
graded_balanced_v3,Western Karoo Basin (Main Karoo Basin),2010,88,1.5841124486466491
graded_balanced_v3,Western Karoo Basin (Main Karoo Basin),2011,89,1.5594177702965881
graded_balanced_v3,Western Karoo Basin (Main Karoo Basin),2012,91,1.7556275412883349
graded_balanced_v3,Western Karoo Basin (Main Karoo Basin),2013,94,2.0689625773126297
graded_balanced_v3,Western Karoo Basin (Main Karoo Basin),2014,97,2.242501082634141
graded_balanced_v3,Western Karoo Basin (Main Karoo Basin),2015,99,2.355833155399195
graded_balanced_v3,Western Karoo Basin (Main Karoo Basin),2016,100,2.5474426796156657
graded_balanced_v3,Middle Gangetic Plain (Indo-Gangetic Plain),2002,114,-0.24725073022494212
graded_balanced_v3,Middle Gangetic Plain (Indo-Gangetic Plain),2003,113,-0.26644611799393575
graded_balanced_v3,Middle Gangetic Plain (Indo-Gangetic Plain),2004,111,-0.06477946582476722
graded_balanced_v3,Middle Gangetic Plain (Indo-Gangetic Plain),2005,109,0.0316511708560365
graded_balanced_v3,Middle Gangetic Plain (Indo-Gangetic Plain),2006,105,-0.26496999105852337
graded_balanced_v3,Middle Gangetic Plain (Indo-Gangetic Plain),2007,101,-0.3084560641228314
graded_balanced_v3,Middle Gangetic Plain (Indo-Gangetic Plain),2008,92,-0.4141453161773307
graded_balanced_v3,Middle Gangetic Plain (Indo-Gangetic Plain),2009,88,-0.49491052901493393
graded_balanced_v3,Middle Gangetic Plain (Indo-Gangetic Plain),2010,88,-0.2965097438025156
graded_balanced_v3,Middle Gangetic Plain (Indo-Gangetic Plain),2011,89,0.0031077182072360215
graded_balanced_v3,Middle Gangetic Plain (Indo-Gangetic Plain),2012,91,0.4817979583929572
graded_balanced_v3,Middle Gangetic Plain (Indo-Gangetic Plain),2013,94,0.5856375266506215
graded_balanced_v3,Middle Gangetic Plain (Indo-Gangetic Plain),2014,97,0.5483874632585994
graded_balanced_v3,Middle Gangetic Plain (Indo-Gangetic Plain),2015,99,0.5965816253464431
graded_balanced_v3,Middle Gangetic Plain (Indo-Gangetic Plain),2016,100,0.6710911478124013
graded_balanced_v3,Northern Mega Aquifer System (Mega Aquifer System),2002,114,-0.7135073721798795
graded_balanced_v3,Northern Mega Aquifer System (Mega Aquifer System),2003,113,-0.8694838625401226
graded_balanced_v3,Northern Mega Aquifer System (Mega Aquifer System),2004,111,-0.8569606601364956
graded_balanced_v3,Northern Mega Aquifer System (Mega Aquifer System),2005,109,-0.6353877296267819
graded_balanced_v3,Northern Mega Aquifer System (Mega Aquifer System),2006,105,-0.38049993648607033
graded_balanced_v3,Northern Mega Aquifer System (Mega Aquifer System),2007,101,-0.07684222422560813
graded_balanced_v3,Northern Mega Aquifer System (Mega Aquifer System),2008,92,0.13104511016000267
graded_balanced_v3,Northern Mega Aquifer System (Mega Aquifer System),2009,88,0.33484462676005067
graded_balanced_v3,Northern Mega Aquifer System (Mega Aquifer System),2010,88,0.44035908114924094
graded_balanced_v3,Northern Mega Aquifer System (Mega Aquifer System),2011,89,0.3399080616210217
graded_balanced_v3,Northern Mega Aquifer System (Mega Aquifer System),2012,91,0.15487997607515597
graded_balanced_v3,Northern Mega Aquifer System (Mega Aquifer System),2013,94,-0.04524414898101176
graded_balanced_v3,Northern Mega Aquifer System (Mega Aquifer System),2014,97,-0.02950647171137681
graded_balanced_v3,Northern Mega Aquifer System (Mega Aquifer System),2015,99,-0.025755920318767635
graded_balanced_v3,Northern Mega Aquifer System (Mega Aquifer System),2016,100,-0.1359040821799618
graded_balanced_v3,Canning Basin,2002,114,-0.3074503701898854
graded_balanced_v3,Canning Basin,2003,113,-0.39592246007158305
graded_balanced_v3,Canning Basin,2004,111,-0.2678060616382518
graded_balanced_v3,Canning Basin,2005,109,-0.2953874388034836
graded_balanced_v3,Canning Basin,2006,105,-0.5825876786013587
graded_balanced_v3,Canning Basin,2007,101,-0.549977700225659
graded_balanced_v3,Canning Basin,2008,92,-0.3447198528835869
graded_balanced_v3,Canning Basin,2009,88,-0.6777155826763008
graded_balanced_v3,Canning Basin,2010,88,-1.1842154967812746
graded_balanced_v3,Canning Basin,2011,89,-1.0496592810370848
graded_balanced_v3,Canning Basin,2012,91,-0.760192164568286
graded_balanced_v3,Canning Basin,2013,94,-0.4275442662009345
graded_balanced_v3,Canning Basin,2014,97,-0.200116412161953
graded_balanced_v3,Canning Basin,2015,99,-0.0337742262921746
graded_balanced_v3,Canning Basin,2016,100,-0.11501335164562695
graded_balanced_v3,Central Karoo Basin (Main Karoo Basin),2002,114,-0.26042351367950156
graded_balanced_v3,Central Karoo Basin (Main Karoo Basin),2003,113,-0.1656475909664544
graded_balanced_v3,Central Karoo Basin (Main Karoo Basin),2004,111,-0.44311165614245795
graded_balanced_v3,Central Karoo Basin (Main Karoo Basin),2005,109,-0.6303786814941702
graded_balanced_v3,Central Karoo Basin (Main Karoo Basin),2006,105,-0.942204813513763
graded_balanced_v3,Central Karoo Basin (Main Karoo Basin),2007,101,-0.7196504546708707
graded_balanced_v3,Central Karoo Basin (Main Karoo Basin),2008,92,-0.8471778465065942
graded_balanced_v3,Central Karoo Basin (Main Karoo Basin),2009,88,-0.9575322116960306
graded_balanced_v3,Central Karoo Basin (Main Karoo Basin),2010,88,-0.8630971056982059
graded_balanced_v3,Central Karoo Basin (Main Karoo Basin),2011,89,-0.6391015206503651
graded_balanced_v3,Central Karoo Basin (Main Karoo Basin),2012,91,-0.2415074315236909
graded_balanced_v3,Central Karoo Basin (Main Karoo Basin),2013,94,0.264190431438761
graded_balanced_v3,Central Karoo Basin (Main Karoo Basin),2014,97,0.43852231128512625
graded_balanced_v3,Central Karoo Basin (Main Karoo Basin),2015,99,0.28206977123770777
graded_balanced_v3,Central Karoo Basin (Main Karoo Basin),2016,100,0.3113233595314888
graded_balanced_v3,Southern Carpentaria Basin (Great Artesian Basin),2002,114,0.9744519424105471
graded_balanced_v3,Southern Carpentaria Basin (Great Artesian Basin),2003,113,0.6287508203523463
graded_balanced_v3,Southern Carpentaria Basin (Great Artesian Basin),2004,111,0.13808643150410252
graded_balanced_v3,Southern Carpentaria Basin (Great Artesian Basin),2005,109,-0.249625546498671
graded_balanced_v3,Southern Carpentaria Basin (Great Artesian Basin),2006,105,-0.6873922074151652
graded_balanced_v3,Southern Carpentaria Basin (Great Artesian Basin),2007,101,-0.46857389370442787
graded_balanced_v3,Southern Carpentaria Basin (Great Artesian Basin),2008,92,-0.4620397304247723
graded_balanced_v3,Southern Carpentaria Basin (Great Artesian Basin),2009,88,-0.49387330435511506
graded_balanced_v3,Southern Carpentaria Basin (Great Artesian Basin),2010,88,-0.5940077927037197
graded_balanced_v3,Southern Carpentaria Basin (Great Artesian Basin),2011,89,-0.18836664494655914
graded_balanced_v3,Southern Carpentaria Basin (Great Artesian Basin),2012,91,0.24558026901919872
graded_balanced_v3,Southern Carpentaria Basin (Great Artesian Basin),2013,94,0.4724488340849556
graded_balanced_v3,Southern Carpentaria Basin (Great Artesian Basin),2014,97,0.551404862890881
graded_balanced_v3,Southern Carpentaria Basin (Great Artesian Basin),2015,99,0.731662044658342
graded_balanced_v3,Southern Carpentaria Basin (Great Artesian Basin),2016,100,0.7417629076659216
graded_balanced_v3,Eastern Parecis Basin (Parecis Basin),2002,114,-0.5416393874749944
graded_balanced_v3,Eastern Parecis Basin (Parecis Basin),2003,113,-0.7195780799147864
graded_balanced_v3,Eastern Parecis Basin (Parecis Basin),2004,111,-0.3226923159998031
graded_balanced_v3,Eastern Parecis Basin (Parecis Basin),2005,109,-0.30587146993174247
graded_balanced_v3,Eastern Parecis Basin (Parecis Basin),2006,105,-0.35227003715932964
graded_balanced_v3,Eastern Parecis Basin (Parecis Basin),2007,101,-0.3238251303490499
graded_balanced_v3,Eastern Parecis Basin (Parecis Basin),2008,92,-0.3409887018310438
graded_balanced_v3,Eastern Parecis Basin (Parecis Basin),2009,88,-0.5474408522560972
graded_balanced_v3,Eastern Parecis Basin (Parecis Basin),2010,88,-0.4523347064734747
graded_balanced_v3,Eastern Parecis Basin (Parecis Basin),2011,89,-1.1333949729255843
graded_balanced_v3,Eastern Parecis Basin (Parecis Basin),2012,91,-1.0409818849039392
graded_balanced_v3,Eastern Parecis Basin (Parecis Basin),2013,94,-1.5203676384485438
graded_balanced_v3,Eastern Parecis Basin (Parecis Basin),2014,97,-1.5957535122023812
graded_balanced_v3,Eastern Parecis Basin (Parecis Basin),2015,99,-1.5937382290114375
graded_balanced_v3,Eastern Parecis Basin (Parecis Basin),2016,100,-1.872177689567342
graded_balanced_v3,Eastern Poti and Piaui and Cabecas and Serra Grande Aquifers (Parnaiba Basin),2002,114,0.3677753914712958
graded_balanced_v3,Eastern Poti and Piaui and Cabecas and Serra Grande Aquifers (Parnaiba Basin),2003,113,-0.06230199201941556
graded_balanced_v3,Eastern Poti and Piaui and Cabecas and Serra Grande Aquifers (Parnaiba Basin),2004,111,-0.01493849939802331
graded_balanced_v3,Eastern Poti and Piaui and Cabecas and Serra Grande Aquifers (Parnaiba Basin),2005,109,-0.15658731334553877
graded_balanced_v3,Eastern Poti and Piaui and Cabecas and Serra Grande Aquifers (Parnaiba Basin),2006,105,-0.2278113498085607
graded_balanced_v3,Eastern Poti and Piaui and Cabecas and Serra Grande Aquifers (Parnaiba Basin),2007,101,-0.26498805055332136
graded_balanced_v3,Eastern Poti and Piaui and Cabecas and Serra Grande Aquifers (Parnaiba Basin),2008,92,-0.302327400509257
graded_balanced_v3,Eastern Poti and Piaui and Cabecas and Serra Grande Aquifers (Parnaiba Basin),2009,88,0.034471089456932176
graded_balanced_v3,Eastern Poti and Piaui and Cabecas and Serra Grande Aquifers (Parnaiba Basin),2010,88,0.5613731506615668
graded_balanced_v3,Eastern Poti and Piaui and Cabecas and Serra Grande Aquifers (Parnaiba Basin),2011,89,0.6694050945490585
graded_balanced_v3,Eastern Poti and Piaui and Cabecas and Serra Grande Aquifers (Parnaiba Basin),2012,91,0.9744607368200934
graded_balanced_v3,Eastern Poti and Piaui and Cabecas and Serra Grande Aquifers (Parnaiba Basin),2013,94,0.7558372872809145
graded_balanced_v3,Eastern Poti and Piaui and Cabecas and Serra Grande Aquifers (Parnaiba Basin),2014,97,0.554479098926215
graded_balanced_v3,Eastern Poti and Piaui and Cabecas and Serra Grande Aquifers (Parnaiba Basin),2015,99,0.31703508985533624
graded_balanced_v3,Eastern Poti and Piaui and Cabecas and Serra Grande Aquifers (Parnaiba Basin),2016,100,-0.19394489850290486
graded_balanced_v3,Wiso Basin (Daly-Wiso-Georgina Basins),2002,114,-0.3051710955892998
graded_balanced_v3,Wiso Basin (Daly-Wiso-Georgina Basins),2003,113,-0.5083162551697826
graded_balanced_v3,Wiso Basin (Daly-Wiso-Georgina Basins),2004,111,-0.5708289002160137
graded_balanced_v3,Wiso Basin (Daly-Wiso-Georgina Basins),2005,109,-0.5578880526410545
graded_balanced_v3,Wiso Basin (Daly-Wiso-Georgina Basins),2006,105,-0.7255069846394859
graded_balanced_v3,Wiso Basin (Daly-Wiso-Georgina Basins),2007,101,-0.6258602814502576
graded_balanced_v3,Wiso Basin (Daly-Wiso-Georgina Basins),2008,92,-0.5007854318039596
graded_balanced_v3,Wiso Basin (Daly-Wiso-Georgina Basins),2009,88,-1.1938112444359377
graded_balanced_v3,Wiso Basin (Daly-Wiso-Georgina Basins),2010,88,-1.9860908022589285
graded_balanced_v3,Wiso Basin (Daly-Wiso-Georgina Basins),2011,89,-1.7124356654318742
graded_balanced_v3,Wiso Basin (Daly-Wiso-Georgina Basins),2012,91,-1.4156268058667634
graded_balanced_v3,Wiso Basin (Daly-Wiso-Georgina Basins),2013,94,-1.2133591792407459
graded_balanced_v3,Wiso Basin (Daly-Wiso-Georgina Basins),2014,97,-0.8909389409036211
graded_balanced_v3,Wiso Basin (Daly-Wiso-Georgina Basins),2015,99,-0.294983238721486
graded_balanced_v3,Wiso Basin (Daly-Wiso-Georgina Basins),2016,100,-0.09832225021699514
graded_balanced_v3,Northern Georgina Basin (Daly-Wiso-Georgina Basins),2002,114,0.2901563527985838
graded_balanced_v3,Northern Georgina Basin (Daly-Wiso-Georgina Basins),2003,113,0.045299923797099864
graded_balanced_v3,Northern Georgina Basin (Daly-Wiso-Georgina Basins),2004,111,-0.15750580941705336
graded_balanced_v3,Northern Georgina Basin (Daly-Wiso-Georgina Basins),2005,109,-0.20392065930227365
graded_balanced_v3,Northern Georgina Basin (Daly-Wiso-Georgina Basins),2006,105,-0.4153706555510457
graded_balanced_v3,Northern Georgina Basin (Daly-Wiso-Georgina Basins),2007,101,-0.13689700299213983
graded_balanced_v3,Northern Georgina Basin (Daly-Wiso-Georgina Basins),2008,92,-0.0891337025581901
graded_balanced_v3,Northern Georgina Basin (Daly-Wiso-Georgina Basins),2009,88,-0.8396151700019515
graded_balanced_v3,Northern Georgina Basin (Daly-Wiso-Georgina Basins),2010,88,-1.480592161558627
graded_balanced_v3,Northern Georgina Basin (Daly-Wiso-Georgina Basins),2011,89,-1.2500445092361867
graded_balanced_v3,Northern Georgina Basin (Daly-Wiso-Georgina Basins),2012,91,-0.9081212390796896
graded_balanced_v3,Northern Georgina Basin (Daly-Wiso-Georgina Basins),2013,94,-0.7047792411144006
graded_balanced_v3,Northern Georgina Basin (Daly-Wiso-Georgina Basins),2014,97,-0.4088922316706285
graded_balanced_v3,Northern Georgina Basin (Daly-Wiso-Georgina Basins),2015,99,0.18863449942972538
graded_balanced_v3,Northern Georgina Basin (Daly-Wiso-Georgina Basins),2016,100,0.512941511168603
graded_balanced_v3,Dakota Aquifer System,2002,114,0.9782916607711646
graded_balanced_v3,Dakota Aquifer System,2003,113,0.5170227950577416
graded_balanced_v3,Dakota Aquifer System,2004,111,0.18673177223888662
graded_balanced_v3,Dakota Aquifer System,2005,109,-0.07206796839808377
graded_balanced_v3,Dakota Aquifer System,2006,105,-0.41227775501193886
graded_balanced_v3,Dakota Aquifer System,2007,101,-0.9027532364356345
graded_balanced_v3,Dakota Aquifer System,2008,92,-1.0664635168367775
graded_balanced_v3,Dakota Aquifer System,2009,88,-1.1132400883136495
graded_balanced_v3,Dakota Aquifer System,2010,88,-0.5552611140629848
graded_balanced_v3,Dakota Aquifer System,2011,89,-0.27519981538272315
graded_balanced_v3,Dakota Aquifer System,2012,91,-0.09360864231467099
graded_balanced_v3,Dakota Aquifer System,2013,94,-0.38168387526183717
graded_balanced_v3,Dakota Aquifer System,2014,97,-0.3159163616072132
graded_balanced_v3,Dakota Aquifer System,2015,99,-0.3459594857513677
graded_balanced_v3,Dakota Aquifer System,2016,100,-0.48027803563033755
graded_balanced_v3,Arckaringa Basin and Southwestern Great Artesian Basin (Great Artesian Basin),2002,114,0.25986733952561486
graded_balanced_v3,Arckaringa Basin and Southwestern Great Artesian Basin (Great Artesian Basin),2003,113,0.33172027801156384
graded_balanced_v3,Arckaringa Basin and Southwestern Great Artesian Basin (Great Artesian Basin),2004,111,0.34386778689091285
graded_balanced_v3,Arckaringa Basin and Southwestern Great Artesian Basin (Great Artesian Basin),2005,109,0.3318828942180863
graded_balanced_v3,Arckaringa Basin and Southwestern Great Artesian Basin (Great Artesian Basin),2006,105,0.19910916577376936
graded_balanced_v3,Arckaringa Basin and Southwestern Great Artesian Basin (Great Artesian Basin),2007,101,0.16933863865915463
graded_balanced_v3,Arckaringa Basin and Southwestern Great Artesian Basin (Great Artesian Basin),2008,92,0.11851696469701394
graded_balanced_v3,Arckaringa Basin and Southwestern Great Artesian Basin (Great Artesian Basin),2009,88,-0.24447874276673365
graded_balanced_v3,Arckaringa Basin and Southwestern Great Artesian Basin (Great Artesian Basin),2010,88,-0.594459166084359
graded_balanced_v3,Arckaringa Basin and Southwestern Great Artesian Basin (Great Artesian Basin),2011,89,-0.6428318310029291
graded_balanced_v3,Arckaringa Basin and Southwestern Great Artesian Basin (Great Artesian Basin),2012,91,-0.34043164309915785
graded_balanced_v3,Arckaringa Basin and Southwestern Great Artesian Basin (Great Artesian Basin),2013,94,0.019354656869050593
graded_balanced_v3,Arckaringa Basin and Southwestern Great Artesian Basin (Great Artesian Basin),2014,97,0.20802339988130567
graded_balanced_v3,Arckaringa Basin and Southwestern Great Artesian Basin (Great Artesian Basin),2015,99,0.248367151148792
graded_balanced_v3,Arckaringa Basin and Southwestern Great Artesian Basin (Great Artesian Basin),2016,100,0.13979503289909703
graded_balanced_v3,Trans Gangetic Plain (Indo-Gangetic Plain),2002,114,-0.24645926386506614
graded_balanced_v3,Trans Gangetic Plain (Indo-Gangetic Plain),2003,113,-0.5071337369144797
graded_balanced_v3,Trans Gangetic Plain (Indo-Gangetic Plain),2004,111,-0.233325015545561
graded_balanced_v3,Trans Gangetic Plain (Indo-Gangetic Plain),2005,109,-0.3939402127826024
graded_balanced_v3,Trans Gangetic Plain (Indo-Gangetic Plain),2006,105,-0.5614432183348386
graded_balanced_v3,Trans Gangetic Plain (Indo-Gangetic Plain),2007,101,-0.881111878752418
graded_balanced_v3,Trans Gangetic Plain (Indo-Gangetic Plain),2008,92,-1.2490285349388917
graded_balanced_v3,Trans Gangetic Plain (Indo-Gangetic Plain),2009,88,-0.8603051769271468
graded_balanced_v3,Trans Gangetic Plain (Indo-Gangetic Plain),2010,88,-1.0530690364295312
graded_balanced_v3,Trans Gangetic Plain (Indo-Gangetic Plain),2011,89,-1.0118683713705303
graded_balanced_v3,Trans Gangetic Plain (Indo-Gangetic Plain),2012,91,-0.5965596844955042
graded_balanced_v3,Trans Gangetic Plain (Indo-Gangetic Plain),2013,94,-0.4605067406164006
graded_balanced_v3,Trans Gangetic Plain (Indo-Gangetic Plain),2014,97,-0.32749775801870756
graded_balanced_v3,Trans Gangetic Plain (Indo-Gangetic Plain),2015,99,-0.42908085380654176
graded_balanced_v3,Trans Gangetic Plain (Indo-Gangetic Plain),2016,100,-0.04556939427941737
graded_balanced_v3,Southcentral Mega Aquifer System (Mega Aquifer System),2002,114,-0.10073217772517992
graded_balanced_v3,Southcentral Mega Aquifer System (Mega Aquifer System),2003,113,-0.2300541964969202
graded_balanced_v3,Southcentral Mega Aquifer System (Mega Aquifer System),2004,111,-0.2873593316822852
graded_balanced_v3,Southcentral Mega Aquifer System (Mega Aquifer System),2005,109,-0.21812435948162567
graded_balanced_v3,Southcentral Mega Aquifer System (Mega Aquifer System),2006,105,-0.1180465595625891
graded_balanced_v3,Southcentral Mega Aquifer System (Mega Aquifer System),2007,101,-0.02801976849512945
graded_balanced_v3,Southcentral Mega Aquifer System (Mega Aquifer System),2008,92,0.14323936687965533
graded_balanced_v3,Southcentral Mega Aquifer System (Mega Aquifer System),2009,88,0.1457582684377842
graded_balanced_v3,Southcentral Mega Aquifer System (Mega Aquifer System),2010,88,0.06934725290326903
graded_balanced_v3,Southcentral Mega Aquifer System (Mega Aquifer System),2011,89,-0.06458315639402969
graded_balanced_v3,Southcentral Mega Aquifer System (Mega Aquifer System),2012,91,-0.19129734402399207
graded_balanced_v3,Southcentral Mega Aquifer System (Mega Aquifer System),2013,94,-0.2852388500114289
graded_balanced_v3,Southcentral Mega Aquifer System (Mega Aquifer System),2014,97,-0.2873374901028124
graded_balanced_v3,Southcentral Mega Aquifer System (Mega Aquifer System),2015,99,-0.32463435102412763
graded_balanced_v3,Southcentral Mega Aquifer System (Mega Aquifer System),2016,100,-0.3765641527617556
graded_balanced_v3,Central Mississippi Embayment (Mississippi Embayment),2002,114,-2.7937724015029217
graded_balanced_v3,Central Mississippi Embayment (Mississippi Embayment),2003,113,-2.7367596862622876
graded_balanced_v3,Central Mississippi Embayment (Mississippi Embayment),2004,111,-2.3049754199563854
graded_balanced_v3,Central Mississippi Embayment (Mississippi Embayment),2005,109,-1.6316280510638468
graded_balanced_v3,Central Mississippi Embayment (Mississippi Embayment),2006,105,-1.705235889852821
graded_balanced_v3,Central Mississippi Embayment (Mississippi Embayment),2007,101,-1.857195094119341
graded_balanced_v3,Central Mississippi Embayment (Mississippi Embayment),2008,92,-1.9074310647290507
graded_balanced_v3,Central Mississippi Embayment (Mississippi Embayment),2009,88,-1.6162577696235136
graded_balanced_v3,Central Mississippi Embayment (Mississippi Embayment),2010,88,-0.9132632288861972
graded_balanced_v3,Central Mississippi Embayment (Mississippi Embayment),2011,89,-1.3797248155378923
graded_balanced_v3,Central Mississippi Embayment (Mississippi Embayment),2012,91,-1.7368128221297803
graded_balanced_v3,Central Mississippi Embayment (Mississippi Embayment),2013,94,-2.33763338283609
graded_balanced_v3,Central Mississippi Embayment (Mississippi Embayment),2014,97,-2.6146923217221927
graded_balanced_v3,Central Mississippi Embayment (Mississippi Embayment),2015,99,-2.7528117292986716
graded_balanced_v3,Central Mississippi Embayment (Mississippi Embayment),2016,100,-2.932227076700848
graded_balanced_v3,Northern Karoo Basin (Main Karoo Basin),2002,114,0.1231360037328166
graded_balanced_v3,Northern Karoo Basin (Main Karoo Basin),2003,113,0.02828502565549513
graded_balanced_v3,Northern Karoo Basin (Main Karoo Basin),2004,111,-0.3068104193858896
graded_balanced_v3,Northern Karoo Basin (Main Karoo Basin),2005,109,-0.591708650789099
graded_balanced_v3,Northern Karoo Basin (Main Karoo Basin),2006,105,-0.8612423022608062
graded_balanced_v3,Northern Karoo Basin (Main Karoo Basin),2007,101,-0.6698650623363503
graded_balanced_v3,Northern Karoo Basin (Main Karoo Basin),2008,92,-0.8458708630892411
graded_balanced_v3,Northern Karoo Basin (Main Karoo Basin),2009,88,-0.965741713261994
graded_balanced_v3,Northern Karoo Basin (Main Karoo Basin),2010,88,-0.756845613142184
graded_balanced_v3,Northern Karoo Basin (Main Karoo Basin),2011,89,-0.2007975308166899
graded_balanced_v3,Northern Karoo Basin (Main Karoo Basin),2012,91,0.4459997856761972
graded_balanced_v3,Northern Karoo Basin (Main Karoo Basin),2013,94,0.751828047614637
graded_balanced_v3,Northern Karoo Basin (Main Karoo Basin),2014,97,0.7427495528361086
graded_balanced_v3,Northern Karoo Basin (Main Karoo Basin),2015,99,0.5250080720618899
graded_balanced_v3,Northern Karoo Basin (Main Karoo Basin),2016,100,0.4436347001214383
graded_balanced_v3,Mississippian-Silurian-Devonian Carbonates (Northern Midwest Aquifer System),2002,114,0.6641599657547409
graded_balanced_v3,Mississippian-Silurian-Devonian Carbonates (Northern Midwest Aquifer System),2003,113,-0.008949413797291242
graded_balanced_v3,Mississippian-Silurian-Devonian Carbonates (Northern Midwest Aquifer System),2004,111,-0.34590668421360055
graded_balanced_v3,Mississippian-Silurian-Devonian Carbonates (Northern Midwest Aquifer System),2005,109,0.027812132140052112
graded_balanced_v3,Mississippian-Silurian-Devonian Carbonates (Northern Midwest Aquifer System),2006,105,-0.3869362272194723
graded_balanced_v3,Mississippian-Silurian-Devonian Carbonates (Northern Midwest Aquifer System),2007,101,-0.6698775721892284
graded_balanced_v3,Mississippian-Silurian-Devonian Carbonates (Northern Midwest Aquifer System),2008,92,-0.7916346193106013
graded_balanced_v3,Mississippian-Silurian-Devonian Carbonates (Northern Midwest Aquifer System),2009,88,-0.24671819878024384
graded_balanced_v3,Mississippian-Silurian-Devonian Carbonates (Northern Midwest Aquifer System),2010,88,0.4286619026738367
graded_balanced_v3,Mississippian-Silurian-Devonian Carbonates (Northern Midwest Aquifer System),2011,89,0.6025730776366134
graded_balanced_v3,Mississippian-Silurian-Devonian Carbonates (Northern Midwest Aquifer System),2012,91,0.3358986480137686
graded_balanced_v3,Mississippian-Silurian-Devonian Carbonates (Northern Midwest Aquifer System),2013,94,-0.7239492594785973
graded_balanced_v3,Mississippian-Silurian-Devonian Carbonates (Northern Midwest Aquifer System),2014,97,-1.5405606524710742
graded_balanced_v3,Mississippian-Silurian-Devonian Carbonates (Northern Midwest Aquifer System),2015,99,-1.646565696868616
graded_balanced_v3,Mississippian-Silurian-Devonian Carbonates (Northern Midwest Aquifer System),2016,100,-1.8290227625336586
graded_balanced_v3,Staten River Embayment and Central Carpentaria Basin (Great Artesian Basin),2002,114,-0.2661801256854504
graded_balanced_v3,Staten River Embayment and Central Carpentaria Basin (Great Artesian Basin),2003,113,-0.6809464133624005
graded_balanced_v3,Staten River Embayment and Central Carpentaria Basin (Great Artesian Basin),2004,111,-0.9578227437837286
graded_balanced_v3,Staten River Embayment and Central Carpentaria Basin (Great Artesian Basin),2005,109,-1.1024652358299267
graded_balanced_v3,Staten River Embayment and Central Carpentaria Basin (Great Artesian Basin),2006,105,-1.3892238364052676
graded_balanced_v3,Staten River Embayment and Central Carpentaria Basin (Great Artesian Basin),2007,101,-1.192141087210114
graded_balanced_v3,Staten River Embayment and Central Carpentaria Basin (Great Artesian Basin),2008,92,-1.08616446943039
graded_balanced_v3,Staten River Embayment and Central Carpentaria Basin (Great Artesian Basin),2009,88,-1.24191378160843
graded_balanced_v3,Staten River Embayment and Central Carpentaria Basin (Great Artesian Basin),2010,88,-1.5232111410935385
graded_balanced_v3,Staten River Embayment and Central Carpentaria Basin (Great Artesian Basin),2011,89,-1.2597261918843567
graded_balanced_v3,Staten River Embayment and Central Carpentaria Basin (Great Artesian Basin),2012,91,-0.8946600126582205
graded_balanced_v3,Staten River Embayment and Central Carpentaria Basin (Great Artesian Basin),2013,94,-0.8685413942914297
graded_balanced_v3,Staten River Embayment and Central Carpentaria Basin (Great Artesian Basin),2014,97,-0.9166728016875462
graded_balanced_v3,Staten River Embayment and Central Carpentaria Basin (Great Artesian Basin),2015,99,-0.7599597919124524
graded_balanced_v3,Staten River Embayment and Central Carpentaria Basin (Great Artesian Basin),2016,100,-0.8084279198386755
graded_balanced_v3,Central Dharwar Craton Banded Gneiss Complex (Dharwar Craton Banded Gneiss Complex),2002,114,0.002215645579213316
graded_balanced_v3,Central Dharwar Craton Banded Gneiss Complex (Dharwar Craton Banded Gneiss Complex),2003,113,-0.3824669388372508
graded_balanced_v3,Central Dharwar Craton Banded Gneiss Complex (Dharwar Craton Banded Gneiss Complex),2004,111,-0.7589328519039423
graded_balanced_v3,Central Dharwar Craton Banded Gneiss Complex (Dharwar Craton Banded Gneiss Complex),2005,109,-0.9849761625477088
graded_balanced_v3,Central Dharwar Craton Banded Gneiss Complex (Dharwar Craton Banded Gneiss Complex),2006,105,-1.1140307100279696
graded_balanced_v3,Central Dharwar Craton Banded Gneiss Complex (Dharwar Craton Banded Gneiss Complex),2007,101,-1.2212555925738138
graded_balanced_v3,Central Dharwar Craton Banded Gneiss Complex (Dharwar Craton Banded Gneiss Complex),2008,92,-1.229397064687112
graded_balanced_v3,Central Dharwar Craton Banded Gneiss Complex (Dharwar Craton Banded Gneiss Complex),2009,88,-1.2853982685987755
graded_balanced_v3,Central Dharwar Craton Banded Gneiss Complex (Dharwar Craton Banded Gneiss Complex),2010,88,-0.7030696596750398
graded_balanced_v3,Central Dharwar Craton Banded Gneiss Complex (Dharwar Craton Banded Gneiss Complex),2011,89,0.2613068081293589
graded_balanced_v3,Central Dharwar Craton Banded Gneiss Complex (Dharwar Craton Banded Gneiss Complex),2012,91,0.5736058016405661
graded_balanced_v3,Central Dharwar Craton Banded Gneiss Complex (Dharwar Craton Banded Gneiss Complex),2013,94,0.694455522621552
graded_balanced_v3,Central Dharwar Craton Banded Gneiss Complex (Dharwar Craton Banded Gneiss Complex),2014,97,0.49126136436892687
graded_balanced_v3,Central Dharwar Craton Banded Gneiss Complex (Dharwar Craton Banded Gneiss Complex),2015,99,0.6287781257574503
graded_balanced_v3,Central Dharwar Craton Banded Gneiss Complex (Dharwar Craton Banded Gneiss Complex),2016,100,0.8033026302463547
graded_balanced_v3,Central Huaihe Plain (Huaihe River Basin),2002,114,-1.051485446387428
graded_balanced_v3,Central Huaihe Plain (Huaihe River Basin),2003,113,-1.5881241808960875
graded_balanced_v3,Central Huaihe Plain (Huaihe River Basin),2004,111,-1.4856659953280187
graded_balanced_v3,Central Huaihe Plain (Huaihe River Basin),2005,109,-1.5202452978249008
graded_balanced_v3,Central Huaihe Plain (Huaihe River Basin),2006,105,-1.271057946422572
graded_balanced_v3,Central Huaihe Plain (Huaihe River Basin),2007,101,-1.1007015954585198
graded_balanced_v3,Central Huaihe Plain (Huaihe River Basin),2008,92,-1.0286700597546719
graded_balanced_v3,Central Huaihe Plain (Huaihe River Basin),2009,88,-0.6659126553614833
graded_balanced_v3,Central Huaihe Plain (Huaihe River Basin),2010,88,-0.7820485928929903
graded_balanced_v3,Central Huaihe Plain (Huaihe River Basin),2011,89,0.00963337441020885
graded_balanced_v3,Central Huaihe Plain (Huaihe River Basin),2012,91,0.5634825490997528
graded_balanced_v3,Central Huaihe Plain (Huaihe River Basin),2013,94,0.5081661817676649
graded_balanced_v3,Central Huaihe Plain (Huaihe River Basin),2014,97,0.4151550661878839
graded_balanced_v3,Central Huaihe Plain (Huaihe River Basin),2015,99,0.06831608179852089
graded_balanced_v3,Central Huaihe Plain (Huaihe River Basin),2016,100,-0.24359261138857025
graded_balanced_v3,Central Minnesota Surficial and Buried Sand and Gravel Aquifers,2002,114,1.2908288057759771
graded_balanced_v3,Central Minnesota Surficial and Buried Sand and Gravel Aquifers,2003,113,1.0834599384391552
graded_balanced_v3,Central Minnesota Surficial and Buried Sand and Gravel Aquifers,2004,111,0.7322042262116387
graded_balanced_v3,Central Minnesota Surficial and Buried Sand and Gravel Aquifers,2005,109,0.6450065388315906
graded_balanced_v3,Central Minnesota Surficial and Buried Sand and Gravel Aquifers,2006,105,0.7119040173978495
graded_balanced_v3,Central Minnesota Surficial and Buried Sand and Gravel Aquifers,2007,101,0.5026579241251329
graded_balanced_v3,Central Minnesota Surficial and Buried Sand and Gravel Aquifers,2008,92,0.30592980802270386
graded_balanced_v3,Central Minnesota Surficial and Buried Sand and Gravel Aquifers,2009,88,0.21993864501178748
graded_balanced_v3,Central Minnesota Surficial and Buried Sand and Gravel Aquifers,2010,88,0.6827301057453727
graded_balanced_v3,Central Minnesota Surficial and Buried Sand and Gravel Aquifers,2011,89,1.023338487942013
graded_balanced_v3,Central Minnesota Surficial and Buried Sand and Gravel Aquifers,2012,91,0.887787222015838
graded_balanced_v3,Central Minnesota Surficial and Buried Sand and Gravel Aquifers,2013,94,0.7279148791211563
graded_balanced_v3,Central Minnesota Surficial and Buried Sand and Gravel Aquifers,2014,97,0.6539585419703275
graded_balanced_v3,Central Minnesota Surficial and Buried Sand and Gravel Aquifers,2015,99,0.5166236556815422
graded_balanced_v3,Central Minnesota Surficial and Buried Sand and Gravel Aquifers,2016,100,-0.05526864825887868
graded_balanced_v3,Southern High Plains (High Plains),2002,114,-0.6518658803364882
graded_balanced_v3,Southern High Plains (High Plains),2003,113,-1.0710001829373517
graded_balanced_v3,Southern High Plains (High Plains),2004,111,-1.59454321038938
graded_balanced_v3,Southern High Plains (High Plains),2005,109,-0.8130815361839319
graded_balanced_v3,Southern High Plains (High Plains),2006,105,-0.4119317000029217
graded_balanced_v3,Southern High Plains (High Plains),2007,101,-0.26609608269713053
graded_balanced_v3,Southern High Plains (High Plains),2008,92,0.076595301012331
graded_balanced_v3,Southern High Plains (High Plains),2009,88,0.2620995789712972
graded_balanced_v3,Southern High Plains (High Plains),2010,88,0.22280144670235072
graded_balanced_v3,Southern High Plains (High Plains),2011,89,0.03423477883202711
graded_balanced_v3,Southern High Plains (High Plains),2012,91,-0.34046395103481514
graded_balanced_v3,Southern High Plains (High Plains),2013,94,-0.8265546975298295
graded_balanced_v3,Southern High Plains (High Plains),2014,97,-1.2425469908830002
graded_balanced_v3,Southern High Plains (High Plains),2015,99,-0.9596521624666421
graded_balanced_v3,Southern High Plains (High Plains),2016,100,-0.6686165000987154
graded_balanced_v3,Southcentral Karoo Basin (Main Karoo Basin),2002,114,-0.4858470016271778
graded_balanced_v3,Southcentral Karoo Basin (Main Karoo Basin),2003,113,-0.36254791419633214
graded_balanced_v3,Southcentral Karoo Basin (Main Karoo Basin),2004,111,-0.44312733513366
graded_balanced_v3,Southcentral Karoo Basin (Main Karoo Basin),2005,109,-0.6212816422441434
graded_balanced_v3,Southcentral Karoo Basin (Main Karoo Basin),2006,105,-0.7369309890902604
graded_balanced_v3,Southcentral Karoo Basin (Main Karoo Basin),2007,101,-0.6322512715967905
graded_balanced_v3,Southcentral Karoo Basin (Main Karoo Basin),2008,92,-0.6649292653252673
graded_balanced_v3,Southcentral Karoo Basin (Main Karoo Basin),2009,88,-0.9984079602436712
graded_balanced_v3,Southcentral Karoo Basin (Main Karoo Basin),2010,88,-1.278377891245395
graded_balanced_v3,Southcentral Karoo Basin (Main Karoo Basin),2011,89,-1.4374601055407359
graded_balanced_v3,Southcentral Karoo Basin (Main Karoo Basin),2012,91,-1.2885474041066074
graded_balanced_v3,Southcentral Karoo Basin (Main Karoo Basin),2013,94,-0.8584217731519502
graded_balanced_v3,Southcentral Karoo Basin (Main Karoo Basin),2014,97,-0.45726734277239534
graded_balanced_v3,Southcentral Karoo Basin (Main Karoo Basin),2015,99,-0.23724774553725017
graded_balanced_v3,Southcentral Karoo Basin (Main Karoo Basin),2016,100,0.04215341183052655
graded_balanced_v3,Central High Plains (High Plains),2002,114,-1.4766521538584447
graded_balanced_v3,Central High Plains (High Plains),2003,113,-1.8269493472225937
graded_balanced_v3,Central High Plains (High Plains),2004,111,-2.138119937898055
graded_balanced_v3,Central High Plains (High Plains),2005,109,-1.711762186430731
graded_balanced_v3,Central High Plains (High Plains),2006,105,-1.3846215431138267
graded_balanced_v3,Central High Plains (High Plains),2007,101,-1.282918338914796
graded_balanced_v3,Central High Plains (High Plains),2008,92,-1.0249031539154339
graded_balanced_v3,Central High Plains (High Plains),2009,88,-0.7335839811029301
graded_balanced_v3,Central High Plains (High Plains),2010,88,-0.6538589614560555
graded_balanced_v3,Central High Plains (High Plains),2011,89,-0.8579725606140581
graded_balanced_v3,Central High Plains (High Plains),2012,91,-1.2189703306699788
graded_balanced_v3,Central High Plains (High Plains),2013,94,-1.714924196350236
graded_balanced_v3,Central High Plains (High Plains),2014,97,-1.8368773108810144
graded_balanced_v3,Central High Plains (High Plains),2015,99,-1.645019407991535
graded_balanced_v3,Central High Plains (High Plains),2016,100,-1.3631168961814646
graded_balanced_v3,Lower Liaohe River Plain (Liaohe River Basin),2002,114,0.3430940402322397
graded_balanced_v3,Lower Liaohe River Plain (Liaohe River Basin),2003,113,0.4530555193677693
graded_balanced_v3,Lower Liaohe River Plain (Liaohe River Basin),2004,111,0.48224480277785514
graded_balanced_v3,Lower Liaohe River Plain (Liaohe River Basin),2005,109,0.09715548201270686
graded_balanced_v3,Lower Liaohe River Plain (Liaohe River Basin),2006,105,0.09178257463496249
graded_balanced_v3,Lower Liaohe River Plain (Liaohe River Basin),2007,101,0.04736161377988642
graded_balanced_v3,Lower Liaohe River Plain (Liaohe River Basin),2008,92,-0.2546389816630745
graded_balanced_v3,Lower Liaohe River Plain (Liaohe River Basin),2009,88,-0.6070498818002913
graded_balanced_v3,Lower Liaohe River Plain (Liaohe River Basin),2010,88,-0.9736200240224944
graded_balanced_v3,Lower Liaohe River Plain (Liaohe River Basin),2011,89,-0.7260154057331836
graded_balanced_v3,Lower Liaohe River Plain (Liaohe River Basin),2012,91,0.0987339812070753
graded_balanced_v3,Lower Liaohe River Plain (Liaohe River Basin),2013,94,1.2278082625437423
graded_balanced_v3,Lower Liaohe River Plain (Liaohe River Basin),2014,97,1.8975848109064999
graded_balanced_v3,Lower Liaohe River Plain (Liaohe River Basin),2015,99,2.0492769512955524
graded_balanced_v3,Lower Liaohe River Plain (Liaohe River Basin),2016,100,1.5744615468600738
graded_balanced_v3,Wadi As-Sirhan Basin,2002,114,0.15677694296079223
graded_balanced_v3,Wadi As-Sirhan Basin,2003,113,0.057041998074209524
graded_balanced_v3,Wadi As-Sirhan Basin,2004,111,0.027028678358649683
graded_balanced_v3,Wadi As-Sirhan Basin,2005,109,0.06104557870421264
graded_balanced_v3,Wadi As-Sirhan Basin,2006,105,0.10515315100656035
graded_balanced_v3,Wadi As-Sirhan Basin,2007,101,0.1720029136827532
graded_balanced_v3,Wadi As-Sirhan Basin,2008,92,0.21251614584712838
graded_balanced_v3,Wadi As-Sirhan Basin,2009,88,0.22477545621432066
graded_balanced_v3,Wadi As-Sirhan Basin,2010,88,0.3155027659028972
graded_balanced_v3,Wadi As-Sirhan Basin,2011,89,0.3098200645063418
graded_balanced_v3,Wadi As-Sirhan Basin,2012,91,0.288371944581693
graded_balanced_v3,Wadi As-Sirhan Basin,2013,94,0.2679747251800959
graded_balanced_v3,Wadi As-Sirhan Basin,2014,97,0.2801250930360668
graded_balanced_v3,Wadi As-Sirhan Basin,2015,99,0.21063381121358773
graded_balanced_v3,Wadi As-Sirhan Basin,2016,100,0.09441242280428865
graded_balanced_v3,Eastern Saq Aquifer (Ram-Saq Aquifer System),2002,114,0.7109590847843186
graded_balanced_v3,Eastern Saq Aquifer (Ram-Saq Aquifer System),2003,113,0.5702347902395188
graded_balanced_v3,Eastern Saq Aquifer (Ram-Saq Aquifer System),2004,111,0.39249397478608133
graded_balanced_v3,Eastern Saq Aquifer (Ram-Saq Aquifer System),2005,109,0.3665377776980889
graded_balanced_v3,Eastern Saq Aquifer (Ram-Saq Aquifer System),2006,105,0.49560239377850557
graded_balanced_v3,Eastern Saq Aquifer (Ram-Saq Aquifer System),2007,101,0.6370256531274341
graded_balanced_v3,Eastern Saq Aquifer (Ram-Saq Aquifer System),2008,92,0.6958474004804368
graded_balanced_v3,Eastern Saq Aquifer (Ram-Saq Aquifer System),2009,88,0.94733300302796
graded_balanced_v3,Eastern Saq Aquifer (Ram-Saq Aquifer System),2010,88,1.166833471896685
graded_balanced_v3,Eastern Saq Aquifer (Ram-Saq Aquifer System),2011,89,1.2308801286481035
graded_balanced_v3,Eastern Saq Aquifer (Ram-Saq Aquifer System),2012,91,1.221617622357573
graded_balanced_v3,Eastern Saq Aquifer (Ram-Saq Aquifer System),2013,94,1.2248869502770567
graded_balanced_v3,Eastern Saq Aquifer (Ram-Saq Aquifer System),2014,97,1.3701532007904775
graded_balanced_v3,Eastern Saq Aquifer (Ram-Saq Aquifer System),2015,99,1.4199680614722043
graded_balanced_v3,Eastern Saq Aquifer (Ram-Saq Aquifer System),2016,100,1.344671994884488
graded_balanced_v3,Trinity Aquifer System (Edwards-Trinity Aquifer System),2002,114,-0.95034559472924
graded_balanced_v3,Trinity Aquifer System (Edwards-Trinity Aquifer System),2003,113,-0.867011254147074
graded_balanced_v3,Trinity Aquifer System (Edwards-Trinity Aquifer System),2004,111,-1.0076601669272414
graded_balanced_v3,Trinity Aquifer System (Edwards-Trinity Aquifer System),2005,109,-0.390018660054632
graded_balanced_v3,Trinity Aquifer System (Edwards-Trinity Aquifer System),2006,105,-0.263977262044415
graded_balanced_v3,Trinity Aquifer System (Edwards-Trinity Aquifer System),2007,101,-0.23416993515124018
graded_balanced_v3,Trinity Aquifer System (Edwards-Trinity Aquifer System),2008,92,0.5388286305260476
graded_balanced_v3,Trinity Aquifer System (Edwards-Trinity Aquifer System),2009,88,0.5065484762305532
graded_balanced_v3,Trinity Aquifer System (Edwards-Trinity Aquifer System),2010,88,0.7107675730438605
graded_balanced_v3,Trinity Aquifer System (Edwards-Trinity Aquifer System),2011,89,0.5018045429041025
graded_balanced_v3,Trinity Aquifer System (Edwards-Trinity Aquifer System),2012,91,0.18626923004076804
graded_balanced_v3,Trinity Aquifer System (Edwards-Trinity Aquifer System),2013,94,-0.44065485121713666
graded_balanced_v3,Trinity Aquifer System (Edwards-Trinity Aquifer System),2014,97,-0.8963860768789333
graded_balanced_v3,Trinity Aquifer System (Edwards-Trinity Aquifer System),2015,99,-1.188996844044709
graded_balanced_v3,Trinity Aquifer System (Edwards-Trinity Aquifer System),2016,100,-1.0924702004551747
graded_balanced_v3,Wisconsin Precambrian Aquifer,2002,114,-0.29765712320631826
graded_balanced_v3,Wisconsin Precambrian Aquifer,2003,113,-0.27940398170989156
graded_balanced_v3,Wisconsin Precambrian Aquifer,2004,111,-0.14096655716874845
graded_balanced_v3,Wisconsin Precambrian Aquifer,2005,109,0.4302099431913014
graded_balanced_v3,Wisconsin Precambrian Aquifer,2006,105,0.5542943182333171
graded_balanced_v3,Wisconsin Precambrian Aquifer,2007,101,0.5992863623890897
graded_balanced_v3,Wisconsin Precambrian Aquifer,2008,92,0.7230705226024738
graded_balanced_v3,Wisconsin Precambrian Aquifer,2009,88,0.7504334493341894
graded_balanced_v3,Wisconsin Precambrian Aquifer,2010,88,0.6971340063297188
graded_balanced_v3,Wisconsin Precambrian Aquifer,2011,89,0.7885157692299133
graded_balanced_v3,Wisconsin Precambrian Aquifer,2012,91,0.43201996292533007
graded_balanced_v3,Wisconsin Precambrian Aquifer,2013,94,-0.2047631003970169
graded_balanced_v3,Wisconsin Precambrian Aquifer,2014,97,-0.6043016928788616
graded_balanced_v3,Wisconsin Precambrian Aquifer,2015,99,-0.7687579083672718
graded_balanced_v3,Wisconsin Precambrian Aquifer,2016,100,-1.2700952439475464
graded_balanced_v3,Lafayette Area (Gulf Coast Regional Aquifer System),2002,114,0.2907481519426083
graded_balanced_v3,Lafayette Area (Gulf Coast Regional Aquifer System),2003,113,0.6164085599151541
graded_balanced_v3,Lafayette Area (Gulf Coast Regional Aquifer System),2004,111,1.0509078371830862
graded_balanced_v3,Lafayette Area (Gulf Coast Regional Aquifer System),2005,109,1.9049420361878215
graded_balanced_v3,Lafayette Area (Gulf Coast Regional Aquifer System),2006,105,1.8051330023311716
graded_balanced_v3,Lafayette Area (Gulf Coast Regional Aquifer System),2007,101,2.1881050563818927
graded_balanced_v3,Lafayette Area (Gulf Coast Regional Aquifer System),2008,92,2.825028664355393
graded_balanced_v3,Lafayette Area (Gulf Coast Regional Aquifer System),2009,88,3.0933995537969747
graded_balanced_v3,Lafayette Area (Gulf Coast Regional Aquifer System),2010,88,3.4971091624037385
graded_balanced_v3,Lafayette Area (Gulf Coast Regional Aquifer System),2011,89,2.9790187744602
graded_balanced_v3,Lafayette Area (Gulf Coast Regional Aquifer System),2012,91,2.4315554649082882
graded_balanced_v3,Lafayette Area (Gulf Coast Regional Aquifer System),2013,94,1.7644470441602924
graded_balanced_v3,Lafayette Area (Gulf Coast Regional Aquifer System),2014,97,1.1155574844427323
graded_balanced_v3,Lafayette Area (Gulf Coast Regional Aquifer System),2015,99,1.1353422871613807
graded_balanced_v3,Lafayette Area (Gulf Coast Regional Aquifer System),2016,100,0.7595988206689032
graded_balanced_v3,Paskapoo-Scollard,2002,114,0.4436183583992435
graded_balanced_v3,Paskapoo-Scollard,2003,113,0.31921725263398215
graded_balanced_v3,Paskapoo-Scollard,2004,111,0.032685082253584616
graded_balanced_v3,Paskapoo-Scollard,2005,109,-0.31361115042443916
graded_balanced_v3,Paskapoo-Scollard,2006,105,-0.31948413876668585
graded_balanced_v3,Paskapoo-Scollard,2007,101,-0.30546301888176663
graded_balanced_v3,Paskapoo-Scollard,2008,92,-0.13603762596941696
graded_balanced_v3,Paskapoo-Scollard,2009,88,-0.43798733954079105
graded_balanced_v3,Paskapoo-Scollard,2010,88,-0.49912857573963054
graded_balanced_v3,Paskapoo-Scollard,2011,89,-0.3051807873766451
graded_balanced_v3,Paskapoo-Scollard,2012,91,-0.3767117591890134
graded_balanced_v3,Paskapoo-Scollard,2013,94,-0.4599765315706197
graded_balanced_v3,Paskapoo-Scollard,2014,97,-0.4582845339075166
graded_balanced_v3,Paskapoo-Scollard,2015,99,-0.7687874981524886
graded_balanced_v3,Paskapoo-Scollard,2016,100,-1.3042748756347486
graded_balanced_v3,Western Surat Basin (Great Artesian Basin),2002,114,2.7949361847904686
graded_balanced_v3,Western Surat Basin (Great Artesian Basin),2003,113,2.5578549534810673
graded_balanced_v3,Western Surat Basin (Great Artesian Basin),2004,111,2.025014818295304
graded_balanced_v3,Western Surat Basin (Great Artesian Basin),2005,109,1.533816671696138
graded_balanced_v3,Western Surat Basin (Great Artesian Basin),2006,105,1.1474894642085034
graded_balanced_v3,Western Surat Basin (Great Artesian Basin),2007,101,0.6787125462976437
graded_balanced_v3,Western Surat Basin (Great Artesian Basin),2008,92,0.20307500135966497
graded_balanced_v3,Western Surat Basin (Great Artesian Basin),2009,88,-0.3481422450981481
graded_balanced_v3,Western Surat Basin (Great Artesian Basin),2010,88,-0.8036203314278599
graded_balanced_v3,Western Surat Basin (Great Artesian Basin),2011,89,-0.13427454130329725
graded_balanced_v3,Western Surat Basin (Great Artesian Basin),2012,91,0.7935104984823497
graded_balanced_v3,Western Surat Basin (Great Artesian Basin),2013,94,1.935952146252822
graded_balanced_v3,Western Surat Basin (Great Artesian Basin),2014,97,2.0791146496036403
graded_balanced_v3,Western Surat Basin (Great Artesian Basin),2015,99,2.1262669686002966
graded_balanced_v3,Western Surat Basin (Great Artesian Basin),2016,100,2.1448142966363677
graded_balanced_v3,Coonamble Embayment (Great Artesian Basin),2002,114,1.561927206026475
graded_balanced_v3,Coonamble Embayment (Great Artesian Basin),2003,113,1.3299127332021532
graded_balanced_v3,Coonamble Embayment (Great Artesian Basin),2004,111,0.9241444521984089
graded_balanced_v3,Coonamble Embayment (Great Artesian Basin),2005,109,0.472406740611389
graded_balanced_v3,Coonamble Embayment (Great Artesian Basin),2006,105,0.20251271691292524
graded_balanced_v3,Coonamble Embayment (Great Artesian Basin),2007,101,-0.15716593903558362
graded_balanced_v3,Coonamble Embayment (Great Artesian Basin),2008,92,-0.47990558272307476
graded_balanced_v3,Coonamble Embayment (Great Artesian Basin),2009,88,-1.0683281097844362
graded_balanced_v3,Coonamble Embayment (Great Artesian Basin),2010,88,-1.5574550956859854
graded_balanced_v3,Coonamble Embayment (Great Artesian Basin),2011,89,-0.8233959078521438
graded_balanced_v3,Coonamble Embayment (Great Artesian Basin),2012,91,-0.06773699849281713
graded_balanced_v3,Coonamble Embayment (Great Artesian Basin),2013,94,0.8779631315808974
graded_balanced_v3,Coonamble Embayment (Great Artesian Basin),2014,97,0.7567661505412318
graded_balanced_v3,Coonamble Embayment (Great Artesian Basin),2015,99,0.6023407419575405
graded_balanced_v3,Coonamble Embayment (Great Artesian Basin),2016,100,0.4945044509937749
graded_balanced_v3,Mimosa Syncline and Eastern Surat Basin (Great Artesian Basin),2002,114,1.5100762793646487
graded_balanced_v3,Mimosa Syncline and Eastern Surat Basin (Great Artesian Basin),2003,113,1.2479325931127772
graded_balanced_v3,Mimosa Syncline and Eastern Surat Basin (Great Artesian Basin),2004,111,0.9621441976878586
graded_balanced_v3,Mimosa Syncline and Eastern Surat Basin (Great Artesian Basin),2005,109,0.5749920175247519
graded_balanced_v3,Mimosa Syncline and Eastern Surat Basin (Great Artesian Basin),2006,105,0.3766153813232453
graded_balanced_v3,Mimosa Syncline and Eastern Surat Basin (Great Artesian Basin),2007,101,-0.15160513880554502
graded_balanced_v3,Mimosa Syncline and Eastern Surat Basin (Great Artesian Basin),2008,92,-0.43400426678155835
graded_balanced_v3,Mimosa Syncline and Eastern Surat Basin (Great Artesian Basin),2009,88,-0.921706162291409
graded_balanced_v3,Mimosa Syncline and Eastern Surat Basin (Great Artesian Basin),2010,88,-1.5365897641021886
graded_balanced_v3,Mimosa Syncline and Eastern Surat Basin (Great Artesian Basin),2011,89,-1.1401604415249467
graded_balanced_v3,Mimosa Syncline and Eastern Surat Basin (Great Artesian Basin),2012,91,-0.26261164844363244
graded_balanced_v3,Mimosa Syncline and Eastern Surat Basin (Great Artesian Basin),2013,94,0.7388128057728715
graded_balanced_v3,Mimosa Syncline and Eastern Surat Basin (Great Artesian Basin),2014,97,0.7602868944337584
graded_balanced_v3,Mimosa Syncline and Eastern Surat Basin (Great Artesian Basin),2015,99,0.8698018199534372
graded_balanced_v3,Mimosa Syncline and Eastern Surat Basin (Great Artesian Basin),2016,100,0.9766872012432714
graded_balanced_v3,Wuyuer-Shuangyang System (Songnen Plain),2002,114,-0.4298520739768842
graded_balanced_v3,Wuyuer-Shuangyang System (Songnen Plain),2003,113,-0.4312932444055402
graded_balanced_v3,Wuyuer-Shuangyang System (Songnen Plain),2004,111,0.10575396223546464
graded_balanced_v3,Wuyuer-Shuangyang System (Songnen Plain),2005,109,0.24255487431379139
graded_balanced_v3,Wuyuer-Shuangyang System (Songnen Plain),2006,105,0.4204635588975078
graded_balanced_v3,Wuyuer-Shuangyang System (Songnen Plain),2007,101,0.7407987358053858
graded_balanced_v3,Wuyuer-Shuangyang System (Songnen Plain),2008,92,0.7040131045022395
graded_balanced_v3,Wuyuer-Shuangyang System (Songnen Plain),2009,88,0.5632410803925159
graded_balanced_v3,Wuyuer-Shuangyang System (Songnen Plain),2010,88,0.8705228644069362
graded_balanced_v3,Wuyuer-Shuangyang System (Songnen Plain),2011,89,1.362770378345226
graded_balanced_v3,Wuyuer-Shuangyang System (Songnen Plain),2012,91,1.7881310305893077
graded_balanced_v3,Wuyuer-Shuangyang System (Songnen Plain),2013,94,2.001798936690049
graded_balanced_v3,Wuyuer-Shuangyang System (Songnen Plain),2014,97,2.2916178624639647
graded_balanced_v3,Wuyuer-Shuangyang System (Songnen Plain),2015,99,2.037003255129942
graded_balanced_v3,Wuyuer-Shuangyang System (Songnen Plain),2016,100,1.1650736846821257
graded_balanced_v3,Powder River Basin (Northern Great Plains),2002,114,0.27593288857725956
graded_balanced_v3,Powder River Basin (Northern Great Plains),2003,113,0.027957367425443393
graded_balanced_v3,Powder River Basin (Northern Great Plains),2004,111,0.09438244778678304
graded_balanced_v3,Powder River Basin (Northern Great Plains),2005,109,0.07110977426928188
graded_balanced_v3,Powder River Basin (Northern Great Plains),2006,105,0.004884152996928728
graded_balanced_v3,Powder River Basin (Northern Great Plains),2007,101,-0.23055105081867452
graded_balanced_v3,Powder River Basin (Northern Great Plains),2008,92,-0.41761638681812197
graded_balanced_v3,Powder River Basin (Northern Great Plains),2009,88,-0.5768705598740783
graded_balanced_v3,Powder River Basin (Northern Great Plains),2010,88,-0.45829235121902057
graded_balanced_v3,Powder River Basin (Northern Great Plains),2011,89,-0.41069077691265665
graded_balanced_v3,Powder River Basin (Northern Great Plains),2012,91,-0.40765155461408015
graded_balanced_v3,Powder River Basin (Northern Great Plains),2013,94,-0.6220407098246155
graded_balanced_v3,Powder River Basin (Northern Great Plains),2014,97,-0.45904575790104024
graded_balanced_v3,Powder River Basin (Northern Great Plains),2015,99,-0.3775691499748894
graded_balanced_v3,Powder River Basin (Northern Great Plains),2016,100,-0.45172028520197854
graded_balanced_v3,Central Eucla Basin (Eucla Basin),2002,114,0.4516184437088072
graded_balanced_v3,Central Eucla Basin (Eucla Basin),2003,113,0.32653119240163714
graded_balanced_v3,Central Eucla Basin (Eucla Basin),2004,111,0.3773059354742104
graded_balanced_v3,Central Eucla Basin (Eucla Basin),2005,109,0.46563169523405384
graded_balanced_v3,Central Eucla Basin (Eucla Basin),2006,105,0.4226983330999422
graded_balanced_v3,Central Eucla Basin (Eucla Basin),2007,101,0.6419663796535308
graded_balanced_v3,Central Eucla Basin (Eucla Basin),2008,92,0.796289013584575
graded_balanced_v3,Central Eucla Basin (Eucla Basin),2009,88,0.4003315267874968
graded_balanced_v3,Central Eucla Basin (Eucla Basin),2010,88,-0.010535183372623073
graded_balanced_v3,Central Eucla Basin (Eucla Basin),2011,89,-0.14518568560055942
graded_balanced_v3,Central Eucla Basin (Eucla Basin),2012,91,0.12320629684058983
graded_balanced_v3,Central Eucla Basin (Eucla Basin),2013,94,0.29200477884789067
graded_balanced_v3,Central Eucla Basin (Eucla Basin),2014,97,0.34665103127739116
graded_balanced_v3,Central Eucla Basin (Eucla Basin),2015,99,0.2828965546832274
graded_balanced_v3,Central Eucla Basin (Eucla Basin),2016,100,0.12814489367334428
graded_balanced_v3,Rio Grande Delta (Gulf Coast Regional Aquifer System),2002,114,-0.5153653054530473
graded_balanced_v3,Rio Grande Delta (Gulf Coast Regional Aquifer System),2003,113,-0.7478097480538318
graded_balanced_v3,Rio Grande Delta (Gulf Coast Regional Aquifer System),2004,111,-0.3587624729352818
graded_balanced_v3,Rio Grande Delta (Gulf Coast Regional Aquifer System),2005,109,0.1125335510885126
graded_balanced_v3,Rio Grande Delta (Gulf Coast Regional Aquifer System),2006,105,-0.029588833703317746
graded_balanced_v3,Rio Grande Delta (Gulf Coast Regional Aquifer System),2007,101,-0.07373072851583529
graded_balanced_v3,Rio Grande Delta (Gulf Coast Regional Aquifer System),2008,92,0.18776694907059052
graded_balanced_v3,Rio Grande Delta (Gulf Coast Regional Aquifer System),2009,88,0.4848054214882031
graded_balanced_v3,Rio Grande Delta (Gulf Coast Regional Aquifer System),2010,88,0.17752949752017264
graded_balanced_v3,Rio Grande Delta (Gulf Coast Regional Aquifer System),2011,89,0.3710294382295281
graded_balanced_v3,Rio Grande Delta (Gulf Coast Regional Aquifer System),2012,91,0.11313455026740353
graded_balanced_v3,Rio Grande Delta (Gulf Coast Regional Aquifer System),2013,94,-0.40287126448021854
graded_balanced_v3,Rio Grande Delta (Gulf Coast Regional Aquifer System),2014,97,-0.532967446674052
graded_balanced_v3,Rio Grande Delta (Gulf Coast Regional Aquifer System),2015,99,-0.30537249075928913
graded_balanced_v3,Rio Grande Delta (Gulf Coast Regional Aquifer System),2016,100,-0.28195433309426843
graded_balanced_v3,Michigan Basin,2002,114,0.24441171841717835
graded_balanced_v3,Michigan Basin,2003,113,-0.23555798098853714
graded_balanced_v3,Michigan Basin,2004,111,-0.17541245823338278
graded_balanced_v3,Michigan Basin,2005,109,0.009542173793958109
graded_balanced_v3,Michigan Basin,2006,105,-0.2442452808103449
graded_balanced_v3,Michigan Basin,2007,101,-0.2685283767603875
graded_balanced_v3,Michigan Basin,2008,92,-0.4445294257386368
graded_balanced_v3,Michigan Basin,2009,88,-0.14760719720791282
graded_balanced_v3,Michigan Basin,2010,88,0.24292484907550638
graded_balanced_v3,Michigan Basin,2011,89,-0.05526462530832482
graded_balanced_v3,Michigan Basin,2012,91,0.13416804882794656
graded_balanced_v3,Michigan Basin,2013,94,-0.3220997061868174
graded_balanced_v3,Michigan Basin,2014,97,-0.4232992598096853
graded_balanced_v3,Michigan Basin,2015,99,-0.5428377202541603
graded_balanced_v3,Michigan Basin,2016,100,-1.0284723828095936
graded_balanced_v3,Southern Piedmont Upland (Piedmont Plateau),2002,114,-0.6349268804035139
graded_balanced_v3,Southern Piedmont Upland (Piedmont Plateau),2003,113,-0.6680322082748834
graded_balanced_v3,Southern Piedmont Upland (Piedmont Plateau),2004,111,0.037118194145042124
graded_balanced_v3,Southern Piedmont Upland (Piedmont Plateau),2005,109,0.4951959588629794
graded_balanced_v3,Southern Piedmont Upland (Piedmont Plateau),2006,105,1.168997936104445
graded_balanced_v3,Southern Piedmont Upland (Piedmont Plateau),2007,101,0.850486774287202
graded_balanced_v3,Southern Piedmont Upland (Piedmont Plateau),2008,92,0.49840907597193224
graded_balanced_v3,Southern Piedmont Upland (Piedmont Plateau),2009,88,0.7052444622860218
graded_balanced_v3,Southern Piedmont Upland (Piedmont Plateau),2010,88,1.0044101908906085
graded_balanced_v3,Southern Piedmont Upland (Piedmont Plateau),2011,89,0.993425213629272
graded_balanced_v3,Southern Piedmont Upland (Piedmont Plateau),2012,91,0.8982155045967979
graded_balanced_v3,Southern Piedmont Upland (Piedmont Plateau),2013,94,0.3828607903596163
graded_balanced_v3,Southern Piedmont Upland (Piedmont Plateau),2014,97,0.532417643282888
graded_balanced_v3,Southern Piedmont Upland (Piedmont Plateau),2015,99,0.437394872879889
graded_balanced_v3,Southern Piedmont Upland (Piedmont Plateau),2016,100,0.42179028639659505
graded_balanced_v3,Eastern Huaihe Plain (Huaihe River Basin),2002,114,0.09488828108013288
graded_balanced_v3,Eastern Huaihe Plain (Huaihe River Basin),2003,113,-0.5378343275824388
graded_balanced_v3,Eastern Huaihe Plain (Huaihe River Basin),2004,111,-0.48649772417579346
graded_balanced_v3,Eastern Huaihe Plain (Huaihe River Basin),2005,109,-0.6776905799402834
graded_balanced_v3,Eastern Huaihe Plain (Huaihe River Basin),2006,105,-0.5106669411092869
graded_balanced_v3,Eastern Huaihe Plain (Huaihe River Basin),2007,101,-0.40334693396219545
graded_balanced_v3,Eastern Huaihe Plain (Huaihe River Basin),2008,92,-0.33672439056198095
graded_balanced_v3,Eastern Huaihe Plain (Huaihe River Basin),2009,88,0.048848924378491115
graded_balanced_v3,Eastern Huaihe Plain (Huaihe River Basin),2010,88,0.03743737366247183
graded_balanced_v3,Eastern Huaihe Plain (Huaihe River Basin),2011,89,0.6308070414307748
graded_balanced_v3,Eastern Huaihe Plain (Huaihe River Basin),2012,91,1.1429161901355325
graded_balanced_v3,Eastern Huaihe Plain (Huaihe River Basin),2013,94,1.2211131853035642
graded_balanced_v3,Eastern Huaihe Plain (Huaihe River Basin),2014,97,1.0682408158053036
graded_balanced_v3,Eastern Huaihe Plain (Huaihe River Basin),2015,99,0.6489688835772472
graded_balanced_v3,Eastern Huaihe Plain (Huaihe River Basin),2016,100,0.3207511206293418
graded_balanced_v3,Northern Dharwar Craton Banded Gneiss Complex (Dharwar Craton Banded Gneiss Complex),2002,114,-0.2971840824680648
graded_balanced_v3,Northern Dharwar Craton Banded Gneiss Complex (Dharwar Craton Banded Gneiss Complex),2003,113,-0.5176638923323674
graded_balanced_v3,Northern Dharwar Craton Banded Gneiss Complex (Dharwar Craton Banded Gneiss Complex),2004,111,-0.43007836033053604
graded_balanced_v3,Northern Dharwar Craton Banded Gneiss Complex (Dharwar Craton Banded Gneiss Complex),2005,109,-0.6675225116476922
graded_balanced_v3,Northern Dharwar Craton Banded Gneiss Complex (Dharwar Craton Banded Gneiss Complex),2006,105,-0.777579762894301
graded_balanced_v3,Northern Dharwar Craton Banded Gneiss Complex (Dharwar Craton Banded Gneiss Complex),2007,101,-0.7286283265809496
graded_balanced_v3,Northern Dharwar Craton Banded Gneiss Complex (Dharwar Craton Banded Gneiss Complex),2008,92,-0.8341293659366138
graded_balanced_v3,Northern Dharwar Craton Banded Gneiss Complex (Dharwar Craton Banded Gneiss Complex),2009,88,-0.9985743377425984
graded_balanced_v3,Northern Dharwar Craton Banded Gneiss Complex (Dharwar Craton Banded Gneiss Complex),2010,88,-0.6422937319810915
graded_balanced_v3,Northern Dharwar Craton Banded Gneiss Complex (Dharwar Craton Banded Gneiss Complex),2011,89,0.11495216410794555
graded_balanced_v3,Northern Dharwar Craton Banded Gneiss Complex (Dharwar Craton Banded Gneiss Complex),2012,91,0.23761347715029557
graded_balanced_v3,Northern Dharwar Craton Banded Gneiss Complex (Dharwar Craton Banded Gneiss Complex),2013,94,0.4258002313520625
graded_balanced_v3,Northern Dharwar Craton Banded Gneiss Complex (Dharwar Craton Banded Gneiss Complex),2014,97,0.505753729213699
graded_balanced_v3,Northern Dharwar Craton Banded Gneiss Complex (Dharwar Craton Banded Gneiss Complex),2015,99,0.42069527414626806
graded_balanced_v3,Northern Dharwar Craton Banded Gneiss Complex (Dharwar Craton Banded Gneiss Complex),2016,100,0.600310189274352
graded_balanced_v3,Eastern Mississippi Embayment (Mississippi Embayment),2002,114,-1.5018550564878372
graded_balanced_v3,Eastern Mississippi Embayment (Mississippi Embayment),2003,113,-1.3344782752263964
graded_balanced_v3,Eastern Mississippi Embayment (Mississippi Embayment),2004,111,-0.7955947066913059
graded_balanced_v3,Eastern Mississippi Embayment (Mississippi Embayment),2005,109,-0.22378413862765548
graded_balanced_v3,Eastern Mississippi Embayment (Mississippi Embayment),2006,105,0.10308498116899009
graded_balanced_v3,Eastern Mississippi Embayment (Mississippi Embayment),2007,101,-0.07627255792683241
graded_balanced_v3,Eastern Mississippi Embayment (Mississippi Embayment),2008,92,-0.2730645468436561
graded_balanced_v3,Eastern Mississippi Embayment (Mississippi Embayment),2009,88,-0.0698668982083363
graded_balanced_v3,Eastern Mississippi Embayment (Mississippi Embayment),2010,88,0.41188594687511854
graded_balanced_v3,Eastern Mississippi Embayment (Mississippi Embayment),2011,89,0.10362866467626966
graded_balanced_v3,Eastern Mississippi Embayment (Mississippi Embayment),2012,91,0.0220895387118137
graded_balanced_v3,Eastern Mississippi Embayment (Mississippi Embayment),2013,94,-0.5533929393786602
graded_balanced_v3,Eastern Mississippi Embayment (Mississippi Embayment),2014,97,-0.8353427615855539
graded_balanced_v3,Eastern Mississippi Embayment (Mississippi Embayment),2015,99,-1.064966437887888
graded_balanced_v3,Eastern Mississippi Embayment (Mississippi Embayment),2016,100,-1.194372787987238
graded_balanced_v3,Western Cambrian-Ordovician Aquifers (Northern Midwest Aquifer System),2002,114,0.6382662116382538
graded_balanced_v3,Western Cambrian-Ordovician Aquifers (Northern Midwest Aquifer System),2003,113,0.48380470107026835
graded_balanced_v3,Western Cambrian-Ordovician Aquifers (Northern Midwest Aquifer System),2004,111,0.34356570166259104
graded_balanced_v3,Western Cambrian-Ordovician Aquifers (Northern Midwest Aquifer System),2005,109,0.5982645546029356
graded_balanced_v3,Western Cambrian-Ordovician Aquifers (Northern Midwest Aquifer System),2006,105,0.6248175415295336
graded_balanced_v3,Western Cambrian-Ordovician Aquifers (Northern Midwest Aquifer System),2007,101,0.6482836917535449
graded_balanced_v3,Western Cambrian-Ordovician Aquifers (Northern Midwest Aquifer System),2008,92,0.8874415892039458
graded_balanced_v3,Western Cambrian-Ordovician Aquifers (Northern Midwest Aquifer System),2009,88,1.0739883214829336
graded_balanced_v3,Western Cambrian-Ordovician Aquifers (Northern Midwest Aquifer System),2010,88,1.24051012681767
graded_balanced_v3,Western Cambrian-Ordovician Aquifers (Northern Midwest Aquifer System),2011,89,1.2834128470116493
graded_balanced_v3,Western Cambrian-Ordovician Aquifers (Northern Midwest Aquifer System),2012,91,0.8460184889169222
graded_balanced_v3,Western Cambrian-Ordovician Aquifers (Northern Midwest Aquifer System),2013,94,0.18944037573682324
graded_balanced_v3,Western Cambrian-Ordovician Aquifers (Northern Midwest Aquifer System),2014,97,-0.2057744226483154
graded_balanced_v3,Western Cambrian-Ordovician Aquifers (Northern Midwest Aquifer System),2015,99,-0.46302102915586335
graded_balanced_v3,Western Cambrian-Ordovician Aquifers (Northern Midwest Aquifer System),2016,100,-1.0285296161820627
graded_balanced_v3,Southeastern System (Amadeus Basin),2002,114,-0.9872305643155473
graded_balanced_v3,Southeastern System (Amadeus Basin),2003,113,-0.6281539534251604
graded_balanced_v3,Southeastern System (Amadeus Basin),2004,111,-0.6759849697552417
graded_balanced_v3,Southeastern System (Amadeus Basin),2005,109,-0.6488119021637115
graded_balanced_v3,Southeastern System (Amadeus Basin),2006,105,-0.8147302900759238
graded_balanced_v3,Southeastern System (Amadeus Basin),2007,101,-0.9624710270775859
graded_balanced_v3,Southeastern System (Amadeus Basin),2008,92,-1.0922034626674881
graded_balanced_v3,Southeastern System (Amadeus Basin),2009,88,-1.6767904548881816
graded_balanced_v3,Southeastern System (Amadeus Basin),2010,88,-2.3290203968509946
graded_balanced_v3,Southeastern System (Amadeus Basin),2011,89,-2.2175102504074684
graded_balanced_v3,Southeastern System (Amadeus Basin),2012,91,-1.5844919580582288
graded_balanced_v3,Southeastern System (Amadeus Basin),2013,94,-1.0384291753120705
graded_balanced_v3,Southeastern System (Amadeus Basin),2014,97,-0.877597957515091
graded_balanced_v3,Southeastern System (Amadeus Basin),2015,99,-0.7732609073800014
graded_balanced_v3,Southeastern System (Amadeus Basin),2016,100,-0.8380149453682778
graded_balanced_v3,Edwards Plateau (Edwards-Trinity Aquifer System),2002,114,-0.8040941405843121
graded_balanced_v3,Edwards Plateau (Edwards-Trinity Aquifer System),2003,113,-1.094738263711706
graded_balanced_v3,Edwards Plateau (Edwards-Trinity Aquifer System),2004,111,-1.308881812763673
graded_balanced_v3,Edwards Plateau (Edwards-Trinity Aquifer System),2005,109,-0.7410814807967623
graded_balanced_v3,Edwards Plateau (Edwards-Trinity Aquifer System),2006,105,-0.3940689474252576
graded_balanced_v3,Edwards Plateau (Edwards-Trinity Aquifer System),2007,101,-0.3818953429661012
graded_balanced_v3,Edwards Plateau (Edwards-Trinity Aquifer System),2008,92,0.2082262711551516
graded_balanced_v3,Edwards Plateau (Edwards-Trinity Aquifer System),2009,88,0.4903662219914271
graded_balanced_v3,Edwards Plateau (Edwards-Trinity Aquifer System),2010,88,0.48481072675279385
graded_balanced_v3,Edwards Plateau (Edwards-Trinity Aquifer System),2011,89,0.4143030320395883
graded_balanced_v3,Edwards Plateau (Edwards-Trinity Aquifer System),2012,91,0.12261826370268789
graded_balanced_v3,Edwards Plateau (Edwards-Trinity Aquifer System),2013,94,-0.26161627725110276
graded_balanced_v3,Edwards Plateau (Edwards-Trinity Aquifer System),2014,97,-0.5585527973369175
graded_balanced_v3,Edwards Plateau (Edwards-Trinity Aquifer System),2015,99,-0.7465901288651252
graded_balanced_v3,Edwards Plateau (Edwards-Trinity Aquifer System),2016,100,-0.6952772652579544
graded_balanced_v3,Southcentral Deccan Basalt Plateau (Deccan Plateau),2002,114,0.3134372471277379
graded_balanced_v3,Southcentral Deccan Basalt Plateau (Deccan Plateau),2003,113,0.10658908937494291
graded_balanced_v3,Southcentral Deccan Basalt Plateau (Deccan Plateau),2004,111,-0.07872170106370084
graded_balanced_v3,Southcentral Deccan Basalt Plateau (Deccan Plateau),2005,109,-0.1671181002536382
graded_balanced_v3,Southcentral Deccan Basalt Plateau (Deccan Plateau),2006,105,-0.29183296379208623
graded_balanced_v3,Southcentral Deccan Basalt Plateau (Deccan Plateau),2007,101,-0.22598871363625264
graded_balanced_v3,Southcentral Deccan Basalt Plateau (Deccan Plateau),2008,92,-0.25511993364588453
graded_balanced_v3,Southcentral Deccan Basalt Plateau (Deccan Plateau),2009,88,-0.4404183718303499
graded_balanced_v3,Southcentral Deccan Basalt Plateau (Deccan Plateau),2010,88,-0.13069580545508133
graded_balanced_v3,Southcentral Deccan Basalt Plateau (Deccan Plateau),2011,89,0.43577542854412166
graded_balanced_v3,Southcentral Deccan Basalt Plateau (Deccan Plateau),2012,91,0.6387876245976318
graded_balanced_v3,Southcentral Deccan Basalt Plateau (Deccan Plateau),2013,94,0.6813416874767388
graded_balanced_v3,Southcentral Deccan Basalt Plateau (Deccan Plateau),2014,97,0.5455420877981502
graded_balanced_v3,Southcentral Deccan Basalt Plateau (Deccan Plateau),2015,99,0.5374416367545423
graded_balanced_v3,Southcentral Deccan Basalt Plateau (Deccan Plateau),2016,100,0.6402658603297838
graded_balanced_v3,Eastside Lower Indus Valley (Indus Basin),2002,114,0.8064762725841949
graded_balanced_v3,Eastside Lower Indus Valley (Indus Basin),2003,113,0.5469183238548885
graded_balanced_v3,Eastside Lower Indus Valley (Indus Basin),2004,111,0.5550320959556562
graded_balanced_v3,Eastside Lower Indus Valley (Indus Basin),2005,109,0.2337692976452822
graded_balanced_v3,Eastside Lower Indus Valley (Indus Basin),2006,105,-0.057821653089162685
graded_balanced_v3,Eastside Lower Indus Valley (Indus Basin),2007,101,-0.03629194283021366
graded_balanced_v3,Eastside Lower Indus Valley (Indus Basin),2008,92,-0.0305019223021295
graded_balanced_v3,Eastside Lower Indus Valley (Indus Basin),2009,88,-0.3318264201397063
graded_balanced_v3,Eastside Lower Indus Valley (Indus Basin),2010,88,-0.43172511858664997
graded_balanced_v3,Eastside Lower Indus Valley (Indus Basin),2011,89,-0.21102403370585457
graded_balanced_v3,Eastside Lower Indus Valley (Indus Basin),2012,91,0.061650197122618315
graded_balanced_v3,Eastside Lower Indus Valley (Indus Basin),2013,94,0.6477552733124986
graded_balanced_v3,Eastside Lower Indus Valley (Indus Basin),2014,97,0.8667420616242789
graded_balanced_v3,Eastside Lower Indus Valley (Indus Basin),2015,99,0.8911009265404157
graded_balanced_v3,Eastside Lower Indus Valley (Indus Basin),2016,100,0.9631228129817506
graded_balanced_v3,Central Piedmont Upland (Piedmont Plateau),2002,114,-0.8806771072110035
graded_balanced_v3,Central Piedmont Upland (Piedmont Plateau),2003,113,-0.9648219609057146
graded_balanced_v3,Central Piedmont Upland (Piedmont Plateau),2004,111,-0.2538444750401979
graded_balanced_v3,Central Piedmont Upland (Piedmont Plateau),2005,109,0.19158227954236615
graded_balanced_v3,Central Piedmont Upland (Piedmont Plateau),2006,105,0.4255490195796278
graded_balanced_v3,Central Piedmont Upland (Piedmont Plateau),2007,101,0.7651986892010304
graded_balanced_v3,Central Piedmont Upland (Piedmont Plateau),2008,92,0.45548692554141496
graded_balanced_v3,Central Piedmont Upland (Piedmont Plateau),2009,88,0.7334886594099815
graded_balanced_v3,Central Piedmont Upland (Piedmont Plateau),2010,88,0.6572718019800553
graded_balanced_v3,Central Piedmont Upland (Piedmont Plateau),2011,89,0.67154068101219
graded_balanced_v3,Central Piedmont Upland (Piedmont Plateau),2012,91,0.2408596751930283
graded_balanced_v3,Central Piedmont Upland (Piedmont Plateau),2013,94,-0.22033452157818867
graded_balanced_v3,Central Piedmont Upland (Piedmont Plateau),2014,97,-0.1281433844508878
graded_balanced_v3,Central Piedmont Upland (Piedmont Plateau),2015,99,-0.3119385781434731
graded_balanced_v3,Central Piedmont Upland (Piedmont Plateau),2016,100,-0.47483144768429986
graded_balanced_v3,Eastern Carrizo-Wilcox (Carrizo-Wilcox),2002,114,-0.902584816578905
graded_balanced_v3,Eastern Carrizo-Wilcox (Carrizo-Wilcox),2003,113,-0.8393574158988011
graded_balanced_v3,Eastern Carrizo-Wilcox (Carrizo-Wilcox),2004,111,-0.639742908531622
graded_balanced_v3,Eastern Carrizo-Wilcox (Carrizo-Wilcox),2005,109,-0.007182899704354931
graded_balanced_v3,Eastern Carrizo-Wilcox (Carrizo-Wilcox),2006,105,-0.17136001399652315
graded_balanced_v3,Eastern Carrizo-Wilcox (Carrizo-Wilcox),2007,101,-0.12695684371534074
graded_balanced_v3,Eastern Carrizo-Wilcox (Carrizo-Wilcox),2008,92,0.3782328117863889
graded_balanced_v3,Eastern Carrizo-Wilcox (Carrizo-Wilcox),2009,88,0.615893602494763
graded_balanced_v3,Eastern Carrizo-Wilcox (Carrizo-Wilcox),2010,88,1.0077513339811357
graded_balanced_v3,Eastern Carrizo-Wilcox (Carrizo-Wilcox),2011,89,0.6248572826924337
graded_balanced_v3,Eastern Carrizo-Wilcox (Carrizo-Wilcox),2012,91,0.1957953958544151
graded_balanced_v3,Eastern Carrizo-Wilcox (Carrizo-Wilcox),2013,94,-0.3934973941950154
graded_balanced_v3,Eastern Carrizo-Wilcox (Carrizo-Wilcox),2014,97,-0.608077771237861
graded_balanced_v3,Eastern Carrizo-Wilcox (Carrizo-Wilcox),2015,99,-0.7623171206194417
graded_balanced_v3,Eastern Carrizo-Wilcox (Carrizo-Wilcox),2016,100,-0.8454808419492225
graded_balanced_v3,Jiangsu Coastal Plain (Huaihe River Basin),2002,114,1.6372414578825738
graded_balanced_v3,Jiangsu Coastal Plain (Huaihe River Basin),2003,113,1.5463813960079333
graded_balanced_v3,Jiangsu Coastal Plain (Huaihe River Basin),2004,111,1.5995587592087546
graded_balanced_v3,Jiangsu Coastal Plain (Huaihe River Basin),2005,109,1.2774300601141133
graded_balanced_v3,Jiangsu Coastal Plain (Huaihe River Basin),2006,105,1.3827109075735575
graded_balanced_v3,Jiangsu Coastal Plain (Huaihe River Basin),2007,101,1.4932382944684028
graded_balanced_v3,Jiangsu Coastal Plain (Huaihe River Basin),2008,92,1.4738613232287
graded_balanced_v3,Jiangsu Coastal Plain (Huaihe River Basin),2009,88,1.5694886629475102
graded_balanced_v3,Jiangsu Coastal Plain (Huaihe River Basin),2010,88,1.4262668635171978
graded_balanced_v3,Jiangsu Coastal Plain (Huaihe River Basin),2011,89,1.7939369048442748
graded_balanced_v3,Jiangsu Coastal Plain (Huaihe River Basin),2012,91,1.9921196288688976
graded_balanced_v3,Jiangsu Coastal Plain (Huaihe River Basin),2013,94,1.9467897237038994
graded_balanced_v3,Jiangsu Coastal Plain (Huaihe River Basin),2014,97,1.777724987078544
graded_balanced_v3,Jiangsu Coastal Plain (Huaihe River Basin),2015,99,1.602856507959704
graded_balanced_v3,Jiangsu Coastal Plain (Huaihe River Basin),2016,100,1.4431865508504167
graded_balanced_v3,Eastern Cambrian-Ordovician Aquifers (Northern Midwest Aquifer System),2002,114,0.6764388914579976
graded_balanced_v3,Eastern Cambrian-Ordovician Aquifers (Northern Midwest Aquifer System),2003,113,0.14762431190707404
graded_balanced_v3,Eastern Cambrian-Ordovician Aquifers (Northern Midwest Aquifer System),2004,111,-0.05912322491508451
graded_balanced_v3,Eastern Cambrian-Ordovician Aquifers (Northern Midwest Aquifer System),2005,109,0.1975936201567793
graded_balanced_v3,Eastern Cambrian-Ordovician Aquifers (Northern Midwest Aquifer System),2006,105,-0.260398845566927
graded_balanced_v3,Eastern Cambrian-Ordovician Aquifers (Northern Midwest Aquifer System),2007,101,-0.3059958076461483
graded_balanced_v3,Eastern Cambrian-Ordovician Aquifers (Northern Midwest Aquifer System),2008,92,-0.23553155582251079
graded_balanced_v3,Eastern Cambrian-Ordovician Aquifers (Northern Midwest Aquifer System),2009,88,0.2690661205449475
graded_balanced_v3,Eastern Cambrian-Ordovician Aquifers (Northern Midwest Aquifer System),2010,88,0.8265480159361887
graded_balanced_v3,Eastern Cambrian-Ordovician Aquifers (Northern Midwest Aquifer System),2011,89,0.9937741548934707
graded_balanced_v3,Eastern Cambrian-Ordovician Aquifers (Northern Midwest Aquifer System),2012,91,0.7093780827946994
graded_balanced_v3,Eastern Cambrian-Ordovician Aquifers (Northern Midwest Aquifer System),2013,94,-0.15417436347888283
graded_balanced_v3,Eastern Cambrian-Ordovician Aquifers (Northern Midwest Aquifer System),2014,97,-0.8507032453095819
graded_balanced_v3,Eastern Cambrian-Ordovician Aquifers (Northern Midwest Aquifer System),2015,99,-1.1636911094816857
graded_balanced_v3,Eastern Cambrian-Ordovician Aquifers (Northern Midwest Aquifer System),2016,100,-1.590657466893349
graded_balanced_v3,Northcentral Deccan Basalt Plateau (Deccan Plateau),2002,114,0.11920477372123264
graded_balanced_v3,Northcentral Deccan Basalt Plateau (Deccan Plateau),2003,113,-0.10305678802372059
graded_balanced_v3,Northcentral Deccan Basalt Plateau (Deccan Plateau),2004,111,-0.2104251956841333
graded_balanced_v3,Northcentral Deccan Basalt Plateau (Deccan Plateau),2005,109,-0.3718850192839338
graded_balanced_v3,Northcentral Deccan Basalt Plateau (Deccan Plateau),2006,105,-0.4927269193435762
graded_balanced_v3,Northcentral Deccan Basalt Plateau (Deccan Plateau),2007,101,-0.4698335586250795
graded_balanced_v3,Northcentral Deccan Basalt Plateau (Deccan Plateau),2008,92,-0.5820131650196192
graded_balanced_v3,Northcentral Deccan Basalt Plateau (Deccan Plateau),2009,88,-0.9448905235241692
graded_balanced_v3,Northcentral Deccan Basalt Plateau (Deccan Plateau),2010,88,-0.5919490926379515
graded_balanced_v3,Northcentral Deccan Basalt Plateau (Deccan Plateau),2011,89,-0.002252441428692385
graded_balanced_v3,Northcentral Deccan Basalt Plateau (Deccan Plateau),2012,91,0.2682198871578497
graded_balanced_v3,Northcentral Deccan Basalt Plateau (Deccan Plateau),2013,94,0.421890111820086
graded_balanced_v3,Northcentral Deccan Basalt Plateau (Deccan Plateau),2014,97,0.41627894331418064
graded_balanced_v3,Northcentral Deccan Basalt Plateau (Deccan Plateau),2015,99,0.3674610885045044
graded_balanced_v3,Northcentral Deccan Basalt Plateau (Deccan Plateau),2016,100,0.5919412098156658
graded_balanced_v3,Eastside Middle Indus Plain (Indus Basin),2002,114,-0.844291234320911
graded_balanced_v3,Eastside Middle Indus Plain (Indus Basin),2003,113,-0.9119944038175317
graded_balanced_v3,Eastside Middle Indus Plain (Indus Basin),2004,111,-0.8498720136273269
graded_balanced_v3,Eastside Middle Indus Plain (Indus Basin),2005,109,-0.9865314553799027
graded_balanced_v3,Eastside Middle Indus Plain (Indus Basin),2006,105,-0.9638206219559446
graded_balanced_v3,Eastside Middle Indus Plain (Indus Basin),2007,101,-1.1048776836539862
graded_balanced_v3,Eastside Middle Indus Plain (Indus Basin),2008,92,-1.2170730863307302
graded_balanced_v3,Eastside Middle Indus Plain (Indus Basin),2009,88,-1.4358507378560281
graded_balanced_v3,Eastside Middle Indus Plain (Indus Basin),2010,88,-1.712567147678001
graded_balanced_v3,Eastside Middle Indus Plain (Indus Basin),2011,89,-1.7568345624308568
graded_balanced_v3,Eastside Middle Indus Plain (Indus Basin),2012,91,-1.7499977780334024
graded_balanced_v3,Eastside Middle Indus Plain (Indus Basin),2013,94,-1.4375980604405911
graded_balanced_v3,Eastside Middle Indus Plain (Indus Basin),2014,97,-1.2103311835398187
graded_balanced_v3,Eastside Middle Indus Plain (Indus Basin),2015,99,-1.1098423554503476
graded_balanced_v3,Eastside Middle Indus Plain (Indus Basin),2016,100,-0.8002205313659282
graded_balanced_v3,Central Allegheny Plateau (Appalachian Plateaus),2002,114,-1.1477636152339892
graded_balanced_v3,Central Allegheny Plateau (Appalachian Plateaus),2003,113,-1.3899009199028394
graded_balanced_v3,Central Allegheny Plateau (Appalachian Plateaus),2004,111,-0.8184880611537161
graded_balanced_v3,Central Allegheny Plateau (Appalachian Plateaus),2005,109,-0.3444340754189269
graded_balanced_v3,Central Allegheny Plateau (Appalachian Plateaus),2006,105,-0.36290629644511607
graded_balanced_v3,Central Allegheny Plateau (Appalachian Plateaus),2007,101,-0.23811352298087693
graded_balanced_v3,Central Allegheny Plateau (Appalachian Plateaus),2008,92,-0.36342902259725496
graded_balanced_v3,Central Allegheny Plateau (Appalachian Plateaus),2009,88,-0.15477211390570916
graded_balanced_v3,Central Allegheny Plateau (Appalachian Plateaus),2010,88,-0.15387492693342397
graded_balanced_v3,Central Allegheny Plateau (Appalachian Plateaus),2011,89,-0.4139089486882552
graded_balanced_v3,Central Allegheny Plateau (Appalachian Plateaus),2012,91,-0.33494451986518503
graded_balanced_v3,Central Allegheny Plateau (Appalachian Plateaus),2013,94,-0.7479363911546985
graded_balanced_v3,Central Allegheny Plateau (Appalachian Plateaus),2014,97,-0.8198225529807064
graded_balanced_v3,Central Allegheny Plateau (Appalachian Plateaus),2015,99,-1.054662491784994
graded_balanced_v3,Central Allegheny Plateau (Appalachian Plateaus),2016,100,-1.3121805825302726
graded_balanced_v3,Northeastern Karoo Basin (Main Karoo Basin),2002,114,0.5888457010752055
graded_balanced_v3,Northeastern Karoo Basin (Main Karoo Basin),2003,113,0.31014130269950907
graded_balanced_v3,Northeastern Karoo Basin (Main Karoo Basin),2004,111,-0.08763071625269366
graded_balanced_v3,Northeastern Karoo Basin (Main Karoo Basin),2005,109,-0.3145844516274372
graded_balanced_v3,Northeastern Karoo Basin (Main Karoo Basin),2006,105,-0.4859708532329316
graded_balanced_v3,Northeastern Karoo Basin (Main Karoo Basin),2007,101,-0.1726668891067416
graded_balanced_v3,Northeastern Karoo Basin (Main Karoo Basin),2008,92,-0.3170388203370841
graded_balanced_v3,Northeastern Karoo Basin (Main Karoo Basin),2009,88,-0.3951223483699892
graded_balanced_v3,Northeastern Karoo Basin (Main Karoo Basin),2010,88,-0.2129269772079527
graded_balanced_v3,Northeastern Karoo Basin (Main Karoo Basin),2011,89,0.15234303467959262
graded_balanced_v3,Northeastern Karoo Basin (Main Karoo Basin),2012,91,0.3295738562267029
graded_balanced_v3,Northeastern Karoo Basin (Main Karoo Basin),2013,94,0.5212168732053498
graded_balanced_v3,Northeastern Karoo Basin (Main Karoo Basin),2014,97,0.6201355259841049
graded_balanced_v3,Northeastern Karoo Basin (Main Karoo Basin),2015,99,0.615584584871712
graded_balanced_v3,Northeastern Karoo Basin (Main Karoo Basin),2016,100,0.5933023902848248
graded_balanced_v3,Southern Riverine Plains (Murray Basin),2002,114,0.6255463879939381
graded_balanced_v3,Southern Riverine Plains (Murray Basin),2003,113,0.5285095823407467
graded_balanced_v3,Southern Riverine Plains (Murray Basin),2004,111,0.5281285657038601
graded_balanced_v3,Southern Riverine Plains (Murray Basin),2005,109,0.5981037750106171
graded_balanced_v3,Southern Riverine Plains (Murray Basin),2006,105,0.4885421678723151
graded_balanced_v3,Southern Riverine Plains (Murray Basin),2007,101,0.3793008723460717
graded_balanced_v3,Southern Riverine Plains (Murray Basin),2008,92,0.2265505209869363
graded_balanced_v3,Southern Riverine Plains (Murray Basin),2009,88,-0.6438588083757056
graded_balanced_v3,Southern Riverine Plains (Murray Basin),2010,88,-1.2958097103133053
graded_balanced_v3,Southern Riverine Plains (Murray Basin),2011,89,-0.9223464701238258
graded_balanced_v3,Southern Riverine Plains (Murray Basin),2012,91,-0.6165916496732252
graded_balanced_v3,Southern Riverine Plains (Murray Basin),2013,94,-0.0076610762806730605
graded_balanced_v3,Southern Riverine Plains (Murray Basin),2014,97,0.051479541419145194
graded_balanced_v3,Southern Riverine Plains (Murray Basin),2015,99,-0.038209743398459194
graded_balanced_v3,Southern Riverine Plains (Murray Basin),2016,100,-0.3137074899396355
graded_balanced_v3,Black Warrior River Aquifer System (Eutaw and McShan Formations and Tuscaloosa Group),2002,114,-0.615462390466501
graded_balanced_v3,Black Warrior River Aquifer System (Eutaw and McShan Formations and Tuscaloosa Group),2003,113,-0.49948982153282123
graded_balanced_v3,Black Warrior River Aquifer System (Eutaw and McShan Formations and Tuscaloosa Group),2004,111,0.11844435735939822
graded_balanced_v3,Black Warrior River Aquifer System (Eutaw and McShan Formations and Tuscaloosa Group),2005,109,0.6206601183976006
graded_balanced_v3,Black Warrior River Aquifer System (Eutaw and McShan Formations and Tuscaloosa Group),2006,105,1.1428594202192528
graded_balanced_v3,Black Warrior River Aquifer System (Eutaw and McShan Formations and Tuscaloosa Group),2007,101,0.7618320241273483
graded_balanced_v3,Black Warrior River Aquifer System (Eutaw and McShan Formations and Tuscaloosa Group),2008,92,0.3743125806018684
graded_balanced_v3,Black Warrior River Aquifer System (Eutaw and McShan Formations and Tuscaloosa Group),2009,88,0.5478927078545431
graded_balanced_v3,Black Warrior River Aquifer System (Eutaw and McShan Formations and Tuscaloosa Group),2010,88,0.9707860179661417
graded_balanced_v3,Black Warrior River Aquifer System (Eutaw and McShan Formations and Tuscaloosa Group),2011,89,0.8258048319938956
graded_balanced_v3,Black Warrior River Aquifer System (Eutaw and McShan Formations and Tuscaloosa Group),2012,91,0.8982633166233742
graded_balanced_v3,Black Warrior River Aquifer System (Eutaw and McShan Formations and Tuscaloosa Group),2013,94,0.4118783114864496
graded_balanced_v3,Black Warrior River Aquifer System (Eutaw and McShan Formations and Tuscaloosa Group),2014,97,0.26432220345520574
graded_balanced_v3,Black Warrior River Aquifer System (Eutaw and McShan Formations and Tuscaloosa Group),2015,99,0.0460968974289707
graded_balanced_v3,Black Warrior River Aquifer System (Eutaw and McShan Formations and Tuscaloosa Group),2016,100,0.021799114413975834
graded_balanced_v3_noise2,Central Parana Basin and Torres Syncline (Guarani Aquifer System),2002,114,0.3021273462779603
graded_balanced_v3_noise2,Central Parana Basin and Torres Syncline (Guarani Aquifer System),2003,113,0.35451990631322905
graded_balanced_v3_noise2,Central Parana Basin and Torres Syncline (Guarani Aquifer System),2004,111,0.4378437749754363
graded_balanced_v3_noise2,Central Parana Basin and Torres Syncline (Guarani Aquifer System),2005,109,0.5588124021337981
graded_balanced_v3_noise2,Central Parana Basin and Torres Syncline (Guarani Aquifer System),2006,105,0.6437300087721627
graded_balanced_v3_noise2,Central Parana Basin and Torres Syncline (Guarani Aquifer System),2007,101,0.5221018597428407
graded_balanced_v3_noise2,Central Parana Basin and Torres Syncline (Guarani Aquifer System),2008,92,0.6090259105474215
graded_balanced_v3_noise2,Central Parana Basin and Torres Syncline (Guarani Aquifer System),2009,88,0.2832668016263622
graded_balanced_v3_noise2,Central Parana Basin and Torres Syncline (Guarani Aquifer System),2010,88,0.0059606227501886305
graded_balanced_v3_noise2,Central Parana Basin and Torres Syncline (Guarani Aquifer System),2011,89,-0.3581265227905652
graded_balanced_v3_noise2,Central Parana Basin and Torres Syncline (Guarani Aquifer System),2012,91,-0.9865151916462289
graded_balanced_v3_noise2,Central Parana Basin and Torres Syncline (Guarani Aquifer System),2013,94,-1.1100371212581843
graded_balanced_v3_noise2,Central Parana Basin and Torres Syncline (Guarani Aquifer System),2014,97,-0.8718192069070683
graded_balanced_v3_noise2,Central Parana Basin and Torres Syncline (Guarani Aquifer System),2015,99,-0.8637295049381947
graded_balanced_v3_noise2,Central Parana Basin and Torres Syncline (Guarani Aquifer System),2016,100,-0.46972235200569945
graded_balanced_v3_noise2,Northern Guarani Aquifer (Guarani Aquifer System),2002,114,-0.001418602097274166
graded_balanced_v3_noise2,Northern Guarani Aquifer (Guarani Aquifer System),2003,113,-0.026590500636553473
graded_balanced_v3_noise2,Northern Guarani Aquifer (Guarani Aquifer System),2004,111,-0.02404745135488955
graded_balanced_v3_noise2,Northern Guarani Aquifer (Guarani Aquifer System),2005,109,0.054649091900444334
graded_balanced_v3_noise2,Northern Guarani Aquifer (Guarani Aquifer System),2006,105,0.23857099338806398
graded_balanced_v3_noise2,Northern Guarani Aquifer (Guarani Aquifer System),2007,101,0.22974523485267165
graded_balanced_v3_noise2,Northern Guarani Aquifer (Guarani Aquifer System),2008,92,0.08151832782318168
graded_balanced_v3_noise2,Northern Guarani Aquifer (Guarani Aquifer System),2009,88,-0.23360861628076882
graded_balanced_v3_noise2,Northern Guarani Aquifer (Guarani Aquifer System),2010,88,-0.24616189722321097
graded_balanced_v3_noise2,Northern Guarani Aquifer (Guarani Aquifer System),2011,89,-0.7032206621758308
graded_balanced_v3_noise2,Northern Guarani Aquifer (Guarani Aquifer System),2012,91,-1.1536870749973647
graded_balanced_v3_noise2,Northern Guarani Aquifer (Guarani Aquifer System),2013,94,-1.1733982012148976
graded_balanced_v3_noise2,Northern Guarani Aquifer (Guarani Aquifer System),2014,97,-1.1806030453876022
graded_balanced_v3_noise2,Northern Guarani Aquifer (Guarani Aquifer System),2015,99,-1.3101224982472492
graded_balanced_v3_noise2,Northern Guarani Aquifer (Guarani Aquifer System),2016,100,-1.1363404135977995
graded_balanced_v3_noise2,Southwestern Chaco-Lower Parana Basin (Guarani Aquifer System),2002,114,-0.3702306851355331
graded_balanced_v3_noise2,Southwestern Chaco-Lower Parana Basin (Guarani Aquifer System),2003,113,0.1752697647783445
graded_balanced_v3_noise2,Southwestern Chaco-Lower Parana Basin (Guarani Aquifer System),2004,111,0.5162642101824713
graded_balanced_v3_noise2,Southwestern Chaco-Lower Parana Basin (Guarani Aquifer System),2005,109,0.6608179416002133
graded_balanced_v3_noise2,Southwestern Chaco-Lower Parana Basin (Guarani Aquifer System),2006,105,0.8650239956275769
graded_balanced_v3_noise2,Southwestern Chaco-Lower Parana Basin (Guarani Aquifer System),2007,101,0.8501560078698112
graded_balanced_v3_noise2,Southwestern Chaco-Lower Parana Basin (Guarani Aquifer System),2008,92,1.4601008325763183
graded_balanced_v3_noise2,Southwestern Chaco-Lower Parana Basin (Guarani Aquifer System),2009,88,0.9856368542329225
graded_balanced_v3_noise2,Southwestern Chaco-Lower Parana Basin (Guarani Aquifer System),2010,88,0.6753424744135257
graded_balanced_v3_noise2,Southwestern Chaco-Lower Parana Basin (Guarani Aquifer System),2011,89,0.11794123198386698
graded_balanced_v3_noise2,Southwestern Chaco-Lower Parana Basin (Guarani Aquifer System),2012,91,-0.6723211674921499
graded_balanced_v3_noise2,Southwestern Chaco-Lower Parana Basin (Guarani Aquifer System),2013,94,-1.3605525988921177
graded_balanced_v3_noise2,Southwestern Chaco-Lower Parana Basin (Guarani Aquifer System),2014,97,-1.5032445817220281
graded_balanced_v3_noise2,Southwestern Chaco-Lower Parana Basin (Guarani Aquifer System),2015,99,-1.2035891102289997
graded_balanced_v3_noise2,Southwestern Chaco-Lower Parana Basin (Guarani Aquifer System),2016,100,-0.9520168003888135
graded_balanced_v3_noise2,Amazonas Basin and Alter de Chao Aquifer System (Amazon Aquifer System),2002,114,-0.920999802819104
graded_balanced_v3_noise2,Amazonas Basin and Alter de Chao Aquifer System (Amazon Aquifer System),2003,113,-1.4852943697032035
graded_balanced_v3_noise2,Amazonas Basin and Alter de Chao Aquifer System (Amazon Aquifer System),2004,111,-1.2664031487991165
graded_balanced_v3_noise2,Amazonas Basin and Alter de Chao Aquifer System (Amazon Aquifer System),2005,109,-1.2940610546927764
graded_balanced_v3_noise2,Amazonas Basin and Alter de Chao Aquifer System (Amazon Aquifer System),2006,105,-1.8629042528974984
graded_balanced_v3_noise2,Amazonas Basin and Alter de Chao Aquifer System (Amazon Aquifer System),2007,101,-1.7928915798211469
graded_balanced_v3_noise2,Amazonas Basin and Alter de Chao Aquifer System (Amazon Aquifer System),2008,92,-1.420693367898755
graded_balanced_v3_noise2,Amazonas Basin and Alter de Chao Aquifer System (Amazon Aquifer System),2009,88,-1.109145908146151
graded_balanced_v3_noise2,Amazonas Basin and Alter de Chao Aquifer System (Amazon Aquifer System),2010,88,-1.1086782738946546
graded_balanced_v3_noise2,Amazonas Basin and Alter de Chao Aquifer System (Amazon Aquifer System),2011,89,-0.9244285221439306
graded_balanced_v3_noise2,Amazonas Basin and Alter de Chao Aquifer System (Amazon Aquifer System),2012,91,-0.47282846622871866
graded_balanced_v3_noise2,Amazonas Basin and Alter de Chao Aquifer System (Amazon Aquifer System),2013,94,-0.5980354457941554
graded_balanced_v3_noise2,Amazonas Basin and Alter de Chao Aquifer System (Amazon Aquifer System),2014,97,-0.9088755190639347
graded_balanced_v3_noise2,Amazonas Basin and Alter de Chao Aquifer System (Amazon Aquifer System),2015,99,-1.51308363015142
graded_balanced_v3_noise2,Amazonas Basin and Alter de Chao Aquifer System (Amazon Aquifer System),2016,100,-2.486491129937446
graded_balanced_v3_noise2,Poolowanna Trough and Western Eromanga Basin (Great Artesian Basin),2002,114,0.5100843640823621
graded_balanced_v3_noise2,Poolowanna Trough and Western Eromanga Basin (Great Artesian Basin),2003,113,0.6776446268283924
graded_balanced_v3_noise2,Poolowanna Trough and Western Eromanga Basin (Great Artesian Basin),2004,111,0.6418800617797935
graded_balanced_v3_noise2,Poolowanna Trough and Western Eromanga Basin (Great Artesian Basin),2005,109,0.4935734375675836
graded_balanced_v3_noise2,Poolowanna Trough and Western Eromanga Basin (Great Artesian Basin),2006,105,0.3285309311695489
graded_balanced_v3_noise2,Poolowanna Trough and Western Eromanga Basin (Great Artesian Basin),2007,101,0.25402263668531727
graded_balanced_v3_noise2,Poolowanna Trough and Western Eromanga Basin (Great Artesian Basin),2008,92,0.19731736757775323
graded_balanced_v3_noise2,Poolowanna Trough and Western Eromanga Basin (Great Artesian Basin),2009,88,-0.3179235781204335
graded_balanced_v3_noise2,Poolowanna Trough and Western Eromanga Basin (Great Artesian Basin),2010,88,-0.8719790155284133
graded_balanced_v3_noise2,Poolowanna Trough and Western Eromanga Basin (Great Artesian Basin),2011,89,-0.7677179147033918
graded_balanced_v3_noise2,Poolowanna Trough and Western Eromanga Basin (Great Artesian Basin),2012,91,-0.4162751997042851
graded_balanced_v3_noise2,Poolowanna Trough and Western Eromanga Basin (Great Artesian Basin),2013,94,-0.05822614761445262
graded_balanced_v3_noise2,Poolowanna Trough and Western Eromanga Basin (Great Artesian Basin),2014,97,0.042547957806437005
graded_balanced_v3_noise2,Poolowanna Trough and Western Eromanga Basin (Great Artesian Basin),2015,99,-0.02630655685563088
graded_balanced_v3_noise2,Poolowanna Trough and Western Eromanga Basin (Great Artesian Basin),2016,100,-0.08086331928234561
graded_balanced_v3_noise2,Eastern Eromanga Basin (Great Artesian Basin),2002,114,0.6973567251153359
graded_balanced_v3_noise2,Eastern Eromanga Basin (Great Artesian Basin),2003,113,0.7705773833664599
graded_balanced_v3_noise2,Eastern Eromanga Basin (Great Artesian Basin),2004,111,0.45845833969742744
graded_balanced_v3_noise2,Eastern Eromanga Basin (Great Artesian Basin),2005,109,0.036858517667636335
graded_balanced_v3_noise2,Eastern Eromanga Basin (Great Artesian Basin),2006,105,-0.445935215724194
graded_balanced_v3_noise2,Eastern Eromanga Basin (Great Artesian Basin),2007,101,-0.8543990795593667
graded_balanced_v3_noise2,Eastern Eromanga Basin (Great Artesian Basin),2008,92,-1.2309247129038883
graded_balanced_v3_noise2,Eastern Eromanga Basin (Great Artesian Basin),2009,88,-1.9463818578083458
graded_balanced_v3_noise2,Eastern Eromanga Basin (Great Artesian Basin),2010,88,-2.5578976550991745
graded_balanced_v3_noise2,Eastern Eromanga Basin (Great Artesian Basin),2011,89,-2.0527909526175256
graded_balanced_v3_noise2,Eastern Eromanga Basin (Great Artesian Basin),2012,91,-1.4472595933699846
graded_balanced_v3_noise2,Eastern Eromanga Basin (Great Artesian Basin),2013,94,-0.526223145534986
graded_balanced_v3_noise2,Eastern Eromanga Basin (Great Artesian Basin),2014,97,-0.254874191257201
graded_balanced_v3_noise2,Eastern Eromanga Basin (Great Artesian Basin),2015,99,-0.13443371545636162
graded_balanced_v3_noise2,Eastern Eromanga Basin (Great Artesian Basin),2016,100,-0.05589909222357388
graded_balanced_v3_noise2,Northern Eromanga Basin (Great Artesian Basin),2002,114,3.180838865063846
graded_balanced_v3_noise2,Northern Eromanga Basin (Great Artesian Basin),2003,113,2.978006751589076
graded_balanced_v3_noise2,Northern Eromanga Basin (Great Artesian Basin),2004,111,2.508621855294103
graded_balanced_v3_noise2,Northern Eromanga Basin (Great Artesian Basin),2005,109,1.9971729150212638
graded_balanced_v3_noise2,Northern Eromanga Basin (Great Artesian Basin),2006,105,1.389152321686021
graded_balanced_v3_noise2,Northern Eromanga Basin (Great Artesian Basin),2007,101,1.2444845844571943
graded_balanced_v3_noise2,Northern Eromanga Basin (Great Artesian Basin),2008,92,1.0518935557492488
graded_balanced_v3_noise2,Northern Eromanga Basin (Great Artesian Basin),2009,88,0.909577167995723
graded_balanced_v3_noise2,Northern Eromanga Basin (Great Artesian Basin),2010,88,1.1858881957770686
graded_balanced_v3_noise2,Northern Eromanga Basin (Great Artesian Basin),2011,89,1.599464932960286
graded_balanced_v3_noise2,Northern Eromanga Basin (Great Artesian Basin),2012,91,2.027912957648222
graded_balanced_v3_noise2,Northern Eromanga Basin (Great Artesian Basin),2013,94,2.515081791962577
graded_balanced_v3_noise2,Northern Eromanga Basin (Great Artesian Basin),2014,97,2.6814883988269833
graded_balanced_v3_noise2,Northern Eromanga Basin (Great Artesian Basin),2015,99,2.5844327269458334
graded_balanced_v3_noise2,Northern Eromanga Basin (Great Artesian Basin),2016,100,2.476930328475335
graded_balanced_v3_noise2,Northern High Plains (High Plains),2002,114,0.8519629719030403
graded_balanced_v3_noise2,Northern High Plains (High Plains),2003,113,0.2750626151074261
graded_balanced_v3_noise2,Northern High Plains (High Plains),2004,111,-0.028343907897975456
graded_balanced_v3_noise2,Northern High Plains (High Plains),2005,109,-0.1075389112757591
graded_balanced_v3_noise2,Northern High Plains (High Plains),2006,105,-0.2693959005087648
graded_balanced_v3_noise2,Northern High Plains (High Plains),2007,101,-0.5450402218802011
graded_balanced_v3_noise2,Northern High Plains (High Plains),2008,92,-0.49241014517645704
graded_balanced_v3_noise2,Northern High Plains (High Plains),2009,88,-0.29795896532360006
graded_balanced_v3_noise2,Northern High Plains (High Plains),2010,88,0.2656310407598543
graded_balanced_v3_noise2,Northern High Plains (High Plains),2011,89,0.3875586427489153
graded_balanced_v3_noise2,Northern High Plains (High Plains),2012,91,0.43632036582286626
graded_balanced_v3_noise2,Northern High Plains (High Plains),2013,94,-0.014115700875742807
graded_balanced_v3_noise2,Northern High Plains (High Plains),2014,97,0.008865294573689737
graded_balanced_v3_noise2,Northern High Plains (High Plains),2015,99,0.026971962468910992
graded_balanced_v3_noise2,Northern High Plains (High Plains),2016,100,-0.025624007600125894
graded_balanced_v3_noise2,Williston Basin (Northern Great Plains),2002,114,1.6355885773887686
graded_balanced_v3_noise2,Williston Basin (Northern Great Plains),2003,113,1.3989772173145985
graded_balanced_v3_noise2,Williston Basin (Northern Great Plains),2004,111,1.3052440859000398
graded_balanced_v3_noise2,Williston Basin (Northern Great Plains),2005,109,1.2629606942208413
graded_balanced_v3_noise2,Williston Basin (Northern Great Plains),2006,105,1.0266786658605784
graded_balanced_v3_noise2,Williston Basin (Northern Great Plains),2007,101,0.6686815723554681
graded_balanced_v3_noise2,Williston Basin (Northern Great Plains),2008,92,0.30968121683711086
graded_balanced_v3_noise2,Williston Basin (Northern Great Plains),2009,88,-0.2326764115333472
graded_balanced_v3_noise2,Williston Basin (Northern Great Plains),2010,88,-0.18847036845836482
graded_balanced_v3_noise2,Williston Basin (Northern Great Plains),2011,89,-0.009307558713307313
graded_balanced_v3_noise2,Williston Basin (Northern Great Plains),2012,91,0.17202598466303032
graded_balanced_v3_noise2,Williston Basin (Northern Great Plains),2013,94,0.06436295719046899
graded_balanced_v3_noise2,Williston Basin (Northern Great Plains),2014,97,0.10347999985335721
graded_balanced_v3_noise2,Williston Basin (Northern Great Plains),2015,99,0.18973243236574167
graded_balanced_v3_noise2,Williston Basin (Northern Great Plains),2016,100,0.11745312076131575
graded_balanced_v3_noise2,Central Eromanga Depocenter (Great Artesian Basin),2002,114,-0.2945876294929058
graded_balanced_v3_noise2,Central Eromanga Depocenter (Great Artesian Basin),2003,113,-0.10675509097081883
graded_balanced_v3_noise2,Central Eromanga Depocenter (Great Artesian Basin),2004,111,-0.21727167670505684
graded_balanced_v3_noise2,Central Eromanga Depocenter (Great Artesian Basin),2005,109,-0.5763423286386756
graded_balanced_v3_noise2,Central Eromanga Depocenter (Great Artesian Basin),2006,105,-0.98418390282412
graded_balanced_v3_noise2,Central Eromanga Depocenter (Great Artesian Basin),2007,101,-1.2496031512728938
graded_balanced_v3_noise2,Central Eromanga Depocenter (Great Artesian Basin),2008,92,-1.462922021972131
graded_balanced_v3_noise2,Central Eromanga Depocenter (Great Artesian Basin),2009,88,-2.2318252950979782
graded_balanced_v3_noise2,Central Eromanga Depocenter (Great Artesian Basin),2010,88,-2.992440402780574
graded_balanced_v3_noise2,Central Eromanga Depocenter (Great Artesian Basin),2011,89,-2.7174249127129793
graded_balanced_v3_noise2,Central Eromanga Depocenter (Great Artesian Basin),2012,91,-2.2506867759228766
graded_balanced_v3_noise2,Central Eromanga Depocenter (Great Artesian Basin),2013,94,-1.692715655019207
graded_balanced_v3_noise2,Central Eromanga Depocenter (Great Artesian Basin),2014,97,-1.491853046118948
graded_balanced_v3_noise2,Central Eromanga Depocenter (Great Artesian Basin),2015,99,-1.4801982639772344
graded_balanced_v3_noise2,Central Eromanga Depocenter (Great Artesian Basin),2016,100,-1.4130860114091943
graded_balanced_v3_noise2,Western Parecis Basin (Parecis Basin),2002,114,0.8609235476176442
graded_balanced_v3_noise2,Western Parecis Basin (Parecis Basin),2003,113,0.7370980311957805
graded_balanced_v3_noise2,Western Parecis Basin (Parecis Basin),2004,111,0.9210717317230661
graded_balanced_v3_noise2,Western Parecis Basin (Parecis Basin),2005,109,0.9526991951600583
graded_balanced_v3_noise2,Western Parecis Basin (Parecis Basin),2006,105,0.8321073293771675
graded_balanced_v3_noise2,Western Parecis Basin (Parecis Basin),2007,101,0.8906954554880896
graded_balanced_v3_noise2,Western Parecis Basin (Parecis Basin),2008,92,1.0373202398292094
graded_balanced_v3_noise2,Western Parecis Basin (Parecis Basin),2009,88,1.0929083728285922
graded_balanced_v3_noise2,Western Parecis Basin (Parecis Basin),2010,88,1.1981976682918087
graded_balanced_v3_noise2,Western Parecis Basin (Parecis Basin),2011,89,0.48085329336343957
graded_balanced_v3_noise2,Western Parecis Basin (Parecis Basin),2012,91,0.48886516126892404
graded_balanced_v3_noise2,Western Parecis Basin (Parecis Basin),2013,94,0.08490600746696254
graded_balanced_v3_noise2,Western Parecis Basin (Parecis Basin),2014,97,-0.14490426916302165
graded_balanced_v3_noise2,Western Parecis Basin (Parecis Basin),2015,99,-0.38713554827796354
graded_balanced_v3_noise2,Western Parecis Basin (Parecis Basin),2016,100,-0.5943510464918933
graded_balanced_v3_noise2,Upper Gangetic Plain (Indo-Gangetic Plain),2002,114,1.3219112177387207
graded_balanced_v3_noise2,Upper Gangetic Plain (Indo-Gangetic Plain),2003,113,1.2602286720155036
graded_balanced_v3_noise2,Upper Gangetic Plain (Indo-Gangetic Plain),2004,111,1.5380607021666444
graded_balanced_v3_noise2,Upper Gangetic Plain (Indo-Gangetic Plain),2005,109,1.4228304671675205
graded_balanced_v3_noise2,Upper Gangetic Plain (Indo-Gangetic Plain),2006,105,1.2254435505376098
graded_balanced_v3_noise2,Upper Gangetic Plain (Indo-Gangetic Plain),2007,101,0.9676445193149551
graded_balanced_v3_noise2,Upper Gangetic Plain (Indo-Gangetic Plain),2008,92,0.6153821750715233
graded_balanced_v3_noise2,Upper Gangetic Plain (Indo-Gangetic Plain),2009,88,0.7162953579464801
graded_balanced_v3_noise2,Upper Gangetic Plain (Indo-Gangetic Plain),2010,88,0.9995949010863108
graded_balanced_v3_noise2,Upper Gangetic Plain (Indo-Gangetic Plain),2011,89,1.0414579505188821
graded_balanced_v3_noise2,Upper Gangetic Plain (Indo-Gangetic Plain),2012,91,1.558475419922743
graded_balanced_v3_noise2,Upper Gangetic Plain (Indo-Gangetic Plain),2013,94,1.752590423125851
graded_balanced_v3_noise2,Upper Gangetic Plain (Indo-Gangetic Plain),2014,97,1.9100328542709024
graded_balanced_v3_noise2,Upper Gangetic Plain (Indo-Gangetic Plain),2015,99,1.9210278647786645
graded_balanced_v3_noise2,Upper Gangetic Plain (Indo-Gangetic Plain),2016,100,2.137817838669851
graded_balanced_v3_noise2,Stampriet Kalahari Karoo Aquifer System,2002,114,0.8781266559828218
graded_balanced_v3_noise2,Stampriet Kalahari Karoo Aquifer System,2003,113,0.8700105515303195
graded_balanced_v3_noise2,Stampriet Kalahari Karoo Aquifer System,2004,111,0.4204636571979978
graded_balanced_v3_noise2,Stampriet Kalahari Karoo Aquifer System,2005,109,0.15409947581314673
graded_balanced_v3_noise2,Stampriet Kalahari Karoo Aquifer System,2006,105,-0.1853069704862516
graded_balanced_v3_noise2,Stampriet Kalahari Karoo Aquifer System,2007,101,-0.1630351961503217
graded_balanced_v3_noise2,Stampriet Kalahari Karoo Aquifer System,2008,92,-0.395397486066197
graded_balanced_v3_noise2,Stampriet Kalahari Karoo Aquifer System,2009,88,-0.8465324232456086
graded_balanced_v3_noise2,Stampriet Kalahari Karoo Aquifer System,2010,88,-1.247589123057909
graded_balanced_v3_noise2,Stampriet Kalahari Karoo Aquifer System,2011,89,-1.3387243318420363
graded_balanced_v3_noise2,Stampriet Kalahari Karoo Aquifer System,2012,91,-0.8103395072870454
graded_balanced_v3_noise2,Stampriet Kalahari Karoo Aquifer System,2013,94,-0.5511731477147974
graded_balanced_v3_noise2,Stampriet Kalahari Karoo Aquifer System,2014,97,-0.6159073960811651
graded_balanced_v3_noise2,Stampriet Kalahari Karoo Aquifer System,2015,99,-0.4764492040031843
graded_balanced_v3_noise2,Stampriet Kalahari Karoo Aquifer System,2016,100,-0.2972523872738007
graded_balanced_v3_noise2,Northcentral Mega Aquifer System (Mega Aquifer System),2002,114,-0.5971004475144789
graded_balanced_v3_noise2,Northcentral Mega Aquifer System (Mega Aquifer System),2003,113,-0.7272187961002206
graded_balanced_v3_noise2,Northcentral Mega Aquifer System (Mega Aquifer System),2004,111,-0.8032025401658388
graded_balanced_v3_noise2,Northcentral Mega Aquifer System (Mega Aquifer System),2005,109,-0.6810980829106298
graded_balanced_v3_noise2,Northcentral Mega Aquifer System (Mega Aquifer System),2006,105,-0.4609400170053546
graded_balanced_v3_noise2,Northcentral Mega Aquifer System (Mega Aquifer System),2007,101,-0.2829496669075141
graded_balanced_v3_noise2,Northcentral Mega Aquifer System (Mega Aquifer System),2008,92,-0.11428619839856562
graded_balanced_v3_noise2,Northcentral Mega Aquifer System (Mega Aquifer System),2009,88,0.07779303020853844
graded_balanced_v3_noise2,Northcentral Mega Aquifer System (Mega Aquifer System),2010,88,0.17153675214466454
graded_balanced_v3_noise2,Northcentral Mega Aquifer System (Mega Aquifer System),2011,89,0.1539940884182061
graded_balanced_v3_noise2,Northcentral Mega Aquifer System (Mega Aquifer System),2012,91,0.08142746458700098
graded_balanced_v3_noise2,Northcentral Mega Aquifer System (Mega Aquifer System),2013,94,0.01239582432226535
graded_balanced_v3_noise2,Northcentral Mega Aquifer System (Mega Aquifer System),2014,97,0.04682345660363908
graded_balanced_v3_noise2,Northcentral Mega Aquifer System (Mega Aquifer System),2015,99,0.012661359356193539
graded_balanced_v3_noise2,Northcentral Mega Aquifer System (Mega Aquifer System),2016,100,-0.0727176199335227
graded_balanced_v3_noise2,Ozark Plateaus Aquifer System,2002,114,-1.585793442920836
graded_balanced_v3_noise2,Ozark Plateaus Aquifer System,2003,113,-2.0993632322596736
graded_balanced_v3_noise2,Ozark Plateaus Aquifer System,2004,111,-1.9488918240235114
graded_balanced_v3_noise2,Ozark Plateaus Aquifer System,2005,109,-1.627627031210636
graded_balanced_v3_noise2,Ozark Plateaus Aquifer System,2006,105,-1.7386706892355932
graded_balanced_v3_noise2,Ozark Plateaus Aquifer System,2007,101,-2.0549360926342546
graded_balanced_v3_noise2,Ozark Plateaus Aquifer System,2008,92,-2.0198707783515
graded_balanced_v3_noise2,Ozark Plateaus Aquifer System,2009,88,-1.600813467781814
graded_balanced_v3_noise2,Ozark Plateaus Aquifer System,2010,88,-0.6616527676761154
graded_balanced_v3_noise2,Ozark Plateaus Aquifer System,2011,89,-0.7698158207678316
graded_balanced_v3_noise2,Ozark Plateaus Aquifer System,2012,91,-0.9347056557080631
graded_balanced_v3_noise2,Ozark Plateaus Aquifer System,2013,94,-1.8193881458533354
graded_balanced_v3_noise2,Ozark Plateaus Aquifer System,2014,97,-2.294410164449687
graded_balanced_v3_noise2,Ozark Plateaus Aquifer System,2015,99,-2.7567592065157878
graded_balanced_v3_noise2,Ozark Plateaus Aquifer System,2016,100,-2.7015118705837655
graded_balanced_v3_noise2,Western Karoo Basin (Main Karoo Basin),2002,114,2.2019471595336024
graded_balanced_v3_noise2,Western Karoo Basin (Main Karoo Basin),2003,113,2.2110741447539777
graded_balanced_v3_noise2,Western Karoo Basin (Main Karoo Basin),2004,111,2.051147393195154
graded_balanced_v3_noise2,Western Karoo Basin (Main Karoo Basin),2005,109,1.8591763486366648
graded_balanced_v3_noise2,Western Karoo Basin (Main Karoo Basin),2006,105,1.6637683723081627
graded_balanced_v3_noise2,Western Karoo Basin (Main Karoo Basin),2007,101,1.6831261788094232
graded_balanced_v3_noise2,Western Karoo Basin (Main Karoo Basin),2008,92,1.6192845354537961
graded_balanced_v3_noise2,Western Karoo Basin (Main Karoo Basin),2009,88,1.6269780065074881
graded_balanced_v3_noise2,Western Karoo Basin (Main Karoo Basin),2010,88,1.5841124486466491
graded_balanced_v3_noise2,Western Karoo Basin (Main Karoo Basin),2011,89,1.5594177702965881
graded_balanced_v3_noise2,Western Karoo Basin (Main Karoo Basin),2012,91,1.7556275412883349
graded_balanced_v3_noise2,Western Karoo Basin (Main Karoo Basin),2013,94,2.0689625773126297
graded_balanced_v3_noise2,Western Karoo Basin (Main Karoo Basin),2014,97,2.242501082634141
graded_balanced_v3_noise2,Western Karoo Basin (Main Karoo Basin),2015,99,2.355833155399195
graded_balanced_v3_noise2,Western Karoo Basin (Main Karoo Basin),2016,100,2.5474426796156657
graded_balanced_v3_noise2,Middle Gangetic Plain (Indo-Gangetic Plain),2002,114,-0.24725073022494212
graded_balanced_v3_noise2,Middle Gangetic Plain (Indo-Gangetic Plain),2003,113,-0.26644611799393575
graded_balanced_v3_noise2,Middle Gangetic Plain (Indo-Gangetic Plain),2004,111,-0.06477946582476722
graded_balanced_v3_noise2,Middle Gangetic Plain (Indo-Gangetic Plain),2005,109,0.0316511708560365
graded_balanced_v3_noise2,Middle Gangetic Plain (Indo-Gangetic Plain),2006,105,-0.26496999105852337
graded_balanced_v3_noise2,Middle Gangetic Plain (Indo-Gangetic Plain),2007,101,-0.3084560641228314
graded_balanced_v3_noise2,Middle Gangetic Plain (Indo-Gangetic Plain),2008,92,-0.4141453161773307
graded_balanced_v3_noise2,Middle Gangetic Plain (Indo-Gangetic Plain),2009,88,-0.49491052901493393
graded_balanced_v3_noise2,Middle Gangetic Plain (Indo-Gangetic Plain),2010,88,-0.2965097438025156
graded_balanced_v3_noise2,Middle Gangetic Plain (Indo-Gangetic Plain),2011,89,0.0031077182072360215
graded_balanced_v3_noise2,Middle Gangetic Plain (Indo-Gangetic Plain),2012,91,0.4817979583929572
graded_balanced_v3_noise2,Middle Gangetic Plain (Indo-Gangetic Plain),2013,94,0.5856375266506215
graded_balanced_v3_noise2,Middle Gangetic Plain (Indo-Gangetic Plain),2014,97,0.5483874632585994
graded_balanced_v3_noise2,Middle Gangetic Plain (Indo-Gangetic Plain),2015,99,0.5965816253464431
graded_balanced_v3_noise2,Middle Gangetic Plain (Indo-Gangetic Plain),2016,100,0.6710911478124013
graded_balanced_v3_noise2,Northern Mega Aquifer System (Mega Aquifer System),2002,114,-0.7135073721798795
graded_balanced_v3_noise2,Northern Mega Aquifer System (Mega Aquifer System),2003,113,-0.8694838625401226
graded_balanced_v3_noise2,Northern Mega Aquifer System (Mega Aquifer System),2004,111,-0.8569606601364956
graded_balanced_v3_noise2,Northern Mega Aquifer System (Mega Aquifer System),2005,109,-0.6353877296267819
graded_balanced_v3_noise2,Northern Mega Aquifer System (Mega Aquifer System),2006,105,-0.38049993648607033
graded_balanced_v3_noise2,Northern Mega Aquifer System (Mega Aquifer System),2007,101,-0.07684222422560813
graded_balanced_v3_noise2,Northern Mega Aquifer System (Mega Aquifer System),2008,92,0.13104511016000267
graded_balanced_v3_noise2,Northern Mega Aquifer System (Mega Aquifer System),2009,88,0.33484462676005067
graded_balanced_v3_noise2,Northern Mega Aquifer System (Mega Aquifer System),2010,88,0.44035908114924094
graded_balanced_v3_noise2,Northern Mega Aquifer System (Mega Aquifer System),2011,89,0.3399080616210217
graded_balanced_v3_noise2,Northern Mega Aquifer System (Mega Aquifer System),2012,91,0.15487997607515597
graded_balanced_v3_noise2,Northern Mega Aquifer System (Mega Aquifer System),2013,94,-0.04524414898101176
graded_balanced_v3_noise2,Northern Mega Aquifer System (Mega Aquifer System),2014,97,-0.02950647171137681
graded_balanced_v3_noise2,Northern Mega Aquifer System (Mega Aquifer System),2015,99,-0.025755920318767635
graded_balanced_v3_noise2,Northern Mega Aquifer System (Mega Aquifer System),2016,100,-0.1359040821799618
graded_balanced_v3_noise2,Canning Basin,2002,114,-0.3074503701898854
graded_balanced_v3_noise2,Canning Basin,2003,113,-0.39592246007158305
graded_balanced_v3_noise2,Canning Basin,2004,111,-0.2678060616382518
graded_balanced_v3_noise2,Canning Basin,2005,109,-0.2953874388034836
graded_balanced_v3_noise2,Canning Basin,2006,105,-0.5825876786013587
graded_balanced_v3_noise2,Canning Basin,2007,101,-0.549977700225659
graded_balanced_v3_noise2,Canning Basin,2008,92,-0.3447198528835869
graded_balanced_v3_noise2,Canning Basin,2009,88,-0.6777155826763008
graded_balanced_v3_noise2,Canning Basin,2010,88,-1.1842154967812746
graded_balanced_v3_noise2,Canning Basin,2011,89,-1.0496592810370848
graded_balanced_v3_noise2,Canning Basin,2012,91,-0.760192164568286
graded_balanced_v3_noise2,Canning Basin,2013,94,-0.4275442662009345
graded_balanced_v3_noise2,Canning Basin,2014,97,-0.200116412161953
graded_balanced_v3_noise2,Canning Basin,2015,99,-0.0337742262921746
graded_balanced_v3_noise2,Canning Basin,2016,100,-0.11501335164562695
graded_balanced_v3_noise2,Central Karoo Basin (Main Karoo Basin),2002,114,-0.26042351367950156
graded_balanced_v3_noise2,Central Karoo Basin (Main Karoo Basin),2003,113,-0.1656475909664544
graded_balanced_v3_noise2,Central Karoo Basin (Main Karoo Basin),2004,111,-0.44311165614245795
graded_balanced_v3_noise2,Central Karoo Basin (Main Karoo Basin),2005,109,-0.6303786814941702
graded_balanced_v3_noise2,Central Karoo Basin (Main Karoo Basin),2006,105,-0.942204813513763
graded_balanced_v3_noise2,Central Karoo Basin (Main Karoo Basin),2007,101,-0.7196504546708707
graded_balanced_v3_noise2,Central Karoo Basin (Main Karoo Basin),2008,92,-0.8471778465065942
graded_balanced_v3_noise2,Central Karoo Basin (Main Karoo Basin),2009,88,-0.9575322116960306
graded_balanced_v3_noise2,Central Karoo Basin (Main Karoo Basin),2010,88,-0.8630971056982059
graded_balanced_v3_noise2,Central Karoo Basin (Main Karoo Basin),2011,89,-0.6391015206503651
graded_balanced_v3_noise2,Central Karoo Basin (Main Karoo Basin),2012,91,-0.2415074315236909
graded_balanced_v3_noise2,Central Karoo Basin (Main Karoo Basin),2013,94,0.264190431438761
graded_balanced_v3_noise2,Central Karoo Basin (Main Karoo Basin),2014,97,0.43852231128512625
graded_balanced_v3_noise2,Central Karoo Basin (Main Karoo Basin),2015,99,0.28206977123770777
graded_balanced_v3_noise2,Central Karoo Basin (Main Karoo Basin),2016,100,0.3113233595314888
graded_balanced_v3_noise2,Southern Carpentaria Basin (Great Artesian Basin),2002,114,0.9744519424105471
graded_balanced_v3_noise2,Southern Carpentaria Basin (Great Artesian Basin),2003,113,0.6287508203523463
graded_balanced_v3_noise2,Southern Carpentaria Basin (Great Artesian Basin),2004,111,0.13808643150410252
graded_balanced_v3_noise2,Southern Carpentaria Basin (Great Artesian Basin),2005,109,-0.249625546498671
graded_balanced_v3_noise2,Southern Carpentaria Basin (Great Artesian Basin),2006,105,-0.6873922074151652
graded_balanced_v3_noise2,Southern Carpentaria Basin (Great Artesian Basin),2007,101,-0.46857389370442787
graded_balanced_v3_noise2,Southern Carpentaria Basin (Great Artesian Basin),2008,92,-0.4620397304247723
graded_balanced_v3_noise2,Southern Carpentaria Basin (Great Artesian Basin),2009,88,-0.49387330435511506
graded_balanced_v3_noise2,Southern Carpentaria Basin (Great Artesian Basin),2010,88,-0.5940077927037197
graded_balanced_v3_noise2,Southern Carpentaria Basin (Great Artesian Basin),2011,89,-0.18836664494655914
graded_balanced_v3_noise2,Southern Carpentaria Basin (Great Artesian Basin),2012,91,0.24558026901919872
graded_balanced_v3_noise2,Southern Carpentaria Basin (Great Artesian Basin),2013,94,0.4724488340849556
graded_balanced_v3_noise2,Southern Carpentaria Basin (Great Artesian Basin),2014,97,0.551404862890881
graded_balanced_v3_noise2,Southern Carpentaria Basin (Great Artesian Basin),2015,99,0.731662044658342
graded_balanced_v3_noise2,Southern Carpentaria Basin (Great Artesian Basin),2016,100,0.7417629076659216
graded_balanced_v3_noise2,Eastern Parecis Basin (Parecis Basin),2002,114,-0.5416393874749944
graded_balanced_v3_noise2,Eastern Parecis Basin (Parecis Basin),2003,113,-0.7195780799147864
graded_balanced_v3_noise2,Eastern Parecis Basin (Parecis Basin),2004,111,-0.3226923159998031
graded_balanced_v3_noise2,Eastern Parecis Basin (Parecis Basin),2005,109,-0.30587146993174247
graded_balanced_v3_noise2,Eastern Parecis Basin (Parecis Basin),2006,105,-0.35227003715932964
graded_balanced_v3_noise2,Eastern Parecis Basin (Parecis Basin),2007,101,-0.3238251303490499
graded_balanced_v3_noise2,Eastern Parecis Basin (Parecis Basin),2008,92,-0.3409887018310438
graded_balanced_v3_noise2,Eastern Parecis Basin (Parecis Basin),2009,88,-0.5474408522560972
graded_balanced_v3_noise2,Eastern Parecis Basin (Parecis Basin),2010,88,-0.4523347064734747
graded_balanced_v3_noise2,Eastern Parecis Basin (Parecis Basin),2011,89,-1.1333949729255843
graded_balanced_v3_noise2,Eastern Parecis Basin (Parecis Basin),2012,91,-1.0409818849039392
graded_balanced_v3_noise2,Eastern Parecis Basin (Parecis Basin),2013,94,-1.5203676384485438
graded_balanced_v3_noise2,Eastern Parecis Basin (Parecis Basin),2014,97,-1.5957535122023812
graded_balanced_v3_noise2,Eastern Parecis Basin (Parecis Basin),2015,99,-1.5937382290114375
graded_balanced_v3_noise2,Eastern Parecis Basin (Parecis Basin),2016,100,-1.872177689567342
graded_balanced_v3_noise2,Eastern Poti and Piaui and Cabecas and Serra Grande Aquifers (Parnaiba Basin),2002,114,0.3677753914712958
graded_balanced_v3_noise2,Eastern Poti and Piaui and Cabecas and Serra Grande Aquifers (Parnaiba Basin),2003,113,-0.06230199201941556
graded_balanced_v3_noise2,Eastern Poti and Piaui and Cabecas and Serra Grande Aquifers (Parnaiba Basin),2004,111,-0.01493849939802331
graded_balanced_v3_noise2,Eastern Poti and Piaui and Cabecas and Serra Grande Aquifers (Parnaiba Basin),2005,109,-0.15658731334553877
graded_balanced_v3_noise2,Eastern Poti and Piaui and Cabecas and Serra Grande Aquifers (Parnaiba Basin),2006,105,-0.2278113498085607
graded_balanced_v3_noise2,Eastern Poti and Piaui and Cabecas and Serra Grande Aquifers (Parnaiba Basin),2007,101,-0.26498805055332136
graded_balanced_v3_noise2,Eastern Poti and Piaui and Cabecas and Serra Grande Aquifers (Parnaiba Basin),2008,92,-0.302327400509257
graded_balanced_v3_noise2,Eastern Poti and Piaui and Cabecas and Serra Grande Aquifers (Parnaiba Basin),2009,88,0.034471089456932176
graded_balanced_v3_noise2,Eastern Poti and Piaui and Cabecas and Serra Grande Aquifers (Parnaiba Basin),2010,88,0.5613731506615668
graded_balanced_v3_noise2,Eastern Poti and Piaui and Cabecas and Serra Grande Aquifers (Parnaiba Basin),2011,89,0.6694050945490585
graded_balanced_v3_noise2,Eastern Poti and Piaui and Cabecas and Serra Grande Aquifers (Parnaiba Basin),2012,91,0.9744607368200934
graded_balanced_v3_noise2,Eastern Poti and Piaui and Cabecas and Serra Grande Aquifers (Parnaiba Basin),2013,94,0.7558372872809145
graded_balanced_v3_noise2,Eastern Poti and Piaui and Cabecas and Serra Grande Aquifers (Parnaiba Basin),2014,97,0.554479098926215
graded_balanced_v3_noise2,Eastern Poti and Piaui and Cabecas and Serra Grande Aquifers (Parnaiba Basin),2015,99,0.31703508985533624
graded_balanced_v3_noise2,Eastern Poti and Piaui and Cabecas and Serra Grande Aquifers (Parnaiba Basin),2016,100,-0.19394489850290486
graded_balanced_v3_noise2,Wiso Basin (Daly-Wiso-Georgina Basins),2002,114,-0.3051710955892998
graded_balanced_v3_noise2,Wiso Basin (Daly-Wiso-Georgina Basins),2003,113,-0.5083162551697826
graded_balanced_v3_noise2,Wiso Basin (Daly-Wiso-Georgina Basins),2004,111,-0.5708289002160137
graded_balanced_v3_noise2,Wiso Basin (Daly-Wiso-Georgina Basins),2005,109,-0.5578880526410545
graded_balanced_v3_noise2,Wiso Basin (Daly-Wiso-Georgina Basins),2006,105,-0.7255069846394859
graded_balanced_v3_noise2,Wiso Basin (Daly-Wiso-Georgina Basins),2007,101,-0.6258602814502576
graded_balanced_v3_noise2,Wiso Basin (Daly-Wiso-Georgina Basins),2008,92,-0.5007854318039596
graded_balanced_v3_noise2,Wiso Basin (Daly-Wiso-Georgina Basins),2009,88,-1.1938112444359377
graded_balanced_v3_noise2,Wiso Basin (Daly-Wiso-Georgina Basins),2010,88,-1.9860908022589285
graded_balanced_v3_noise2,Wiso Basin (Daly-Wiso-Georgina Basins),2011,89,-1.7124356654318742
graded_balanced_v3_noise2,Wiso Basin (Daly-Wiso-Georgina Basins),2012,91,-1.4156268058667634
graded_balanced_v3_noise2,Wiso Basin (Daly-Wiso-Georgina Basins),2013,94,-1.2133591792407459
graded_balanced_v3_noise2,Wiso Basin (Daly-Wiso-Georgina Basins),2014,97,-0.8909389409036211
graded_balanced_v3_noise2,Wiso Basin (Daly-Wiso-Georgina Basins),2015,99,-0.294983238721486
graded_balanced_v3_noise2,Wiso Basin (Daly-Wiso-Georgina Basins),2016,100,-0.09832225021699514
graded_balanced_v3_noise2,Northern Georgina Basin (Daly-Wiso-Georgina Basins),2002,114,0.2901563527985838
graded_balanced_v3_noise2,Northern Georgina Basin (Daly-Wiso-Georgina Basins),2003,113,0.045299923797099864
graded_balanced_v3_noise2,Northern Georgina Basin (Daly-Wiso-Georgina Basins),2004,111,-0.15750580941705336
graded_balanced_v3_noise2,Northern Georgina Basin (Daly-Wiso-Georgina Basins),2005,109,-0.20392065930227365
graded_balanced_v3_noise2,Northern Georgina Basin (Daly-Wiso-Georgina Basins),2006,105,-0.4153706555510457
graded_balanced_v3_noise2,Northern Georgina Basin (Daly-Wiso-Georgina Basins),2007,101,-0.13689700299213983
graded_balanced_v3_noise2,Northern Georgina Basin (Daly-Wiso-Georgina Basins),2008,92,-0.0891337025581901
graded_balanced_v3_noise2,Northern Georgina Basin (Daly-Wiso-Georgina Basins),2009,88,-0.8396151700019515
graded_balanced_v3_noise2,Northern Georgina Basin (Daly-Wiso-Georgina Basins),2010,88,-1.480592161558627
graded_balanced_v3_noise2,Northern Georgina Basin (Daly-Wiso-Georgina Basins),2011,89,-1.2500445092361867
graded_balanced_v3_noise2,Northern Georgina Basin (Daly-Wiso-Georgina Basins),2012,91,-0.9081212390796896
graded_balanced_v3_noise2,Northern Georgina Basin (Daly-Wiso-Georgina Basins),2013,94,-0.7047792411144006
graded_balanced_v3_noise2,Northern Georgina Basin (Daly-Wiso-Georgina Basins),2014,97,-0.4088922316706285
graded_balanced_v3_noise2,Northern Georgina Basin (Daly-Wiso-Georgina Basins),2015,99,0.18863449942972538
graded_balanced_v3_noise2,Northern Georgina Basin (Daly-Wiso-Georgina Basins),2016,100,0.512941511168603
graded_balanced_v3_noise2,Dakota Aquifer System,2002,114,0.9782916607711646
graded_balanced_v3_noise2,Dakota Aquifer System,2003,113,0.5170227950577416
graded_balanced_v3_noise2,Dakota Aquifer System,2004,111,0.18673177223888662
graded_balanced_v3_noise2,Dakota Aquifer System,2005,109,-0.07206796839808377
graded_balanced_v3_noise2,Dakota Aquifer System,2006,105,-0.41227775501193886
graded_balanced_v3_noise2,Dakota Aquifer System,2007,101,-0.9027532364356345
graded_balanced_v3_noise2,Dakota Aquifer System,2008,92,-1.0664635168367775
graded_balanced_v3_noise2,Dakota Aquifer System,2009,88,-1.1132400883136495
graded_balanced_v3_noise2,Dakota Aquifer System,2010,88,-0.5552611140629848
graded_balanced_v3_noise2,Dakota Aquifer System,2011,89,-0.27519981538272315
graded_balanced_v3_noise2,Dakota Aquifer System,2012,91,-0.09360864231467099
graded_balanced_v3_noise2,Dakota Aquifer System,2013,94,-0.38168387526183717
graded_balanced_v3_noise2,Dakota Aquifer System,2014,97,-0.3159163616072132
graded_balanced_v3_noise2,Dakota Aquifer System,2015,99,-0.3459594857513677
graded_balanced_v3_noise2,Dakota Aquifer System,2016,100,-0.48027803563033755
graded_balanced_v3_noise2,Arckaringa Basin and Southwestern Great Artesian Basin (Great Artesian Basin),2002,114,0.25986733952561486
graded_balanced_v3_noise2,Arckaringa Basin and Southwestern Great Artesian Basin (Great Artesian Basin),2003,113,0.33172027801156384
graded_balanced_v3_noise2,Arckaringa Basin and Southwestern Great Artesian Basin (Great Artesian Basin),2004,111,0.34386778689091285
graded_balanced_v3_noise2,Arckaringa Basin and Southwestern Great Artesian Basin (Great Artesian Basin),2005,109,0.3318828942180863
graded_balanced_v3_noise2,Arckaringa Basin and Southwestern Great Artesian Basin (Great Artesian Basin),2006,105,0.19910916577376936
graded_balanced_v3_noise2,Arckaringa Basin and Southwestern Great Artesian Basin (Great Artesian Basin),2007,101,0.16933863865915463
graded_balanced_v3_noise2,Arckaringa Basin and Southwestern Great Artesian Basin (Great Artesian Basin),2008,92,0.11851696469701394
graded_balanced_v3_noise2,Arckaringa Basin and Southwestern Great Artesian Basin (Great Artesian Basin),2009,88,-0.24447874276673365
graded_balanced_v3_noise2,Arckaringa Basin and Southwestern Great Artesian Basin (Great Artesian Basin),2010,88,-0.594459166084359
graded_balanced_v3_noise2,Arckaringa Basin and Southwestern Great Artesian Basin (Great Artesian Basin),2011,89,-0.6428318310029291
graded_balanced_v3_noise2,Arckaringa Basin and Southwestern Great Artesian Basin (Great Artesian Basin),2012,91,-0.34043164309915785
graded_balanced_v3_noise2,Arckaringa Basin and Southwestern Great Artesian Basin (Great Artesian Basin),2013,94,0.019354656869050593
graded_balanced_v3_noise2,Arckaringa Basin and Southwestern Great Artesian Basin (Great Artesian Basin),2014,97,0.20802339988130567
graded_balanced_v3_noise2,Arckaringa Basin and Southwestern Great Artesian Basin (Great Artesian Basin),2015,99,0.248367151148792
graded_balanced_v3_noise2,Arckaringa Basin and Southwestern Great Artesian Basin (Great Artesian Basin),2016,100,0.13979503289909703
graded_balanced_v3_noise2,Trans Gangetic Plain (Indo-Gangetic Plain),2002,114,-0.24645926386506614
graded_balanced_v3_noise2,Trans Gangetic Plain (Indo-Gangetic Plain),2003,113,-0.5071337369144797
graded_balanced_v3_noise2,Trans Gangetic Plain (Indo-Gangetic Plain),2004,111,-0.233325015545561
graded_balanced_v3_noise2,Trans Gangetic Plain (Indo-Gangetic Plain),2005,109,-0.3939402127826024
graded_balanced_v3_noise2,Trans Gangetic Plain (Indo-Gangetic Plain),2006,105,-0.5614432183348386
graded_balanced_v3_noise2,Trans Gangetic Plain (Indo-Gangetic Plain),2007,101,-0.881111878752418
graded_balanced_v3_noise2,Trans Gangetic Plain (Indo-Gangetic Plain),2008,92,-1.2490285349388917
graded_balanced_v3_noise2,Trans Gangetic Plain (Indo-Gangetic Plain),2009,88,-0.8603051769271468
graded_balanced_v3_noise2,Trans Gangetic Plain (Indo-Gangetic Plain),2010,88,-1.0530690364295312
graded_balanced_v3_noise2,Trans Gangetic Plain (Indo-Gangetic Plain),2011,89,-1.0118683713705303
graded_balanced_v3_noise2,Trans Gangetic Plain (Indo-Gangetic Plain),2012,91,-0.5965596844955042
graded_balanced_v3_noise2,Trans Gangetic Plain (Indo-Gangetic Plain),2013,94,-0.4605067406164006
graded_balanced_v3_noise2,Trans Gangetic Plain (Indo-Gangetic Plain),2014,97,-0.32749775801870756
graded_balanced_v3_noise2,Trans Gangetic Plain (Indo-Gangetic Plain),2015,99,-0.42908085380654176
graded_balanced_v3_noise2,Trans Gangetic Plain (Indo-Gangetic Plain),2016,100,-0.04556939427941737
graded_balanced_v3_noise2,Southcentral Mega Aquifer System (Mega Aquifer System),2002,114,-0.10073217772517992
graded_balanced_v3_noise2,Southcentral Mega Aquifer System (Mega Aquifer System),2003,113,-0.2300541964969202
graded_balanced_v3_noise2,Southcentral Mega Aquifer System (Mega Aquifer System),2004,111,-0.2873593316822852
graded_balanced_v3_noise2,Southcentral Mega Aquifer System (Mega Aquifer System),2005,109,-0.21812435948162567
graded_balanced_v3_noise2,Southcentral Mega Aquifer System (Mega Aquifer System),2006,105,-0.1180465595625891
graded_balanced_v3_noise2,Southcentral Mega Aquifer System (Mega Aquifer System),2007,101,-0.02801976849512945
graded_balanced_v3_noise2,Southcentral Mega Aquifer System (Mega Aquifer System),2008,92,0.14323936687965533
graded_balanced_v3_noise2,Southcentral Mega Aquifer System (Mega Aquifer System),2009,88,0.1457582684377842
graded_balanced_v3_noise2,Southcentral Mega Aquifer System (Mega Aquifer System),2010,88,0.06934725290326903
graded_balanced_v3_noise2,Southcentral Mega Aquifer System (Mega Aquifer System),2011,89,-0.06458315639402969
graded_balanced_v3_noise2,Southcentral Mega Aquifer System (Mega Aquifer System),2012,91,-0.19129734402399207
graded_balanced_v3_noise2,Southcentral Mega Aquifer System (Mega Aquifer System),2013,94,-0.2852388500114289
graded_balanced_v3_noise2,Southcentral Mega Aquifer System (Mega Aquifer System),2014,97,-0.2873374901028124
graded_balanced_v3_noise2,Southcentral Mega Aquifer System (Mega Aquifer System),2015,99,-0.32463435102412763
graded_balanced_v3_noise2,Southcentral Mega Aquifer System (Mega Aquifer System),2016,100,-0.3765641527617556
graded_balanced_v3_noise2,Central Mississippi Embayment (Mississippi Embayment),2002,114,-2.7937724015029217
graded_balanced_v3_noise2,Central Mississippi Embayment (Mississippi Embayment),2003,113,-2.7367596862622876
graded_balanced_v3_noise2,Central Mississippi Embayment (Mississippi Embayment),2004,111,-2.3049754199563854
graded_balanced_v3_noise2,Central Mississippi Embayment (Mississippi Embayment),2005,109,-1.6316280510638468
graded_balanced_v3_noise2,Central Mississippi Embayment (Mississippi Embayment),2006,105,-1.705235889852821
graded_balanced_v3_noise2,Central Mississippi Embayment (Mississippi Embayment),2007,101,-1.857195094119341
graded_balanced_v3_noise2,Central Mississippi Embayment (Mississippi Embayment),2008,92,-1.9074310647290507
graded_balanced_v3_noise2,Central Mississippi Embayment (Mississippi Embayment),2009,88,-1.6162577696235136
graded_balanced_v3_noise2,Central Mississippi Embayment (Mississippi Embayment),2010,88,-0.9132632288861972
graded_balanced_v3_noise2,Central Mississippi Embayment (Mississippi Embayment),2011,89,-1.3797248155378923
graded_balanced_v3_noise2,Central Mississippi Embayment (Mississippi Embayment),2012,91,-1.7368128221297803
graded_balanced_v3_noise2,Central Mississippi Embayment (Mississippi Embayment),2013,94,-2.33763338283609
graded_balanced_v3_noise2,Central Mississippi Embayment (Mississippi Embayment),2014,97,-2.6146923217221927
graded_balanced_v3_noise2,Central Mississippi Embayment (Mississippi Embayment),2015,99,-2.7528117292986716
graded_balanced_v3_noise2,Central Mississippi Embayment (Mississippi Embayment),2016,100,-2.932227076700848
graded_balanced_v3_noise2,Northern Karoo Basin (Main Karoo Basin),2002,114,0.1231360037328166
graded_balanced_v3_noise2,Northern Karoo Basin (Main Karoo Basin),2003,113,0.02828502565549513
graded_balanced_v3_noise2,Northern Karoo Basin (Main Karoo Basin),2004,111,-0.3068104193858896
graded_balanced_v3_noise2,Northern Karoo Basin (Main Karoo Basin),2005,109,-0.591708650789099
graded_balanced_v3_noise2,Northern Karoo Basin (Main Karoo Basin),2006,105,-0.8612423022608062
graded_balanced_v3_noise2,Northern Karoo Basin (Main Karoo Basin),2007,101,-0.6698650623363503
graded_balanced_v3_noise2,Northern Karoo Basin (Main Karoo Basin),2008,92,-0.8458708630892411
graded_balanced_v3_noise2,Northern Karoo Basin (Main Karoo Basin),2009,88,-0.965741713261994
graded_balanced_v3_noise2,Northern Karoo Basin (Main Karoo Basin),2010,88,-0.756845613142184
graded_balanced_v3_noise2,Northern Karoo Basin (Main Karoo Basin),2011,89,-0.2007975308166899
graded_balanced_v3_noise2,Northern Karoo Basin (Main Karoo Basin),2012,91,0.4459997856761972
graded_balanced_v3_noise2,Northern Karoo Basin (Main Karoo Basin),2013,94,0.751828047614637
graded_balanced_v3_noise2,Northern Karoo Basin (Main Karoo Basin),2014,97,0.7427495528361086
graded_balanced_v3_noise2,Northern Karoo Basin (Main Karoo Basin),2015,99,0.5250080720618899
graded_balanced_v3_noise2,Northern Karoo Basin (Main Karoo Basin),2016,100,0.4436347001214383
graded_balanced_v3_noise2,Mississippian-Silurian-Devonian Carbonates (Northern Midwest Aquifer System),2002,114,0.6641599657547409
graded_balanced_v3_noise2,Mississippian-Silurian-Devonian Carbonates (Northern Midwest Aquifer System),2003,113,-0.008949413797291242
graded_balanced_v3_noise2,Mississippian-Silurian-Devonian Carbonates (Northern Midwest Aquifer System),2004,111,-0.34590668421360055
graded_balanced_v3_noise2,Mississippian-Silurian-Devonian Carbonates (Northern Midwest Aquifer System),2005,109,0.027812132140052112
graded_balanced_v3_noise2,Mississippian-Silurian-Devonian Carbonates (Northern Midwest Aquifer System),2006,105,-0.3869362272194723
graded_balanced_v3_noise2,Mississippian-Silurian-Devonian Carbonates (Northern Midwest Aquifer System),2007,101,-0.6698775721892284
graded_balanced_v3_noise2,Mississippian-Silurian-Devonian Carbonates (Northern Midwest Aquifer System),2008,92,-0.7916346193106013
graded_balanced_v3_noise2,Mississippian-Silurian-Devonian Carbonates (Northern Midwest Aquifer System),2009,88,-0.24671819878024384
graded_balanced_v3_noise2,Mississippian-Silurian-Devonian Carbonates (Northern Midwest Aquifer System),2010,88,0.4286619026738367
graded_balanced_v3_noise2,Mississippian-Silurian-Devonian Carbonates (Northern Midwest Aquifer System),2011,89,0.6025730776366134
graded_balanced_v3_noise2,Mississippian-Silurian-Devonian Carbonates (Northern Midwest Aquifer System),2012,91,0.3358986480137686
graded_balanced_v3_noise2,Mississippian-Silurian-Devonian Carbonates (Northern Midwest Aquifer System),2013,94,-0.7239492594785973
graded_balanced_v3_noise2,Mississippian-Silurian-Devonian Carbonates (Northern Midwest Aquifer System),2014,97,-1.5405606524710742
graded_balanced_v3_noise2,Mississippian-Silurian-Devonian Carbonates (Northern Midwest Aquifer System),2015,99,-1.646565696868616
graded_balanced_v3_noise2,Mississippian-Silurian-Devonian Carbonates (Northern Midwest Aquifer System),2016,100,-1.8290227625336586
graded_balanced_v3_noise2,Staten River Embayment and Central Carpentaria Basin (Great Artesian Basin),2002,114,-0.2661801256854504
graded_balanced_v3_noise2,Staten River Embayment and Central Carpentaria Basin (Great Artesian Basin),2003,113,-0.6809464133624005
graded_balanced_v3_noise2,Staten River Embayment and Central Carpentaria Basin (Great Artesian Basin),2004,111,-0.9578227437837286
graded_balanced_v3_noise2,Staten River Embayment and Central Carpentaria Basin (Great Artesian Basin),2005,109,-1.1024652358299267
graded_balanced_v3_noise2,Staten River Embayment and Central Carpentaria Basin (Great Artesian Basin),2006,105,-1.3892238364052676
graded_balanced_v3_noise2,Staten River Embayment and Central Carpentaria Basin (Great Artesian Basin),2007,101,-1.192141087210114
graded_balanced_v3_noise2,Staten River Embayment and Central Carpentaria Basin (Great Artesian Basin),2008,92,-1.08616446943039
graded_balanced_v3_noise2,Staten River Embayment and Central Carpentaria Basin (Great Artesian Basin),2009,88,-1.24191378160843
graded_balanced_v3_noise2,Staten River Embayment and Central Carpentaria Basin (Great Artesian Basin),2010,88,-1.5232111410935385
graded_balanced_v3_noise2,Staten River Embayment and Central Carpentaria Basin (Great Artesian Basin),2011,89,-1.2597261918843567
graded_balanced_v3_noise2,Staten River Embayment and Central Carpentaria Basin (Great Artesian Basin),2012,91,-0.8946600126582205
graded_balanced_v3_noise2,Staten River Embayment and Central Carpentaria Basin (Great Artesian Basin),2013,94,-0.8685413942914297
graded_balanced_v3_noise2,Staten River Embayment and Central Carpentaria Basin (Great Artesian Basin),2014,97,-0.9166728016875462
graded_balanced_v3_noise2,Staten River Embayment and Central Carpentaria Basin (Great Artesian Basin),2015,99,-0.7599597919124524
graded_balanced_v3_noise2,Staten River Embayment and Central Carpentaria Basin (Great Artesian Basin),2016,100,-0.8084279198386755
graded_balanced_v3_noise2,Central Dharwar Craton Banded Gneiss Complex (Dharwar Craton Banded Gneiss Complex),2002,114,0.002215645579213316
graded_balanced_v3_noise2,Central Dharwar Craton Banded Gneiss Complex (Dharwar Craton Banded Gneiss Complex),2003,113,-0.3824669388372508
graded_balanced_v3_noise2,Central Dharwar Craton Banded Gneiss Complex (Dharwar Craton Banded Gneiss Complex),2004,111,-0.7589328519039423
graded_balanced_v3_noise2,Central Dharwar Craton Banded Gneiss Complex (Dharwar Craton Banded Gneiss Complex),2005,109,-0.9849761625477088
graded_balanced_v3_noise2,Central Dharwar Craton Banded Gneiss Complex (Dharwar Craton Banded Gneiss Complex),2006,105,-1.1140307100279696
graded_balanced_v3_noise2,Central Dharwar Craton Banded Gneiss Complex (Dharwar Craton Banded Gneiss Complex),2007,101,-1.2212555925738138
graded_balanced_v3_noise2,Central Dharwar Craton Banded Gneiss Complex (Dharwar Craton Banded Gneiss Complex),2008,92,-1.229397064687112
graded_balanced_v3_noise2,Central Dharwar Craton Banded Gneiss Complex (Dharwar Craton Banded Gneiss Complex),2009,88,-1.2853982685987755
graded_balanced_v3_noise2,Central Dharwar Craton Banded Gneiss Complex (Dharwar Craton Banded Gneiss Complex),2010,88,-0.7030696596750398
graded_balanced_v3_noise2,Central Dharwar Craton Banded Gneiss Complex (Dharwar Craton Banded Gneiss Complex),2011,89,0.2613068081293589
graded_balanced_v3_noise2,Central Dharwar Craton Banded Gneiss Complex (Dharwar Craton Banded Gneiss Complex),2012,91,0.5736058016405661
graded_balanced_v3_noise2,Central Dharwar Craton Banded Gneiss Complex (Dharwar Craton Banded Gneiss Complex),2013,94,0.694455522621552
graded_balanced_v3_noise2,Central Dharwar Craton Banded Gneiss Complex (Dharwar Craton Banded Gneiss Complex),2014,97,0.49126136436892687
graded_balanced_v3_noise2,Central Dharwar Craton Banded Gneiss Complex (Dharwar Craton Banded Gneiss Complex),2015,99,0.6287781257574503
graded_balanced_v3_noise2,Central Dharwar Craton Banded Gneiss Complex (Dharwar Craton Banded Gneiss Complex),2016,100,0.8033026302463547
graded_balanced_v3_noise2,Central Huaihe Plain (Huaihe River Basin),2002,114,-1.051485446387428
graded_balanced_v3_noise2,Central Huaihe Plain (Huaihe River Basin),2003,113,-1.5881241808960875
graded_balanced_v3_noise2,Central Huaihe Plain (Huaihe River Basin),2004,111,-1.4856659953280187
graded_balanced_v3_noise2,Central Huaihe Plain (Huaihe River Basin),2005,109,-1.5202452978249008
graded_balanced_v3_noise2,Central Huaihe Plain (Huaihe River Basin),2006,105,-1.271057946422572
graded_balanced_v3_noise2,Central Huaihe Plain (Huaihe River Basin),2007,101,-1.1007015954585198
graded_balanced_v3_noise2,Central Huaihe Plain (Huaihe River Basin),2008,92,-1.0286700597546719
graded_balanced_v3_noise2,Central Huaihe Plain (Huaihe River Basin),2009,88,-0.6659126553614833
graded_balanced_v3_noise2,Central Huaihe Plain (Huaihe River Basin),2010,88,-0.7820485928929903
graded_balanced_v3_noise2,Central Huaihe Plain (Huaihe River Basin),2011,89,0.00963337441020885
graded_balanced_v3_noise2,Central Huaihe Plain (Huaihe River Basin),2012,91,0.5634825490997528
graded_balanced_v3_noise2,Central Huaihe Plain (Huaihe River Basin),2013,94,0.5081661817676649
graded_balanced_v3_noise2,Central Huaihe Plain (Huaihe River Basin),2014,97,0.4151550661878839
graded_balanced_v3_noise2,Central Huaihe Plain (Huaihe River Basin),2015,99,0.06831608179852089
graded_balanced_v3_noise2,Central Huaihe Plain (Huaihe River Basin),2016,100,-0.24359261138857025
graded_balanced_v3_noise2,Central Minnesota Surficial and Buried Sand and Gravel Aquifers,2002,114,1.2908288057759771
graded_balanced_v3_noise2,Central Minnesota Surficial and Buried Sand and Gravel Aquifers,2003,113,1.0834599384391552
graded_balanced_v3_noise2,Central Minnesota Surficial and Buried Sand and Gravel Aquifers,2004,111,0.7322042262116387
graded_balanced_v3_noise2,Central Minnesota Surficial and Buried Sand and Gravel Aquifers,2005,109,0.6450065388315906
graded_balanced_v3_noise2,Central Minnesota Surficial and Buried Sand and Gravel Aquifers,2006,105,0.7119040173978495
graded_balanced_v3_noise2,Central Minnesota Surficial and Buried Sand and Gravel Aquifers,2007,101,0.5026579241251329
graded_balanced_v3_noise2,Central Minnesota Surficial and Buried Sand and Gravel Aquifers,2008,92,0.30592980802270386
graded_balanced_v3_noise2,Central Minnesota Surficial and Buried Sand and Gravel Aquifers,2009,88,0.21993864501178748
graded_balanced_v3_noise2,Central Minnesota Surficial and Buried Sand and Gravel Aquifers,2010,88,0.6827301057453727
graded_balanced_v3_noise2,Central Minnesota Surficial and Buried Sand and Gravel Aquifers,2011,89,1.023338487942013
graded_balanced_v3_noise2,Central Minnesota Surficial and Buried Sand and Gravel Aquifers,2012,91,0.887787222015838
graded_balanced_v3_noise2,Central Minnesota Surficial and Buried Sand and Gravel Aquifers,2013,94,0.7279148791211563
graded_balanced_v3_noise2,Central Minnesota Surficial and Buried Sand and Gravel Aquifers,2014,97,0.6539585419703275
graded_balanced_v3_noise2,Central Minnesota Surficial and Buried Sand and Gravel Aquifers,2015,99,0.5166236556815422
graded_balanced_v3_noise2,Central Minnesota Surficial and Buried Sand and Gravel Aquifers,2016,100,-0.05526864825887868
graded_balanced_v3_noise2,Southern High Plains (High Plains),2002,114,-0.6518658803364882
graded_balanced_v3_noise2,Southern High Plains (High Plains),2003,113,-1.0710001829373517
graded_balanced_v3_noise2,Southern High Plains (High Plains),2004,111,-1.59454321038938
graded_balanced_v3_noise2,Southern High Plains (High Plains),2005,109,-0.8130815361839319
graded_balanced_v3_noise2,Southern High Plains (High Plains),2006,105,-0.4119317000029217
graded_balanced_v3_noise2,Southern High Plains (High Plains),2007,101,-0.26609608269713053
graded_balanced_v3_noise2,Southern High Plains (High Plains),2008,92,0.076595301012331
graded_balanced_v3_noise2,Southern High Plains (High Plains),2009,88,0.2620995789712972
graded_balanced_v3_noise2,Southern High Plains (High Plains),2010,88,0.22280144670235072
graded_balanced_v3_noise2,Southern High Plains (High Plains),2011,89,0.03423477883202711
graded_balanced_v3_noise2,Southern High Plains (High Plains),2012,91,-0.34046395103481514
graded_balanced_v3_noise2,Southern High Plains (High Plains),2013,94,-0.8265546975298295
graded_balanced_v3_noise2,Southern High Plains (High Plains),2014,97,-1.2425469908830002
graded_balanced_v3_noise2,Southern High Plains (High Plains),2015,99,-0.9596521624666421
graded_balanced_v3_noise2,Southern High Plains (High Plains),2016,100,-0.6686165000987154
graded_balanced_v3_noise2,Southcentral Karoo Basin (Main Karoo Basin),2002,114,-0.4858470016271778
graded_balanced_v3_noise2,Southcentral Karoo Basin (Main Karoo Basin),2003,113,-0.36254791419633214
graded_balanced_v3_noise2,Southcentral Karoo Basin (Main Karoo Basin),2004,111,-0.44312733513366
graded_balanced_v3_noise2,Southcentral Karoo Basin (Main Karoo Basin),2005,109,-0.6212816422441434
graded_balanced_v3_noise2,Southcentral Karoo Basin (Main Karoo Basin),2006,105,-0.7369309890902604
graded_balanced_v3_noise2,Southcentral Karoo Basin (Main Karoo Basin),2007,101,-0.6322512715967905
graded_balanced_v3_noise2,Southcentral Karoo Basin (Main Karoo Basin),2008,92,-0.6649292653252673
graded_balanced_v3_noise2,Southcentral Karoo Basin (Main Karoo Basin),2009,88,-0.9984079602436712
graded_balanced_v3_noise2,Southcentral Karoo Basin (Main Karoo Basin),2010,88,-1.278377891245395
graded_balanced_v3_noise2,Southcentral Karoo Basin (Main Karoo Basin),2011,89,-1.4374601055407359
graded_balanced_v3_noise2,Southcentral Karoo Basin (Main Karoo Basin),2012,91,-1.2885474041066074
graded_balanced_v3_noise2,Southcentral Karoo Basin (Main Karoo Basin),2013,94,-0.8584217731519502
graded_balanced_v3_noise2,Southcentral Karoo Basin (Main Karoo Basin),2014,97,-0.45726734277239534
graded_balanced_v3_noise2,Southcentral Karoo Basin (Main Karoo Basin),2015,99,-0.23724774553725017
graded_balanced_v3_noise2,Southcentral Karoo Basin (Main Karoo Basin),2016,100,0.04215341183052655
graded_balanced_v3_noise2,Central High Plains (High Plains),2002,114,-1.4766521538584447
graded_balanced_v3_noise2,Central High Plains (High Plains),2003,113,-1.8269493472225937
graded_balanced_v3_noise2,Central High Plains (High Plains),2004,111,-2.138119937898055
graded_balanced_v3_noise2,Central High Plains (High Plains),2005,109,-1.711762186430731
graded_balanced_v3_noise2,Central High Plains (High Plains),2006,105,-1.3846215431138267
graded_balanced_v3_noise2,Central High Plains (High Plains),2007,101,-1.282918338914796
graded_balanced_v3_noise2,Central High Plains (High Plains),2008,92,-1.0249031539154339
graded_balanced_v3_noise2,Central High Plains (High Plains),2009,88,-0.7335839811029301
graded_balanced_v3_noise2,Central High Plains (High Plains),2010,88,-0.6538589614560555
graded_balanced_v3_noise2,Central High Plains (High Plains),2011,89,-0.8579725606140581
graded_balanced_v3_noise2,Central High Plains (High Plains),2012,91,-1.2189703306699788
graded_balanced_v3_noise2,Central High Plains (High Plains),2013,94,-1.714924196350236
graded_balanced_v3_noise2,Central High Plains (High Plains),2014,97,-1.8368773108810144
graded_balanced_v3_noise2,Central High Plains (High Plains),2015,99,-1.645019407991535
graded_balanced_v3_noise2,Central High Plains (High Plains),2016,100,-1.3631168961814646
graded_balanced_v3_noise2,Lower Liaohe River Plain (Liaohe River Basin),2002,114,0.3430940402322397
graded_balanced_v3_noise2,Lower Liaohe River Plain (Liaohe River Basin),2003,113,0.4530555193677693
graded_balanced_v3_noise2,Lower Liaohe River Plain (Liaohe River Basin),2004,111,0.48224480277785514
graded_balanced_v3_noise2,Lower Liaohe River Plain (Liaohe River Basin),2005,109,0.09715548201270686
graded_balanced_v3_noise2,Lower Liaohe River Plain (Liaohe River Basin),2006,105,0.09178257463496249
graded_balanced_v3_noise2,Lower Liaohe River Plain (Liaohe River Basin),2007,101,0.04736161377988642
graded_balanced_v3_noise2,Lower Liaohe River Plain (Liaohe River Basin),2008,92,-0.2546389816630745
graded_balanced_v3_noise2,Lower Liaohe River Plain (Liaohe River Basin),2009,88,-0.6070498818002913
graded_balanced_v3_noise2,Lower Liaohe River Plain (Liaohe River Basin),2010,88,-0.9736200240224944
graded_balanced_v3_noise2,Lower Liaohe River Plain (Liaohe River Basin),2011,89,-0.7260154057331836
graded_balanced_v3_noise2,Lower Liaohe River Plain (Liaohe River Basin),2012,91,0.0987339812070753
graded_balanced_v3_noise2,Lower Liaohe River Plain (Liaohe River Basin),2013,94,1.2278082625437423
graded_balanced_v3_noise2,Lower Liaohe River Plain (Liaohe River Basin),2014,97,1.8975848109064999
graded_balanced_v3_noise2,Lower Liaohe River Plain (Liaohe River Basin),2015,99,2.0492769512955524
graded_balanced_v3_noise2,Lower Liaohe River Plain (Liaohe River Basin),2016,100,1.5744615468600738
graded_balanced_v3_noise2,Wadi As-Sirhan Basin,2002,114,0.15677694296079223
graded_balanced_v3_noise2,Wadi As-Sirhan Basin,2003,113,0.057041998074209524
graded_balanced_v3_noise2,Wadi As-Sirhan Basin,2004,111,0.027028678358649683
graded_balanced_v3_noise2,Wadi As-Sirhan Basin,2005,109,0.06104557870421264
graded_balanced_v3_noise2,Wadi As-Sirhan Basin,2006,105,0.10515315100656035
graded_balanced_v3_noise2,Wadi As-Sirhan Basin,2007,101,0.1720029136827532
graded_balanced_v3_noise2,Wadi As-Sirhan Basin,2008,92,0.21251614584712838
graded_balanced_v3_noise2,Wadi As-Sirhan Basin,2009,88,0.22477545621432066
graded_balanced_v3_noise2,Wadi As-Sirhan Basin,2010,88,0.3155027659028972
graded_balanced_v3_noise2,Wadi As-Sirhan Basin,2011,89,0.3098200645063418
graded_balanced_v3_noise2,Wadi As-Sirhan Basin,2012,91,0.288371944581693
graded_balanced_v3_noise2,Wadi As-Sirhan Basin,2013,94,0.2679747251800959
graded_balanced_v3_noise2,Wadi As-Sirhan Basin,2014,97,0.2801250930360668
graded_balanced_v3_noise2,Wadi As-Sirhan Basin,2015,99,0.21063381121358773
graded_balanced_v3_noise2,Wadi As-Sirhan Basin,2016,100,0.09441242280428865
graded_balanced_v3_noise2,Eastern Saq Aquifer (Ram-Saq Aquifer System),2002,114,0.7109590847843186
graded_balanced_v3_noise2,Eastern Saq Aquifer (Ram-Saq Aquifer System),2003,113,0.5702347902395188
graded_balanced_v3_noise2,Eastern Saq Aquifer (Ram-Saq Aquifer System),2004,111,0.39249397478608133
graded_balanced_v3_noise2,Eastern Saq Aquifer (Ram-Saq Aquifer System),2005,109,0.3665377776980889
graded_balanced_v3_noise2,Eastern Saq Aquifer (Ram-Saq Aquifer System),2006,105,0.49560239377850557
graded_balanced_v3_noise2,Eastern Saq Aquifer (Ram-Saq Aquifer System),2007,101,0.6370256531274341
graded_balanced_v3_noise2,Eastern Saq Aquifer (Ram-Saq Aquifer System),2008,92,0.6958474004804368
graded_balanced_v3_noise2,Eastern Saq Aquifer (Ram-Saq Aquifer System),2009,88,0.94733300302796
graded_balanced_v3_noise2,Eastern Saq Aquifer (Ram-Saq Aquifer System),2010,88,1.166833471896685
graded_balanced_v3_noise2,Eastern Saq Aquifer (Ram-Saq Aquifer System),2011,89,1.2308801286481035
graded_balanced_v3_noise2,Eastern Saq Aquifer (Ram-Saq Aquifer System),2012,91,1.221617622357573
graded_balanced_v3_noise2,Eastern Saq Aquifer (Ram-Saq Aquifer System),2013,94,1.2248869502770567
graded_balanced_v3_noise2,Eastern Saq Aquifer (Ram-Saq Aquifer System),2014,97,1.3701532007904775
graded_balanced_v3_noise2,Eastern Saq Aquifer (Ram-Saq Aquifer System),2015,99,1.4199680614722043
graded_balanced_v3_noise2,Eastern Saq Aquifer (Ram-Saq Aquifer System),2016,100,1.344671994884488
graded_balanced_v3_noise2,Trinity Aquifer System (Edwards-Trinity Aquifer System),2002,114,-0.95034559472924
graded_balanced_v3_noise2,Trinity Aquifer System (Edwards-Trinity Aquifer System),2003,113,-0.867011254147074
graded_balanced_v3_noise2,Trinity Aquifer System (Edwards-Trinity Aquifer System),2004,111,-1.0076601669272414
graded_balanced_v3_noise2,Trinity Aquifer System (Edwards-Trinity Aquifer System),2005,109,-0.390018660054632
graded_balanced_v3_noise2,Trinity Aquifer System (Edwards-Trinity Aquifer System),2006,105,-0.263977262044415
graded_balanced_v3_noise2,Trinity Aquifer System (Edwards-Trinity Aquifer System),2007,101,-0.23416993515124018
graded_balanced_v3_noise2,Trinity Aquifer System (Edwards-Trinity Aquifer System),2008,92,0.5388286305260476
graded_balanced_v3_noise2,Trinity Aquifer System (Edwards-Trinity Aquifer System),2009,88,0.5065484762305532
graded_balanced_v3_noise2,Trinity Aquifer System (Edwards-Trinity Aquifer System),2010,88,0.7107675730438605
graded_balanced_v3_noise2,Trinity Aquifer System (Edwards-Trinity Aquifer System),2011,89,0.5018045429041025
graded_balanced_v3_noise2,Trinity Aquifer System (Edwards-Trinity Aquifer System),2012,91,0.18626923004076804
graded_balanced_v3_noise2,Trinity Aquifer System (Edwards-Trinity Aquifer System),2013,94,-0.44065485121713666
graded_balanced_v3_noise2,Trinity Aquifer System (Edwards-Trinity Aquifer System),2014,97,-0.8963860768789333
graded_balanced_v3_noise2,Trinity Aquifer System (Edwards-Trinity Aquifer System),2015,99,-1.188996844044709
graded_balanced_v3_noise2,Trinity Aquifer System (Edwards-Trinity Aquifer System),2016,100,-1.0924702004551747
graded_balanced_v3_noise2,Wisconsin Precambrian Aquifer,2002,114,-0.29765712320631826
graded_balanced_v3_noise2,Wisconsin Precambrian Aquifer,2003,113,-0.27940398170989156
graded_balanced_v3_noise2,Wisconsin Precambrian Aquifer,2004,111,-0.14096655716874845
graded_balanced_v3_noise2,Wisconsin Precambrian Aquifer,2005,109,0.4302099431913014
graded_balanced_v3_noise2,Wisconsin Precambrian Aquifer,2006,105,0.5542943182333171
graded_balanced_v3_noise2,Wisconsin Precambrian Aquifer,2007,101,0.5992863623890897
graded_balanced_v3_noise2,Wisconsin Precambrian Aquifer,2008,92,0.7230705226024738
graded_balanced_v3_noise2,Wisconsin Precambrian Aquifer,2009,88,0.7504334493341894
graded_balanced_v3_noise2,Wisconsin Precambrian Aquifer,2010,88,0.6971340063297188
graded_balanced_v3_noise2,Wisconsin Precambrian Aquifer,2011,89,0.7885157692299133
graded_balanced_v3_noise2,Wisconsin Precambrian Aquifer,2012,91,0.43201996292533007
graded_balanced_v3_noise2,Wisconsin Precambrian Aquifer,2013,94,-0.2047631003970169
graded_balanced_v3_noise2,Wisconsin Precambrian Aquifer,2014,97,-0.6043016928788616
graded_balanced_v3_noise2,Wisconsin Precambrian Aquifer,2015,99,-0.7687579083672718
graded_balanced_v3_noise2,Wisconsin Precambrian Aquifer,2016,100,-1.2700952439475464
graded_balanced_v3_noise2,Lafayette Area (Gulf Coast Regional Aquifer System),2002,114,0.2907481519426083
graded_balanced_v3_noise2,Lafayette Area (Gulf Coast Regional Aquifer System),2003,113,0.6164085599151541
graded_balanced_v3_noise2,Lafayette Area (Gulf Coast Regional Aquifer System),2004,111,1.0509078371830862
graded_balanced_v3_noise2,Lafayette Area (Gulf Coast Regional Aquifer System),2005,109,1.9049420361878215
graded_balanced_v3_noise2,Lafayette Area (Gulf Coast Regional Aquifer System),2006,105,1.8051330023311716
graded_balanced_v3_noise2,Lafayette Area (Gulf Coast Regional Aquifer System),2007,101,2.1881050563818927
graded_balanced_v3_noise2,Lafayette Area (Gulf Coast Regional Aquifer System),2008,92,2.825028664355393
graded_balanced_v3_noise2,Lafayette Area (Gulf Coast Regional Aquifer System),2009,88,3.0933995537969747
graded_balanced_v3_noise2,Lafayette Area (Gulf Coast Regional Aquifer System),2010,88,3.4971091624037385
graded_balanced_v3_noise2,Lafayette Area (Gulf Coast Regional Aquifer System),2011,89,2.9790187744602
graded_balanced_v3_noise2,Lafayette Area (Gulf Coast Regional Aquifer System),2012,91,2.4315554649082882
graded_balanced_v3_noise2,Lafayette Area (Gulf Coast Regional Aquifer System),2013,94,1.7644470441602924
graded_balanced_v3_noise2,Lafayette Area (Gulf Coast Regional Aquifer System),2014,97,1.1155574844427323
graded_balanced_v3_noise2,Lafayette Area (Gulf Coast Regional Aquifer System),2015,99,1.1353422871613807
graded_balanced_v3_noise2,Lafayette Area (Gulf Coast Regional Aquifer System),2016,100,0.7595988206689032
graded_balanced_v3_noise2,Paskapoo-Scollard,2002,114,0.4436183583992435
graded_balanced_v3_noise2,Paskapoo-Scollard,2003,113,0.31921725263398215
graded_balanced_v3_noise2,Paskapoo-Scollard,2004,111,0.032685082253584616
graded_balanced_v3_noise2,Paskapoo-Scollard,2005,109,-0.31361115042443916
graded_balanced_v3_noise2,Paskapoo-Scollard,2006,105,-0.31948413876668585
graded_balanced_v3_noise2,Paskapoo-Scollard,2007,101,-0.30546301888176663
graded_balanced_v3_noise2,Paskapoo-Scollard,2008,92,-0.13603762596941696
graded_balanced_v3_noise2,Paskapoo-Scollard,2009,88,-0.43798733954079105
graded_balanced_v3_noise2,Paskapoo-Scollard,2010,88,-0.49912857573963054
graded_balanced_v3_noise2,Paskapoo-Scollard,2011,89,-0.3051807873766451
graded_balanced_v3_noise2,Paskapoo-Scollard,2012,91,-0.3767117591890134
graded_balanced_v3_noise2,Paskapoo-Scollard,2013,94,-0.4599765315706197
graded_balanced_v3_noise2,Paskapoo-Scollard,2014,97,-0.4582845339075166
graded_balanced_v3_noise2,Paskapoo-Scollard,2015,99,-0.7687874981524886
graded_balanced_v3_noise2,Paskapoo-Scollard,2016,100,-1.3042748756347486
graded_balanced_v3_noise2,Western Surat Basin (Great Artesian Basin),2002,114,2.7949361847904686
graded_balanced_v3_noise2,Western Surat Basin (Great Artesian Basin),2003,113,2.5578549534810673
graded_balanced_v3_noise2,Western Surat Basin (Great Artesian Basin),2004,111,2.025014818295304
graded_balanced_v3_noise2,Western Surat Basin (Great Artesian Basin),2005,109,1.533816671696138
graded_balanced_v3_noise2,Western Surat Basin (Great Artesian Basin),2006,105,1.1474894642085034
graded_balanced_v3_noise2,Western Surat Basin (Great Artesian Basin),2007,101,0.6787125462976437
graded_balanced_v3_noise2,Western Surat Basin (Great Artesian Basin),2008,92,0.20307500135966497
graded_balanced_v3_noise2,Western Surat Basin (Great Artesian Basin),2009,88,-0.3481422450981481
graded_balanced_v3_noise2,Western Surat Basin (Great Artesian Basin),2010,88,-0.8036203314278599
graded_balanced_v3_noise2,Western Surat Basin (Great Artesian Basin),2011,89,-0.13427454130329725
graded_balanced_v3_noise2,Western Surat Basin (Great Artesian Basin),2012,91,0.7935104984823497
graded_balanced_v3_noise2,Western Surat Basin (Great Artesian Basin),2013,94,1.935952146252822
graded_balanced_v3_noise2,Western Surat Basin (Great Artesian Basin),2014,97,2.0791146496036403
graded_balanced_v3_noise2,Western Surat Basin (Great Artesian Basin),2015,99,2.1262669686002966
graded_balanced_v3_noise2,Western Surat Basin (Great Artesian Basin),2016,100,2.1448142966363677
graded_balanced_v3_noise2,Coonamble Embayment (Great Artesian Basin),2002,114,1.561927206026475
graded_balanced_v3_noise2,Coonamble Embayment (Great Artesian Basin),2003,113,1.3299127332021532
graded_balanced_v3_noise2,Coonamble Embayment (Great Artesian Basin),2004,111,0.9241444521984089
graded_balanced_v3_noise2,Coonamble Embayment (Great Artesian Basin),2005,109,0.472406740611389
graded_balanced_v3_noise2,Coonamble Embayment (Great Artesian Basin),2006,105,0.20251271691292524
graded_balanced_v3_noise2,Coonamble Embayment (Great Artesian Basin),2007,101,-0.15716593903558362
graded_balanced_v3_noise2,Coonamble Embayment (Great Artesian Basin),2008,92,-0.47990558272307476
graded_balanced_v3_noise2,Coonamble Embayment (Great Artesian Basin),2009,88,-1.0683281097844362
graded_balanced_v3_noise2,Coonamble Embayment (Great Artesian Basin),2010,88,-1.5574550956859854
graded_balanced_v3_noise2,Coonamble Embayment (Great Artesian Basin),2011,89,-0.8233959078521438
graded_balanced_v3_noise2,Coonamble Embayment (Great Artesian Basin),2012,91,-0.06773699849281713
graded_balanced_v3_noise2,Coonamble Embayment (Great Artesian Basin),2013,94,0.8779631315808974
graded_balanced_v3_noise2,Coonamble Embayment (Great Artesian Basin),2014,97,0.7567661505412318
graded_balanced_v3_noise2,Coonamble Embayment (Great Artesian Basin),2015,99,0.6023407419575405
graded_balanced_v3_noise2,Coonamble Embayment (Great Artesian Basin),2016,100,0.4945044509937749
graded_balanced_v3_noise2,Mimosa Syncline and Eastern Surat Basin (Great Artesian Basin),2002,114,1.5100762793646487
graded_balanced_v3_noise2,Mimosa Syncline and Eastern Surat Basin (Great Artesian Basin),2003,113,1.2479325931127772
graded_balanced_v3_noise2,Mimosa Syncline and Eastern Surat Basin (Great Artesian Basin),2004,111,0.9621441976878586
graded_balanced_v3_noise2,Mimosa Syncline and Eastern Surat Basin (Great Artesian Basin),2005,109,0.5749920175247519
graded_balanced_v3_noise2,Mimosa Syncline and Eastern Surat Basin (Great Artesian Basin),2006,105,0.3766153813232453
graded_balanced_v3_noise2,Mimosa Syncline and Eastern Surat Basin (Great Artesian Basin),2007,101,-0.15160513880554502
graded_balanced_v3_noise2,Mimosa Syncline and Eastern Surat Basin (Great Artesian Basin),2008,92,-0.43400426678155835
graded_balanced_v3_noise2,Mimosa Syncline and Eastern Surat Basin (Great Artesian Basin),2009,88,-0.921706162291409
graded_balanced_v3_noise2,Mimosa Syncline and Eastern Surat Basin (Great Artesian Basin),2010,88,-1.5365897641021886
graded_balanced_v3_noise2,Mimosa Syncline and Eastern Surat Basin (Great Artesian Basin),2011,89,-1.1401604415249467
graded_balanced_v3_noise2,Mimosa Syncline and Eastern Surat Basin (Great Artesian Basin),2012,91,-0.26261164844363244
graded_balanced_v3_noise2,Mimosa Syncline and Eastern Surat Basin (Great Artesian Basin),2013,94,0.7388128057728715
graded_balanced_v3_noise2,Mimosa Syncline and Eastern Surat Basin (Great Artesian Basin),2014,97,0.7602868944337584
graded_balanced_v3_noise2,Mimosa Syncline and Eastern Surat Basin (Great Artesian Basin),2015,99,0.8698018199534372
graded_balanced_v3_noise2,Mimosa Syncline and Eastern Surat Basin (Great Artesian Basin),2016,100,0.9766872012432714
graded_balanced_v3_noise2,Wuyuer-Shuangyang System (Songnen Plain),2002,114,-0.4298520739768842
graded_balanced_v3_noise2,Wuyuer-Shuangyang System (Songnen Plain),2003,113,-0.4312932444055402
graded_balanced_v3_noise2,Wuyuer-Shuangyang System (Songnen Plain),2004,111,0.10575396223546464
graded_balanced_v3_noise2,Wuyuer-Shuangyang System (Songnen Plain),2005,109,0.24255487431379139
graded_balanced_v3_noise2,Wuyuer-Shuangyang System (Songnen Plain),2006,105,0.4204635588975078
graded_balanced_v3_noise2,Wuyuer-Shuangyang System (Songnen Plain),2007,101,0.7407987358053858
graded_balanced_v3_noise2,Wuyuer-Shuangyang System (Songnen Plain),2008,92,0.7040131045022395
graded_balanced_v3_noise2,Wuyuer-Shuangyang System (Songnen Plain),2009,88,0.5632410803925159
graded_balanced_v3_noise2,Wuyuer-Shuangyang System (Songnen Plain),2010,88,0.8705228644069362
graded_balanced_v3_noise2,Wuyuer-Shuangyang System (Songnen Plain),2011,89,1.362770378345226
graded_balanced_v3_noise2,Wuyuer-Shuangyang System (Songnen Plain),2012,91,1.7881310305893077
graded_balanced_v3_noise2,Wuyuer-Shuangyang System (Songnen Plain),2013,94,2.001798936690049
graded_balanced_v3_noise2,Wuyuer-Shuangyang System (Songnen Plain),2014,97,2.2916178624639647
graded_balanced_v3_noise2,Wuyuer-Shuangyang System (Songnen Plain),2015,99,2.037003255129942
graded_balanced_v3_noise2,Wuyuer-Shuangyang System (Songnen Plain),2016,100,1.1650736846821257
graded_balanced_v3_noise2,Powder River Basin (Northern Great Plains),2002,114,0.27593288857725956
graded_balanced_v3_noise2,Powder River Basin (Northern Great Plains),2003,113,0.027957367425443393
graded_balanced_v3_noise2,Powder River Basin (Northern Great Plains),2004,111,0.09438244778678304
graded_balanced_v3_noise2,Powder River Basin (Northern Great Plains),2005,109,0.07110977426928188
graded_balanced_v3_noise2,Powder River Basin (Northern Great Plains),2006,105,0.004884152996928728
graded_balanced_v3_noise2,Powder River Basin (Northern Great Plains),2007,101,-0.23055105081867452
graded_balanced_v3_noise2,Powder River Basin (Northern Great Plains),2008,92,-0.41761638681812197
graded_balanced_v3_noise2,Powder River Basin (Northern Great Plains),2009,88,-0.5768705598740783
graded_balanced_v3_noise2,Powder River Basin (Northern Great Plains),2010,88,-0.45829235121902057
graded_balanced_v3_noise2,Powder River Basin (Northern Great Plains),2011,89,-0.41069077691265665
graded_balanced_v3_noise2,Powder River Basin (Northern Great Plains),2012,91,-0.40765155461408015
graded_balanced_v3_noise2,Powder River Basin (Northern Great Plains),2013,94,-0.6220407098246155
graded_balanced_v3_noise2,Powder River Basin (Northern Great Plains),2014,97,-0.45904575790104024
graded_balanced_v3_noise2,Powder River Basin (Northern Great Plains),2015,99,-0.3775691499748894
graded_balanced_v3_noise2,Powder River Basin (Northern Great Plains),2016,100,-0.45172028520197854
graded_balanced_v3_noise2,Central Eucla Basin (Eucla Basin),2002,114,0.4516184437088072
graded_balanced_v3_noise2,Central Eucla Basin (Eucla Basin),2003,113,0.32653119240163714
graded_balanced_v3_noise2,Central Eucla Basin (Eucla Basin),2004,111,0.3773059354742104
graded_balanced_v3_noise2,Central Eucla Basin (Eucla Basin),2005,109,0.46563169523405384
graded_balanced_v3_noise2,Central Eucla Basin (Eucla Basin),2006,105,0.4226983330999422
graded_balanced_v3_noise2,Central Eucla Basin (Eucla Basin),2007,101,0.6419663796535308
graded_balanced_v3_noise2,Central Eucla Basin (Eucla Basin),2008,92,0.796289013584575
graded_balanced_v3_noise2,Central Eucla Basin (Eucla Basin),2009,88,0.4003315267874968
graded_balanced_v3_noise2,Central Eucla Basin (Eucla Basin),2010,88,-0.010535183372623073
graded_balanced_v3_noise2,Central Eucla Basin (Eucla Basin),2011,89,-0.14518568560055942
graded_balanced_v3_noise2,Central Eucla Basin (Eucla Basin),2012,91,0.12320629684058983
graded_balanced_v3_noise2,Central Eucla Basin (Eucla Basin),2013,94,0.29200477884789067
graded_balanced_v3_noise2,Central Eucla Basin (Eucla Basin),2014,97,0.34665103127739116
graded_balanced_v3_noise2,Central Eucla Basin (Eucla Basin),2015,99,0.2828965546832274
graded_balanced_v3_noise2,Central Eucla Basin (Eucla Basin),2016,100,0.12814489367334428
graded_balanced_v3_noise2,Rio Grande Delta (Gulf Coast Regional Aquifer System),2002,114,-0.5153653054530473
graded_balanced_v3_noise2,Rio Grande Delta (Gulf Coast Regional Aquifer System),2003,113,-0.7478097480538318
graded_balanced_v3_noise2,Rio Grande Delta (Gulf Coast Regional Aquifer System),2004,111,-0.3587624729352818
graded_balanced_v3_noise2,Rio Grande Delta (Gulf Coast Regional Aquifer System),2005,109,0.1125335510885126
graded_balanced_v3_noise2,Rio Grande Delta (Gulf Coast Regional Aquifer System),2006,105,-0.029588833703317746
graded_balanced_v3_noise2,Rio Grande Delta (Gulf Coast Regional Aquifer System),2007,101,-0.07373072851583529
graded_balanced_v3_noise2,Rio Grande Delta (Gulf Coast Regional Aquifer System),2008,92,0.18776694907059052
graded_balanced_v3_noise2,Rio Grande Delta (Gulf Coast Regional Aquifer System),2009,88,0.4848054214882031
graded_balanced_v3_noise2,Rio Grande Delta (Gulf Coast Regional Aquifer System),2010,88,0.17752949752017264
graded_balanced_v3_noise2,Rio Grande Delta (Gulf Coast Regional Aquifer System),2011,89,0.3710294382295281
graded_balanced_v3_noise2,Rio Grande Delta (Gulf Coast Regional Aquifer System),2012,91,0.11313455026740353
graded_balanced_v3_noise2,Rio Grande Delta (Gulf Coast Regional Aquifer System),2013,94,-0.40287126448021854
graded_balanced_v3_noise2,Rio Grande Delta (Gulf Coast Regional Aquifer System),2014,97,-0.532967446674052
graded_balanced_v3_noise2,Rio Grande Delta (Gulf Coast Regional Aquifer System),2015,99,-0.30537249075928913
graded_balanced_v3_noise2,Rio Grande Delta (Gulf Coast Regional Aquifer System),2016,100,-0.28195433309426843
graded_balanced_v3_noise2,Michigan Basin,2002,114,0.24441171841717835
graded_balanced_v3_noise2,Michigan Basin,2003,113,-0.23555798098853714
graded_balanced_v3_noise2,Michigan Basin,2004,111,-0.17541245823338278
graded_balanced_v3_noise2,Michigan Basin,2005,109,0.009542173793958109
graded_balanced_v3_noise2,Michigan Basin,2006,105,-0.2442452808103449
graded_balanced_v3_noise2,Michigan Basin,2007,101,-0.2685283767603875
graded_balanced_v3_noise2,Michigan Basin,2008,92,-0.4445294257386368
graded_balanced_v3_noise2,Michigan Basin,2009,88,-0.14760719720791282
graded_balanced_v3_noise2,Michigan Basin,2010,88,0.24292484907550638
graded_balanced_v3_noise2,Michigan Basin,2011,89,-0.05526462530832482
graded_balanced_v3_noise2,Michigan Basin,2012,91,0.13416804882794656
graded_balanced_v3_noise2,Michigan Basin,2013,94,-0.3220997061868174
graded_balanced_v3_noise2,Michigan Basin,2014,97,-0.4232992598096853
graded_balanced_v3_noise2,Michigan Basin,2015,99,-0.5428377202541603
graded_balanced_v3_noise2,Michigan Basin,2016,100,-1.0284723828095936
graded_balanced_v3_noise2,Southern Piedmont Upland (Piedmont Plateau),2002,114,-0.6349268804035139
graded_balanced_v3_noise2,Southern Piedmont Upland (Piedmont Plateau),2003,113,-0.6680322082748834
graded_balanced_v3_noise2,Southern Piedmont Upland (Piedmont Plateau),2004,111,0.037118194145042124
graded_balanced_v3_noise2,Southern Piedmont Upland (Piedmont Plateau),2005,109,0.4951959588629794
graded_balanced_v3_noise2,Southern Piedmont Upland (Piedmont Plateau),2006,105,1.168997936104445
graded_balanced_v3_noise2,Southern Piedmont Upland (Piedmont Plateau),2007,101,0.850486774287202
graded_balanced_v3_noise2,Southern Piedmont Upland (Piedmont Plateau),2008,92,0.49840907597193224
graded_balanced_v3_noise2,Southern Piedmont Upland (Piedmont Plateau),2009,88,0.7052444622860218
graded_balanced_v3_noise2,Southern Piedmont Upland (Piedmont Plateau),2010,88,1.0044101908906085
graded_balanced_v3_noise2,Southern Piedmont Upland (Piedmont Plateau),2011,89,0.993425213629272
graded_balanced_v3_noise2,Southern Piedmont Upland (Piedmont Plateau),2012,91,0.8982155045967979
graded_balanced_v3_noise2,Southern Piedmont Upland (Piedmont Plateau),2013,94,0.3828607903596163
graded_balanced_v3_noise2,Southern Piedmont Upland (Piedmont Plateau),2014,97,0.532417643282888
graded_balanced_v3_noise2,Southern Piedmont Upland (Piedmont Plateau),2015,99,0.437394872879889
graded_balanced_v3_noise2,Southern Piedmont Upland (Piedmont Plateau),2016,100,0.42179028639659505
graded_balanced_v3_noise2,Eastern Huaihe Plain (Huaihe River Basin),2002,114,0.09488828108013288
graded_balanced_v3_noise2,Eastern Huaihe Plain (Huaihe River Basin),2003,113,-0.5378343275824388
graded_balanced_v3_noise2,Eastern Huaihe Plain (Huaihe River Basin),2004,111,-0.48649772417579346
graded_balanced_v3_noise2,Eastern Huaihe Plain (Huaihe River Basin),2005,109,-0.6776905799402834
graded_balanced_v3_noise2,Eastern Huaihe Plain (Huaihe River Basin),2006,105,-0.5106669411092869
graded_balanced_v3_noise2,Eastern Huaihe Plain (Huaihe River Basin),2007,101,-0.40334693396219545
graded_balanced_v3_noise2,Eastern Huaihe Plain (Huaihe River Basin),2008,92,-0.33672439056198095
graded_balanced_v3_noise2,Eastern Huaihe Plain (Huaihe River Basin),2009,88,0.048848924378491115
graded_balanced_v3_noise2,Eastern Huaihe Plain (Huaihe River Basin),2010,88,0.03743737366247183
graded_balanced_v3_noise2,Eastern Huaihe Plain (Huaihe River Basin),2011,89,0.6308070414307748
graded_balanced_v3_noise2,Eastern Huaihe Plain (Huaihe River Basin),2012,91,1.1429161901355325
graded_balanced_v3_noise2,Eastern Huaihe Plain (Huaihe River Basin),2013,94,1.2211131853035642
graded_balanced_v3_noise2,Eastern Huaihe Plain (Huaihe River Basin),2014,97,1.0682408158053036
graded_balanced_v3_noise2,Eastern Huaihe Plain (Huaihe River Basin),2015,99,0.6489688835772472
graded_balanced_v3_noise2,Eastern Huaihe Plain (Huaihe River Basin),2016,100,0.3207511206293418
graded_balanced_v3_noise2,Northern Dharwar Craton Banded Gneiss Complex (Dharwar Craton Banded Gneiss Complex),2002,114,-0.2971840824680648
graded_balanced_v3_noise2,Northern Dharwar Craton Banded Gneiss Complex (Dharwar Craton Banded Gneiss Complex),2003,113,-0.5176638923323674
graded_balanced_v3_noise2,Northern Dharwar Craton Banded Gneiss Complex (Dharwar Craton Banded Gneiss Complex),2004,111,-0.43007836033053604
graded_balanced_v3_noise2,Northern Dharwar Craton Banded Gneiss Complex (Dharwar Craton Banded Gneiss Complex),2005,109,-0.6675225116476922
graded_balanced_v3_noise2,Northern Dharwar Craton Banded Gneiss Complex (Dharwar Craton Banded Gneiss Complex),2006,105,-0.777579762894301
graded_balanced_v3_noise2,Northern Dharwar Craton Banded Gneiss Complex (Dharwar Craton Banded Gneiss Complex),2007,101,-0.7286283265809496
graded_balanced_v3_noise2,Northern Dharwar Craton Banded Gneiss Complex (Dharwar Craton Banded Gneiss Complex),2008,92,-0.8341293659366138
graded_balanced_v3_noise2,Northern Dharwar Craton Banded Gneiss Complex (Dharwar Craton Banded Gneiss Complex),2009,88,-0.9985743377425984
graded_balanced_v3_noise2,Northern Dharwar Craton Banded Gneiss Complex (Dharwar Craton Banded Gneiss Complex),2010,88,-0.6422937319810915
graded_balanced_v3_noise2,Northern Dharwar Craton Banded Gneiss Complex (Dharwar Craton Banded Gneiss Complex),2011,89,0.11495216410794555
graded_balanced_v3_noise2,Northern Dharwar Craton Banded Gneiss Complex (Dharwar Craton Banded Gneiss Complex),2012,91,0.23761347715029557
graded_balanced_v3_noise2,Northern Dharwar Craton Banded Gneiss Complex (Dharwar Craton Banded Gneiss Complex),2013,94,0.4258002313520625
graded_balanced_v3_noise2,Northern Dharwar Craton Banded Gneiss Complex (Dharwar Craton Banded Gneiss Complex),2014,97,0.505753729213699
graded_balanced_v3_noise2,Northern Dharwar Craton Banded Gneiss Complex (Dharwar Craton Banded Gneiss Complex),2015,99,0.42069527414626806
graded_balanced_v3_noise2,Northern Dharwar Craton Banded Gneiss Complex (Dharwar Craton Banded Gneiss Complex),2016,100,0.600310189274352
graded_balanced_v3_noise2,Eastern Mississippi Embayment (Mississippi Embayment),2002,114,-1.5018550564878372
graded_balanced_v3_noise2,Eastern Mississippi Embayment (Mississippi Embayment),2003,113,-1.3344782752263964
graded_balanced_v3_noise2,Eastern Mississippi Embayment (Mississippi Embayment),2004,111,-0.7955947066913059
graded_balanced_v3_noise2,Eastern Mississippi Embayment (Mississippi Embayment),2005,109,-0.22378413862765548
graded_balanced_v3_noise2,Eastern Mississippi Embayment (Mississippi Embayment),2006,105,0.10308498116899009
graded_balanced_v3_noise2,Eastern Mississippi Embayment (Mississippi Embayment),2007,101,-0.07627255792683241
graded_balanced_v3_noise2,Eastern Mississippi Embayment (Mississippi Embayment),2008,92,-0.2730645468436561
graded_balanced_v3_noise2,Eastern Mississippi Embayment (Mississippi Embayment),2009,88,-0.0698668982083363
graded_balanced_v3_noise2,Eastern Mississippi Embayment (Mississippi Embayment),2010,88,0.41188594687511854
graded_balanced_v3_noise2,Eastern Mississippi Embayment (Mississippi Embayment),2011,89,0.10362866467626966
graded_balanced_v3_noise2,Eastern Mississippi Embayment (Mississippi Embayment),2012,91,0.0220895387118137
graded_balanced_v3_noise2,Eastern Mississippi Embayment (Mississippi Embayment),2013,94,-0.5533929393786602
graded_balanced_v3_noise2,Eastern Mississippi Embayment (Mississippi Embayment),2014,97,-0.8353427615855539
graded_balanced_v3_noise2,Eastern Mississippi Embayment (Mississippi Embayment),2015,99,-1.064966437887888
graded_balanced_v3_noise2,Eastern Mississippi Embayment (Mississippi Embayment),2016,100,-1.194372787987238
graded_balanced_v3_noise2,Western Cambrian-Ordovician Aquifers (Northern Midwest Aquifer System),2002,114,0.6382662116382538
graded_balanced_v3_noise2,Western Cambrian-Ordovician Aquifers (Northern Midwest Aquifer System),2003,113,0.48380470107026835
graded_balanced_v3_noise2,Western Cambrian-Ordovician Aquifers (Northern Midwest Aquifer System),2004,111,0.34356570166259104
graded_balanced_v3_noise2,Western Cambrian-Ordovician Aquifers (Northern Midwest Aquifer System),2005,109,0.5982645546029356
graded_balanced_v3_noise2,Western Cambrian-Ordovician Aquifers (Northern Midwest Aquifer System),2006,105,0.6248175415295336
graded_balanced_v3_noise2,Western Cambrian-Ordovician Aquifers (Northern Midwest Aquifer System),2007,101,0.6482836917535449
graded_balanced_v3_noise2,Western Cambrian-Ordovician Aquifers (Northern Midwest Aquifer System),2008,92,0.8874415892039458
graded_balanced_v3_noise2,Western Cambrian-Ordovician Aquifers (Northern Midwest Aquifer System),2009,88,1.0739883214829336
graded_balanced_v3_noise2,Western Cambrian-Ordovician Aquifers (Northern Midwest Aquifer System),2010,88,1.24051012681767
graded_balanced_v3_noise2,Western Cambrian-Ordovician Aquifers (Northern Midwest Aquifer System),2011,89,1.2834128470116493
graded_balanced_v3_noise2,Western Cambrian-Ordovician Aquifers (Northern Midwest Aquifer System),2012,91,0.8460184889169222
graded_balanced_v3_noise2,Western Cambrian-Ordovician Aquifers (Northern Midwest Aquifer System),2013,94,0.18944037573682324
graded_balanced_v3_noise2,Western Cambrian-Ordovician Aquifers (Northern Midwest Aquifer System),2014,97,-0.2057744226483154
graded_balanced_v3_noise2,Western Cambrian-Ordovician Aquifers (Northern Midwest Aquifer System),2015,99,-0.46302102915586335
graded_balanced_v3_noise2,Western Cambrian-Ordovician Aquifers (Northern Midwest Aquifer System),2016,100,-1.0285296161820627
graded_balanced_v3_noise2,Southeastern System (Amadeus Basin),2002,114,-0.9872305643155473
graded_balanced_v3_noise2,Southeastern System (Amadeus Basin),2003,113,-0.6281539534251604
graded_balanced_v3_noise2,Southeastern System (Amadeus Basin),2004,111,-0.6759849697552417
graded_balanced_v3_noise2,Southeastern System (Amadeus Basin),2005,109,-0.6488119021637115
graded_balanced_v3_noise2,Southeastern System (Amadeus Basin),2006,105,-0.8147302900759238
graded_balanced_v3_noise2,Southeastern System (Amadeus Basin),2007,101,-0.9624710270775859
graded_balanced_v3_noise2,Southeastern System (Amadeus Basin),2008,92,-1.0922034626674881
graded_balanced_v3_noise2,Southeastern System (Amadeus Basin),2009,88,-1.6767904548881816
graded_balanced_v3_noise2,Southeastern System (Amadeus Basin),2010,88,-2.3290203968509946
graded_balanced_v3_noise2,Southeastern System (Amadeus Basin),2011,89,-2.2175102504074684
graded_balanced_v3_noise2,Southeastern System (Amadeus Basin),2012,91,-1.5844919580582288
graded_balanced_v3_noise2,Southeastern System (Amadeus Basin),2013,94,-1.0384291753120705
graded_balanced_v3_noise2,Southeastern System (Amadeus Basin),2014,97,-0.877597957515091
graded_balanced_v3_noise2,Southeastern System (Amadeus Basin),2015,99,-0.7732609073800014
graded_balanced_v3_noise2,Southeastern System (Amadeus Basin),2016,100,-0.8380149453682778
graded_balanced_v3_noise2,Edwards Plateau (Edwards-Trinity Aquifer System),2002,114,-0.8040941405843121
graded_balanced_v3_noise2,Edwards Plateau (Edwards-Trinity Aquifer System),2003,113,-1.094738263711706
graded_balanced_v3_noise2,Edwards Plateau (Edwards-Trinity Aquifer System),2004,111,-1.308881812763673
graded_balanced_v3_noise2,Edwards Plateau (Edwards-Trinity Aquifer System),2005,109,-0.7410814807967623
graded_balanced_v3_noise2,Edwards Plateau (Edwards-Trinity Aquifer System),2006,105,-0.3940689474252576
graded_balanced_v3_noise2,Edwards Plateau (Edwards-Trinity Aquifer System),2007,101,-0.3818953429661012
graded_balanced_v3_noise2,Edwards Plateau (Edwards-Trinity Aquifer System),2008,92,0.2082262711551516
graded_balanced_v3_noise2,Edwards Plateau (Edwards-Trinity Aquifer System),2009,88,0.4903662219914271
graded_balanced_v3_noise2,Edwards Plateau (Edwards-Trinity Aquifer System),2010,88,0.48481072675279385
graded_balanced_v3_noise2,Edwards Plateau (Edwards-Trinity Aquifer System),2011,89,0.4143030320395883
graded_balanced_v3_noise2,Edwards Plateau (Edwards-Trinity Aquifer System),2012,91,0.12261826370268789
graded_balanced_v3_noise2,Edwards Plateau (Edwards-Trinity Aquifer System),2013,94,-0.26161627725110276
graded_balanced_v3_noise2,Edwards Plateau (Edwards-Trinity Aquifer System),2014,97,-0.5585527973369175
graded_balanced_v3_noise2,Edwards Plateau (Edwards-Trinity Aquifer System),2015,99,-0.7465901288651252
graded_balanced_v3_noise2,Edwards Plateau (Edwards-Trinity Aquifer System),2016,100,-0.6952772652579544
graded_balanced_v3_noise2,Southcentral Deccan Basalt Plateau (Deccan Plateau),2002,114,0.3134372471277379
graded_balanced_v3_noise2,Southcentral Deccan Basalt Plateau (Deccan Plateau),2003,113,0.10658908937494291
graded_balanced_v3_noise2,Southcentral Deccan Basalt Plateau (Deccan Plateau),2004,111,-0.07872170106370084
graded_balanced_v3_noise2,Southcentral Deccan Basalt Plateau (Deccan Plateau),2005,109,-0.1671181002536382
graded_balanced_v3_noise2,Southcentral Deccan Basalt Plateau (Deccan Plateau),2006,105,-0.29183296379208623
graded_balanced_v3_noise2,Southcentral Deccan Basalt Plateau (Deccan Plateau),2007,101,-0.22598871363625264
graded_balanced_v3_noise2,Southcentral Deccan Basalt Plateau (Deccan Plateau),2008,92,-0.25511993364588453
graded_balanced_v3_noise2,Southcentral Deccan Basalt Plateau (Deccan Plateau),2009,88,-0.4404183718303499
graded_balanced_v3_noise2,Southcentral Deccan Basalt Plateau (Deccan Plateau),2010,88,-0.13069580545508133
graded_balanced_v3_noise2,Southcentral Deccan Basalt Plateau (Deccan Plateau),2011,89,0.43577542854412166
graded_balanced_v3_noise2,Southcentral Deccan Basalt Plateau (Deccan Plateau),2012,91,0.6387876245976318
graded_balanced_v3_noise2,Southcentral Deccan Basalt Plateau (Deccan Plateau),2013,94,0.6813416874767388
graded_balanced_v3_noise2,Southcentral Deccan Basalt Plateau (Deccan Plateau),2014,97,0.5455420877981502
graded_balanced_v3_noise2,Southcentral Deccan Basalt Plateau (Deccan Plateau),2015,99,0.5374416367545423
graded_balanced_v3_noise2,Southcentral Deccan Basalt Plateau (Deccan Plateau),2016,100,0.6402658603297838
graded_balanced_v3_noise2,Eastside Lower Indus Valley (Indus Basin),2002,114,0.8064762725841949
graded_balanced_v3_noise2,Eastside Lower Indus Valley (Indus Basin),2003,113,0.5469183238548885
graded_balanced_v3_noise2,Eastside Lower Indus Valley (Indus Basin),2004,111,0.5550320959556562
graded_balanced_v3_noise2,Eastside Lower Indus Valley (Indus Basin),2005,109,0.2337692976452822
graded_balanced_v3_noise2,Eastside Lower Indus Valley (Indus Basin),2006,105,-0.057821653089162685
graded_balanced_v3_noise2,Eastside Lower Indus Valley (Indus Basin),2007,101,-0.03629194283021366
graded_balanced_v3_noise2,Eastside Lower Indus Valley (Indus Basin),2008,92,-0.0305019223021295
graded_balanced_v3_noise2,Eastside Lower Indus Valley (Indus Basin),2009,88,-0.3318264201397063
graded_balanced_v3_noise2,Eastside Lower Indus Valley (Indus Basin),2010,88,-0.43172511858664997
graded_balanced_v3_noise2,Eastside Lower Indus Valley (Indus Basin),2011,89,-0.21102403370585457
graded_balanced_v3_noise2,Eastside Lower Indus Valley (Indus Basin),2012,91,0.061650197122618315
graded_balanced_v3_noise2,Eastside Lower Indus Valley (Indus Basin),2013,94,0.6477552733124986
graded_balanced_v3_noise2,Eastside Lower Indus Valley (Indus Basin),2014,97,0.8667420616242789
graded_balanced_v3_noise2,Eastside Lower Indus Valley (Indus Basin),2015,99,0.8911009265404157
graded_balanced_v3_noise2,Eastside Lower Indus Valley (Indus Basin),2016,100,0.9631228129817506
graded_balanced_v3_noise2,Central Piedmont Upland (Piedmont Plateau),2002,114,-0.8806771072110035
graded_balanced_v3_noise2,Central Piedmont Upland (Piedmont Plateau),2003,113,-0.9648219609057146
graded_balanced_v3_noise2,Central Piedmont Upland (Piedmont Plateau),2004,111,-0.2538444750401979
graded_balanced_v3_noise2,Central Piedmont Upland (Piedmont Plateau),2005,109,0.19158227954236615
graded_balanced_v3_noise2,Central Piedmont Upland (Piedmont Plateau),2006,105,0.4255490195796278
graded_balanced_v3_noise2,Central Piedmont Upland (Piedmont Plateau),2007,101,0.7651986892010304
graded_balanced_v3_noise2,Central Piedmont Upland (Piedmont Plateau),2008,92,0.45548692554141496
graded_balanced_v3_noise2,Central Piedmont Upland (Piedmont Plateau),2009,88,0.7334886594099815
graded_balanced_v3_noise2,Central Piedmont Upland (Piedmont Plateau),2010,88,0.6572718019800553
graded_balanced_v3_noise2,Central Piedmont Upland (Piedmont Plateau),2011,89,0.67154068101219
graded_balanced_v3_noise2,Central Piedmont Upland (Piedmont Plateau),2012,91,0.2408596751930283
graded_balanced_v3_noise2,Central Piedmont Upland (Piedmont Plateau),2013,94,-0.22033452157818867
graded_balanced_v3_noise2,Central Piedmont Upland (Piedmont Plateau),2014,97,-0.1281433844508878
graded_balanced_v3_noise2,Central Piedmont Upland (Piedmont Plateau),2015,99,-0.3119385781434731
graded_balanced_v3_noise2,Central Piedmont Upland (Piedmont Plateau),2016,100,-0.47483144768429986
graded_balanced_v3_noise2,Eastern Carrizo-Wilcox (Carrizo-Wilcox),2002,114,-0.902584816578905
graded_balanced_v3_noise2,Eastern Carrizo-Wilcox (Carrizo-Wilcox),2003,113,-0.8393574158988011
graded_balanced_v3_noise2,Eastern Carrizo-Wilcox (Carrizo-Wilcox),2004,111,-0.639742908531622
graded_balanced_v3_noise2,Eastern Carrizo-Wilcox (Carrizo-Wilcox),2005,109,-0.007182899704354931
graded_balanced_v3_noise2,Eastern Carrizo-Wilcox (Carrizo-Wilcox),2006,105,-0.17136001399652315
graded_balanced_v3_noise2,Eastern Carrizo-Wilcox (Carrizo-Wilcox),2007,101,-0.12695684371534074
graded_balanced_v3_noise2,Eastern Carrizo-Wilcox (Carrizo-Wilcox),2008,92,0.3782328117863889
graded_balanced_v3_noise2,Eastern Carrizo-Wilcox (Carrizo-Wilcox),2009,88,0.615893602494763
graded_balanced_v3_noise2,Eastern Carrizo-Wilcox (Carrizo-Wilcox),2010,88,1.0077513339811357
graded_balanced_v3_noise2,Eastern Carrizo-Wilcox (Carrizo-Wilcox),2011,89,0.6248572826924337
graded_balanced_v3_noise2,Eastern Carrizo-Wilcox (Carrizo-Wilcox),2012,91,0.1957953958544151
graded_balanced_v3_noise2,Eastern Carrizo-Wilcox (Carrizo-Wilcox),2013,94,-0.3934973941950154
graded_balanced_v3_noise2,Eastern Carrizo-Wilcox (Carrizo-Wilcox),2014,97,-0.608077771237861
graded_balanced_v3_noise2,Eastern Carrizo-Wilcox (Carrizo-Wilcox),2015,99,-0.7623171206194417
graded_balanced_v3_noise2,Eastern Carrizo-Wilcox (Carrizo-Wilcox),2016,100,-0.8454808419492225
graded_balanced_v3_noise2,Jiangsu Coastal Plain (Huaihe River Basin),2002,114,1.6372414578825738
graded_balanced_v3_noise2,Jiangsu Coastal Plain (Huaihe River Basin),2003,113,1.5463813960079333
graded_balanced_v3_noise2,Jiangsu Coastal Plain (Huaihe River Basin),2004,111,1.5995587592087546
graded_balanced_v3_noise2,Jiangsu Coastal Plain (Huaihe River Basin),2005,109,1.2774300601141133
graded_balanced_v3_noise2,Jiangsu Coastal Plain (Huaihe River Basin),2006,105,1.3827109075735575
graded_balanced_v3_noise2,Jiangsu Coastal Plain (Huaihe River Basin),2007,101,1.4932382944684028
graded_balanced_v3_noise2,Jiangsu Coastal Plain (Huaihe River Basin),2008,92,1.4738613232287
graded_balanced_v3_noise2,Jiangsu Coastal Plain (Huaihe River Basin),2009,88,1.5694886629475102
graded_balanced_v3_noise2,Jiangsu Coastal Plain (Huaihe River Basin),2010,88,1.4262668635171978
graded_balanced_v3_noise2,Jiangsu Coastal Plain (Huaihe River Basin),2011,89,1.7939369048442748
graded_balanced_v3_noise2,Jiangsu Coastal Plain (Huaihe River Basin),2012,91,1.9921196288688976
graded_balanced_v3_noise2,Jiangsu Coastal Plain (Huaihe River Basin),2013,94,1.9467897237038994
graded_balanced_v3_noise2,Jiangsu Coastal Plain (Huaihe River Basin),2014,97,1.777724987078544
graded_balanced_v3_noise2,Jiangsu Coastal Plain (Huaihe River Basin),2015,99,1.602856507959704
graded_balanced_v3_noise2,Jiangsu Coastal Plain (Huaihe River Basin),2016,100,1.4431865508504167
graded_balanced_v3_noise2,Eastern Cambrian-Ordovician Aquifers (Northern Midwest Aquifer System),2002,114,0.6764388914579976
graded_balanced_v3_noise2,Eastern Cambrian-Ordovician Aquifers (Northern Midwest Aquifer System),2003,113,0.14762431190707404
graded_balanced_v3_noise2,Eastern Cambrian-Ordovician Aquifers (Northern Midwest Aquifer System),2004,111,-0.05912322491508451
graded_balanced_v3_noise2,Eastern Cambrian-Ordovician Aquifers (Northern Midwest Aquifer System),2005,109,0.1975936201567793
graded_balanced_v3_noise2,Eastern Cambrian-Ordovician Aquifers (Northern Midwest Aquifer System),2006,105,-0.260398845566927
graded_balanced_v3_noise2,Eastern Cambrian-Ordovician Aquifers (Northern Midwest Aquifer System),2007,101,-0.3059958076461483
graded_balanced_v3_noise2,Eastern Cambrian-Ordovician Aquifers (Northern Midwest Aquifer System),2008,92,-0.23553155582251079
graded_balanced_v3_noise2,Eastern Cambrian-Ordovician Aquifers (Northern Midwest Aquifer System),2009,88,0.2690661205449475
graded_balanced_v3_noise2,Eastern Cambrian-Ordovician Aquifers (Northern Midwest Aquifer System),2010,88,0.8265480159361887
graded_balanced_v3_noise2,Eastern Cambrian-Ordovician Aquifers (Northern Midwest Aquifer System),2011,89,0.9937741548934707
graded_balanced_v3_noise2,Eastern Cambrian-Ordovician Aquifers (Northern Midwest Aquifer System),2012,91,0.7093780827946994
graded_balanced_v3_noise2,Eastern Cambrian-Ordovician Aquifers (Northern Midwest Aquifer System),2013,94,-0.15417436347888283
graded_balanced_v3_noise2,Eastern Cambrian-Ordovician Aquifers (Northern Midwest Aquifer System),2014,97,-0.8507032453095819
graded_balanced_v3_noise2,Eastern Cambrian-Ordovician Aquifers (Northern Midwest Aquifer System),2015,99,-1.1636911094816857
graded_balanced_v3_noise2,Eastern Cambrian-Ordovician Aquifers (Northern Midwest Aquifer System),2016,100,-1.590657466893349
graded_balanced_v3_noise2,Northcentral Deccan Basalt Plateau (Deccan Plateau),2002,114,0.11920477372123264
graded_balanced_v3_noise2,Northcentral Deccan Basalt Plateau (Deccan Plateau),2003,113,-0.10305678802372059
graded_balanced_v3_noise2,Northcentral Deccan Basalt Plateau (Deccan Plateau),2004,111,-0.2104251956841333
graded_balanced_v3_noise2,Northcentral Deccan Basalt Plateau (Deccan Plateau),2005,109,-0.3718850192839338
graded_balanced_v3_noise2,Northcentral Deccan Basalt Plateau (Deccan Plateau),2006,105,-0.4927269193435762
graded_balanced_v3_noise2,Northcentral Deccan Basalt Plateau (Deccan Plateau),2007,101,-0.4698335586250795
graded_balanced_v3_noise2,Northcentral Deccan Basalt Plateau (Deccan Plateau),2008,92,-0.5820131650196192
graded_balanced_v3_noise2,Northcentral Deccan Basalt Plateau (Deccan Plateau),2009,88,-0.9448905235241692
graded_balanced_v3_noise2,Northcentral Deccan Basalt Plateau (Deccan Plateau),2010,88,-0.5919490926379515
graded_balanced_v3_noise2,Northcentral Deccan Basalt Plateau (Deccan Plateau),2011,89,-0.002252441428692385
graded_balanced_v3_noise2,Northcentral Deccan Basalt Plateau (Deccan Plateau),2012,91,0.2682198871578497
graded_balanced_v3_noise2,Northcentral Deccan Basalt Plateau (Deccan Plateau),2013,94,0.421890111820086
graded_balanced_v3_noise2,Northcentral Deccan Basalt Plateau (Deccan Plateau),2014,97,0.41627894331418064
graded_balanced_v3_noise2,Northcentral Deccan Basalt Plateau (Deccan Plateau),2015,99,0.3674610885045044
graded_balanced_v3_noise2,Northcentral Deccan Basalt Plateau (Deccan Plateau),2016,100,0.5919412098156658
graded_balanced_v3_noise2,Eastside Middle Indus Plain (Indus Basin),2002,114,-0.844291234320911
graded_balanced_v3_noise2,Eastside Middle Indus Plain (Indus Basin),2003,113,-0.9119944038175317
graded_balanced_v3_noise2,Eastside Middle Indus Plain (Indus Basin),2004,111,-0.8498720136273269
graded_balanced_v3_noise2,Eastside Middle Indus Plain (Indus Basin),2005,109,-0.9865314553799027
graded_balanced_v3_noise2,Eastside Middle Indus Plain (Indus Basin),2006,105,-0.9638206219559446
graded_balanced_v3_noise2,Eastside Middle Indus Plain (Indus Basin),2007,101,-1.1048776836539862
graded_balanced_v3_noise2,Eastside Middle Indus Plain (Indus Basin),2008,92,-1.2170730863307302
graded_balanced_v3_noise2,Eastside Middle Indus Plain (Indus Basin),2009,88,-1.4358507378560281
graded_balanced_v3_noise2,Eastside Middle Indus Plain (Indus Basin),2010,88,-1.712567147678001
graded_balanced_v3_noise2,Eastside Middle Indus Plain (Indus Basin),2011,89,-1.7568345624308568
graded_balanced_v3_noise2,Eastside Middle Indus Plain (Indus Basin),2012,91,-1.7499977780334024
graded_balanced_v3_noise2,Eastside Middle Indus Plain (Indus Basin),2013,94,-1.4375980604405911
graded_balanced_v3_noise2,Eastside Middle Indus Plain (Indus Basin),2014,97,-1.2103311835398187
graded_balanced_v3_noise2,Eastside Middle Indus Plain (Indus Basin),2015,99,-1.1098423554503476
graded_balanced_v3_noise2,Eastside Middle Indus Plain (Indus Basin),2016,100,-0.8002205313659282
graded_balanced_v3_noise2,Central Allegheny Plateau (Appalachian Plateaus),2002,114,-1.1477636152339892
graded_balanced_v3_noise2,Central Allegheny Plateau (Appalachian Plateaus),2003,113,-1.3899009199028394
graded_balanced_v3_noise2,Central Allegheny Plateau (Appalachian Plateaus),2004,111,-0.8184880611537161
graded_balanced_v3_noise2,Central Allegheny Plateau (Appalachian Plateaus),2005,109,-0.3444340754189269
graded_balanced_v3_noise2,Central Allegheny Plateau (Appalachian Plateaus),2006,105,-0.36290629644511607
graded_balanced_v3_noise2,Central Allegheny Plateau (Appalachian Plateaus),2007,101,-0.23811352298087693
graded_balanced_v3_noise2,Central Allegheny Plateau (Appalachian Plateaus),2008,92,-0.36342902259725496
graded_balanced_v3_noise2,Central Allegheny Plateau (Appalachian Plateaus),2009,88,-0.15477211390570916
graded_balanced_v3_noise2,Central Allegheny Plateau (Appalachian Plateaus),2010,88,-0.15387492693342397
graded_balanced_v3_noise2,Central Allegheny Plateau (Appalachian Plateaus),2011,89,-0.4139089486882552
graded_balanced_v3_noise2,Central Allegheny Plateau (Appalachian Plateaus),2012,91,-0.33494451986518503
graded_balanced_v3_noise2,Central Allegheny Plateau (Appalachian Plateaus),2013,94,-0.7479363911546985
graded_balanced_v3_noise2,Central Allegheny Plateau (Appalachian Plateaus),2014,97,-0.8198225529807064
graded_balanced_v3_noise2,Central Allegheny Plateau (Appalachian Plateaus),2015,99,-1.054662491784994
graded_balanced_v3_noise2,Central Allegheny Plateau (Appalachian Plateaus),2016,100,-1.3121805825302726
graded_balanced_v3_noise2,Northeastern Karoo Basin (Main Karoo Basin),2002,114,0.5888457010752055
graded_balanced_v3_noise2,Northeastern Karoo Basin (Main Karoo Basin),2003,113,0.31014130269950907
graded_balanced_v3_noise2,Northeastern Karoo Basin (Main Karoo Basin),2004,111,-0.08763071625269366
graded_balanced_v3_noise2,Northeastern Karoo Basin (Main Karoo Basin),2005,109,-0.3145844516274372
graded_balanced_v3_noise2,Northeastern Karoo Basin (Main Karoo Basin),2006,105,-0.4859708532329316
graded_balanced_v3_noise2,Northeastern Karoo Basin (Main Karoo Basin),2007,101,-0.1726668891067416
graded_balanced_v3_noise2,Northeastern Karoo Basin (Main Karoo Basin),2008,92,-0.3170388203370841
graded_balanced_v3_noise2,Northeastern Karoo Basin (Main Karoo Basin),2009,88,-0.3951223483699892
graded_balanced_v3_noise2,Northeastern Karoo Basin (Main Karoo Basin),2010,88,-0.2129269772079527
graded_balanced_v3_noise2,Northeastern Karoo Basin (Main Karoo Basin),2011,89,0.15234303467959262
graded_balanced_v3_noise2,Northeastern Karoo Basin (Main Karoo Basin),2012,91,0.3295738562267029
graded_balanced_v3_noise2,Northeastern Karoo Basin (Main Karoo Basin),2013,94,0.5212168732053498
graded_balanced_v3_noise2,Northeastern Karoo Basin (Main Karoo Basin),2014,97,0.6201355259841049
graded_balanced_v3_noise2,Northeastern Karoo Basin (Main Karoo Basin),2015,99,0.615584584871712
graded_balanced_v3_noise2,Northeastern Karoo Basin (Main Karoo Basin),2016,100,0.5933023902848248
graded_balanced_v3_noise2,Southern Riverine Plains (Murray Basin),2002,114,0.6255463879939381
graded_balanced_v3_noise2,Southern Riverine Plains (Murray Basin),2003,113,0.5285095823407467
graded_balanced_v3_noise2,Southern Riverine Plains (Murray Basin),2004,111,0.5281285657038601
graded_balanced_v3_noise2,Southern Riverine Plains (Murray Basin),2005,109,0.5981037750106171
graded_balanced_v3_noise2,Southern Riverine Plains (Murray Basin),2006,105,0.4885421678723151
graded_balanced_v3_noise2,Southern Riverine Plains (Murray Basin),2007,101,0.3793008723460717
graded_balanced_v3_noise2,Southern Riverine Plains (Murray Basin),2008,92,0.2265505209869363
graded_balanced_v3_noise2,Southern Riverine Plains (Murray Basin),2009,88,-0.6438588083757056
graded_balanced_v3_noise2,Southern Riverine Plains (Murray Basin),2010,88,-1.2958097103133053
graded_balanced_v3_noise2,Southern Riverine Plains (Murray Basin),2011,89,-0.9223464701238258
graded_balanced_v3_noise2,Southern Riverine Plains (Murray Basin),2012,91,-0.6165916496732252
graded_balanced_v3_noise2,Southern Riverine Plains (Murray Basin),2013,94,-0.0076610762806730605
graded_balanced_v3_noise2,Southern Riverine Plains (Murray Basin),2014,97,0.051479541419145194
graded_balanced_v3_noise2,Southern Riverine Plains (Murray Basin),2015,99,-0.038209743398459194
graded_balanced_v3_noise2,Southern Riverine Plains (Murray Basin),2016,100,-0.3137074899396355
graded_balanced_v3_noise2,Black Warrior River Aquifer System (Eutaw and McShan Formations and Tuscaloosa Group),2002,114,-0.615462390466501
graded_balanced_v3_noise2,Black Warrior River Aquifer System (Eutaw and McShan Formations and Tuscaloosa Group),2003,113,-0.49948982153282123
graded_balanced_v3_noise2,Black Warrior River Aquifer System (Eutaw and McShan Formations and Tuscaloosa Group),2004,111,0.11844435735939822
graded_balanced_v3_noise2,Black Warrior River Aquifer System (Eutaw and McShan Formations and Tuscaloosa Group),2005,109,0.6206601183976006
graded_balanced_v3_noise2,Black Warrior River Aquifer System (Eutaw and McShan Formations and Tuscaloosa Group),2006,105,1.1428594202192528
graded_balanced_v3_noise2,Black Warrior River Aquifer System (Eutaw and McShan Formations and Tuscaloosa Group),2007,101,0.7618320241273483
graded_balanced_v3_noise2,Black Warrior River Aquifer System (Eutaw and McShan Formations and Tuscaloosa Group),2008,92,0.3743125806018684
graded_balanced_v3_noise2,Black Warrior River Aquifer System (Eutaw and McShan Formations and Tuscaloosa Group),2009,88,0.5478927078545431
graded_balanced_v3_noise2,Black Warrior River Aquifer System (Eutaw and McShan Formations and Tuscaloosa Group),2010,88,0.9707860179661417
graded_balanced_v3_noise2,Black Warrior River Aquifer System (Eutaw and McShan Formations and Tuscaloosa Group),2011,89,0.8258048319938956
graded_balanced_v3_noise2,Black Warrior River Aquifer System (Eutaw and McShan Formations and Tuscaloosa Group),2012,91,0.8982633166233742
graded_balanced_v3_noise2,Black Warrior River Aquifer System (Eutaw and McShan Formations and Tuscaloosa Group),2013,94,0.4118783114864496
graded_balanced_v3_noise2,Black Warrior River Aquifer System (Eutaw and McShan Formations and Tuscaloosa Group),2014,97,0.26432220345520574
graded_balanced_v3_noise2,Black Warrior River Aquifer System (Eutaw and McShan Formations and Tuscaloosa Group),2015,99,0.0460968974289707
graded_balanced_v3_noise2,Black Warrior River Aquifer System (Eutaw and McShan Formations and Tuscaloosa Group),2016,100,0.021799114413975834
