recipe,centre,truncation,filter,gia_model,c20_treatment,c30_treatment,geocenter,anchor_trend_cm_yr,flip_trend_cm_yr,family,mean_score
1,CSR,60,G300,none,replaced,replaced,none,-3.12732534533907,0.189496658291174,1,0.376590952487634
2,CSR,60,G300,none,replaced,replaced,GravIS,-3.2225109748484,0.118748568936853,1,0.359313712593676
3,CSR,60,G300,none,replaced,original,none,-3.12987073297536,0.186948027578997,1,0.374397041213087
4,CSR,60,G300,none,replaced,original,GravIS,-3.2250563624847,0.116199938224676,1,0.357014978393184
5,CSR,60,G300,none,original,replaced,none,-3.11681242735927,0.207622135759874,1,0.385396464440737
6,CSR,60,G300,none,original,replaced,GravIS,-3.21199805686861,0.136874046195132,1,0.368945656837964
7,CSR,60,G300,none,original,original,none,-3.11935781583343,0.20507350544512,1,0.383171526120962
8,CSR,60,G300,none,original,original,GravIS,-3.21454344534276,0.134325415880379,1,0.366596095070285
9,CSR,60,G300,Geruo_ICE5G_VM2,replaced,replaced,none,-3.28228928747976,0.0477420449248302,1,0.343954002763685
10,CSR,60,G300,Geruo_ICE5G_VM2,replaced,replaced,GravIS,-3.3774749169891,-0.02300604442949,1,0.326176352891885
11,CSR,60,G300,Geruo_ICE5G_VM2,replaced,original,none,-3.28483467511606,0.045193414212653,1,0.341599951262662
12,CSR,60,G300,Geruo_ICE5G_VM2,replaced,original,GravIS,-3.38002030462539,-0.0255546751416671,1,0.323820587574323
13,CSR,60,G300,Geruo_ICE5G_VM2,original,replaced,none,-3.27177636949997,0.0658675223935303,1,0.353640144895444
14,CSR,60,G300,Geruo_ICE5G_VM2,original,replaced,GravIS,-3.36696199900931,-0.00488056717121135,1,0.336197289403873
15,CSR,60,G300,Geruo_ICE5G_VM2,original,original,none,-3.27432175797412,0.063318892078777,1,0.351228171129181
16,CSR,60,G300,Geruo_ICE5G_VM2,original,original,GravIS,-3.36950738748345,-0.00742919748596466,1,0.333766939441119
17,CSR,60,G300,Caron_2018,replaced,replaced,none,-3.31183252802806,-0.0138814936393325,1,0.332514584468349
18,CSR,60,G300,Caron_2018,replaced,replaced,GravIS,-3.40701815753739,-0.0846295829936525,1,0.314830129529505
19,CSR,60,G300,Caron_2018,replaced,original,none,-3.31437791566435,-0.0164301243515096,1,0.330134177034841
20,CSR,60,G300,Caron_2018,replaced,original,GravIS,-3.40956354517369,-0.0871782137058297,1,0.312479003531677
21,CSR,60,G300,Caron_2018,original,replaced,none,-3.30131961004827,0.0042439838293678,1,0.34236400037938
22,CSR,60,G300,Caron_2018,original,replaced,GravIS,-3.3965052395576,-0.0665041057353737,1,0.324858103471748
23,CSR,60,G300,Caron_2018,original,original,none,-3.30386499852242,0.00169535351461438,1,0.339916767548164
24,CSR,60,G300,Caron_2018,original,original,GravIS,-3.39905062803175,-0.0690527360501272,1,0.322425420609137
25,CSR,60,G300,Peltier_ICE6G_D,replaced,replaced,none,-3.34207127604693,-0.00603938259662222,1,0.331432286085602
26,CSR,60,G300,Peltier_ICE6G_D,replaced,replaced,GravIS,-3.43725690555626,-0.0767874719509426,1,0.313821594209027
27,CSR,60,G300,Peltier_ICE6G_D,replaced,original,none,-3.34461666368322,-0.00858801330879953,1,0.329062950780946
28,CSR,60,G300,Peltier_ICE6G_D,replaced,original,GravIS,-3.43980229319256,-0.0793361026631198,1,0.311481616845305
29,CSR,60,G300,Peltier_ICE6G_D,original,replaced,none,-3.33155835806713,0.0120860948720778,1,0.341262873879081
30,CSR,60,G300,Peltier_ICE6G_D,original,replaced,GravIS,-3.42674398757647,-0.0586619946926639,1,0.323827184781228
31,CSR,60,G300,Peltier_ICE6G_D,original,original,none,-3.33410374654128,0.00953746455732438,1,0.338826674813605
32,CSR,60,G300,Peltier_ICE6G_D,original,original,GravIS,-3.42928937605062,-0.0612106250074174,1,0.321405904172095
33,CSR,60,G400,none,replaced,replaced,none,-2.09305383779921,-0.148890956877243,1,0.348408564860292
34,CSR,60,G400,none,replaced,replaced,GravIS,-2.18812092277839,-0.21955093460324,1,0.324331424690371
35,CSR,60,G400,none,replaced,original,none,-2.09558026526113,-0.15142060314099,1,0.345221382953566
36,CSR,60,G400,none,replaced,original,GravIS,-2.19064735024031,-0.222080581043254,1,0.32123239536289
37,CSR,60,G400,none,original,replaced,none,-2.08258014995851,-0.130833112119035,1,0.360691702174495
38,CSR,60,G400,none,original,replaced,GravIS,-2.17764723493769,-0.201493089892027,1,0.33696590143035
39,CSR,60,G400,none,original,original,none,-2.08510657704816,-0.133362758961853,1,0.357394655218359
40,CSR,60,G400,none,original,original,GravIS,-2.18017366202734,-0.204022736920486,1,0.333727619991664
41,CSR,60,G400,Geruo_ICE5G_VM2,replaced,replaced,none,-2.2480177799399,-0.290645570243586,3,0.303572878228741
42,CSR,60,G400,Geruo_ICE5G_VM2,replaced,replaced,GravIS,-2.34308486491909,-0.361305547969583,3,0.282063371886907
43,CSR,60,G400,Geruo_ICE5G_VM2,replaced,original,none,-2.25054420740183,-0.293175216507334,3,0.300529049656314
44,CSR,60,G400,Geruo_ICE5G_VM2,replaced,original,GravIS,-2.34561129238101,-0.363835194409598,3,0.279221094504992
45,CSR,60,G400,Geruo_ICE5G_VM2,original,replaced,none,-2.23754409209921,-0.272587725485379,1,0.315869790092183
46,CSR,60,G400,Geruo_ICE5G_VM2,original,replaced,GravIS,-2.33261117707839,-0.343247703258371,3,0.294025148867155
47,CSR,60,G400,Geruo_ICE5G_VM2,original,original,none,-2.24007051918885,-0.275117372328197,1,0.31268030863533
48,CSR,60,G400,Geruo_ICE5G_VM2,original,original,GravIS,-2.33513760416804,-0.34577735028683,3,0.29102842239741
49,CSR,60,G400,Caron_2018,replaced,replaced,none,-2.2775610204882,-0.352269108807749,3,0.289173434076518
50,CSR,60,G400,Caron_2018,replaced,replaced,GravIS,-2.37262810546739,-0.422929086533746,3,0.268767302813944
51,CSR,60,G400,Caron_2018,replaced,original,none,-2.28008744795012,-0.354798755071496,3,0.286222624576945
52,CSR,60,G400,Caron_2018,replaced,original,GravIS,-2.37515453292931,-0.42545873297376,3,0.266036453887037
53,CSR,60,G400,Caron_2018,original,replaced,none,-2.2670873326475,-0.334211264049541,3,0.301244459838052
54,CSR,60,G400,Caron_2018,original,replaced,GravIS,-2.36215441762669,-0.404871241822534,3,0.280360579653138
55,CSR,60,G400,Caron_2018,original,original,none,-2.26961375973715,-0.336740910892359,3,0.298142556991632
56,CSR,60,G400,Caron_2018,original,original,GravIS,-2.36468084471634,-0.407400888850992,3,0.277475709759459
57,CSR,60,G400,Peltier_ICE6G_D,replaced,replaced,none,-2.30779976850707,-0.344426997765038,3,0.287734423855167
58,CSR,60,G400,Peltier_ICE6G_D,replaced,replaced,GravIS,-2.40286685348625,-0.415086975491036,3,0.267460104880252
59,CSR,60,G400,Peltier_ICE6G_D,replaced,original,none,-2.31032619596899,-0.346956644028786,3,0.284799454909607
60,CSR,60,G400,Peltier_ICE6G_D,replaced,original,GravIS,-2.40539328094818,-0.41761662193105,3,0.264744417626993
61,CSR,60,G400,Peltier_ICE6G_D,original,replaced,none,-2.29732608066637,-0.326369153006831,3,0.299769981510859
62,CSR,60,G400,Peltier_ICE6G_D,original,replaced,GravIS,-2.39239316564556,-0.397029130779823,3,0.27901069854751
63,CSR,60,G400,Peltier_ICE6G_D,original,original,none,-2.29985250775602,-0.328898799849649,3,0.296684053949625
64,CSR,60,G400,Peltier_ICE6G_D,original,original,GravIS,-2.3949195927352,-0.399558777808283,3,0.276141523207548
65,CSR,60,G500,none,replaced,replaced,none,-1.42985334373239,-0.245303052503653,1,0.321760082444384
66,CSR,60,G500,none,replaced,replaced,GravIS,-1.52476806696573,-0.315849787709998,3,0.294406288142693
67,CSR,60,G500,none,replaced,original,none,-1.4323555759706,-0.247808471293998,1,0.318037338207124
68,CSR,60,G500,none,replaced,original,GravIS,-1.52727029920394,-0.318355206500343,3,0.290932322839948
69,CSR,60,G500,none,original,replaced,none,-1.41942993290094,-0.227331890174994,1,0.336327586535614
70,CSR,60,G500,none,original,replaced,GravIS,-1.51434465607986,-0.297878625531171,3,0.308920423011412
71,CSR,60,G500,none,original,original,none,-1.42193216327941,-0.22983730952032,1,0.332419887929642
72,CSR,60,G500,none,original,original,GravIS,-1.51684688645833,-0.300384044726664,3,0.305232789714725
73,CSR,60,G500,Geruo_ICE5G_VM2,replaced,replaced,none,-1.58481728587308,-0.387057665869997,3,0.270256220819535
74,CSR,60,G500,Geruo_ICE5G_VM2,replaced,replaced,GravIS,-1.67973200910643,-0.457604401076341,3,0.24786285099804
75,CSR,60,G500,Geruo_ICE5G_VM2,replaced,original,none,-1.5873195181113,-0.389563084660341,3,0.26694159499636
76,CSR,60,G500,Geruo_ICE5G_VM2,replaced,original,GravIS,-1.68223424134464,-0.460109819866686,3,0.24487713418428
77,CSR,60,G500,Geruo_ICE5G_VM2,original,replaced,none,-1.57439387504164,-0.369086503541338,3,0.284065783512608
78,CSR,60,G500,Geruo_ICE5G_VM2,original,replaced,GravIS,-1.66930859822056,-0.439633238897514,3,0.260874305268197
79,CSR,60,G500,Geruo_ICE5G_VM2,original,original,none,-1.57689610542011,-0.371591922886663,3,0.28053810886201
80,CSR,60,G500,Geruo_ICE5G_VM2,original,original,GravIS,-1.67181082859902,-0.442138658093008,3,0.257680459369811
81,CSR,60,G500,Caron_2018,replaced,replaced,none,-1.61436052642138,-0.448681204434159,3,0.254735820946714
82,CSR,60,G500,Caron_2018,replaced,replaced,GravIS,-1.70927524965472,-0.519227939640504,3,0.23405913372627
83,CSR,60,G500,Caron_2018,replaced,original,none,-1.61686275865959,-0.451186623224504,3,0.251597947976181
84,CSR,60,G500,Caron_2018,replaced,original,GravIS,-1.71177748189294,-0.521733358430849,3,0.231247588783078
85,CSR,60,G500,Caron_2018,original,replaced,none,-1.60393711558994,-0.4307100421055,3,0.268028027509194
86,CSR,60,G500,Caron_2018,original,replaced,GravIS,-1.69885183876885,-0.501256777461677,3,0.24645880952127
87,CSR,60,G500,Caron_2018,original,original,none,-1.6064393459684,-0.433215461450826,3,0.264679865001145
88,CSR,60,G500,Caron_2018,original,original,GravIS,-1.70135406914732,-0.50376219665717,3,0.24344829117918
89,CSR,60,G500,Peltier_ICE6G_D,replaced,replaced,none,-1.64459927444025,-0.440839093391449,3,0.252975990705989
90,CSR,60,G500,Peltier_ICE6G_D,replaced,replaced,GravIS,-1.73951399767359,-0.511385828597794,3,0.232497666781708
91,CSR,60,G500,Peltier_ICE6G_D,replaced,original,none,-1.64710150667846,-0.443344512181794,3,0.249859823250847
92,CSR,60,G500,Peltier_ICE6G_D,replaced,original,GravIS,-1.7420162299118,-0.513891247388139,3,0.2297064986554
93,CSR,60,G500,Peltier_ICE6G_D,original,replaced,none,-1.6341758636088,-0.422867931062791,3,0.266210179632341
94,CSR,60,G500,Peltier_ICE6G_D,original,replaced,GravIS,-1.72909058678772,-0.493414666418967,3,0.244829120643907
95,CSR,60,G500,Peltier_ICE6G_D,original,original,none,-1.63667809398727,-0.425373350408116,3,0.262884101997896
96,CSR,60,G500,Peltier_ICE6G_D,original,original,GravIS,-1.73159281716619,-0.49592008561446,3,0.241840042957174
97,CSR,60,Swenson_G300,none,replaced,replaced,none,-2.10754581065425,0.44460474069713,0,0.405688754770204
98,CSR,60,Swenson_G300,none,replaced,replaced,GravIS,-2.20273143810077,0.373856652810939,0,0.384600752720566
99,CSR,60,Swenson_G300,none,replaced,original,none,-2.11009119829055,0.442056109984953,0,0.402815918198812
100,CSR,60,Swenson_G300,none,replaced,original,GravIS,-2.20527682573707,0.371308022098762,0,0.381567574798989
101,CSR,60,Swenson_G300,none,original,replaced,none,-2.09703289267446,0.46273021816583,0,0.416151011684401
102,CSR,60,Swenson_G300,none,original,replaced,GravIS,-2.19221852012098,0.391982130069218,0,0.396571729789996
103,CSR,60,Swenson_G300,none,original,original,none,-2.09957828114861,0.460181587851077,0,0.41319658249269
104,CSR,60,Swenson_G300,none,original,original,GravIS,-2.19476390859513,0.389433499754464,0,0.393437024121288
105,CSR,60,Swenson_G300,Geruo_ICE5G_VM2,replaced,replaced,none,-2.26250975279495,0.302850127330786,0,0.365512418778931
106,CSR,60,Swenson_G300,Geruo_ICE5G_VM2,replaced,replaced,GravIS,-2.35769538024147,0.232102039444595,0,0.342930579663934
107,CSR,60,Swenson_G300,Geruo_ICE5G_VM2,replaced,original,none,-2.26505514043125,0.300301496618609,0,0.362394631530043
108,CSR,60,Swenson_G300,Geruo_ICE5G_VM2,replaced,original,GravIS,-2.36024076787776,0.229553408732418,0,0.339795154304123
109,CSR,60,Swenson_G300,Geruo_ICE5G_VM2,original,replaced,none,-2.25199683481516,0.320975604799487,0,0.377603442103184
110,CSR,60,Swenson_G300,Geruo_ICE5G_VM2,original,replaced,GravIS,-2.34718246226168,0.250227516702874,0,0.355841316595054
111,CSR,60,Swenson_G300,Geruo_ICE5G_VM2,original,original,none,-2.25454222328931,0.318426974484733,0,0.374377733234529
112,CSR,60,Swenson_G300,Geruo_ICE5G_VM2,original,original,GravIS,-2.34972785073583,0.247678886388121,0,0.352573129460731
113,CSR,60,Swenson_G300,Caron_2018,replaced,replaced,none,-2.29205299334325,0.241226588766624,0,0.351308115942108
114,CSR,60,Swenson_G300,Caron_2018,replaced,replaced,GravIS,-2.38723862078977,0.170478500880433,0,0.328511498143388
115,CSR,60,Swenson_G300,Caron_2018,replaced,original,none,-2.29459838097954,0.238677958054447,0,0.34813969293428
116,CSR,60,Swenson_G300,Caron_2018,replaced,original,GravIS,-2.38978400842606,0.167929870168256,0,0.325377821114117
117,CSR,60,Swenson_G300,Caron_2018,original,replaced,none,-2.28154007536345,0.259352066235324,0,0.363821540898326
118,CSR,60,Swenson_G300,Caron_2018,original,replaced,GravIS,-2.37672570280997,0.188603978138711,0,0.341580806090736
119,CSR,60,Swenson_G300,Caron_2018,original,original,none,-2.2840854638376,0.256803435920571,0,0.36053325544468
120,CSR,60,Swenson_G300,Caron_2018,original,original,GravIS,-2.37927109128413,0.186055347823958,0,0.338302743299624
121,CSR,60,Swenson_G300,Peltier_ICE6G_D,replaced,replaced,none,-2.32229174136211,0.249068699809334,0,0.349812866011036
122,CSR,60,Swenson_G300,Peltier_ICE6G_D,replaced,replaced,GravIS,-2.41747736880863,0.178320611923143,0,0.327212371861978
123,CSR,60,Swenson_G300,Peltier_ICE6G_D,replaced,original,none,-2.32483712899841,0.246520069097157,0,0.34666737520871
124,CSR,60,Swenson_G300,Peltier_ICE6G_D,replaced,original,GravIS,-2.42002275644493,0.175771981210966,0,0.32409971578971
125,CSR,60,Swenson_G300,Peltier_ICE6G_D,original,replaced,none,-2.31177882338232,0.267194177278034,0,0.36225541400117
126,CSR,60,Swenson_G300,Peltier_ICE6G_D,original,replaced,GravIS,-2.40696445082884,0.196446089181421,0,0.340209024724581
127,CSR,60,Swenson_G300,Peltier_ICE6G_D,original,original,none,-2.31432421185647,0.264645546963281,0,0.3589906607859
128,CSR,60,Swenson_G300,Peltier_ICE6G_D,original,original,GravIS,-2.40950983930299,0.193897458866668,0,0.336953112088575
129,CSR,60,Swenson_G500,none,replaced,replaced,none,-1.10127009268015,-0.0703641184537047,1,0.328433539820686
130,CSR,60,Swenson_G500,none,replaced,replaced,GravIS,-1.19618481540806,-0.140910853683692,3,0.295148502280025
131,CSR,60,Swenson_G500,none,replaced,original,none,-1.10377232491836,-0.0728695372440496,1,0.323545728499057
132,CSR,60,Swenson_G500,none,replaced,original,GravIS,-1.19868704764627,-0.143416272474037,3,0.290696807058883
133,CSR,60,Swenson_G500,none,original,replaced,none,-1.0908466818487,-0.0523929561250461,1,0.345225616914256
134,CSR,60,Swenson_G500,none,original,replaced,GravIS,-1.18576140452219,-0.122939691504865,3,0.312300271870875
135,CSR,60,Swenson_G500,none,original,original,none,-1.09334891222717,-0.0548983754703713,1,0.340079349518841
136,CSR,60,Swenson_G500,none,original,original,GravIS,-1.18826363490065,-0.125445110700359,3,0.307529604809863
137,CSR,60,Swenson_G500,Geruo_ICE5G_VM2,replaced,replaced,none,-1.25623403482084,-0.212118731820048,3,0.266116472326958
138,CSR,60,Swenson_G500,Geruo_ICE5G_VM2,replaced,replaced,GravIS,-1.35114875754875,-0.282665467050036,3,0.239630404738528
139,CSR,60,Swenson_G500,Geruo_ICE5G_VM2,replaced,original,none,-1.25873626705906,-0.214624150610393,3,0.261960385463319
140,CSR,60,Swenson_G500,Geruo_ICE5G_VM2,replaced,original,GravIS,-1.35365098978696,-0.285170885840381,3,0.236008270096293
141,CSR,60,Swenson_G500,Geruo_ICE5G_VM2,original,replaced,none,-1.2458106239894,-0.19414756949139,3,0.28236024253823
142,CSR,60,Swenson_G500,Geruo_ICE5G_VM2,original,replaced,GravIS,-1.34072534666288,-0.264694304871209,3,0.254831226700821
143,CSR,60,Swenson_G500,Geruo_ICE5G_VM2,original,original,none,-1.24831285436786,-0.196652988836715,3,0.277889124201991
144,CSR,60,Swenson_G500,Geruo_ICE5G_VM2,original,original,GravIS,-1.34322757704135,-0.267199724066702,3,0.250903626584886
145,CSR,60,Swenson_G500,Caron_2018,replaced,replaced,none,-1.28577727536914,-0.273742270384211,3,0.247404188107112
146,CSR,60,Swenson_G500,Caron_2018,replaced,replaced,GravIS,-1.38069199809705,-0.344289005614198,3,0.223365765447315
147,CSR,60,Swenson_G500,Caron_2018,replaced,original,none,-1.28827950760735,-0.276247689174556,3,0.243548537356244
148,CSR,60,Swenson_G500,Caron_2018,replaced,original,GravIS,-1.38319423033526,-0.346794424404543,3,0.220026074876417
149,CSR,60,Swenson_G500,Caron_2018,original,replaced,none,-1.27535386453769,-0.255771108055552,3,0.262996400183377
150,CSR,60,Swenson_G500,Caron_2018,original,replaced,GravIS,-1.37026858721118,-0.326317843435371,3,0.237720258492847
151,CSR,60,Swenson_G500,Caron_2018,original,original,none,-1.27785609491616,-0.258276527400878,3,0.258829876894948
152,CSR,60,Swenson_G500,Caron_2018,original,original,GravIS,-1.37277081758965,-0.328823262630865,3,0.234093241680095
153,CSR,60,Swenson_G500,Peltier_ICE6G_D,replaced,replaced,none,-1.31601602338801,-0.265900159341501,3,0.245626247500218
154,CSR,60,Swenson_G500,Peltier_ICE6G_D,replaced,replaced,GravIS,-1.41093074611592,-0.336446894571488,3,0.221817407553555
155,CSR,60,Swenson_G500,Peltier_ICE6G_D,replaced,original,none,-1.31851825562622,-0.268405578131846,3,0.241800895598996
156,CSR,60,Swenson_G500,Peltier_ICE6G_D,replaced,original,GravIS,-1.41343297835413,-0.338952313361833,3,0.218503220635726
157,CSR,60,Swenson_G500,Peltier_ICE6G_D,original,replaced,none,-1.30559261255656,-0.247928997012842,3,0.26112795447778
158,CSR,60,Swenson_G500,Peltier_ICE6G_D,original,replaced,GravIS,-1.40050733523005,-0.318475732392661,3,0.236083240717574
159,CSR,60,Swenson_G500,Peltier_ICE6G_D,original,original,none,-1.30809484293503,-0.250434416358167,3,0.256994050394377
160,CSR,60,Swenson_G500,Peltier_ICE6G_D,original,original,GravIS,-1.40300956560851,-0.320981151588155,3,0.232484100549296
161,CSR,60,DDK2,none,replaced,replaced,none,-2.29363099804158,0.163154860624501,0,0.352024315193126
162,CSR,60,DDK2,none,replaced,replaced,GravIS,-2.38896908560448,0.0922934570993776,1,0.33142203106003
163,CSR,60,DDK2,none,replaced,original,none,-2.29620060003072,0.16058201079918,0,0.349569410618309
164,CSR,60,DDK2,none,replaced,original,GravIS,-2.3915386880012,0.0897206071388068,1,0.328968191884983
165,CSR,60,DDK2,none,original,replaced,none,-2.28306772934253,0.181366852592136,0,0.363983014055636
166,CSR,60,DDK2,none,original,replaced,GravIS,-2.37840581793257,0.110505449734614,0,0.34351301793632
167,CSR,60,DDK2,none,original,original,none,-2.28563733529766,0.178794004959137,0,0.361442336736479
168,CSR,60,DDK2,none,original,original,GravIS,-2.38097542284157,0.107932601351277,0,0.34095706101277
169,CSR,60,DDK2,Geruo_ICE5G_VM2,replaced,replaced,none,-2.44859494018228,0.0214002472581571,1,0.314059712682926
170,CSR,60,DDK2,Geruo_ICE5G_VM2,replaced,replaced,GravIS,-2.54393302774517,-0.0494611562669659,1,0.294829472934299
171,CSR,60,DDK2,Geruo_ICE5G_VM2,replaced,original,none,-2.45116454217142,0.0188273974328365,1,0.311613046746309
172,CSR,60,DDK2,Geruo_ICE5G_VM2,replaced,original,GravIS,-2.54650263014189,-0.0520340062275367,1,0.29246895973638
173,CSR,60,DDK2,Geruo_ICE5G_VM2,original,replaced,none,-2.43803167148323,0.0396122392257926,1,0.325868406614523
174,CSR,60,DDK2,Geruo_ICE5G_VM2,original,replaced,GravIS,-2.53336976007327,-0.0312491636317295,1,0.306350208637099
175,CSR,60,DDK2,Geruo_ICE5G_VM2,original,original,none,-2.44060127743836,0.037039391592794,1,0.323314623580755
176,CSR,60,DDK2,Geruo_ICE5G_VM2,original,original,GravIS,-2.53593936498226,-0.0338220120150663,1,0.303873725546725
177,CSR,60,DDK2,Caron_2018,replaced,replaced,none,-2.47813818073058,-0.0402232913060054,1,0.301530486551335
178,CSR,60,DDK2,Caron_2018,replaced,replaced,GravIS,-2.57347626829347,-0.111084694831128,1,0.282939289172701
179,CSR,60,DDK2,Caron_2018,replaced,original,none,-2.48070778271971,-0.042796141131326,1,0.299114143025012
180,CSR,60,DDK2,Caron_2018,replaced,original,GravIS,-2.57604587069019,-0.113657544791699,1,0.280631238439815
181,CSR,60,DDK2,Caron_2018,original,replaced,none,-2.46757491203152,-0.02201129933837,1,0.313162753058773
182,CSR,60,DDK2,Caron_2018,original,replaced,GravIS,-2.56291300062157,-0.0928727021958919,1,0.2941730545129
183,CSR,60,DDK2,Caron_2018,original,original,none,-2.47014451798666,-0.0245841469713685,1,0.310633984541601
184,CSR,60,DDK2,Caron_2018,original,original,GravIS,-2.56548260553056,-0.0954455505792289,1,0.291746789563258
185,CSR,60,DDK2,Peltier_ICE6G_D,replaced,replaced,none,-2.50837692874944,-0.0323811802632955,1,0.300410443178238
186,CSR,60,DDK2,Peltier_ICE6G_D,replaced,replaced,GravIS,-2.60371501631233,-0.103242583788419,1,0.281922540468034
187,CSR,60,DDK2,Peltier_ICE6G_D,replaced,original,none,-2.51094653073858,-0.0349540300886161,1,0.29800543120918
188,CSR,60,DDK2,Peltier_ICE6G_D,replaced,original,GravIS,-2.60628461870905,-0.105815433748989,1,0.279624875733659
189,CSR,60,DDK2,Peltier_ICE6G_D,original,replaced,none,-2.49781366005039,-0.0141691882956598,1,0.31199877490208
190,CSR,60,DDK2,Peltier_ICE6G_D,original,replaced,GravIS,-2.59315174864043,-0.0850305911531822,1,0.293113899539462
191,CSR,60,DDK2,Peltier_ICE6G_D,original,original,none,-2.50038326600552,-0.0167420359286586,1,0.309481844719275
192,CSR,60,DDK2,Peltier_ICE6G_D,original,original,GravIS,-2.59572135354943,-0.0876034395365191,1,0.290698623920978
193,CSR,60,DDK3,none,replaced,replaced,none,-3.98952454199301,0.597625220115481,0,0.41842163218966
194,CSR,60,DDK3,none,replaced,replaced,GravIS,-4.08486262834517,0.526763814991705,0,0.40516954798545
195,CSR,60,DDK3,none,replaced,original,none,-3.99209445389651,0.595052037531262,0,0.416948897748309
196,CSR,60,DDK3,none,replaced,original,GravIS,-4.08743254129098,0.524190633081658,0,0.40355466958338
197,CSR,60,DDK3,none,original,replaced,none,-3.97896105339302,0.615837864114623,0,0.426454831667536
198,CSR,60,DDK3,none,original,replaced,GravIS,-4.07429914029689,0.544976458830205,0,0.413979164580513
199,CSR,60,DDK3,none,original,original,none,-3.98153096435906,0.613264678959614,0,0.424955280978235
200,CSR,60,DDK3,none,original,original,GravIS,-4.07686905216975,0.542403274392966,0,0.412331550835938
201,CSR,60,DDK3,Geruo_ICE5G_VM2,replaced,replaced,none,-4.14448848413371,0.455870606749138,0,0.393402230638861
202,CSR,60,DDK3,Geruo_ICE5G_VM2,replaced,replaced,GravIS,-4.23982657048587,0.385009201625362,0,0.37874214448662
203,CSR,60,DDK3,Geruo_ICE5G_VM2,replaced,original,none,-4.14705839603721,0.453297424164918,0,0.39170028773741
204,CSR,60,DDK3,Geruo_ICE5G_VM2,replaced,original,GravIS,-4.24239648343168,0.382436019715314,0,0.3769453940386
205,CSR,60,DDK3,Geruo_ICE5G_VM2,original,replaced,none,-4.13392499553371,0.47408325074828,0,0.402339141988395
206,CSR,60,DDK3,Geruo_ICE5G_VM2,original,replaced,GravIS,-4.22926308243759,0.403221845463862,0,0.388210745975168
207,CSR,60,DDK3,Geruo_ICE5G_VM2,original,original,none,-4.13649490649976,0.471510065593271,0,0.400601297497282
208,CSR,60,DDK3,Geruo_ICE5G_VM2,original,original,GravIS,-4.23183299431045,0.400648661026623,0,0.386370176771872
209,CSR,60,DDK3,Caron_2018,replaced,replaced,none,-4.17403172468201,0.394247068184976,0,0.384519301667534
210,CSR,60,DDK3,Caron_2018,replaced,replaced,GravIS,-4.26936981103417,0.323385663061199,0,0.369453835260255
211,CSR,60,DDK3,Caron_2018,replaced,original,none,-4.1766016365855,0.391673885600756,0,0.382746091596049
212,CSR,60,DDK3,Caron_2018,replaced,original,GravIS,-4.27193972397997,0.320812481151152,0,0.367603009066275
213,CSR,60,DDK3,Caron_2018,original,replaced,none,-4.16346823608201,0.412459712184117,0,0.3937226751611
214,CSR,60,DDK3,Caron_2018,original,replaced,GravIS,-4.25880632298588,0.341598306899699,0,0.379098364215888
215,CSR,60,DDK3,Caron_2018,original,original,none,-4.16603814704806,0.409886527029108,0,0.391909822907225
216,CSR,60,DDK3,Caron_2018,original,original,GravIS,-4.26137623485874,0.33902512246246,0,0.377199405433958
217,CSR,60,DDK3,Peltier_ICE6G_D,replaced,replaced,none,-4.20427047270087,0.402089179227686,0,0.383394128378973
218,CSR,60,DDK3,Peltier_ICE6G_D,replaced,replaced,GravIS,-4.29960855905303,0.331227774103909,0,0.368410887180887
219,CSR,60,DDK3,Peltier_ICE6G_D,replaced,original,none,-4.20684038460437,0.399515996643465,0,0.381627966523411
220,CSR,60,DDK3,Peltier_ICE6G_D,replaced,original,GravIS,-4.30217847199884,0.328654592193862,0,0.366568143673432
221,CSR,60,DDK3,Peltier_ICE6G_D,original,replaced,none,-4.19370698410088,0.420301823226827,0,0.39257350832468
222,CSR,60,DDK3,Peltier_ICE6G_D,original,replaced,GravIS,-4.28904507100475,0.349440417942409,0,0.378026344973907
223,CSR,60,DDK3,Peltier_ICE6G_D,original,original,none,-4.19627689506692,0.417728638071818,0,0.39076745878288
224,CSR,60,DDK3,Peltier_ICE6G_D,original,original,GravIS,-4.29161498287761,0.34686723350517,0,0.376135433279825
225,CSR,60,DDK5,none,replaced,replaced,none,-5.41024023059385,1.35819275224068,0,0.429403238723385
226,CSR,60,DDK5,none,replaced,replaced,GravIS,-5.50557832175693,1.287331345757,0,0.423550348887504
227,CSR,60,DDK5,none,replaced,original,none,-5.41281017546999,1.35561953321029,0,0.428475765529309
228,CSR,60,DDK5,none,replaced,original,GravIS,-5.50814826641908,1.28475812690288,0,0.422513270110749
229,CSR,60,DDK5,none,original,replaced,none,-5.39967671901029,1.37640545840593,0,0.433570717341672
230,CSR,60,DDK5,none,original,replaced,GravIS,-5.49501481017337,1.30554405192226,0,0.428423547877114
231,CSR,60,DDK5,none,original,original,none,-5.40224666207575,1.37383224040445,0,0.432633051368862
232,CSR,60,DDK5,none,original,original,GravIS,-5.49758475287199,1.30297083400808,0,0.427374429974037
233,CSR,60,DDK5,Geruo_ICE5G_VM2,replaced,replaced,none,-5.56520417273454,1.21643813887433,0,0.41645649997435
234,CSR,60,DDK5,Geruo_ICE5G_VM2,replaced,replaced,GravIS,-5.66054226389762,1.14557673239066,0,0.408982918150029
235,CSR,60,DDK5,Geruo_ICE5G_VM2,replaced,original,none,-5.56777411761068,1.21386491984394,0,0.41534994692564
236,CSR,60,DDK5,Geruo_ICE5G_VM2,replaced,original,GravIS,-5.66311220855978,1.14300351353654,0,0.407785094650447
237,CSR,60,DDK5,Geruo_ICE5G_VM2,original,replaced,none,-5.55464066115099,1.23465084503959,0,0.421493323205932
238,CSR,60,DDK5,Geruo_ICE5G_VM2,original,replaced,GravIS,-5.64997875231406,1.16378943855592,0,0.414652647887062
239,CSR,60,DDK5,Geruo_ICE5G_VM2,original,original,none,-5.55721060421645,1.23207762703811,0,0.420373780709296
240,CSR,60,DDK5,Geruo_ICE5G_VM2,original,original,GravIS,-5.65254869501268,1.16121622064173,0,0.413439342321489
241,CSR,60,DDK5,Caron_2018,replaced,replaced,none,-5.59474741328284,1.15481460031017,0,0.411855940447174
242,CSR,60,DDK5,Caron_2018,replaced,replaced,GravIS,-5.69008550444592,1.0839531938265,0,0.403840878027765
243,CSR,60,DDK5,Caron_2018,replaced,original,none,-5.59731735815898,1.15224138127978,0,0.410690352167617
244,CSR,60,DDK5,Caron_2018,replaced,original,GravIS,-5.69265544910807,1.08137997497237,0,0.402589294288496
245,CSR,60,DDK5,Caron_2018,original,replaced,none,-5.58418390169928,1.17302730647542,0,0.417188630716585
246,CSR,60,DDK5,Caron_2018,original,replaced,GravIS,-5.67952199286236,1.10216589999175,0,0.409780238609933
247,CSR,60,DDK5,Caron_2018,original,original,none,-5.58675384476475,1.17045408847394,0,0.416009248207942
248,CSR,60,DDK5,Caron_2018,original,original,GravIS,-5.68209193556098,1.09959268207757,0,0.408512064900166
249,CSR,60,DDK5,Peltier_ICE6G_D,replaced,replaced,none,-5.62498616130171,1.16265671135288,0,0.41086666062798
250,CSR,60,DDK5,Peltier_ICE6G_D,replaced,replaced,GravIS,-5.72032425246479,1.09179530486921,0,0.402871058079132
251,CSR,60,DDK5,Peltier_ICE6G_D,replaced,original,none,-5.62755610617785,1.16008349232249,0,0.409701963004402
252,CSR,60,DDK5,Peltier_ICE6G_D,replaced,original,GravIS,-5.72289419712694,1.08922208601509,0,0.401622186730909
253,CSR,60,DDK5,Peltier_ICE6G_D,original,replaced,none,-5.61442264971814,1.18086941751813,0,0.416200386601727
254,CSR,60,DDK5,Peltier_ICE6G_D,original,replaced,GravIS,-5.70976074088123,1.11000801103446,0,0.408804242004079
255,CSR,60,DDK5,Peltier_ICE6G_D,original,original,none,-5.61699259278361,1.17829619951665,0,0.415021377587124
256,CSR,60,DDK5,Peltier_ICE6G_D,original,original,GravIS,-5.71233068357984,1.10743479312028,0,0.407538376810753
257,CSR,60,DDK7,none,replaced,replaced,none,-6.42681552439499,2.09999771302781,2,0.363685386346105
258,CSR,60,DDK7,none,replaced,replaced,GravIS,-6.52215361439963,2.02913630782593,2,0.361310294719499
259,CSR,60,DDK7,none,replaced,original,none,-6.42938547021472,2.09742449030437,2,0.363224082375775
260,CSR,60,DDK7,none,replaced,original,GravIS,-6.52472356017412,2.02656308490594,2,0.360761157245292
261,CSR,60,DDK7,none,original,replaced,none,-6.41625201035727,2.11821042343867,2,0.366420554019132
262,CSR,60,DDK7,none,original,replaced,GravIS,-6.51159010048349,2.04734901823679,2,0.364448834708668
263,CSR,60,DDK7,none,original,original,none,-6.41882195771859,2.11563720267797,2,0.36596366993201
264,CSR,60,DDK7,none,original,original,GravIS,-6.51416004779957,2.04477579747609,2,0.363903359127678
265,CSR,60,DDK7,Geruo_ICE5G_VM2,replaced,replaced,none,-6.58177946653569,1.95824309966147,2,0.356321308148269
266,CSR,60,DDK7,Geruo_ICE5G_VM2,replaced,replaced,GravIS,-6.67711755654033,1.88738169445959,2,0.352814941279317
267,CSR,60,DDK7,Geruo_ICE5G_VM2,replaced,original,none,-6.58434941235541,1.95566987693803,2,0.355722990061821
268,CSR,60,DDK7,Geruo_ICE5G_VM2,replaced,original,GravIS,-6.67968750231482,1.8848084715396,2,0.352139799559982
269,CSR,60,DDK7,Geruo_ICE5G_VM2,original,replaced,none,-6.57121595249797,1.97645581007233,2,0.359575994897494
270,CSR,60,DDK7,Geruo_ICE5G_VM2,original,replaced,GravIS,-6.66655404262419,1.90559440487045,2,0.356439175608776
271,CSR,60,DDK7,Geruo_ICE5G_VM2,original,original,none,-6.57378589985929,1.97388258931162,2,0.358980957401188
272,CSR,60,DDK7,Geruo_ICE5G_VM2,original,original,GravIS,-6.66912398994027,1.90302118410975,2,0.3557658091114
273,CSR,60,DDK7,Caron_2018,replaced,replaced,none,-6.61132270708398,1.8966195610973,2,0.353527345098718
274,CSR,60,DDK7,Caron_2018,replaced,replaced,GravIS,-6.70666079708862,1.82575815589543,2,0.349670805624595
275,CSR,60,DDK7,Caron_2018,replaced,original,none,-6.61389265290371,1.89404633837387,2,0.352885850543771
276,CSR,60,DDK7,Caron_2018,replaced,original,GravIS,-6.70923074286311,1.82318493297543,2,0.348956208494067
277,CSR,60,DDK7,Caron_2018,original,replaced,none,-6.60075919304627,1.91483227150816,2,0.356953611681498
278,CSR,60,DDK7,Caron_2018,original,replaced,GravIS,-6.69609728317248,1.84397086630629,2,0.353452639641275
279,CSR,60,DDK7,Caron_2018,original,original,none,-6.60332914040759,1.91225905074746,2,0.356314892471025
280,CSR,60,DDK7,Caron_2018,original,original,GravIS,-6.69866723048857,1.84139764554558,2,0.352739090535958
281,CSR,60,DDK7,Peltier_ICE6G_D,replaced,replaced,none,-6.64156145510285,1.90446167214002,2,0.353061325759272
282,CSR,60,DDK7,Peltier_ICE6G_D,replaced,replaced,GravIS,-6.73689954510748,1.83360026693814,2,0.349176628679417
283,CSR,60,DDK7,Peltier_ICE6G_D,replaced,original,none,-6.64413140092257,1.90188844941658,2,0.352416054192109
284,CSR,60,DDK7,Peltier_ICE6G_D,replaced,original,GravIS,-6.73946949088198,1.83102704401814,2,0.348459290679471
285,CSR,60,DDK7,Peltier_ICE6G_D,original,replaced,none,-6.63099794106514,1.92267438255087,2,0.356497827287631
286,CSR,60,DDK7,Peltier_ICE6G_D,original,replaced,GravIS,-6.72633603119136,1.851812977349,2,0.352966158118752
287,CSR,60,DDK7,Peltier_ICE6G_D,original,original,none,-6.63356788842645,1.92010116179017,2,0.35585508827159
288,CSR,60,DDK7,Peltier_ICE6G_D,original,original,GravIS,-6.72890597850744,1.8492397565883,2,0.352249630908315
289,CSR,60,DDK8,none,replaced,replaced,none,-6.54173994465354,2.30300775373207,2,0.329953195096826
290,CSR,60,DDK8,none,replaced,replaced,GravIS,-6.6370780332765,2.23214634765892,2,0.328319125892533
291,CSR,60,DDK8,none,replaced,original,none,-6.54430989186759,2.30043453137245,2,0.329557971592657
292,CSR,60,DDK8,none,replaced,original,GravIS,-6.63964798049056,2.22957312531787,2,0.327852891012279
293,CSR,60,DDK8,none,original,replaced,none,-6.53117643074027,2.32122046654449,2,0.332502567615163
294,CSR,60,DDK8,none,original,replaced,GravIS,-6.62651451936323,2.2503590604354,2,0.331157338907764
295,CSR,60,DDK8,none,original,original,none,-6.5337463772294,2.31864724483272,2,0.332111642470655
296,CSR,60,DDK8,none,original,original,GravIS,-6.62908446585236,2.24778583877813,2,0.330694793656641
297,CSR,60,DDK8,Geruo_ICE5G_VM2,replaced,replaced,none,-6.69670388679424,2.16125314036573,2,0.323756077294147
298,CSR,60,DDK8,Geruo_ICE5G_VM2,replaced,replaced,GravIS,-6.7920419754172,2.09039173429258,2,0.321250219969399
299,CSR,60,DDK8,Geruo_ICE5G_VM2,replaced,original,none,-6.69927383400829,2.15867991800611,2,0.323250368848719
300,CSR,60,DDK8,Geruo_ICE5G_VM2,replaced,original,GravIS,-6.79461192263125,2.08781851195153,2,0.320681060390775
301,CSR,60,DDK8,Geruo_ICE5G_VM2,original,replaced,none,-6.68614037288097,2.17946585317815,2,0.326680112203418
302,CSR,60,DDK8,Geruo_ICE5G_VM2,original,replaced,GravIS,-6.78147846150394,2.10860444706906,2,0.324440646039326
303,CSR,60,DDK8,Geruo_ICE5G_VM2,original,original,none,-6.68871031937009,2.17689263146637,2,0.326177798113413
304,CSR,60,DDK8,Geruo_ICE5G_VM2,original,original,GravIS,-6.78404840799306,2.10603122541179,2,0.323873750469943
305,CSR,60,DDK8,Caron_2018,replaced,replaced,none,-6.72624712734253,2.09962960180156,2,0.321375789257529
306,CSR,60,DDK8,Caron_2018,replaced,replaced,GravIS,-6.8215852159655,2.02876819572842,2,0.318602378546599
307,CSR,60,DDK8,Caron_2018,replaced,original,none,-6.72881707455659,2.09705637944195,2,0.320835255284926
308,CSR,60,DDK8,Caron_2018,replaced,original,GravIS,-6.82415516317955,2.02619497338736,2,0.318001093221376
309,CSR,60,DDK8,Caron_2018,original,replaced,none,-6.71568361342927,2.11784231461399,2,0.324422028214827
310,CSR,60,DDK8,Caron_2018,original,replaced,GravIS,-6.81102170205223,2.04698090850489,2,0.321905563516729
311,CSR,60,DDK8,Caron_2018,original,original,none,-6.71825355991839,2.11526909290221,2,0.323884462530612
312,CSR,60,DDK8,Caron_2018,original,original,GravIS,-6.81359164854135,2.04440768684763,2,0.321305964898304
313,CSR,60,DDK8,Peltier_ICE6G_D,replaced,replaced,none,-6.7564858753614,2.10747171284427,2,0.321063762693393
314,CSR,60,DDK8,Peltier_ICE6G_D,replaced,replaced,GravIS,-6.85182396398436,2.03661030677113,2,0.318261235715075
315,CSR,60,DDK8,Peltier_ICE6G_D,replaced,original,none,-6.75905582257545,2.10489849048466,2,0.320519678316748
316,CSR,60,DDK8,Peltier_ICE6G_D,replaced,original,GravIS,-6.85439391119841,2.03403708443007,2,0.317657045855036
317,CSR,60,DDK8,Peltier_ICE6G_D,original,replaced,none,-6.74592236144813,2.1256844256567,2,0.324118812171037
318,CSR,60,DDK8,Peltier_ICE6G_D,original,replaced,GravIS,-6.84126045007109,2.05482301954761,2,0.321571902818161
319,CSR,60,DDK8,Peltier_ICE6G_D,original,original,none,-6.74849230793726,2.12311120394492,2,0.323577560388908
320,CSR,60,DDK8,Peltier_ICE6G_D,original,original,GravIS,-6.84383039656022,2.05224979789034,2,0.320969258623377
321,CSR,96,G300,none,replaced,replaced,none,-3.19621431508494,0.167665312174605,1,0.360148427011215
322,CSR,96,G300,none,replaced,replaced,GravIS,-3.29139994596086,0.0969172276829418,1,0.347203052351963
323,CSR,96,G300,none,replaced,original,none,-3.19876279196343,0.165113587695135,1,0.358628253460556
324,CSR,96,G300,none,replaced,original,GravIS,-3.29394842283935,0.0943655032034713,1,0.345534425544211
325,CSR,96,G300,none,original,replaced,none,-3.18568902343066,0.185812124542512,1,0.368195898468926
326,CSR,96,G300,none,original,replaced,GravIS,-3.28087465430658,0.115064040050848,1,0.355961439850693
327,CSR,96,G300,none,original,original,none,-3.18823749990228,0.183260400735507,1,0.366650405651114
328,CSR,96,G300,none,original,original,GravIS,-3.2834231307782,0.112512316243844,1,0.354255056169104
329,CSR,96,G300,Geruo_ICE5G_VM2,replaced,replaced,none,-3.35117825722564,0.0259106988082619,1,0.334426118594066
330,CSR,96,G300,Geruo_ICE5G_VM2,replaced,replaced,GravIS,-3.44636388810156,-0.0448373856834018,1,0.320283434061811
331,CSR,96,G300,Geruo_ICE5G_VM2,replaced,original,none,-3.35372673410413,0.0233589743287913,1,0.332686238312474
332,CSR,96,G300,Geruo_ICE5G_VM2,replaced,original,GravIS,-3.44891236498004,-0.0473891101628723,1,0.318472134698861
333,CSR,96,G300,Geruo_ICE5G_VM2,original,replaced,none,-3.34065296557136,0.0440575111761683,1,0.343259306516871
334,CSR,96,G300,Geruo_ICE5G_VM2,original,replaced,GravIS,-3.43583859644728,-0.0266905733154953,1,0.329476428087885
335,CSR,96,G300,Geruo_ICE5G_VM2,original,original,none,-3.34320144204298,0.0415057873691639,1,0.341477014481223
336,CSR,96,G300,Geruo_ICE5G_VM2,original,original,GravIS,-3.43838707291889,-0.0292422971224997,1,0.32761071727879
337,CSR,96,G300,Caron_2018,replaced,replaced,none,-3.38072149777394,-0.0357128397559008,1,0.325153446873513
338,CSR,96,G300,Caron_2018,replaced,replaced,GravIS,-3.47590712864985,-0.106460924247564,1,0.31082778498175
339,CSR,96,G300,Caron_2018,replaced,original,none,-3.38326997465242,-0.0382645642353713,1,0.323359814545011
340,CSR,96,G300,Caron_2018,replaced,original,GravIS,-3.47845560552834,-0.109012648727035,1,0.308988247735747
341,CSR,96,G300,Caron_2018,original,replaced,none,-3.37019620611966,-0.0175660273879942,1,0.33415001632838
342,CSR,96,G300,Caron_2018,original,replaced,GravIS,-3.46538183699557,-0.0883141118796578,1,0.320067585475856
343,CSR,96,G300,Caron_2018,original,original,none,-3.37274468259127,-0.0201177511949986,1,0.332307839354033
344,CSR,96,G300,Caron_2018,original,original,GravIS,-3.46793031346719,-0.0908658356866621,1,0.318168336330119
345,CSR,96,G300,Peltier_ICE6G_D,replaced,replaced,none,-3.4109602457928,-0.0278707287131908,1,0.324280676489215
346,CSR,96,G300,Peltier_ICE6G_D,replaced,replaced,GravIS,-3.50614587666872,-0.0986188132048541,1,0.309982083901489
347,CSR,96,G300,Peltier_ICE6G_D,replaced,original,none,-3.41350872267129,-0.0304224531926612,1,0.32249099981756
348,CSR,96,G300,Peltier_ICE6G_D,replaced,original,GravIS,-3.50869435354721,-0.101170537684325,1,0.308147325882935
349,CSR,96,G300,Peltier_ICE6G_D,original,replaced,none,-3.40043495413853,-0.0097239163452843,1,0.333271302243489
350,CSR,96,G300,Peltier_ICE6G_D,original,replaced,GravIS,-3.49562058501444,-0.0804720008369479,1,0.319211315370901
351,CSR,96,G300,Peltier_ICE6G_D,original,original,none,-3.40298343061014,-0.0122756401522886,1,0.331433008545537
352,CSR,96,G300,Peltier_ICE6G_D,original,original,GravIS,-3.49816906148605,-0.0830237246439523,1,0.31731690224832
353,CSR,96,G400,none,replaced,replaced,none,-2.10632718370442,-0.148766457462414,1,0.35338212275403
354,CSR,96,G400,none,replaced,replaced,GravIS,-2.20139427189726,-0.219426434082275,1,0.329565955621584
355,CSR,96,G400,none,replaced,original,none,-2.10885667638014,-0.151299173912851,1,0.350347142261229
356,CSR,96,G400,none,replaced,original,GravIS,-2.20392376441701,-0.221959150532712,1,0.326584561828856
357,CSR,96,G400,none,original,replaced,none,-2.09584116888063,-0.130687357868942,1,0.365732947079427
358,CSR,96,G400,none,original,replaced,GravIS,-2.19090825707347,-0.201347334649495,1,0.342291430827643
359,CSR,96,G400,none,original,original,none,-2.09837066223628,-0.133220073836038,1,0.362586122666402
360,CSR,96,G400,none,original,original,GravIS,-2.19343775042912,-0.2038800504559,1,0.339170737618668
361,CSR,96,G400,Geruo_ICE5G_VM2,replaced,replaced,none,-2.26129112584512,-0.290521070828757,3,0.309264375866921
362,CSR,96,G400,Geruo_ICE5G_VM2,replaced,replaced,GravIS,-2.35635821403796,-0.361181047448619,3,0.287703953889316
363,CSR,96,G400,Geruo_ICE5G_VM2,replaced,original,none,-2.26382061852084,-0.293053787279194,3,0.306320217808531
364,CSR,96,G400,Geruo_ICE5G_VM2,replaced,original,GravIS,-2.3588877065577,-0.363713763899056,3,0.284933418376199
365,CSR,96,G400,Geruo_ICE5G_VM2,original,replaced,none,-2.25080511102132,-0.272441971235285,1,0.321679865090568
366,CSR,96,G400,Geruo_ICE5G_VM2,original,replaced,GravIS,-2.34587219921416,-0.343101948015839,3,0.299809824664126
367,CSR,96,G400,Geruo_ICE5G_VM2,original,original,none,-2.25333460437698,-0.274974687202382,1,0.318590155014442
368,CSR,96,G400,Geruo_ICE5G_VM2,original,original,GravIS,-2.34840169256982,-0.345634663822243,3,0.296885092500302
369,CSR,96,G400,Caron_2018,replaced,replaced,none,-2.29083436639341,-0.352144609392919,3,0.294964667585263
370,CSR,96,G400,Caron_2018,replaced,replaced,GravIS,-2.38590145458626,-0.422804586012781,3,0.274427165506994
371,CSR,96,G400,Caron_2018,replaced,original,none,-2.29336385906914,-0.354677325843356,3,0.292095738158138
372,CSR,96,G400,Caron_2018,replaced,original,GravIS,-2.388430947106,-0.425337302463218,3,0.271754130871071
373,CSR,96,G400,Caron_2018,original,replaced,none,-2.28034835156962,-0.334065509799447,3,0.307172644557614
374,CSR,96,G400,Caron_2018,original,replaced,GravIS,-2.37541543976246,-0.404725486580001,3,0.286178460936798
375,CSR,96,G400,Caron_2018,original,original,none,-2.28287784492527,-0.336598225766544,3,0.304152731851996
376,CSR,96,G400,Caron_2018,original,original,GravIS,-2.37794493311811,-0.407258202386405,3,0.283351332018784
377,CSR,96,G400,Peltier_ICE6G_D,replaced,replaced,none,-2.32107311441228,-0.34430249835021,3,0.29355914661105
378,CSR,96,G400,Peltier_ICE6G_D,replaced,replaced,GravIS,-2.41614020260512,-0.414962474970071,3,0.273146017258327
379,CSR,96,G400,Peltier_ICE6G_D,replaced,original,none,-2.323602607088,-0.346835214800647,3,0.290705579279181
380,CSR,96,G400,Peltier_ICE6G_D,replaced,original,GravIS,-2.41866969512487,-0.417495191420508,3,0.270487642132419
381,CSR,96,G400,Peltier_ICE6G_D,original,replaced,none,-2.31058709958849,-0.326223398756737,3,0.305732814508352
382,CSR,96,G400,Peltier_ICE6G_D,original,replaced,GravIS,-2.40565418778133,-0.396883375537291,3,0.284855958582543
383,CSR,96,G400,Peltier_ICE6G_D,original,original,none,-2.31311659294414,-0.328756114723834,3,0.302728493445591
384,CSR,96,G400,Peltier_ICE6G_D,original,original,GravIS,-2.40818368113698,-0.399416091343696,3,0.282044079448668
385,CSR,96,G500,none,replaced,replaced,none,-1.43458540125043,-0.242909366209706,1,0.324312108361662
386,CSR,96,G500,none,replaced,replaced,GravIS,-1.52950012759819,-0.313456100712825,3,0.297037362551568
387,CSR,96,G500,none,replaced,original,none,-1.4370906695429,-0.245417826280436,1,0.320619113992819
388,CSR,96,G500,none,replaced,original,GravIS,-1.53200539594517,-0.315964560783555,3,0.293585773845249
389,CSR,96,G500,none,original,replaced,none,-1.42414972033552,-0.224917050494717,1,0.338764374158063
390,CSR,96,G500,none,original,replaced,GravIS,-1.51906444667407,-0.295463784776281,3,0.311473312911774
391,CSR,96,G500,none,original,original,none,-1.42665498838808,-0.22742550985406,1,0.334884928134498
392,CSR,96,G500,none,original,original,GravIS,-1.52156971472663,-0.297972244357179,3,0.307807115989503
393,CSR,96,G500,Geruo_ICE5G_VM2,replaced,replaced,none,-1.58954934339113,-0.384663979576049,3,0.273079408299544
394,CSR,96,G500,Geruo_ICE5G_VM2,replaced,replaced,GravIS,-1.68446406973889,-0.455210714079168,3,0.250628109763681
395,CSR,96,G500,Geruo_ICE5G_VM2,replaced,original,none,-1.5920546116836,-0.387172439646779,3,0.269784086084888
396,CSR,96,G500,Geruo_ICE5G_VM2,replaced,original,GravIS,-1.68696933808587,-0.457719174149898,3,0.247655601864514
397,CSR,96,G500,Geruo_ICE5G_VM2,original,replaced,none,-1.57911366247622,-0.36667166386106,3,0.286840295069249
398,CSR,96,G500,Geruo_ICE5G_VM2,original,replaced,GravIS,-1.67402838881477,-0.437218398142625,3,0.263621785227434
399,CSR,96,G500,Geruo_ICE5G_VM2,original,original,none,-1.58161893052878,-0.369180123220403,3,0.283331188485113
400,CSR,96,G500,Geruo_ICE5G_VM2,original,original,GravIS,-1.67653365686733,-0.439726857723523,3,0.260440381507151
401,CSR,96,G500,Caron_2018,replaced,replaced,none,-1.61909258393943,-0.446287518140211,3,0.257581571110316
402,CSR,96,G500,Caron_2018,replaced,replaced,GravIS,-1.71400731028719,-0.516834252643331,3,0.236815186504139
403,CSR,96,G500,Caron_2018,replaced,original,none,-1.6215978522319,-0.448795978210941,3,0.254458629679619
404,CSR,96,G500,Caron_2018,replaced,original,GravIS,-1.71651257863417,-0.519342712714061,3,0.234013795010317
405,CSR,96,G500,Caron_2018,original,replaced,none,-1.60865690302451,-0.428295202425223,3,0.270846814216004
406,CSR,96,G500,Caron_2018,original,replaced,GravIS,-1.70357162936307,-0.498841936706787,3,0.24921338270433
407,CSR,96,G500,Caron_2018,original,original,none,-1.61116217107707,-0.430803661784566,3,0.267512739743148
408,CSR,96,G500,Caron_2018,original,original,GravIS,-1.70607689741563,-0.501350396287685,3,0.246212093957514
409,CSR,96,G500,Peltier_ICE6G_D,replaced,replaced,none,-1.64933133195829,-0.438445407097502,3,0.255837705728835
410,CSR,96,G500,Peltier_ICE6G_D,replaced,replaced,GravIS,-1.74424605830605,-0.508992141600621,3,0.235266413177514
411,CSR,96,G500,Peltier_ICE6G_D,replaced,original,none,-1.65183660025077,-0.440953867168232,3,0.252736879245515
412,CSR,96,G500,Peltier_ICE6G_D,replaced,original,GravIS,-1.74675132665303,-0.511500601671351,3,0.23248556175259
413,CSR,96,G500,Peltier_ICE6G_D,original,replaced,none,-1.63889565104338,-0.420453091382513,3,0.269045577001689
414,CSR,96,G500,Peltier_ICE6G_D,original,replaced,GravIS,-1.73381037738193,-0.490999825664077,3,0.247597402468182
415,CSR,96,G500,Peltier_ICE6G_D,original,original,none,-1.64140091909594,-0.422961550741856,3,0.265734143253789
416,CSR,96,G500,Peltier_ICE6G_D,original,original,GravIS,-1.73631564543449,-0.493508285244975,3,0.244617818959982
417,CSR,96,Swenson_G300,none,replaced,replaced,none,-2.13011646229797,0.466077457675196,0,0.406403705280728
418,CSR,96,Swenson_G300,none,replaced,replaced,GravIS,-2.2253020912307,0.395329372319097,0,0.387085297403567
419,CSR,96,Swenson_G300,none,replaced,original,none,-2.13266493917646,0.463525733195725,0,0.403805444205083
420,CSR,96,Swenson_G300,none,replaced,original,GravIS,-2.22785056810919,0.392777647839626,0,0.384313896378238
421,CSR,96,Swenson_G300,none,original,replaced,none,-2.11959117064369,0.484224270043102,0,0.416938782674787
422,CSR,96,Swenson_G300,none,original,replaced,GravIS,-2.21477679957642,0.413476184687003,0,0.398993641128691
423,CSR,96,Swenson_G300,none,original,original,none,-2.1221396471153,0.481672546236098,0,0.414257467028653
424,CSR,96,Swenson_G300,none,original,original,GravIS,-2.21732527604804,0.410924460879999,0,0.396123431217773
425,CSR,96,Swenson_G300,Geruo_ICE5G_VM2,replaced,replaced,none,-2.28508040443866,0.324322844308852,0,0.368881111382683
426,CSR,96,Swenson_G300,Geruo_ICE5G_VM2,replaced,replaced,GravIS,-2.3802660333714,0.253574758952753,0,0.347840722894841
427,CSR,96,Swenson_G300,Geruo_ICE5G_VM2,replaced,original,none,-2.28762888131715,0.321771119829382,0,0.366025397828731
428,CSR,96,Swenson_G300,Geruo_ICE5G_VM2,replaced,original,GravIS,-2.38281451024989,0.251023034473283,0,0.344926363319392
429,CSR,96,Swenson_G300,Geruo_ICE5G_VM2,original,replaced,none,-2.27455511278439,0.342469656676759,0,0.38089047816552
430,CSR,96,Swenson_G300,Geruo_ICE5G_VM2,original,replaced,GravIS,-2.36974074171712,0.27172157132066,0,0.360636450517945
431,CSR,96,Swenson_G300,Geruo_ICE5G_VM2,original,original,none,-2.277103589256,0.339917932869754,0,0.377930793500788
432,CSR,96,Swenson_G300,Geruo_ICE5G_VM2,original,original,GravIS,-2.37228921818874,0.269169847513655,0,0.357597510376944
433,CSR,96,Swenson_G300,Caron_2018,replaced,replaced,none,-2.31462364498696,0.262699305744689,0,0.355637792115669
434,CSR,96,Swenson_G300,Caron_2018,replaced,replaced,GravIS,-2.40980927391969,0.191951220388591,0,0.334222548221719
435,CSR,96,Swenson_G300,Caron_2018,replaced,original,none,-2.31717212186545,0.260147581265219,0,0.352714888173203
436,CSR,96,Swenson_G300,Caron_2018,replaced,original,GravIS,-2.41235775079818,0.18939949590912,0,0.331285761550998
437,CSR,96,Swenson_G300,Caron_2018,original,replaced,none,-2.30409835333268,0.280846118112596,0,0.368038582611051
438,CSR,96,Swenson_G300,Caron_2018,original,replaced,GravIS,-2.39928398226542,0.210098032756497,0,0.347183368555501
439,CSR,96,Swenson_G300,Caron_2018,original,original,none,-2.3066468298043,0.278294394305592,0,0.365002195720867
440,CSR,96,Swenson_G300,Caron_2018,original,original,GravIS,-2.40183245873703,0.207546308949493,0,0.344111876604808
441,CSR,96,Swenson_G300,Peltier_ICE6G_D,replaced,replaced,none,-2.34486239300583,0.2705414167874,0,0.35412148057181
442,CSR,96,Swenson_G300,Peltier_ICE6G_D,replaced,replaced,GravIS,-2.44004802193856,0.199793331431301,0,0.332896411316507
443,CSR,96,Swenson_G300,Peltier_ICE6G_D,replaced,original,none,-2.34741086988432,0.267989692307929,0,0.351221063001292
444,CSR,96,Swenson_G300,Peltier_ICE6G_D,replaced,original,GravIS,-2.44259649881705,0.19724160695183,0,0.329980874752942
445,CSR,96,Swenson_G300,Peltier_ICE6G_D,original,replaced,none,-2.33433710135155,0.288688229155306,0,0.36645703376685
446,CSR,96,Swenson_G300,Peltier_ICE6G_D,original,replaced,GravIS,-2.42952273028428,0.217940143799207,0,0.345788307614126
447,CSR,96,Swenson_G300,Peltier_ICE6G_D,original,original,none,-2.33688557782316,0.286136505348301,0,0.363443594594911
448,CSR,96,Swenson_G300,Peltier_ICE6G_D,original,original,GravIS,-2.4320712067559,0.215388419992203,0,0.342739069752307
449,CSR,96,Swenson_G500,none,replaced,replaced,none,-1.10425066189077,-0.0663384716005497,1,0.331585297271377
450,CSR,96,Swenson_G500,none,replaced,replaced,GravIS,-1.19916539021318,-0.136885205384491,3,0.29831041836579
451,CSR,96,Swenson_G500,none,replaced,original,none,-1.10675593018325,-0.0688469316712797,1,0.326715275798402
452,CSR,96,Swenson_G500,none,replaced,original,GravIS,-1.20167065856016,-0.139393665455222,3,0.293865148768754
453,CSR,96,Swenson_G500,none,original,replaced,none,-1.09381498097586,-0.0483461558855607,1,0.348275688094091
454,CSR,96,Swenson_G500,none,original,replaced,GravIS,-1.18872970928906,-0.118892889447948,3,0.315392187352893
455,CSR,96,Swenson_G500,none,original,original,none,-1.09632024902842,-0.0508546152449038,1,0.343143517235338
456,CSR,96,Swenson_G500,none,original,original,GravIS,-1.19123497734162,-0.121401349028846,3,0.310625766975154
457,CSR,96,Swenson_G500,Geruo_ICE5G_VM2,replaced,replaced,none,-1.25921460403147,-0.208093084966893,3,0.269405561906471
458,CSR,96,Swenson_G500,Geruo_ICE5G_VM2,replaced,replaced,GravIS,-1.35412933235387,-0.278639818750835,3,0.242772685681161
459,CSR,96,Swenson_G500,Geruo_ICE5G_VM2,replaced,original,none,-1.26171987232394,-0.210601545037623,3,0.265251025167892
460,CSR,96,Swenson_G500,Geruo_ICE5G_VM2,replaced,original,GravIS,-1.35663460070085,-0.281148278821565,3,0.239145796766484
461,CSR,96,Swenson_G500,Geruo_ICE5G_VM2,original,replaced,none,-1.24877892311656,-0.190100769251904,3,0.285612108815404
462,CSR,96,Swenson_G500,Geruo_ICE5G_VM2,original,replaced,GravIS,-1.34369365142976,-0.260647502814291,3,0.257966875879529
463,CSR,96,Swenson_G500,Geruo_ICE5G_VM2,original,original,none,-1.25128419116912,-0.192609228611247,3,0.281140658793925
464,CSR,96,Swenson_G500,Geruo_ICE5G_VM2,original,original,GravIS,-1.34619891948231,-0.263155962395189,3,0.254032604902804
465,CSR,96,Swenson_G500,Caron_2018,replaced,replaced,none,-1.28875784457977,-0.269716623531056,3,0.250673230916633
466,CSR,96,Swenson_G500,Caron_2018,replaced,replaced,GravIS,-1.38367257290217,-0.340263357314997,3,0.226453555916812
467,CSR,96,Swenson_G500,Caron_2018,replaced,original,none,-1.29126311287224,-0.272225083601786,3,0.246814329491042
468,CSR,96,Swenson_G500,Caron_2018,replaced,original,GravIS,-1.38617784124915,-0.342771817385727,3,0.223106673612102
469,CSR,96,Swenson_G500,Caron_2018,original,replaced,none,-1.27832216366486,-0.251724307816067,3,0.266249082470993
470,CSR,96,Swenson_G500,Caron_2018,original,replaced,GravIS,-1.37323689197805,-0.322271041378454,3,0.240816697197333
471,CSR,96,Swenson_G500,Caron_2018,original,original,none,-1.28082743171741,-0.25423276717541,3,0.262077440109038
472,CSR,96,Swenson_G500,Caron_2018,original,original,GravIS,-1.37574216003061,-0.324779500959352,3,0.237180468413885
473,CSR,96,Swenson_G500,Peltier_ICE6G_D,replaced,replaced,none,-1.31899659259863,-0.261874512488346,3,0.248889720369358
474,CSR,96,Swenson_G500,Peltier_ICE6G_D,replaced,replaced,GravIS,-1.41391132092104,-0.332421246272288,3,0.224900306995787
475,CSR,96,Swenson_G500,Peltier_ICE6G_D,replaced,original,none,-1.32150186089111,-0.264382972559076,3,0.245061463737288
476,CSR,96,Swenson_G500,Peltier_ICE6G_D,replaced,original,GravIS,-1.41641658926802,-0.334929706343018,3,0.22157911541722
477,CSR,96,Swenson_G500,Peltier_ICE6G_D,original,replaced,none,-1.30856091168372,-0.243882196773357,3,0.264377294801485
478,CSR,96,Swenson_G500,Peltier_ICE6G_D,original,replaced,GravIS,-1.40347563999692,-0.314428930335744,3,0.239176523753731
479,CSR,96,Swenson_G500,Peltier_ICE6G_D,original,original,none,-1.31106617973628,-0.2463906561327,3,0.260238654307555
480,CSR,96,Swenson_G500,Peltier_ICE6G_D,original,original,GravIS,-1.40598090804948,-0.316937389916641,3,0.235568391383067
481,CSR,96,DDK2,none,replaced,replaced,none,-2.30358731264607,0.170026797655453,0,0.354278096221674
482,CSR,96,DDK2,none,replaced,replaced,GravIS,-2.39892540376898,0.0991653915667449,1,0.33381136446673
483,CSR,96,DDK2,none,replaced,original,none,-2.30616003679763,0.167450825710743,0,0.351840022214352
484,CSR,96,DDK2,none,replaced,original,GravIS,-2.40149812777937,0.0965894194771408,1,0.331372880530296
485,CSR,96,DDK2,none,original,replaced,none,-2.29301161685291,0.188260224914518,0,0.36602290217306
486,CSR,96,DDK2,none,original,replaced,GravIS,-2.38834970788442,0.117398819143026,0,0.345710678227713
487,CSR,96,DDK2,none,original,original,none,-2.29558433862736,0.185684254857989,0,0.363498607423643
488,CSR,96,DDK2,none,original,original,GravIS,-2.39092242922429,0.114822848791499,0,0.343170304668398
489,CSR,96,DDK2,Geruo_ICE5G_VM2,replaced,replaced,none,-2.45855125478677,0.0282721842891092,1,0.316625008717258
490,CSR,96,DDK2,Geruo_ICE5G_VM2,replaced,replaced,GravIS,-2.55388934590967,-0.0425892217995984,1,0.297466190608122
491,CSR,96,DDK2,Geruo_ICE5G_VM2,replaced,original,none,-2.46112397893833,0.0256962123443993,1,0.314193823963433
492,CSR,96,DDK2,Geruo_ICE5G_VM2,replaced,original,GravIS,-2.55646206992007,-0.0451651938892027,1,0.295118081809779
493,CSR,96,DDK2,Geruo_ICE5G_VM2,original,replaced,none,-2.44797555899361,0.0465056115481742,1,0.328261215873029
494,CSR,96,DDK2,Geruo_ICE5G_VM2,original,replaced,GravIS,-2.54331365002512,-0.0243557942233175,1,0.308842738672245
495,CSR,96,DDK2,Geruo_ICE5G_VM2,original,original,none,-2.45054828076806,0.0439296414916451,1,0.325723488708664
496,CSR,96,DDK2,Geruo_ICE5G_VM2,original,original,GravIS,-2.54588637136499,-0.0269317645748447,1,0.306379508868157
497,CSR,96,DDK2,Caron_2018,replaced,replaced,none,-2.48809449533507,-0.0333513542750535,1,0.30418628359758
498,CSR,96,DDK2,Caron_2018,replaced,replaced,GravIS,-2.58343258645797,-0.104212760363761,1,0.285641753659336
499,CSR,96,DDK2,Caron_2018,replaced,original,none,-2.49066721948662,-0.0359273262197632,1,0.301783702584335
500,CSR,96,DDK2,Caron_2018,replaced,original,GravIS,-2.58600531046836,-0.106788732453365,1,0.283344269191068
501,CSR,96,DDK2,Caron_2018,original,replaced,none,-2.47751879954191,-0.0151179270159884,1,0.315662776543986
502,CSR,96,DDK2,Caron_2018,original,replaced,GravIS,-2.57285689057341,-0.08597933278748,1,0.296748426983823
503,CSR,96,DDK2,Caron_2018,original,original,none,-2.48009152131635,-0.0176938970725176,1,0.313148558391382
504,CSR,96,DDK2,Caron_2018,original,original,GravIS,-2.57542961191328,-0.0885553031390073,1,0.294333640836872
505,CSR,96,DDK2,Peltier_ICE6G_D,replaced,replaced,none,-2.51833324335393,-0.0255092432323435,1,0.303066281102882
506,CSR,96,DDK2,Peltier_ICE6G_D,replaced,replaced,GravIS,-2.61367133447684,-0.0963706493210513,1,0.284624724446086
507,CSR,96,DDK2,Peltier_ICE6G_D,replaced,original,none,-2.52090596750549,-0.0280852151770532,1,0.300675280084354
508,CSR,96,DDK2,Peltier_ICE6G_D,replaced,original,GravIS,-2.61624405848723,-0.0989466214106553,1,0.282337833748847
509,CSR,96,DDK2,Peltier_ICE6G_D,original,replaced,none,-2.50775754756077,-0.00727581597327836,1,0.314499945313056
510,CSR,96,DDK2,Peltier_ICE6G_D,original,replaced,GravIS,-2.60309563859228,-0.0781372217447701,1,0.295689881847371
511,CSR,96,DDK2,Peltier_ICE6G_D,original,original,none,-2.51033026933522,-0.00985178602980753,1,0.311997823106523
512,CSR,96,DDK2,Peltier_ICE6G_D,original,original,GravIS,-2.60566835993215,-0.0807131920962973,1,0.293286304562487
513,CSR,96,DDK3,none,replaced,replaced,none,-4.01238213342205,0.598698256866439,0,0.419474716723788
514,CSR,96,DDK3,none,replaced,replaced,GravIS,-4.10772022258881,0.527836852692571,0,0.406945207543346
515,CSR,96,DDK3,none,replaced,original,none,-4.01495516549373,0.596121947844503,0,0.418169474022955
516,CSR,96,DDK3,none,replaced,original,GravIS,-4.11029325544381,0.525260543576577,0,0.405499677904796
517,CSR,96,DDK3,none,original,replaced,none,-4.00180620904746,0.616932335095118,0,0.427658871014777
518,CSR,96,DDK3,none,original,replaced,GravIS,-4.09714429821422,0.546070931114933,0,0.415826910595097
519,CSR,96,DDK3,none,original,original,none,-4.00437924263848,0.614356026079686,0,0.42632721594724
520,CSR,96,DDK3,none,original,original,GravIS,-4.09971733241844,0.543494621730748,0,0.414349604777352
521,CSR,96,DDK3,Geruo_ICE5G_VM2,replaced,replaced,none,-4.16734607556275,0.456943643500096,0,0.395562250082962
522,CSR,96,DDK3,Geruo_ICE5G_VM2,replaced,replaced,GravIS,-4.26268416472951,0.386082239326227,0,0.381670343829008
523,CSR,96,DDK3,Geruo_ICE5G_VM2,replaced,original,none,-4.16991910763443,0.454367334478159,0,0.394035936979229
524,CSR,96,DDK3,Geruo_ICE5G_VM2,replaced,original,GravIS,-4.26525719758451,0.383505930210234,0,0.380044607060913
525,CSR,96,DDK3,Geruo_ICE5G_VM2,original,replaced,none,-4.15677015118816,0.475177721728774,0,0.404551499790377
526,CSR,96,DDK3,Geruo_ICE5G_VM2,original,replaced,GravIS,-4.25210824035492,0.404316317748589,0,0.391134862196118
527,CSR,96,DDK3,Geruo_ICE5G_VM2,original,original,none,-4.15934318477918,0.472601412713343,0,0.402990497272827
528,CSR,96,DDK3,Geruo_ICE5G_VM2,original,original,GravIS,-4.25468127455913,0.401740008364404,0,0.38946757872718
529,CSR,96,DDK3,Caron_2018,replaced,replaced,none,-4.19688931611104,0.395320104935933,0,0.387130747508921
530,CSR,96,DDK3,Caron_2018,replaced,replaced,GravIS,-4.29222740527781,0.324458700762065,0,0.372834251376909
531,CSR,96,DDK3,Caron_2018,replaced,original,none,-4.19946234818273,0.392743795913997,0,0.38553364446186
532,CSR,96,DDK3,Caron_2018,replaced,original,GravIS,-4.2948004381328,0.321882391646071,0,0.371152248163141
533,CSR,96,DDK3,Caron_2018,original,replaced,none,-4.18631339173646,0.413554183164611,0,0.396355294748557
534,CSR,96,DDK3,Caron_2018,original,replaced,GravIS,-4.28165148090322,0.342692779184427,0,0.382453868023715
535,CSR,96,DDK3,Caron_2018,original,original,none,-4.18888642532747,0.41097787414918,0,0.394720299678287
536,CSR,96,DDK3,Caron_2018,original,original,GravIS,-4.28422451510743,0.340116469800241,0,0.380726614909049
537,CSR,96,DDK3,Peltier_ICE6G_D,replaced,replaced,none,-4.22712806412991,0.403162215978643,0,0.38601013297823
538,CSR,96,DDK3,Peltier_ICE6G_D,replaced,replaced,GravIS,-4.32246615329667,0.332300811804775,0,0.37179019212385
539,CSR,96,DDK3,Peltier_ICE6G_D,replaced,original,none,-4.22970109620159,0.400585906956707,0,0.38441971048754
540,CSR,96,DDK3,Peltier_ICE6G_D,replaced,original,GravIS,-4.32503918615167,0.329724502688781,0,0.370116028980528
541,CSR,96,DDK3,Peltier_ICE6G_D,original,replaced,none,-4.21655213975532,0.421396294207321,0,0.395211312262379
542,CSR,96,DDK3,Peltier_ICE6G_D,original,replaced,GravIS,-4.31189022892208,0.350534890227137,0,0.381381322941482
543,CSR,96,DDK3,Peltier_ICE6G_D,original,original,none,-4.21912517334634,0.41881998519189,0,0.393582748968403
544,CSR,96,DDK3,Peltier_ICE6G_D,original,original,GravIS,-4.31446326312629,0.347958580842951,0,0.379661868606628
545,CSR,96,DDK5,none,replaced,replaced,none,-5.47328970127053,1.35116774443834,0,0.413372616704768
546,CSR,96,DDK5,none,replaced,replaced,GravIS,-5.56862778709518,1.28030634126735,0,0.408954444083092
547,CSR,96,DDK5,none,replaced,original,none,-5.47586276641916,1.34859140432084,0,0.412752357092784
548,CSR,96,DDK5,none,replaced,original,GravIS,-5.57120085282275,1.27773000119989,0,0.408234396410481
549,CSR,96,DDK5,none,original,replaced,none,-5.46271375701311,1.36940189032469,0,0.418030356000123
550,CSR,96,DDK5,none,original,replaced,GravIS,-5.55805184297647,1.2985404871537,0,0.41415226903279
551,CSR,96,DDK5,none,original,original,none,-5.46528682101613,1.36682554913677,0,0.417400265052769
552,CSR,96,DDK5,none,original,original,GravIS,-5.56062490755843,1.29596414601582,0,0.413420793254147
553,CSR,96,DDK5,Geruo_ICE5G_VM2,replaced,replaced,none,-5.62825364341123,1.20941313107199,0,0.402515280191694
554,CSR,96,DDK5,Geruo_ICE5G_VM2,replaced,replaced,GravIS,-5.72359172923588,1.13855172790101,0,0.39672142900217
555,CSR,96,DDK5,Geruo_ICE5G_VM2,replaced,original,none,-5.63082670855986,1.2068367909545,0,0.401736628019176
556,CSR,96,DDK5,Geruo_ICE5G_VM2,replaced,original,GravIS,-5.72616479496345,1.13597538783355,0,0.395855432554097
557,CSR,96,DDK5,Geruo_ICE5G_VM2,original,replaced,none,-5.61767769915381,1.22764727695835,0,0.407839330190371
558,CSR,96,DDK5,Geruo_ICE5G_VM2,original,replaced,GravIS,-5.71301578511716,1.15678587378736,0,0.402522254715911
559,CSR,96,DDK5,Geruo_ICE5G_VM2,original,original,none,-5.62025076315683,1.22507093577043,0,0.407048358463666
560,CSR,96,DDK5,Geruo_ICE5G_VM2,original,original,GravIS,-5.71558884969912,1.15420953264948,0,0.401642194000622
561,CSR,96,DDK5,Caron_2018,replaced,replaced,none,-5.65779688395952,1.14778959250783,0,0.398701749037377
562,CSR,96,DDK5,Caron_2018,replaced,replaced,GravIS,-5.75313496978418,1.07692818933685,0,0.392455368049745
563,CSR,96,DDK5,Caron_2018,replaced,original,none,-5.66036994910816,1.14521325239033,0,0.397871364033964
564,CSR,96,DDK5,Caron_2018,replaced,original,GravIS,-5.75570803551175,1.07435184926938,0,0.39154072483483
565,CSR,96,DDK5,Caron_2018,original,replaced,none,-5.6472209397021,1.16602373839418,0,0.404245119633298
566,CSR,96,DDK5,Caron_2018,original,replaced,GravIS,-5.74255902566545,1.0951623352232,0,0.39845523138321
567,CSR,96,DDK5,Caron_2018,original,original,none,-5.64979400370513,1.16344739720626,0,0.403401778941308
568,CSR,96,DDK5,Caron_2018,original,original,GravIS,-5.74513209024742,1.09258599408531,0,0.397525781262236
569,CSR,96,DDK5,Peltier_ICE6G_D,replaced,replaced,none,-5.68803563197839,1.15563170355054,0,0.397838352269654
570,CSR,96,DDK5,Peltier_ICE6G_D,replaced,replaced,GravIS,-5.78337371780304,1.08477030037956,0,0.391593944028761
571,CSR,96,DDK5,Peltier_ICE6G_D,replaced,original,none,-5.69060869712702,1.15305536343304,0,0.397006915936149
572,CSR,96,DDK5,Peltier_ICE6G_D,replaced,original,GravIS,-5.78594678353061,1.08219396031209,0,0.390679813942721
573,CSR,96,DDK5,Peltier_ICE6G_D,original,replaced,none,-5.67745968772097,1.17386584943689,0,0.403383901599718
574,CSR,96,DDK5,Peltier_ICE6G_D,original,replaced,GravIS,-5.77279777368432,1.10300444626591,0,0.397589933339519
575,CSR,96,DDK5,Peltier_ICE6G_D,original,original,none,-5.680032751724,1.17128950824897,0,0.402539129181616
576,CSR,96,DDK5,Peltier_ICE6G_D,original,original,GravIS,-5.77537083826628,1.10042810512802,0,0.396660697179823
577,CSR,96,DDK7,none,replaced,replaced,none,-6.71726421347586,2.22668577546664,2,0.290610615734282
578,CSR,96,DDK7,none,replaced,replaced,GravIS,-6.81260230237587,2.15582437219124,2,0.290982745433195
579,CSR,96,DDK7,none,replaced,original,none,-6.71983727963427,2.22410943084758,2,0.29040960710907
580,CSR,96,DDK7,none,replaced,original,GravIS,-6.81517536853427,2.15324802757218,2,0.290739136133211
581,CSR,96,DDK7,none,original,replaced,none,-6.70668826558458,2.24491992637971,2,0.292912096031585
582,CSR,96,DDK7,none,original,replaced,GravIS,-6.80202635448458,2.1740585231043,2,0.293465646654821
583,CSR,96,DDK7,none,original,original,none,-6.70926133271029,2.24234358142383,2,0.292711486822687
584,CSR,96,DDK7,none,original,original,GravIS,-6.80459942161029,2.17148217814843,2,0.293222278869083
585,CSR,96,DDK7,Geruo_ICE5G_VM2,replaced,replaced,none,-6.87222815561656,2.0849311621003,2,0.287618292475921
586,CSR,96,DDK7,Geruo_ICE5G_VM2,replaced,replaced,GravIS,-6.96756624451656,2.0140697588249,2,0.287363093790051
587,CSR,96,DDK7,Geruo_ICE5G_VM2,replaced,original,none,-6.87480122177497,2.08235481748123,2,0.28735138573719
588,CSR,96,DDK7,Geruo_ICE5G_VM2,replaced,original,GravIS,-6.97013931067497,2.01149341420583,2,0.287054133331368
589,CSR,96,DDK7,Geruo_ICE5G_VM2,original,replaced,none,-6.86165220772528,2.10316531301336,2,0.290152831192645
590,CSR,96,DDK7,Geruo_ICE5G_VM2,original,replaced,GravIS,-6.95699029662528,2.03230390973796,2,0.290074350049615
591,CSR,96,DDK7,Geruo_ICE5G_VM2,original,original,none,-6.86422527485098,2.10058896805749,2,0.289886072166138
592,CSR,96,DDK7,Geruo_ICE5G_VM2,original,original,GravIS,-6.95956336375099,2.02972756478209,2,0.28976518547362
593,CSR,96,DDK7,Caron_2018,replaced,replaced,none,-6.90177139616485,2.02330762353613,2,0.286412169240254
594,CSR,96,DDK7,Caron_2018,replaced,replaced,GravIS,-6.99710948506486,1.95244622026074,2,0.285946486192037
595,CSR,96,DDK7,Caron_2018,replaced,original,none,-6.90434446232326,2.02073127891707,2,0.28612275016524
596,CSR,96,DDK7,Caron_2018,replaced,original,GravIS,-6.99968255122327,1.94986987564167,2,0.285615259386178
597,CSR,96,DDK7,Caron_2018,original,replaced,none,-6.89119544827357,2.0415417744492,2,0.289026453437655
598,CSR,96,DDK7,Caron_2018,original,replaced,GravIS,-6.98653353717357,1.9706803711738,2,0.288735013497085
599,CSR,96,DDK7,Caron_2018,original,original,none,-6.89376851539928,2.03896542949333,2,0.288737058994684
600,CSR,96,DDK7,Caron_2018,original,original,GravIS,-6.98910660429928,1.96810402621793,2,0.28840338573731
601,CSR,96,DDK7,Peltier_ICE6G_D,replaced,replaced,none,-6.93201014418372,2.03114973457884,2,0.286244488431979
602,CSR,96,DDK7,Peltier_ICE6G_D,replaced,replaced,GravIS,-7.02734823308373,1.96028833130344,2,0.285758764351349
603,CSR,96,DDK7,Peltier_ICE6G_D,replaced,original,none,-6.93458321034213,2.02857338995978,2,0.285953181544529
604,CSR,96,DDK7,Peltier_ICE6G_D,replaced,original,GravIS,-7.02992129924213,1.95771198668438,2,0.285425913213523
605,CSR,96,DDK7,Peltier_ICE6G_D,original,replaced,none,-6.92143419629244,2.04938388549191,2,0.288863719137439
606,CSR,96,DDK7,Peltier_ICE6G_D,original,replaced,GravIS,-7.01677228519244,1.97852248221651,2,0.288551522536981
607,CSR,96,DDK7,Peltier_ICE6G_D,original,original,none,-6.92400726341815,2.04680754053604,2,0.288572376669677
608,CSR,96,DDK7,Peltier_ICE6G_D,original,original,GravIS,-7.01934535231815,1.97594613726064,2,0.288218211733498
609,CSR,96,DDK8,none,replaced,replaced,none,-6.98247092812358,2.5220608153841,2,0.235040716609577
610,CSR,96,DDK8,none,replaced,replaced,GravIS,-7.07780901656163,2.45119941075004,2,0.23563046977557
611,CSR,96,DDK8,none,replaced,original,none,-6.98504399363133,2.51948447049995,2,0.234857095929378
612,CSR,96,DDK8,none,replaced,original,GravIS,-7.08038208242052,2.44862306586589,2,0.235424426204678
613,CSR,96,DDK8,none,original,replaced,none,-6.97189498062928,2.54029496606873,2,0.23692832147148
614,CSR,96,DDK8,none,original,replaced,GravIS,-7.06723306921091,2.46943356143467,2,0.237608441228258
615,CSR,96,DDK8,none,original,original,none,-6.97446804675176,2.53771862085678,2,0.236744650056348
616,CSR,96,DDK8,none,original,original,GravIS,-7.06980613554096,2.46685721622272,2,0.23740218653369
617,CSR,96,DDK8,Geruo_ICE5G_VM2,replaced,replaced,none,-7.13743487026428,2.38030620201776,2,0.232791796490779
618,CSR,96,DDK8,Geruo_ICE5G_VM2,replaced,replaced,GravIS,-7.23277295870232,2.30944479738369,2,0.233045508001103
619,CSR,96,DDK8,Geruo_ICE5G_VM2,replaced,original,none,-7.14000793577203,2.37772985713361,2,0.232573489221274
620,CSR,96,DDK8,Geruo_ICE5G_VM2,replaced,original,GravIS,-7.23534602456122,2.30686845249955,2,0.232804867877233
621,CSR,96,DDK8,Geruo_ICE5G_VM2,original,replaced,none,-7.12685892276998,2.39854035270239,2,0.234795324512749
622,CSR,96,DDK8,Geruo_ICE5G_VM2,original,replaced,GravIS,-7.22219701135161,2.32767894806833,2,0.235137367033051
623,CSR,96,DDK8,Geruo_ICE5G_VM2,original,original,none,-7.12943198889246,2.39596400749044,2,0.234576738835742
624,CSR,96,DDK8,Geruo_ICE5G_VM2,original,original,GravIS,-7.22477007768166,2.32510260285638,2,0.234896226315326
625,CSR,96,DDK8,Caron_2018,replaced,replaced,none,-7.16697811081257,2.31868266345359,2,0.231871467506418
626,CSR,96,DDK8,Caron_2018,replaced,replaced,GravIS,-7.26231619925062,2.24782125881953,2,0.232010881793671
627,CSR,96,DDK8,Caron_2018,replaced,original,none,-7.16955117632033,2.31610631856945,2,0.231641115773124
628,CSR,96,DDK8,Caron_2018,replaced,original,GravIS,-7.26488926510951,2.24524491393538,2,0.231758293112743
629,CSR,96,DDK8,Caron_2018,original,replaced,none,-7.15640216331828,2.33691681413823,2,0.233914718513966
630,CSR,96,DDK8,Caron_2018,original,replaced,GravIS,-7.2517402518999,2.26605540950417,2,0.234141287095477
631,CSR,96,DDK8,Caron_2018,original,original,none,-7.15897522944076,2.33434046892627,2,0.233683987576055
632,CSR,96,DDK8,Caron_2018,original,original,GravIS,-7.25431331822996,2.26347906429221,2,0.233888071477713
633,CSR,96,DDK8,Peltier_ICE6G_D,replaced,replaced,none,-7.19721685883144,2.3265247744963,2,0.231824102695354
634,CSR,96,DDK8,Peltier_ICE6G_D,replaced,replaced,GravIS,-7.29255494726948,2.25566336986224,2,0.231952889304571
635,CSR,96,DDK8,Peltier_ICE6G_D,replaced,original,none,-7.19978992433919,2.32394842961215,2,0.231592943960147
636,CSR,96,DDK8,Peltier_ICE6G_D,replaced,original,GravIS,-7.29512801312838,2.25308702497809,2,0.231699549400455
637,CSR,96,DDK8,Peltier_ICE6G_D,original,replaced,none,-7.18664091133715,2.34475892518094,2,0.233869441842648
638,CSR,96,DDK8,Peltier_ICE6G_D,original,replaced,GravIS,-7.28197899991877,2.27389752054688,2,0.234085286207427
639,CSR,96,DDK8,Peltier_ICE6G_D,original,original,none,-7.18921397745963,2.34218257996898,2,0.233637888617696
640,CSR,96,DDK8,Peltier_ICE6G_D,original,original,GravIS,-7.28455206624882,2.27132117533492,2,0.233831305971321
641,JPL,60,G300,none,replaced,replaced,none,-3.2057538421398,0.0678596988649409,1,0.294121121279888
642,JPL,60,G300,none,replaced,replaced,GravIS,-3.30092109725501,-0.00289309623005451,1,0.284924449237716
643,JPL,60,G300,none,replaced,original,none,-3.20903870547136,0.064570649736003,1,0.294654879331873
644,JPL,60,G300,none,replaced,original,GravIS,-3.30420596058658,-0.00618214517166983,1,0.285243327276977
645,JPL,60,G300,none,original,replaced,none,-3.19795537599099,0.0813051513172107,1,0.299687470964985
646,JPL,60,G300,none,original,replaced,GravIS,-3.29312263110621,0.0105523561507133,1,0.290674227882466
647,JPL,60,G300,none,original,original,none,-3.20124023996559,0.0780161007220165,1,0.300123033076382
648,JPL,60,G300,none,original,original,GravIS,-3.2964074950808,0.00726330555551914,1,0.290897006984981
649,JPL,60,G300,Geruo_ICE5G_VM2,replaced,replaced,none,-3.3607190127272,-0.0738960383726418,1,0.273655394520614
650,JPL,60,G300,Geruo_ICE5G_VM2,replaced,replaced,GravIS,-3.45588626784241,-0.144648833467637,1,0.263595176401982
651,JPL,60,G300,Geruo_ICE5G_VM2,replaced,original,none,-3.36400387605877,-0.0771850875015797,1,0.273891429646316
652,JPL,60,G300,Geruo_ICE5G_VM2,replaced,original,GravIS,-3.45917113117398,-0.147937882409252,1,0.263674728076218
653,JPL,60,G300,Geruo_ICE5G_VM2,original,replaced,none,-3.3529205465784,-0.060450585920372,1,0.279342237521227
654,JPL,60,G300,Geruo_ICE5G_VM2,original,replaced,GravIS,-3.44808780169361,-0.131203381086869,1,0.269322460003327
655,JPL,60,G300,Geruo_ICE5G_VM2,original,original,none,-3.356205410553,-0.0637396365155662,1,0.279484867709521
656,JPL,60,G300,Geruo_ICE5G_VM2,original,original,GravIS,-3.45137266566821,-0.134492431682063,1,0.269311237569376
657,JPL,60,G300,Caron_2018,replaced,replaced,none,-3.39026248750783,-0.135520065306245,1,0.266328507557195
658,JPL,60,G300,Caron_2018,replaced,replaced,GravIS,-3.48542974262304,-0.206272860401241,1,0.256131000547521
659,JPL,60,G300,Caron_2018,replaced,original,none,-3.3935473508394,-0.138809114435183,1,0.266478119752576
660,JPL,60,G300,Caron_2018,replaced,original,GravIS,-3.48871460595461,-0.209561909342856,1,0.2561446841777
661,JPL,60,G300,Caron_2018,original,replaced,none,-3.38246402135903,-0.122074612853976,1,0.272008353758826
662,JPL,60,G300,Caron_2018,original,replaced,GravIS,-3.47763127647424,-0.192827408020473,1,0.261806985939323
663,JPL,60,G300,Caron_2018,original,original,none,-3.38574888533362,-0.12536366344917,1,0.272066541834286
664,JPL,60,G300,Caron_2018,original,original,GravIS,-3.48091614044884,-0.196116458615667,1,0.261732167655998
665,JPL,60,G300,Peltier_ICE6G_D,replaced,replaced,none,-3.42050147533554,-0.127677892259602,1,0.265686181034755
666,JPL,60,G300,Peltier_ICE6G_D,replaced,replaced,GravIS,-3.51566873045076,-0.198430687354598,1,0.255494403388373
667,JPL,60,G300,Peltier_ICE6G_D,replaced,original,none,-3.42378633866712,-0.13096694138854,1,0.265833787568228
668,JPL,60,G300,Peltier_ICE6G_D,replaced,original,GravIS,-3.51895359378233,-0.201719736296213,1,0.255506972007998
669,JPL,60,G300,Peltier_ICE6G_D,original,replaced,none,-3.41270300918675,-0.114232439807332,1,0.271366803480801
670,JPL,60,G300,Peltier_ICE6G_D,original,replaced,GravIS,-3.50787026430196,-0.18498523497383,1,0.261168138561675
671,JPL,60,G300,Peltier_ICE6G_D,original,original,none,-3.41598787316134,-0.117521490402526,1,0.271423115103205
672,JPL,60,G300,Peltier_ICE6G_D,original,original,GravIS,-3.51115512827655,-0.188274285569024,1,0.261092395085548
673,JPL,60,G400,none,replaced,replaced,none,-2.13160861425735,-0.195000126124314,1,0.320585638229729
674,JPL,60,G400,none,replaced,replaced,GravIS,-2.22665735222632,-0.265664805443185,1,0.301015097644454
675,JPL,60,G400,none,replaced,original,none,-2.13486901033132,-0.198264674275737,1,0.320133393602536
676,JPL,60,G400,none,replaced,original,GravIS,-2.22991774830029,-0.268929353594607,1,0.30036269878729
677,JPL,60,G400,none,original,replaced,none,-2.12383924871257,-0.181604845508842,1,0.328288755885577
678,JPL,60,G400,none,original,replaced,GravIS,-2.21888798668155,-0.252269524827713,1,0.308876226560667
679,JPL,60,G400,none,original,original,none,-2.12709964416042,-0.184869395251651,1,0.327601939350074
680,JPL,60,G400,none,original,original,GravIS,-2.22214838212939,-0.255534074570522,1,0.308004701174115
681,JPL,60,G400,Geruo_ICE5G_VM2,replaced,replaced,none,-2.28657378484476,-0.336755863361897,1,0.282349710686066
682,JPL,60,G400,Geruo_ICE5G_VM2,replaced,replaced,GravIS,-2.38162252281373,-0.407420542680768,3,0.264222048918389
683,JPL,60,G400,Geruo_ICE5G_VM2,replaced,original,none,-2.28983418091873,-0.340020411513319,1,0.281664566313227
684,JPL,60,G400,Geruo_ICE5G_VM2,replaced,original,GravIS,-2.3848829188877,-0.41068509083219,3,0.263492328715645
685,JPL,60,G400,Geruo_ICE5G_VM2,original,replaced,none,-2.27880441929998,-0.323360582746424,1,0.289969405114024
686,JPL,60,G400,Geruo_ICE5G_VM2,original,replaced,GravIS,-2.37385315726895,-0.394025262065295,3,0.271684798930681
687,JPL,60,G400,Geruo_ICE5G_VM2,original,original,none,-2.28206481474783,-0.326625132489234,1,0.289080614579058
688,JPL,60,G400,Geruo_ICE5G_VM2,original,original,GravIS,-2.3771135527168,-0.397289811808105,3,0.270769857506203
689,JPL,60,G400,Caron_2018,replaced,replaced,none,-2.31611725962539,-0.398379890295501,3,0.269806340287887
690,JPL,60,G400,Caron_2018,replaced,replaced,GravIS,-2.41116599759436,-0.469044569614372,3,0.252440128003556
691,JPL,60,G400,Caron_2018,replaced,original,none,-2.31937765569936,-0.401644438446923,3,0.269094759621834
692,JPL,60,G400,Caron_2018,replaced,original,GravIS,-2.41442639366833,-0.472309117765794,3,0.251720645077083
693,JPL,60,G400,Caron_2018,original,replaced,none,-2.30834789408061,-0.384984609680028,3,0.277278745961551
694,JPL,60,G400,Caron_2018,original,replaced,GravIS,-2.40339663204958,-0.455649288998899,3,0.259690141944544
695,JPL,60,G400,Caron_2018,original,original,none,-2.31160828952845,-0.388249159422837,3,0.276375725918827
696,JPL,60,G400,Caron_2018,original,original,GravIS,-2.40665702749742,-0.458913838741709,3,0.258797920980567
697,JPL,60,G400,Peltier_ICE6G_D,replaced,replaced,none,-2.3463562474531,-0.390537717248857,3,0.26856918816602
698,JPL,60,G400,Peltier_ICE6G_D,replaced,replaced,GravIS,-2.44140498542207,-0.461202396567728,3,0.251278228724512
699,JPL,60,G400,Peltier_ICE6G_D,replaced,original,none,-2.34961664352707,-0.39380226540028,3,0.267862956000474
700,JPL,60,G400,Peltier_ICE6G_D,replaced,original,GravIS,-2.44466538149604,-0.46446694471915,3,0.250564273169989
701,JPL,60,G400,Peltier_ICE6G_D,original,replaced,none,-2.33858688190833,-0.377142436633385,3,0.276042812896114
702,JPL,60,G400,Peltier_ICE6G_D,original,replaced,GravIS,-2.4336356198773,-0.447807115952255,3,0.258518372789131
703,JPL,60,G400,Peltier_ICE6G_D,original,original,none,-2.34184727735617,-0.380406986376194,3,0.275145819152169
704,JPL,60,G400,Peltier_ICE6G_D,original,original,GravIS,-2.43689601532514,-0.451071665695065,3,0.257632601788562
705,JPL,60,G500,none,replaced,replaced,none,-1.44871338976555,-0.267663738719731,1,0.31080477042682
706,JPL,60,G500,none,replaced,replaced,GravIS,-1.54360979112439,-0.338215165100432,3,0.285563032192685
707,JPL,60,G500,none,replaced,original,none,-1.45194255967758,-0.270897022556947,1,0.309688403314598
708,JPL,60,G500,none,replaced,original,GravIS,-1.54683896103642,-0.341448448937648,3,0.284396839922125
709,JPL,60,G500,none,original,replaced,none,-1.44098131994729,-0.254332758696281,1,0.319623383951445
710,JPL,60,G500,none,original,replaced,GravIS,-1.53587772129186,-0.324884185076983,3,0.294572976441099
711,JPL,60,G500,none,original,original,none,-1.44421048935622,-0.257566042113192,1,0.318177062758791
712,JPL,60,G500,none,original,original,GravIS,-1.53910689071506,-0.328117468493893,3,0.293106203086539
713,JPL,60,G500,Geruo_ICE5G_VM2,replaced,replaced,none,-1.60367856035296,-0.409419475957314,3,0.262327287223264
714,JPL,60,G500,Geruo_ICE5G_VM2,replaced,replaced,GravIS,-1.6985749617118,-0.479970902338015,3,0.241195498740065
715,JPL,60,G500,Geruo_ICE5G_VM2,replaced,original,none,-1.60690773026499,-0.41265275979453,3,0.261252204540812
716,JPL,60,G500,Geruo_ICE5G_VM2,replaced,original,GravIS,-1.70180413162383,-0.48320418617523,3,0.240230113599317
717,JPL,60,G500,Geruo_ICE5G_VM2,original,replaced,none,-1.5959464905347,-0.396088495933864,3,0.270974747503556
718,JPL,60,G500,Geruo_ICE5G_VM2,original,replaced,GravIS,-1.69084289187926,-0.466639922314565,3,0.249543556823553
719,JPL,60,G500,Geruo_ICE5G_VM2,original,original,none,-1.59917565994363,-0.399321779350774,3,0.26963046013135
720,JPL,60,G500,Geruo_ICE5G_VM2,original,original,GravIS,-1.69407206130247,-0.469873205731475,3,0.248342300826524
721,JPL,60,G500,Caron_2018,replaced,replaced,none,-1.63322203513359,-0.471043502890917,3,0.247500503030869
722,JPL,60,G500,Caron_2018,replaced,replaced,GravIS,-1.72811843649242,-0.541594929271619,3,0.227898956113803
723,JPL,60,G500,Caron_2018,replaced,original,none,-1.63645120504562,-0.474276786728134,3,0.246499315553428
724,JPL,60,G500,Caron_2018,replaced,original,GravIS,-1.73134760640446,-0.544828213108834,3,0.227027704307394
725,JPL,60,G500,Caron_2018,original,replaced,none,-1.62548996531533,-0.457712522867468,3,0.255911787721051
726,JPL,60,G500,Caron_2018,original,replaced,GravIS,-1.72038636665989,-0.528263949248169,3,0.235933998947951
727,JPL,60,G500,Caron_2018,original,original,none,-1.62871913472426,-0.460945806284378,3,0.254663837603564
728,JPL,60,G500,Caron_2018,original,original,GravIS,-1.7236155360831,-0.531497232665079,3,0.234848415299516
729,JPL,60,G500,Peltier_ICE6G_D,replaced,replaced,none,-1.6634610229613,-0.463201329844274,3,0.245830673435897
730,JPL,60,G500,Peltier_ICE6G_D,replaced,replaced,GravIS,-1.75835742432014,-0.533752756224975,3,0.22639057191083
731,JPL,60,G500,Peltier_ICE6G_D,replaced,original,none,-1.66669019287333,-0.46643461368149,3,0.244842200206232
732,JPL,60,G500,Peltier_ICE6G_D,replaced,original,GravIS,-1.76158659423217,-0.536986040062191,3,0.225530675847646
733,JPL,60,G500,Peltier_ICE6G_D,original,replaced,none,-1.65572895314305,-0.449870349820825,3,0.254232236132738
734,JPL,60,G500,Peltier_ICE6G_D,original,replaced,GravIS,-1.75062535448761,-0.520421776201526,3,0.234398332990409
735,JPL,60,G500,Peltier_ICE6G_D,original,original,none,-1.65895812255197,-0.453103633237735,3,0.252998620520475
736,JPL,60,G500,Peltier_ICE6G_D,original,original,GravIS,-1.75385452391081,-0.523655059618436,3,0.233326185482862
737,JPL,60,Swenson_G300,none,replaced,replaced,none,-2.09394958316866,0.459146293387022,0,0.389495171577388
738,JPL,60,Swenson_G300,none,replaced,replaced,GravIS,-2.18911683736062,0.38839349731553,0,0.370735435324987
739,JPL,60,Swenson_G300,none,replaced,original,none,-2.09723444650023,0.455857244258084,0,0.389061218234748
740,JPL,60,Swenson_G300,none,replaced,original,GravIS,-2.19240170069219,0.385104448373915,0,0.369940809139956
741,JPL,60,Swenson_G300,none,original,replaced,none,-2.08615111701986,0.472591745839292,0,0.396327115490763
742,JPL,60,Swenson_G300,none,original,replaced,GravIS,-2.18131837121182,0.401838949696298,0,0.37843638956866
743,JPL,60,Swenson_G300,none,original,original,none,-2.08943598099445,0.469302695244098,0,0.39551848200128
744,JPL,60,Swenson_G300,none,original,original,GravIS,-2.18460323518641,0.398549899101104,0,0.377294986684762
745,JPL,60,Swenson_G300,Geruo_ICE5G_VM2,replaced,replaced,none,-2.24891475375607,0.317390556149439,0,0.353119780541485
746,JPL,60,Swenson_G300,Geruo_ICE5G_VM2,replaced,replaced,GravIS,-2.34408200794802,0.246637760077947,0,0.332456910751681
747,JPL,60,Swenson_G300,Geruo_ICE5G_VM2,replaced,original,none,-2.25219961708764,0.314101507020502,0,0.352196886977763
748,JPL,60,Swenson_G300,Geruo_ICE5G_VM2,replaced,original,GravIS,-2.34736687127959,0.243348711136332,0,0.331296897894597
749,JPL,60,Swenson_G300,Geruo_ICE5G_VM2,original,replaced,none,-2.24111628760726,0.330836008601709,0,0.360772448529064
750,JPL,60,Swenson_G300,Geruo_ICE5G_VM2,original,replaced,GravIS,-2.33628354179922,0.260083212458715,0,0.340603869168022
751,JPL,60,Swenson_G300,Geruo_ICE5G_VM2,original,original,none,-2.24440115158186,0.327546958006515,0,0.359518106501041
752,JPL,60,Swenson_G300,Geruo_ICE5G_VM2,original,original,GravIS,-2.33956840577382,0.256794161863521,0,0.339139538348661
753,JPL,60,Swenson_G300,Caron_2018,replaced,replaced,none,-2.2784582285367,0.255766529215836,0,0.340113272021174
754,JPL,60,Swenson_G300,Caron_2018,replaced,replaced,GravIS,-2.37362548272865,0.185013733144344,0,0.319042731327544
755,JPL,60,Swenson_G300,Caron_2018,replaced,original,none,-2.28174309186827,0.252477480086898,0,0.339041248020073
756,JPL,60,Swenson_G300,Caron_2018,replaced,original,GravIS,-2.37691034606022,0.181724684202729,0,0.317785595607294
757,JPL,60,Swenson_G300,Caron_2018,original,replaced,none,-2.27065976238789,0.269211981668106,0,0.347980837574727
758,JPL,60,Swenson_G300,Caron_2018,original,replaced,GravIS,-2.36582701657985,0.198459185525112,0,0.327259046136054
759,JPL,60,Swenson_G300,Caron_2018,original,original,none,-2.27394462636249,0.265922931072911,0,0.346592663835379
760,JPL,60,Swenson_G300,Caron_2018,original,original,GravIS,-2.36911188055445,0.195170134929917,0,0.325712522725028
761,JPL,60,Swenson_G300,Peltier_ICE6G_D,replaced,replaced,none,-2.30869721636441,0.263608702262479,0,0.338671383611268
762,JPL,60,Swenson_G300,Peltier_ICE6G_D,replaced,replaced,GravIS,-2.40386447055637,0.192855906190987,0,0.317788802380117
763,JPL,60,Swenson_G300,Peltier_ICE6G_D,replaced,original,none,-2.31198207969598,0.260319653133541,0,0.337617958778503
764,JPL,60,Swenson_G300,Peltier_ICE6G_D,replaced,original,GravIS,-2.40714933388794,0.189566857249372,0,0.3165492121565
765,JPL,60,Swenson_G300,Peltier_ICE6G_D,original,replaced,none,-2.30089875021561,0.277054154714749,0,0.346501390390014
766,JPL,60,Swenson_G300,Peltier_ICE6G_D,original,replaced,GravIS,-2.39606600440757,0.206301358571755,0,0.325963438966562
767,JPL,60,Swenson_G300,Peltier_ICE6G_D,original,original,none,-2.30418361419021,0.273765104119554,0,0.345133517952652
768,JPL,60,Swenson_G300,Peltier_ICE6G_D,original,original,GravIS,-2.39935086838216,0.203012307976561,0,0.324436118325843
769,JPL,60,Swenson_G500,none,replaced,replaced,none,-1.09171432616632,-0.0623121292911251,1,0.328258334178277
770,JPL,60,Swenson_G500,none,replaced,replaced,GravIS,-1.18661072925311,-0.132863555511215,3,0.295946342652139
771,JPL,60,Swenson_G500,none,replaced,original,none,-1.09494349607835,-0.065545413128341,1,0.325935463383831
772,JPL,60,Swenson_G500,none,replaced,original,GravIS,-1.18983989916514,-0.136096839348431,3,0.293746596453823
773,JPL,60,Swenson_G500,none,original,replaced,none,-1.08398225634806,-0.0489811492676755,1,0.337900682459528
774,JPL,60,Swenson_G500,none,original,replaced,GravIS,-1.17887865942058,-0.119532575487765,3,0.306276979463296
775,JPL,60,Swenson_G500,none,original,original,none,-1.08721142575699,-0.0522144326845856,1,0.335027490910779
776,JPL,60,Swenson_G500,none,original,original,GravIS,-1.18210782884378,-0.122765858904676,3,0.303595982933404
777,JPL,60,Swenson_G500,Geruo_ICE5G_VM2,replaced,replaced,none,-1.24667949675372,-0.204067866528708,3,0.267856211325016
778,JPL,60,Swenson_G500,Geruo_ICE5G_VM2,replaced,replaced,GravIS,-1.34157589984052,-0.274619292748798,3,0.241393296711054
779,JPL,60,Swenson_G500,Geruo_ICE5G_VM2,replaced,original,none,-1.24990866666575,-0.207301150365924,3,0.265872671705009
780,JPL,60,Swenson_G500,Geruo_ICE5G_VM2,replaced,original,GravIS,-1.34480506975255,-0.277852576586014,3,0.239742371294121
781,JPL,60,Swenson_G500,Geruo_ICE5G_VM2,original,replaced,none,-1.23894742693547,-0.190736886505258,3,0.277766472934745
782,JPL,60,Swenson_G500,Geruo_ICE5G_VM2,original,replaced,GravIS,-1.33384383000799,-0.261288312725348,3,0.251004270417499
783,JPL,60,Swenson_G500,Geruo_ICE5G_VM2,original,original,none,-1.24217659634439,-0.193970169922168,3,0.275365619523917
784,JPL,60,Swenson_G500,Geruo_ICE5G_VM2,original,original,GravIS,-1.33707299943119,-0.264521596142258,3,0.249003694440195
785,JPL,60,Swenson_G500,Caron_2018,replaced,replaced,none,-1.27622297153435,-0.265691893462312,3,0.249398574271243
786,JPL,60,Swenson_G500,Caron_2018,replaced,replaced,GravIS,-1.37111937462115,-0.336243319682402,3,0.225207510331153
787,JPL,60,Swenson_G500,Caron_2018,replaced,original,none,-1.27945214144638,-0.268925177299527,3,0.247621845726694
788,JPL,60,Swenson_G500,Caron_2018,replaced,original,GravIS,-1.37434854453318,-0.339476603519617,3,0.223773057273043
789,JPL,60,Swenson_G500,Caron_2018,original,replaced,none,-1.2684909017161,-0.252360913438862,3,0.259102567942819
790,JPL,60,Swenson_G500,Caron_2018,original,replaced,GravIS,-1.36338730478862,-0.322912339658952,3,0.234433742724777
791,JPL,60,Swenson_G500,Caron_2018,original,original,none,-1.27172007112502,-0.255594196855772,3,0.256952217106211
792,JPL,60,Swenson_G500,Caron_2018,original,original,GravIS,-1.36661647421182,-0.326145623075862,3,0.23269021655775
793,JPL,60,Swenson_G500,Peltier_ICE6G_D,replaced,replaced,none,-1.30646195936207,-0.257849720415668,3,0.24762034032351
794,JPL,60,Swenson_G500,Peltier_ICE6G_D,replaced,replaced,GravIS,-1.40135836244886,-0.328401146635758,3,0.223656694541396
795,JPL,60,Swenson_G500,Peltier_ICE6G_D,replaced,original,none,-1.3096911292741,-0.261083004252884,3,0.245859293524061
796,JPL,60,Swenson_G500,Peltier_ICE6G_D,replaced,original,GravIS,-1.40458753236089,-0.331634430472974,3,0.222233896559641
797,JPL,60,Swenson_G500,Peltier_ICE6G_D,original,replaced,none,-1.29872988954381,-0.244518740392219,3,0.25726788546078
798,JPL,60,Swenson_G500,Peltier_ICE6G_D,original,replaced,GravIS,-1.39362629261633,-0.315070166612309,3,0.232821425784792
799,JPL,60,Swenson_G500,Peltier_ICE6G_D,original,original,none,-1.30195905895274,-0.247752023809129,3,0.255137798964549
800,JPL,60,Swenson_G500,Peltier_ICE6G_D,original,original,GravIS,-1.39685546203953,-0.318303450029219,3,0.231093566230829
801,JPL,60,DDK2,none,replaced,replaced,none,-2.29984334931292,0.153837232378159,0,0.336369565180821
802,JPL,60,DDK2,none,replaced,replaced,GravIS,-2.39516303451002,0.08297111272262,1,0.316957415112892
803,JPL,60,DDK2,none,replaced,original,none,-2.3031594666814,0.150516929962625,0,0.335861594288969
804,JPL,60,DDK2,none,replaced,original,GravIS,-2.39847915185361,0.0796508091201899,1,0.316277972954403
805,JPL,60,DDK2,none,original,replaced,none,-2.29200753793491,0.167346859513606,0,0.344086392145664
806,JPL,60,DDK2,none,original,replaced,GravIS,-2.38732722293634,0.0964807411659555,1,0.324721165267788
807,JPL,60,DDK2,none,original,original,none,-2.29532365474749,0.164026556932012,0,0.343380818071492
808,JPL,60,DDK2,none,original,original,GravIS,-2.39064333935435,0.0931604361973368,1,0.323858222884908
809,JPL,60,DDK2,Geruo_ICE5G_VM2,replaced,replaced,none,-2.45480851990033,0.0120814951405761,1,0.300164771209639
810,JPL,60,DDK2,Geruo_ICE5G_VM2,replaced,replaced,GravIS,-2.55012820509742,-0.0587846245149626,1,0.281935557460007
811,JPL,60,DDK2,Geruo_ICE5G_VM2,replaced,original,none,-2.45812463726881,0.00876119272504181,1,0.299452025651793
812,JPL,60,DDK2,Geruo_ICE5G_VM2,replaced,original,GravIS,-2.55344432244102,-0.0621049281173927,1,0.281150737799641
813,JPL,60,DDK2,Geruo_ICE5G_VM2,original,replaced,none,-2.44697270852231,0.0255911222760231,1,0.307695384076809
814,JPL,60,DDK2,Geruo_ICE5G_VM2,original,replaced,GravIS,-2.54229239352375,-0.045274996071627,1,0.289262840124172
815,JPL,60,DDK2,Geruo_ICE5G_VM2,original,original,none,-2.4502888253349,0.0222708196944292,1,0.306809892894578
816,JPL,60,DDK2,Geruo_ICE5G_VM2,original,original,GravIS,-2.54560850994176,-0.0485953010402457,1,0.288319393921492
817,JPL,60,DDK2,Caron_2018,replaced,replaced,none,-2.48435199468096,-0.0495425317930275,1,0.288173590143982
818,JPL,60,DDK2,Caron_2018,replaced,replaced,GravIS,-2.57967167987805,-0.120408651448566,1,0.270524655013538
819,JPL,60,DDK2,Caron_2018,replaced,original,none,-2.48766811204944,-0.0528628342085617,1,0.287417018360133
820,JPL,60,DDK2,Caron_2018,replaced,original,GravIS,-2.58298779722164,-0.123728955050996,1,0.269727224512889
821,JPL,60,DDK2,Caron_2018,original,replaced,none,-2.47651618330294,-0.0360329046575804,1,0.295561526949753
822,JPL,60,DDK2,Caron_2018,original,replaced,GravIS,-2.57183586830438,-0.106899023005231,1,0.277647935139049
823,JPL,60,DDK2,Caron_2018,original,original,none,-2.47983230011553,-0.0393532072391745,1,0.294640911950304
824,JPL,60,DDK2,Caron_2018,original,original,GravIS,-2.57515198472239,-0.110219327973849,1,0.27670065143909
825,JPL,60,DDK2,Peltier_ICE6G_D,replaced,replaced,none,-2.51459098250867,-0.0417003587463842,1,0.287116814317665
826,JPL,60,DDK2,Peltier_ICE6G_D,replaced,replaced,GravIS,-2.60991066770577,-0.112566478401923,1,0.269560659469533
827,JPL,60,DDK2,Peltier_ICE6G_D,replaced,original,none,-2.51790709987715,-0.0450206611619185,1,0.286369864438906
828,JPL,60,DDK2,Peltier_ICE6G_D,replaced,original,GravIS,-2.61322678504936,-0.115886782004353,1,0.268771349701992
829,JPL,60,DDK2,Peltier_ICE6G_D,original,replaced,none,-2.50675517113066,-0.0281907316109373,1,0.294485931375504
830,JPL,60,DDK2,Peltier_ICE6G_D,original,replaced,GravIS,-2.60207485613209,-0.0990568499585873,1,0.276663229494843
831,JPL,60,DDK2,Peltier_ICE6G_D,original,original,none,-2.51007128794324,-0.0315110341925313,1,0.293575797399663
832,JPL,60,DDK2,Peltier_ICE6G_D,original,original,GravIS,-2.6053909725501,-0.102377154927206,1,0.275724931268042
833,JPL,60,DDK3,none,replaced,replaced,none,-4.01020622225307,0.580480293532504,0,0.378525713307101
834,JPL,60,DDK3,none,replaced,replaced,GravIS,-4.10552590872281,0.509614170796268,0,0.367752249879338
835,JPL,60,DDK3,none,replaced,original,none,-4.01352273616541,0.577159557633362,0,0.379145382056033
836,JPL,60,DDK3,none,replaced,original,GravIS,-4.10884242133816,0.506293435238205,0,0.368160016836593
837,JPL,60,DDK3,none,original,replaced,none,-4.0023702417628,0.593990403255971,0,0.384690399440047
838,JPL,60,DDK3,none,original,replaced,GravIS,-4.09768992789091,0.523124280845441,0,0.374276494266601
839,JPL,60,DDK3,none,original,original,none,-4.00568675741853,0.590669665585114,0,0.385201782905498
840,JPL,60,DDK3,none,original,original,GravIS,-4.10100644241382,0.519803543159814,0,0.374580833108847
841,JPL,60,DDK3,Geruo_ICE5G_VM2,replaced,replaced,none,-4.16517139284048,0.438724556294922,0,0.35682821548665
842,JPL,60,DDK3,Geruo_ICE5G_VM2,replaced,replaced,GravIS,-4.26049107931022,0.367858433558685,0,0.344706553544381
843,JPL,60,DDK3,Geruo_ICE5G_VM2,replaced,original,none,-4.16848790675281,0.435403820395779,0,0.357154986048532
844,JPL,60,DDK3,Geruo_ICE5G_VM2,replaced,original,GravIS,-4.26380759192557,0.364537698000623,0,0.344841218939698
845,JPL,60,DDK3,Geruo_ICE5G_VM2,original,replaced,none,-4.1573354123502,0.452234666018388,0,0.363348878528841
846,JPL,60,DDK3,Geruo_ICE5G_VM2,original,replaced,GravIS,-4.25265509847832,0.381368543607859,0,0.351437223094707
847,JPL,60,DDK3,Geruo_ICE5G_VM2,original,original,none,-4.16065192800593,0.448913928347531,0,0.363574741919006
848,JPL,60,DDK3,Geruo_ICE5G_VM2,original,original,GravIS,-4.25597161300123,0.378047805922232,0,0.351475064088778
849,JPL,60,DDK3,Caron_2018,replaced,replaced,none,-4.19471486762111,0.377100529361318,0,0.349068774768056
850,JPL,60,DDK3,Caron_2018,replaced,replaced,GravIS,-4.29003455409085,0.306234406625081,0,0.336553473086048
851,JPL,60,DDK3,Caron_2018,replaced,original,none,-4.19803138153344,0.373779793462175,0,0.349290234483687
852,JPL,60,DDK3,Caron_2018,replaced,original,GravIS,-4.2933510667062,0.302913671067019,0,0.336590943094962
853,JPL,60,DDK3,Caron_2018,original,replaced,none,-4.18687888713083,0.390610639084785,0,0.355671742258357
854,JPL,60,DDK3,Caron_2018,original,replaced,GravIS,-4.28219857325895,0.319744516674255,0,0.343311814998918
855,JPL,60,DDK3,Caron_2018,original,original,none,-4.19019540278656,0.387289901413927,0,0.355794748936957
856,JPL,60,DDK3,Caron_2018,original,original,GravIS,-4.28551508778186,0.316423778988628,0,0.343254466842512
857,JPL,60,DDK3,Peltier_ICE6G_D,replaced,replaced,none,-4.22495385544882,0.384942702407962,0,0.348132294388088
858,JPL,60,DDK3,Peltier_ICE6G_D,replaced,replaced,GravIS,-4.32027354191856,0.314076579671724,0,0.335673447131839
859,JPL,60,DDK3,Peltier_ICE6G_D,replaced,original,none,-4.22827036936116,0.381621966508818,0,0.348360539422151
860,JPL,60,DDK3,Peltier_ICE6G_D,replaced,original,GravIS,-4.32359005453392,0.310755844113662,0,0.335718756683881
861,JPL,60,DDK3,Peltier_ICE6G_D,original,replaced,none,-4.21711787495855,0.398452812131428,0,0.354730479157993
862,JPL,60,DDK3,Peltier_ICE6G_D,original,replaced,GravIS,-4.31243756108666,0.327586689720898,0,0.342423817208602
863,JPL,60,DDK3,Peltier_ICE6G_D,original,original,none,-4.22043439061428,0.39513207446057,0,0.354860500164066
864,JPL,60,DDK3,Peltier_ICE6G_D,original,original,GravIS,-4.31575407560958,0.324265952035271,0,0.342374659170956
865,JPL,60,DDK5,none,replaced,replaced,none,-5.40829704872562,1.35070792571762,2,0.335556691192588
866,JPL,60,DDK5,none,replaced,replaced,GravIS,-5.50361673472577,1.27984180842776,2,0.33302480081462
867,JPL,60,DDK5,none,replaced,original,none,-5.41161360360079,1.34738714643526,2,0.336579907201745
868,JPL,60,DDK5,none,replaced,original,GravIS,-5.50693328996903,1.27652102937116,2,0.333939266220784
869,JPL,60,DDK5,none,original,replaced,none,-5.4004610512456,1.36421808278296,2,0.339263035044004
870,JPL,60,DDK5,none,original,replaced,GravIS,-5.49578073724573,1.29335196537599,2,0.336972467021445
871,JPL,60,DDK5,none,original,original,none,-5.4037776060485,1.3608973033775,2,0.340227118949304
872,JPL,60,DDK5,none,original,original,GravIS,-5.49909729255413,1.2900311861462,2,0.337829377091146
873,JPL,60,DDK5,Geruo_ICE5G_VM2,replaced,replaced,none,-5.56326221931303,1.20895218848004,2,0.327189749665467
874,JPL,60,DDK5,Geruo_ICE5G_VM2,replaced,replaced,GravIS,-5.65858190531317,1.13808607119017,2,0.323542432012074
875,JPL,60,DDK5,Geruo_ICE5G_VM2,replaced,original,none,-5.56657877418819,1.20563140919768,2,0.328054309403917
876,JPL,60,DDK5,Geruo_ICE5G_VM2,replaced,original,GravIS,-5.66189846055644,1.13476529213357,2,0.324297530015175
877,JPL,60,DDK5,Geruo_ICE5G_VM2,original,replaced,none,-5.555426221833,1.22246234554537,2,0.331168228564196
878,JPL,60,DDK5,Geruo_ICE5G_VM2,original,replaced,GravIS,-5.65074590783314,1.1515962281384,2,0.327738117447448
879,JPL,60,DDK5,Geruo_ICE5G_VM2,original,original,none,-5.55874277663591,1.21914156613992,2,0.331975822476519
880,JPL,60,DDK5,Geruo_ICE5G_VM2,original,original,GravIS,-5.65406246314154,1.14827544890862,2,0.328437958754859
881,JPL,60,DDK5,Caron_2018,replaced,replaced,none,-5.59280569409366,1.14732816154643,2,0.324151827656227
882,JPL,60,DDK5,Caron_2018,replaced,replaced,GravIS,-5.6881253800938,1.07646204425657,2,0.320124124756689
883,JPL,60,DDK5,Caron_2018,replaced,original,none,-5.59612224896882,1.14400738226408,2,0.324960733272473
884,JPL,60,DDK5,Caron_2018,replaced,original,GravIS,-5.69144193533706,1.07314126519997,2,0.320822562201505
885,JPL,60,DDK5,Caron_2018,original,replaced,none,-5.58496969661362,1.16083831861177,2,0.328221620364043
886,JPL,60,DDK5,Caron_2018,original,replaced,GravIS,-5.68028938261377,1.0899722012048,2,0.324401787234959
887,JPL,60,DDK5,Caron_2018,original,original,none,-5.58828625141654,1.15751753920631,2,0.328974401762476
888,JPL,60,DDK5,Caron_2018,original,original,GravIS,-5.68360593792217,1.08665142197502,2,0.32504581145168
889,JPL,60,DDK5,Peltier_ICE6G_D,replaced,replaced,none,-5.62304468192138,1.15517033459308,2,0.32359586619912
890,JPL,60,DDK5,Peltier_ICE6G_D,replaced,replaced,GravIS,-5.71836436792151,1.08430421730321,2,0.319564945243681
891,JPL,60,DDK5,Peltier_ICE6G_D,replaced,original,none,-5.62636123679654,1.15184955531072,2,0.324401803886416
892,JPL,60,DDK5,Peltier_ICE6G_D,replaced,original,GravIS,-5.72168092316478,1.08098343824661,2,0.320261541443562
893,JPL,60,DDK5,Peltier_ICE6G_D,original,replaced,none,-5.61520868444134,1.16868049165841,2,0.32766552223961
894,JPL,60,DDK5,Peltier_ICE6G_D,original,replaced,GravIS,-5.71052837044149,1.09781437425144,2,0.323840247932709
895,JPL,60,DDK5,Peltier_ICE6G_D,original,original,none,-5.61852523924426,1.16535971225296,2,0.328415386889349
896,JPL,60,DDK5,Peltier_ICE6G_D,original,original,GravIS,-5.71384492574988,1.09449359502166,2,0.324482503220125
897,JPL,60,DDK7,none,replaced,replaced,none,-6.45955759731389,1.93753477622073,2,0.230964704503597
898,JPL,60,DDK7,none,replaced,replaced,GravIS,-6.55487728558205,1.86666865475982,2,0.230728526216318
899,JPL,60,DDK7,none,replaced,original,none,-6.46287415686962,1.93421399123457,2,0.231636736795826
900,JPL,60,DDK7,none,replaced,original,GravIS,-6.55819384513779,1.86334786975244,2,0.231359308499707
901,JPL,60,DDK7,none,original,replaced,none,-6.45172159987842,1.95104493889387,2,0.233054872395498
902,JPL,60,DDK7,none,original,replaced,GravIS,-6.54704128814658,1.88017881730533,2,0.232889626525954
903,JPL,60,DDK7,none,original,original,none,-6.45503815834992,1.9477241549656,2,0.233711708210348
904,JPL,60,DDK7,none,original,original,GravIS,-6.55035784661809,1.87685803335554,2,0.233505366551356
905,JPL,60,DDK7,Geruo_ICE5G_VM2,replaced,replaced,none,-6.61452276790129,1.79577903898315,2,0.22718727572899
906,JPL,60,DDK7,Geruo_ICE5G_VM2,replaced,replaced,GravIS,-6.70984245616946,1.72491291752224,2,0.226536459285439
907,JPL,60,DDK7,Geruo_ICE5G_VM2,replaced,original,none,-6.61783932745703,1.79245825399699,2,0.227795959542935
908,JPL,60,DDK7,Geruo_ICE5G_VM2,replaced,original,GravIS,-6.7131590157252,1.72159213251486,2,0.227102911764412
909,JPL,60,DDK7,Geruo_ICE5G_VM2,original,replaced,none,-6.60668677046582,1.80928920165629,2,0.229360495848283
910,JPL,60,DDK7,Geruo_ICE5G_VM2,original,replaced,GravIS,-6.70200645873399,1.73842308006775,2,0.228776506194574
911,JPL,60,DDK7,Geruo_ICE5G_VM2,original,original,none,-6.61000332893733,1.80596841772802,2,0.229954304666262
912,JPL,60,DDK7,Geruo_ICE5G_VM2,original,original,GravIS,-6.7053230172055,1.73510229611796,2,0.229328229728697
913,JPL,60,DDK7,Caron_2018,replaced,replaced,none,-6.64406624268192,1.73415501204954,2,0.225778153023427
914,JPL,60,DDK7,Caron_2018,replaced,replaced,GravIS,-6.73938593095009,1.66328889058863,2,0.224986983123897
915,JPL,60,DDK7,Caron_2018,replaced,original,none,-6.64738280223766,1.73083422706339,2,0.226365159760476
916,JPL,60,DDK7,Caron_2018,replaced,original,GravIS,-6.74270249050582,1.65996810558126,2,0.225531367389474
917,JPL,60,DDK7,Caron_2018,original,replaced,none,-6.63623024524645,1.74766517472268,2,0.227978508484619
918,JPL,60,DDK7,Caron_2018,original,replaced,GravIS,-6.73154993351462,1.67679905313414,2,0.227252620039714
919,JPL,60,DDK7,Caron_2018,original,original,none,-6.63954680371797,1.74434439079441,2,0.228550761183306
920,JPL,60,DDK7,Caron_2018,original,original,GravIS,-6.73486649198613,1.67347826918435,2,0.227782391812474
921,JPL,60,DDK7,Peltier_ICE6G_D,replaced,replaced,none,-6.67430523050964,1.74199718509618,2,0.225624178428994
922,JPL,60,DDK7,Peltier_ICE6G_D,replaced,replaced,GravIS,-6.7696249187778,1.67113106363528,2,0.224823031810076
923,JPL,60,DDK7,Peltier_ICE6G_D,replaced,original,none,-6.67762179006537,1.73867640011003,2,0.226208994357892
924,JPL,60,DDK7,Peltier_ICE6G_D,replaced,original,GravIS,-6.77294147833354,1.6678102786279,2,0.225365415534681
925,JPL,60,DDK7,Peltier_ICE6G_D,original,replaced,none,-6.66646923307417,1.75550734776933,2,0.227826194237563
926,JPL,60,DDK7,Peltier_ICE6G_D,original,replaced,GravIS,-6.76178892134233,1.68464122618079,2,0.227089879353591
927,JPL,60,DDK7,Peltier_ICE6G_D,original,original,none,-6.66978579154568,1.75218656384106,2,0.228396258223271
928,JPL,60,DDK7,Peltier_ICE6G_D,original,original,GravIS,-6.76510547981385,1.681320442231,2,0.227617652779628
929,JPL,60,DDK8,none,replaced,replaced,none,-6.63410646244095,2.02619776907629,2,0.202252346801545
930,JPL,60,DDK8,none,replaced,replaced,GravIS,-6.72942614635263,1.95533164818652,2,0.202120658326834
931,JPL,60,DDK8,none,replaced,original,none,-6.6374230208031,2.02287698452993,2,0.202803904726685
932,JPL,60,DDK8,none,replaced,original,GravIS,-6.73274270471478,1.95201086364016,2,0.202642329147534
933,JPL,60,DDK8,none,original,replaced,none,-6.62627046382889,2.03970793136067,2,0.204060101388888
934,JPL,60,DDK8,none,original,replaced,GravIS,-6.72159014789304,1.9688418104709,2,0.203974730168094
935,JPL,60,DDK8,none,original,original,none,-6.6295870238387,2.03638714676804,2,0.204602539028596
936,JPL,60,DDK8,none,original,original,GravIS,-6.72490670790284,1.96552102587827,2,0.204487333759014
937,JPL,60,DDK8,Geruo_ICE5G_VM2,replaced,replaced,none,-6.78907163302836,1.88444203183871,2,0.199017521024989
938,JPL,60,DDK8,Geruo_ICE5G_VM2,replaced,replaced,GravIS,-6.88439131694005,1.81357591094893,2,0.19859930919303
939,JPL,60,DDK8,Geruo_ICE5G_VM2,replaced,original,none,-6.79238819139051,1.88112124729235,2,0.199523423104249
940,JPL,60,DDK8,Geruo_ICE5G_VM2,replaced,original,GravIS,-6.88770787530219,1.81025512640258,2,0.199074931588883
941,JPL,60,DDK8,Geruo_ICE5G_VM2,original,replaced,none,-6.7812356344163,1.89795219412309,2,0.200880252462162
942,JPL,60,DDK8,Geruo_ICE5G_VM2,original,replaced,GravIS,-6.87655531848044,1.82708607323332,2,0.200505565877767
943,JPL,60,DDK8,Geruo_ICE5G_VM2,original,original,none,-6.7845521944261,1.89463140953046,2,0.201377194236902
944,JPL,60,DDK8,Geruo_ICE5G_VM2,original,original,GravIS,-6.87987187849025,1.82376528864068,2,0.200972268877942
945,JPL,60,DDK8,Caron_2018,replaced,replaced,none,-6.81861510780899,1.82281800490511,2,0.197813070638952
946,JPL,60,DDK8,Caron_2018,replaced,replaced,GravIS,-6.91393479172067,1.75195188401533,2,0.197298584294976
947,JPL,60,DDK8,Caron_2018,replaced,original,none,-6.82193166617114,1.81949722035875,2,0.198303611866095
948,JPL,60,DDK8,Caron_2018,replaced,original,GravIS,-6.91725135008282,1.74863109946897,2,0.197758692053439
949,JPL,60,DDK8,Caron_2018,original,replaced,none,-6.81077910919693,1.83632816718949,2,0.199693596663651
950,JPL,60,DDK8,Caron_2018,original,replaced,GravIS,-6.90609879326108,1.76546204629971,2,0.199221600692489
951,JPL,60,DDK8,Caron_2018,original,original,none,-6.81409566920673,1.83300738259686,2,0.200175240066132
952,JPL,60,DDK8,Caron_2018,original,original,GravIS,-6.90941535327088,1.76214126170708,2,0.199672846951184
953,JPL,60,DDK8,Peltier_ICE6G_D,replaced,replaced,none,-6.8488540956367,1.83066017795175,2,0.197714094908334
954,JPL,60,DDK8,Peltier_ICE6G_D,replaced,replaced,GravIS,-6.94417377954838,1.75979405706197,2,0.197191883777873
955,JPL,60,DDK8,Peltier_ICE6G_D,replaced,original,none,-6.85217065399885,1.82733939340539,2,0.198202881971501
956,JPL,60,DDK8,Peltier_ICE6G_D,replaced,original,GravIS,-6.94749033791053,1.75647327251562,2,0.19765034749863
957,JPL,60,DDK8,Peltier_ICE6G_D,original,replaced,none,-6.84101809702464,1.84417034023613,2,0.199595834150764
958,JPL,60,DDK8,Peltier_ICE6G_D,original,replaced,GravIS,-6.93633778108879,1.77330421934635,2,0.199115856006811
959,JPL,60,DDK8,Peltier_ICE6G_D,original,original,none,-6.84433465703445,1.8408495556435,2,0.200075720420248
960,JPL,60,DDK8,Peltier_ICE6G_D,original,original,GravIS,-6.93965434109859,1.76998343475372,2,0.199565454992093
961,JPL,96,G300,none,replaced,replaced,none,-3.23736890018272,0.153227376664782,1,0.324894721641436
962,JPL,96,G300,none,replaced,replaced,GravIS,-3.3320675840777,0.0832282601887256,1,0.315246899417119
963,JPL,96,G300,none,replaced,original,none,-3.23985149940951,0.150741613768402,1,0.326176876301128
964,JPL,96,G300,none,replaced,original,GravIS,-3.33455018330449,0.080742497292346,1,0.316218375661003
965,JPL,96,G300,none,original,replaced,none,-3.23149907465953,0.163347629090852,1,0.331037287603736
966,JPL,96,G300,none,original,replaced,GravIS,-3.32619775855451,0.0933485128295537,1,0.3214758443388
967,JPL,96,G300,none,original,original,none,-3.23398167434138,0.160861866311297,1,0.332188930929177
968,JPL,96,G300,none,original,original,GravIS,-3.32868035823636,0.0908627500499988,1,0.322322810180333
969,JPL,96,G300,Geruo_ICE5G_VM2,replaced,replaced,none,-3.39233365736635,0.0114720174396425,1,0.303268804474344
970,JPL,96,G300,Geruo_ICE5G_VM2,replaced,replaced,GravIS,-3.48703234126132,-0.0585270990364139,1,0.292338411144422
971,JPL,96,G300,Geruo_ICE5G_VM2,replaced,original,none,-3.39481625659314,0.0089862545432629,1,0.304099658523258
972,JPL,96,G300,Geruo_ICE5G_VM2,replaced,original,GravIS,-3.48951494048811,-0.0610128619327935,1,0.292909848035946
973,JPL,96,G300,Geruo_ICE5G_VM2,original,replaced,none,-3.38646383184316,0.0215922698657124,1,0.309370036440778
974,JPL,96,G300,Geruo_ICE5G_VM2,original,replaced,GravIS,-3.48116251573813,-0.0484068463955857,1,0.298393944063899
975,JPL,96,G300,Geruo_ICE5G_VM2,original,original,none,-3.38894643152501,0.0191065070861574,1,0.310079441847035
976,JPL,96,G300,Geruo_ICE5G_VM2,original,original,GravIS,-3.48364511541999,-0.0508926091751407,1,0.298850561480631
977,JPL,96,G300,Caron_2018,replaced,replaced,none,-3.42187705342989,-0.0501518453963205,1,0.295277668224958
978,JPL,96,G300,Caron_2018,replaced,replaced,GravIS,-3.51657573732487,-0.120150961872377,1,0.284103617236061
979,JPL,96,G300,Caron_2018,replaced,original,none,-3.42435965265668,-0.0526376082926999,1,0.295969716470969
980,JPL,96,G300,Caron_2018,replaced,original,GravIS,-3.51905833655165,-0.122636724768756,1,0.284557069731878
981,JPL,96,G300,Caron_2018,original,replaced,none,-3.4160072279067,-0.0400315929702504,1,0.301316657084463
982,JPL,96,G300,Caron_2018,original,replaced,GravIS,-3.51070591180167,-0.110030709231549,1,0.290057692743973
983,JPL,96,G300,Caron_2018,original,original,none,-3.41848982758854,-0.0425173557498055,1,0.301891265198238
984,JPL,96,G300,Caron_2018,original,original,GravIS,-3.51318851148352,-0.112516472011104,1,0.290400476145625
985,JPL,96,G300,Peltier_ICE6G_D,replaced,replaced,none,-3.45211596071928,-0.0423096930888185,1,0.294660109900589
986,JPL,96,G300,Peltier_ICE6G_D,replaced,replaced,GravIS,-3.54681464461426,-0.112308809564875,1,0.283473666148533
987,JPL,96,G300,Peltier_ICE6G_D,replaced,original,none,-3.45459855994607,-0.0447954559851981,1,0.295341945862606
988,JPL,96,G300,Peltier_ICE6G_D,replaced,original,GravIS,-3.54929724384104,-0.114794572461254,1,0.283918362974946
989,JPL,96,G300,Peltier_ICE6G_D,original,replaced,none,-3.44624613519609,-0.0321894406627486,1,0.300695862005064
990,JPL,96,G300,Peltier_ICE6G_D,original,replaced,GravIS,-3.54094481909106,-0.102188556924047,1,0.289421739101973
991,JPL,96,G300,Peltier_ICE6G_D,original,original,none,-3.44872873487794,-0.0346752034423036,1,0.301260145868421
992,JPL,96,G300,Peltier_ICE6G_D,original,original,GravIS,-3.54342741877292,-0.104674319703602,1,0.289755735460173
993,JPL,96,G400,none,replaced,replaced,none,-2.13638575574499,-0.171775325635651,1,0.341939728142633
994,JPL,96,G400,none,replaced,replaced,GravIS,-2.23096650472825,-0.241687269212209,1,0.320375012599209
995,JPL,96,G400,none,replaced,original,none,-2.13884986203846,-0.174242573603057,1,0.341522243671864
996,JPL,96,G400,none,replaced,original,GravIS,-2.23343061102172,-0.24415451734035,1,0.319637585987426
997,JPL,96,G400,none,original,replaced,none,-2.13053783339038,-0.161692834503979,1,0.348957384176785
998,JPL,96,G400,none,original,replaced,GravIS,-2.22511858237364,-0.231604778080537,1,0.327404927775302
999,JPL,96,G400,none,original,original,none,-2.13300194052326,-0.164160081567175,1,0.348229803452657
1000,JPL,96,G400,none,original,original,GravIS,-2.22758268950651,-0.234072024931638,1,0.326390231907146
1001,JPL,96,G400,Geruo_ICE5G_VM2,replaced,replaced,none,-2.29135051292862,-0.313530684860791,1,0.300406019197725
1002,JPL,96,G400,Geruo_ICE5G_VM2,replaced,replaced,GravIS,-2.38593126191188,-0.383442628437349,3,0.280363015443478
1003,JPL,96,G400,Geruo_ICE5G_VM2,replaced,original,none,-2.29381461922209,-0.315997932828196,1,0.299585820423528
1004,JPL,96,G400,Geruo_ICE5G_VM2,replaced,original,GravIS,-2.38839536820535,-0.38590987656549,3,0.279421896623929
1005,JPL,96,G400,Geruo_ICE5G_VM2,original,replaced,none,-2.28550259057401,-0.303448193729118,1,0.307159374897925
1006,JPL,96,G400,Geruo_ICE5G_VM2,original,replaced,GravIS,-2.38008333955727,-0.373360137305676,3,0.286902262816824
1007,JPL,96,G400,Geruo_ICE5G_VM2,original,original,none,-2.28796669770689,-0.305915440792315,1,0.306084590685114
1008,JPL,96,G400,Geruo_ICE5G_VM2,original,original,GravIS,-2.38254744669015,-0.375827384156778,3,0.285738228314656
1009,JPL,96,G400,Caron_2018,replaced,replaced,none,-2.32089390899216,-0.375154547696754,3,0.286659666835546
1010,JPL,96,G400,Caron_2018,replaced,replaced,GravIS,-2.41547465797541,-0.445066491273312,3,0.267458014483278
1011,JPL,96,G400,Caron_2018,replaced,original,none,-2.32335801528563,-0.377621795664159,3,0.285764423077066
1012,JPL,96,G400,Caron_2018,replaced,original,GravIS,-2.41793876426889,-0.447533739401452,3,0.266493936802083
1013,JPL,96,G400,Caron_2018,original,replaced,none,-2.31504598663754,-0.365072056565081,3,0.293228706385351
1014,JPL,96,G400,Caron_2018,original,replaced,GravIS,-2.4096267356208,-0.434984000141639,3,0.273771368040357
1015,JPL,96,G400,Caron_2018,original,original,none,-2.31751009377042,-0.367539303628278,3,0.292098857182831
1016,JPL,96,G400,Caron_2018,original,original,GravIS,-2.41209084275368,-0.43745124699274,3,0.272602967908936
1017,JPL,96,G400,Peltier_ICE6G_D,replaced,replaced,none,-2.35113281628155,-0.367312395389252,3,0.285378712715977
1018,JPL,96,G400,Peltier_ICE6G_D,replaced,replaced,GravIS,-2.44571356526481,-0.43722433896581,3,0.266254847904886
1019,JPL,96,G400,Peltier_ICE6G_D,replaced,original,none,-2.35359692257502,-0.369779643356657,3,0.284490666004527
1020,JPL,96,G400,Peltier_ICE6G_D,replaced,original,GravIS,-2.44817767155828,-0.439691587093951,3,0.265297891851454
1021,JPL,96,G400,Peltier_ICE6G_D,original,replaced,none,-2.34528489392694,-0.357229904257579,3,0.29195228576766
1022,JPL,96,G400,Peltier_ICE6G_D,original,replaced,GravIS,-2.4398656429102,-0.427141847834136,3,0.272562694431203
1023,JPL,96,G400,Peltier_ICE6G_D,original,original,none,-2.34774900105982,-0.359697151320775,3,0.290830429370842
1024,JPL,96,G400,Peltier_ICE6G_D,original,original,GravIS,-2.44232975004307,-0.429609094685238,3,0.271402401687655
1025,JPL,96,G500,none,replaced,replaced,none,-1.4475604054123,-0.24929397185016,1,0.318374259105618
1026,JPL,96,G500,none,replaced,replaced,GravIS,-1.54198957382353,-0.319093867312835,3,0.292531227471267
1027,JPL,96,G500,none,replaced,original,none,-1.45000091282742,-0.251737589907775,1,0.3171211261971
1028,JPL,96,G500,none,replaced,original,GravIS,-1.54443008123865,-0.32153748537045,3,0.291133336705359
1029,JPL,96,G500,none,original,replaced,none,-1.44174055585982,-0.239259879213069,1,0.325528794362227
1030,JPL,96,G500,none,original,replaced,GravIS,-1.53616972440876,-0.309059774950813,3,0.299815307277652
1031,JPL,96,G500,none,original,original,none,-1.44418106348813,-0.241703496960867,1,0.323896665484371
1032,JPL,96,G500,none,original,original,GravIS,-1.53861023203707,-0.311503392423542,3,0.298089011816099
1033,JPL,96,G500,Geruo_ICE5G_VM2,replaced,replaced,none,-1.60252516259593,-0.391049331075299,3,0.268711738690177
1034,JPL,96,G500,Geruo_ICE5G_VM2,replaced,replaced,GravIS,-1.69695433100716,-0.460849226537974,3,0.246884588646479
1035,JPL,96,G500,Geruo_ICE5G_VM2,replaced,original,none,-1.60496567001105,-0.393492949132914,3,0.26736594928236
1036,JPL,96,G500,Geruo_ICE5G_VM2,replaced,original,GravIS,-1.69939483842228,-0.463292844595589,3,0.245600525410906
1037,JPL,96,G500,Geruo_ICE5G_VM2,original,replaced,none,-1.59670531304345,-0.381015238438209,3,0.275706672292189
1038,JPL,96,G500,Geruo_ICE5G_VM2,original,replaced,GravIS,-1.6911344815924,-0.450815134175952,3,0.253653124888497
1039,JPL,96,G500,Geruo_ICE5G_VM2,original,original,none,-1.59914582067176,-0.383458856186007,3,0.274072133352509
1040,JPL,96,G500,Geruo_ICE5G_VM2,original,original,GravIS,-1.6935749892207,-0.453258751648682,3,0.252123962058995
1041,JPL,96,G500,Caron_2018,replaced,replaced,none,-1.63206855865947,-0.452673193911262,3,0.2534217979585
1042,JPL,96,G500,Caron_2018,replaced,replaced,GravIS,-1.7264977270707,-0.522473089373937,3,0.233129464195152
1043,JPL,96,G500,Caron_2018,replaced,original,none,-1.63450906607459,-0.455116811968877,3,0.252115322912966
1044,JPL,96,G500,Caron_2018,replaced,original,GravIS,-1.72893823448582,-0.524916707431552,3,0.23191906794312
1045,JPL,96,G500,Caron_2018,original,replaced,none,-1.62624870910699,-0.442639101274172,3,0.260227517233943
1046,JPL,96,G500,Caron_2018,original,replaced,GravIS,-1.72067787765593,-0.512438997011915,3,0.23965327293714
1047,JPL,96,G500,Caron_2018,original,original,none,-1.6286892167353,-0.445082719021969,3,0.258661238557634
1048,JPL,96,G500,Caron_2018,original,original,GravIS,-1.72311838528424,-0.514882614484645,3,0.238223141997915
1049,JPL,96,G500,Peltier_ICE6G_D,replaced,replaced,none,-1.66230746594886,-0.44483104160376,3,0.251718386951978
1050,JPL,96,G500,Peltier_ICE6G_D,replaced,replaced,GravIS,-1.75673663436009,-0.514630937066435,3,0.231587519403885
1051,JPL,96,G500,Peltier_ICE6G_D,replaced,original,none,-1.66474797336398,-0.447274659661375,3,0.250428029788478
1052,JPL,96,G500,Peltier_ICE6G_D,replaced,original,GravIS,-1.75917714177521,-0.51707455512405,3,0.230391557294045
1053,JPL,96,G500,Peltier_ICE6G_D,original,replaced,none,-1.65648761639638,-0.43479694896667,3,0.258525407530228
1054,JPL,96,G500,Peltier_ICE6G_D,original,replaced,GravIS,-1.75091678494532,-0.504596844704413,3,0.238095619527192
1055,JPL,96,G500,Peltier_ICE6G_D,original,original,none,-1.65892812402469,-0.437240566714468,3,0.256977018012107
1056,JPL,96,G500,Peltier_ICE6G_D,original,original,GravIS,-1.75335729257363,-0.507040462177143,3,0.236682032497344
1057,JPL,96,Swenson_G300,none,replaced,replaced,none,-2.1080686600531,0.492459192218698,0,0.40362041874546
1058,JPL,96,Swenson_G300,none,replaced,replaced,GravIS,-2.20276734239081,0.422460076390843,0,0.384722623278719
1059,JPL,96,Swenson_G300,none,replaced,original,none,-2.11055125927988,0.489973429322318,0,0.403276537653372
1060,JPL,96,Swenson_G300,none,replaced,original,GravIS,-2.20524994161759,0.419974313494464,0,0.383992988865504
1061,JPL,96,Swenson_G300,none,original,replaced,none,-2.1021988345299,0.502579444644768,0,0.41030687351355
1062,JPL,96,Swenson_G300,none,original,replaced,GravIS,-2.19689751686762,0.432580329031671,0,0.391967555239622
1063,JPL,96,Swenson_G300,none,original,original,none,-2.10468143421175,0.500093681865213,0,0.409514961333365
1064,JPL,96,Swenson_G300,none,original,original,GravIS,-2.19938011654947,0.430094566252117,0,0.390823982591421
1065,JPL,96,Swenson_G300,Geruo_ICE5G_VM2,replaced,replaced,none,-2.26303341723673,0.350703832993558,0,0.366920503241222
1066,JPL,96,Swenson_G300,Geruo_ICE5G_VM2,replaced,replaced,GravIS,-2.35773209957444,0.280704717165704,0,0.345906869171543
1067,JPL,96,Swenson_G300,Geruo_ICE5G_VM2,replaced,original,none,-2.26551601646351,0.348218070097179,0,0.366060954720059
1068,JPL,96,Swenson_G300,Geruo_ICE5G_VM2,replaced,original,GravIS,-2.36021469880122,0.278218954269324,0,0.344756584024327
1069,JPL,96,Swenson_G300,Geruo_ICE5G_VM2,original,replaced,none,-2.25716359171353,0.360824085419628,0,0.37406825301311
1070,JPL,96,Swenson_G300,Geruo_ICE5G_VM2,original,replaced,GravIS,-2.35186227405124,0.290824969806532,0,0.353285186201368
1071,JPL,96,Swenson_G300,Geruo_ICE5G_VM2,original,original,none,-2.25964619139539,0.358338322640073,0,0.372811805370288
1072,JPL,96,Swenson_G300,Geruo_ICE5G_VM2,original,original,GravIS,-2.3543448737331,0.288339207026977,0,0.35177485532325
1073,JPL,96,Swenson_G300,Caron_2018,replaced,replaced,none,-2.29257681330026,0.289079970157595,0,0.353757568398683
1074,JPL,96,Swenson_G300,Caron_2018,replaced,replaced,GravIS,-2.38727549563798,0.219080854329741,0,0.33223781403431
1075,JPL,96,Swenson_G300,Caron_2018,replaced,original,none,-2.29505941252705,0.286594207261216,0,0.352725749722768
1076,JPL,96,Swenson_G300,Caron_2018,replaced,original,GravIS,-2.38975809486476,0.216595091433361,0,0.33095947816956
1077,JPL,96,Swenson_G300,Caron_2018,original,replaced,none,-2.28670698777707,0.299200222583666,0,0.360981371126555
1078,JPL,96,Swenson_G300,Caron_2018,original,replaced,GravIS,-2.38140567011478,0.229201106970569,0,0.339571943376049
1079,JPL,96,Swenson_G300,Caron_2018,original,original,none,-2.28918958745892,0.29671445980411,0,0.359571734991732
1080,JPL,96,Swenson_G300,Caron_2018,original,original,GravIS,-2.38388826979663,0.226715344191014,0,0.337953553120661
1081,JPL,96,Swenson_G300,Peltier_ICE6G_D,replaced,replaced,none,-2.32281572058966,0.296922122465097,0,0.352257763494516
1082,JPL,96,Swenson_G300,Peltier_ICE6G_D,replaced,replaced,GravIS,-2.41751440292737,0.226923006637243,0,0.330928190293694
1083,JPL,96,Swenson_G300,Peltier_ICE6G_D,replaced,original,none,-2.32529831981644,0.294436359568718,0,0.351245532996518
1084,JPL,96,Swenson_G300,Peltier_ICE6G_D,replaced,original,GravIS,-2.41999700215415,0.224437243740863,0,0.329669330783001
1085,JPL,96,Swenson_G300,Peltier_ICE6G_D,original,replaced,none,-2.31694589506646,0.307042374891167,0,0.359462775846655
1086,JPL,96,Swenson_G300,Peltier_ICE6G_D,original,replaced,GravIS,-2.41164457740417,0.237043259278071,0,0.338240136789811
1087,JPL,96,Swenson_G300,Peltier_ICE6G_D,original,original,none,-2.31942849474831,0.304556612111613,0,0.358074863594196
1088,JPL,96,Swenson_G300,Peltier_ICE6G_D,original,original,GravIS,-2.41412717708603,0.234557496498516,0,0.336643031706082
1089,JPL,96,Swenson_G500,none,replaced,replaced,none,-1.0861315404326,-0.0423950201409142,1,0.334737059344142
1090,JPL,96,Swenson_G500,none,replaced,replaced,GravIS,-1.18056070640103,-0.112194912131406,3,0.302060487803039
1091,JPL,96,Swenson_G500,none,replaced,original,none,-1.08857204784772,-0.0448386381985293,1,0.33225668271354
1092,JPL,96,Swenson_G500,none,replaced,original,GravIS,-1.18300121381615,-0.114638530189021,3,0.299581588968255
1093,JPL,96,Swenson_G500,none,original,replaced,none,-1.08031169088012,-0.0323609275038241,1,0.342528034088975
1094,JPL,96,Swenson_G500,none,original,replaced,GravIS,-1.17474085698627,-0.102160819769384,3,0.310322481229974
1095,JPL,96,Swenson_G500,none,original,original,none,-1.08275219850842,-0.0348045452516219,1,0.339395322972189
1096,JPL,96,Swenson_G500,none,original,original,GravIS,-1.17718136461458,-0.104604437242113,3,0.307311215592015
1097,JPL,96,Swenson_G500,Geruo_ICE5G_VM2,replaced,replaced,none,-1.24109629761623,-0.184150379366054,3,0.273405750496128
1098,JPL,96,Swenson_G500,Geruo_ICE5G_VM2,replaced,replaced,GravIS,-1.33552546358466,-0.253950271356545,3,0.246282046195204
1099,JPL,96,Swenson_G500,Geruo_ICE5G_VM2,replaced,original,none,-1.24353680503135,-0.186593997423669,3,0.27109704021947
1100,JPL,96,Swenson_G500,Geruo_ICE5G_VM2,replaced,original,GravIS,-1.33796597099978,-0.256393889414161,3,0.244244721337295
1101,JPL,96,Swenson_G500,Geruo_ICE5G_VM2,original,replaced,none,-1.23527644806375,-0.174116286728964,3,0.281327598330609
1102,JPL,96,Swenson_G500,Geruo_ICE5G_VM2,original,replaced,GravIS,-1.3297056141699,-0.243916178994523,3,0.253970753089059
1103,JPL,96,Swenson_G500,Geruo_ICE5G_VM2,original,original,none,-1.23771695569206,-0.176559904476761,3,0.278568254866796
1104,JPL,96,Swenson_G500,Geruo_ICE5G_VM2,original,original,GravIS,-1.33214612179821,-0.246359796467253,3,0.251574106562061
1105,JPL,96,Swenson_G500,Caron_2018,replaced,replaced,none,-1.27063969367977,-0.245774242202017,3,0.25451886004496
1106,JPL,96,Swenson_G500,Caron_2018,replaced,replaced,GravIS,-1.3650688596482,-0.315574134192508,3,0.229628548533509
1107,JPL,96,Swenson_G500,Caron_2018,replaced,original,none,-1.27308020109488,-0.248217860259632,3,0.25237225577225
1108,JPL,96,Swenson_G500,Caron_2018,replaced,original,GravIS,-1.36750936706332,-0.318017752250123,3,0.227784054457834
1109,JPL,96,Swenson_G500,Caron_2018,original,replaced,none,-1.26481984412728,-0.235740149564926,3,0.262269349066781
1110,JPL,96,Swenson_G500,Caron_2018,original,replaced,GravIS,-1.35924901023344,-0.305540041830486,3,0.237019828138817
1111,JPL,96,Swenson_G500,Caron_2018,original,original,none,-1.26726035175559,-0.238183767312724,3,0.259731236137823
1112,JPL,96,Swenson_G500,Caron_2018,original,original,GravIS,-1.36168951786175,-0.307983659303216,3,0.234864576535149
1113,JPL,96,Swenson_G500,Peltier_ICE6G_D,replaced,replaced,none,-1.30087860096916,-0.237932089894515,3,0.252693407775266
1114,JPL,96,Swenson_G500,Peltier_ICE6G_D,replaced,replaced,GravIS,-1.39530776693759,-0.307731981885006,3,0.22803458775504
1115,JPL,96,Swenson_G500,Peltier_ICE6G_D,replaced,original,none,-1.30331910838428,-0.24037570795213,3,0.250567493330669
1116,JPL,96,Swenson_G500,Peltier_ICE6G_D,replaced,original,GravIS,-1.39774827435271,-0.310175599942621,3,0.226206295307807
1117,JPL,96,Swenson_G500,Peltier_ICE6G_D,original,replaced,none,-1.29505875141668,-0.227897997257425,3,0.260410379063902
1118,JPL,96,Swenson_G500,Peltier_ICE6G_D,original,replaced,GravIS,-1.38948791752283,-0.297697889522984,3,0.235383502838837
1119,JPL,96,Swenson_G500,Peltier_ICE6G_D,original,original,none,-1.29749925904498,-0.230341615005222,3,0.257897362013368
1120,JPL,96,Swenson_G500,Peltier_ICE6G_D,original,original,GravIS,-1.39192842515114,-0.300141506995714,3,0.233248272498412
1121,JPL,96,DDK2,none,replaced,replaced,none,-2.30168874786341,0.176744340512633,0,0.347375140122631
1122,JPL,96,DDK2,none,replaced,replaced,GravIS,-2.39653911171316,0.10663310620535,1,0.327531467001154
1123,JPL,96,DDK2,none,replaced,original,none,-2.30419496475751,0.174234957012071,0,0.346881361311117
1124,JPL,96,DDK2,none,replaced,original,GravIS,-2.39904533080726,0.104123722479326,1,0.326824074029135
1125,JPL,96,DDK2,none,original,replaced,none,-2.29579081243863,0.186912901000352,0,0.354079074894048
1126,JPL,96,DDK2,none,original,replaced,GravIS,-2.39064117677416,0.116801667060377,1,0.334159764436761
1127,JPL,96,DDK2,none,original,original,none,-2.29829702893893,0.184403517337867,0,0.353359032082097
1128,JPL,96,DDK2,none,original,original,GravIS,-2.39314739478096,0.114292283588512,1,0.333246624681228
1129,JPL,96,DDK2,Geruo_ICE5G_VM2,replaced,replaced,none,-2.45665350504704,0.034988981287494,1,0.310438203076151
1130,JPL,96,DDK2,Geruo_ICE5G_VM2,replaced,replaced,GravIS,-2.55150386889679,-0.0351222530197891,1,0.291723653358738
1131,JPL,96,DDK2,Geruo_ICE5G_VM2,replaced,original,none,-2.45915972194114,0.0324795977869313,1,0.309679736234649
1132,JPL,96,DDK2,Geruo_ICE5G_VM2,replaced,original,GravIS,-2.55401008799089,-0.0376316367458139,1,0.290851669038854
1133,JPL,96,DDK2,Geruo_ICE5G_VM2,original,replaced,none,-2.45075556962226,0.0451575417752128,1,0.31683561519674
1134,JPL,96,DDK2,Geruo_ICE5G_VM2,original,replaced,GravIS,-2.54560593395779,-0.0249536921647626,1,0.297870312466994
1135,JPL,96,DDK2,Geruo_ICE5G_VM2,original,original,none,-2.45326178612256,0.0426481581127277,1,0.315884959850726
1136,JPL,96,DDK2,Geruo_ICE5G_VM2,original,original,GravIS,-2.54811215196459,-0.0274630756366273,1,0.296825894630288
1137,JPL,96,DDK2,Caron_2018,replaced,replaced,none,-2.48619690111058,-0.0266348815484689,1,0.298193280434461
1138,JPL,96,DDK2,Caron_2018,replaced,replaced,GravIS,-2.58104726496033,-0.096746115855752,1,0.280034073258309
1139,JPL,96,DDK2,Caron_2018,replaced,original,none,-2.48870311800467,-0.0291442650490317,1,0.297366461151897
1140,JPL,96,DDK2,Caron_2018,replaced,original,GravIS,-2.58355348405443,-0.0992554995817769,1,0.279127078520679
1141,JPL,96,DDK2,Caron_2018,original,replaced,none,-2.4802989656858,-0.0164663210607502,1,0.30442209667226
1142,JPL,96,DDK2,Caron_2018,original,replaced,GravIS,-2.57514933002132,-0.0865775550007257,1,0.285974439817596
1143,JPL,96,DDK2,Caron_2018,original,original,none,-2.4828051821861,-0.0189757047232352,1,0.30341483753267
1144,JPL,96,DDK2,Caron_2018,original,original,GravIS,-2.57765554802812,-0.0890869384725903,1,0.284906389530343
1145,JPL,96,DDK2,Peltier_ICE6G_D,replaced,replaced,none,-2.51643580839997,-0.0187927292409672,1,0.297077351239698
1146,JPL,96,DDK2,Peltier_ICE6G_D,replaced,replaced,GravIS,-2.61128617224972,-0.08890396354825,1,0.279017092578925
1147,JPL,96,DDK2,Peltier_ICE6G_D,replaced,original,none,-2.51894202529407,-0.0213021127415296,1,0.296262191266679
1148,JPL,96,DDK2,Peltier_ICE6G_D,replaced,original,GravIS,-2.61379239134382,-0.0914133472742751,1,0.278120253995719
1149,JPL,96,DDK2,Peltier_ICE6G_D,original,replaced,none,-2.51053787297519,-0.00862416875324833,1,0.303297285746116
1150,JPL,96,DDK2,Peltier_ICE6G_D,original,replaced,GravIS,-2.60538823731072,-0.0787354026932238,1,0.284945591362335
1151,JPL,96,DDK2,Peltier_ICE6G_D,original,original,none,-2.51304408947549,-0.0111335524157332,1,0.302302595194986
1152,JPL,96,DDK2,Peltier_ICE6G_D,original,original,GravIS,-2.60789445531752,-0.0812447861650884,1,0.283888569386912
1153,JPL,96,DDK3,none,replaced,replaced,none,-4.01128455148114,0.601349037265995,0,0.401524528362848
1154,JPL,96,DDK3,none,replaced,replaced,GravIS,-4.1061349148519,0.531237805825154,0,0.38966809310714
1155,JPL,96,DDK3,none,replaced,original,none,-4.0137910708403,0.598839325958239,0,0.402082597236831
1156,JPL,96,DDK3,none,replaced,original,GravIS,-4.10864143432124,0.528728093702265,0,0.390005266393572
1157,JPL,96,DDK3,none,original,replaced,none,-4.00538649065551,0.611517957717275,0,0.407703025084573
1158,JPL,96,DDK3,none,original,replaced,GravIS,-4.10023685412707,0.541406726336086,0,0.396067537728984
1159,JPL,96,DDK3,none,original,original,none,-4.00789301188385,0.609008246709872,0,0.408124771963493
1160,JPL,96,DDK3,none,original,original,GravIS,-4.10274337546559,0.538897014500736,0,0.39627451447954
1161,JPL,96,DDK3,Geruo_ICE5G_VM2,replaced,replaced,none,-4.16624930866477,0.459593678040855,0,0.378097844125398
1162,JPL,96,DDK3,Geruo_ICE5G_VM2,replaced,replaced,GravIS,-4.26109967203553,0.389482446600014,0,0.364883224150055
1163,JPL,96,DDK3,Geruo_ICE5G_VM2,replaced,original,none,-4.16875582802394,0.4570839667331,0,0.378352261413355
1164,JPL,96,DDK3,Geruo_ICE5G_VM2,replaced,original,GravIS,-4.26360619150488,0.386972734477126,0,0.364932033807954
1165,JPL,96,DDK3,Geruo_ICE5G_VM2,original,replaced,none,-4.16035124783914,0.469762598492136,0,0.384454192130342
1166,JPL,96,DDK3,Geruo_ICE5G_VM2,original,replaced,GravIS,-4.2552016113107,0.399651367110947,0,0.371318265125115
1167,JPL,96,DDK3,Geruo_ICE5G_VM2,original,original,none,-4.16285776906748,0.467252887484733,0,0.38458212847695
1168,JPL,96,DDK3,Geruo_ICE5G_VM2,original,original,GravIS,-4.25770813264922,0.397141655275597,0,0.371246130263677
1169,JPL,96,DDK3,Caron_2018,replaced,replaced,none,-4.19579270472831,0.397969815204892,0,0.369760847309445
1170,JPL,96,DDK3,Caron_2018,replaced,replaced,GravIS,-4.29064306809906,0.327858583764052,0,0.356145447768966
1171,JPL,96,DDK3,Caron_2018,replaced,original,none,-4.19829922408747,0.395460103897137,0,0.36990283148974
1172,JPL,96,DDK3,Caron_2018,replaced,original,GravIS,-4.29314958756841,0.325348871641163,0,0.356088543738367
1173,JPL,96,DDK3,Caron_2018,original,replaced,none,-4.18989464390268,0.408138735656173,0,0.376132167499794
1174,JPL,96,DDK3,Caron_2018,original,replaced,GravIS,-4.28474500737424,0.338027504274984,0,0.362544768796255
1175,JPL,96,DDK3,Caron_2018,original,original,none,-4.19240116513101,0.40562902464877,0,0.376150779065589
1176,JPL,96,DDK3,Caron_2018,original,original,GravIS,-4.28725152871276,0.335517792439634,0,0.362369718829312
1177,JPL,96,DDK3,Peltier_ICE6G_D,replaced,replaced,none,-4.2260316120177,0.405811967512394,0,0.368733196612436
1178,JPL,96,DDK3,Peltier_ICE6G_D,replaced,replaced,GravIS,-4.32088197538845,0.335700736071554,0,0.355183884208696
1179,JPL,96,DDK3,Peltier_ICE6G_D,replaced,original,none,-4.22853813137687,0.403302256204639,0,0.368883214123242
1180,JPL,96,DDK3,Peltier_ICE6G_D,replaced,original,GravIS,-4.3233884948578,0.333191023948665,0,0.355136177286777
1181,JPL,96,DDK3,Peltier_ICE6G_D,original,replaced,none,-4.22013355119207,0.415980887963675,0,0.375103964849139
1182,JPL,96,DDK3,Peltier_ICE6G_D,original,replaced,GravIS,-4.31498391466363,0.345869656582486,0,0.361580409924286
1183,JPL,96,DDK3,Peltier_ICE6G_D,original,original,none,-4.22264007242041,0.413471176956272,0,0.375131127763854
1184,JPL,96,DDK3,Peltier_ICE6G_D,original,original,GravIS,-4.31749043600215,0.343359944747136,0,0.361415143379631
1185,JPL,96,DDK5,none,replaced,replaced,none,-5.4567950689682,1.37058422286256,0,0.386616158640209
1186,JPL,96,DDK5,none,replaced,replaced,GravIS,-5.55164543231892,1.30047298894324,0,0.382671895240604
1187,JPL,96,DDK5,none,replaced,original,none,-5.45930162075672,1.36807448084306,0,0.387850794990751
1188,JPL,96,DDK5,none,replaced,original,GravIS,-5.55415198395374,1.29796324667016,0,0.383768931444054
1189,JPL,96,DDK5,none,original,replaced,none,-5.45089699445046,1.3807531796048,0,0.391562611399668
1190,JPL,96,DDK5,none,original,replaced,GravIS,-5.54574735777584,1.31064194568548,0,0.387847515177916
1191,JPL,96,DDK5,none,original,original,none,-5.45340354706014,1.378243435898,0,0.392714252593363
1192,JPL,96,DDK5,none,original,original,GravIS,-5.54825391025716,1.3081322017251,0,0.388863942180915
1193,JPL,96,DDK5,Geruo_ICE5G_VM2,replaced,replaced,none,-5.61175982615182,1.22882886363742,0,0.375786061331205
1194,JPL,96,DDK5,Geruo_ICE5G_VM2,replaced,replaced,GravIS,-5.70661018950255,1.1587176297181,0,0.370488560495474
1195,JPL,96,DDK5,Geruo_ICE5G_VM2,replaced,original,none,-5.61426637794035,1.22631912161793,0,0.376822521285474
1196,JPL,96,DDK5,Geruo_ICE5G_VM2,replaced,original,GravIS,-5.70911674113737,1.15620788744503,0,0.371385228409902
1197,JPL,96,DDK5,Geruo_ICE5G_VM2,original,replaced,none,-5.6058617516341,1.23899782037966,0,0.380972257424969
1198,JPL,96,DDK5,Geruo_ICE5G_VM2,original,replaced,GravIS,-5.70071211495947,1.16888658646034,0,0.375856188619627
1199,JPL,96,DDK5,Geruo_ICE5G_VM2,original,original,none,-5.60836830424377,1.23648807667286,0,0.381929195777894
1200,JPL,96,DDK5,Geruo_ICE5G_VM2,original,original,GravIS,-5.70321866744079,1.16637684249996,0,0.376675683643707
1201,JPL,96,DDK5,Caron_2018,replaced,replaced,none,-5.64130322221536,1.16720500080146,0,0.371916348638207
1202,JPL,96,DDK5,Caron_2018,replaced,replaced,GravIS,-5.73615358556608,1.09709376688214,0,0.36616274095714
1203,JPL,96,DDK5,Caron_2018,replaced,original,none,-5.64380977400389,1.16469525878196,0,0.372882339864034
1204,JPL,96,DDK5,Caron_2018,replaced,original,GravIS,-5.73866013720091,1.09458402460906,0,0.366987093849084
1205,JPL,96,DDK5,Caron_2018,original,replaced,none,-5.63540514769764,1.1773739575437,0,0.377175982503305
1206,JPL,96,DDK5,Caron_2018,original,replaced,GravIS,-5.730255511023,1.10726272362438,0,0.371585497887948
1207,JPL,96,DDK5,Caron_2018,original,original,none,-5.6379117003073,1.17486421383689,0,0.37806352580687
1208,JPL,96,DDK5,Caron_2018,original,original,GravIS,-5.73276206350433,1.10475297966399,0,0.372333628750251
1209,JPL,96,DDK5,Peltier_ICE6G_D,replaced,replaced,none,-5.67154212950476,1.17504715310896,0,0.371143478687624
1210,JPL,96,DDK5,Peltier_ICE6G_D,replaced,replaced,GravIS,-5.76639249285547,1.10493591918964,0,0.365393281910076
1211,JPL,96,DDK5,Peltier_ICE6G_D,replaced,original,none,-5.67404868129327,1.17253741108946,0,0.372105565932299
1212,JPL,96,DDK5,Peltier_ICE6G_D,replaced,original,GravIS,-5.7688990444903,1.10242617691656,0,0.366215295116887
1213,JPL,96,DDK5,Peltier_ICE6G_D,original,replaced,none,-5.66564405498703,1.1852161098512,0,0.376400534798844
1214,JPL,96,DDK5,Peltier_ICE6G_D,original,replaced,GravIS,-5.76049441831239,1.11510487593188,0,0.370811373216384
1215,JPL,96,DDK5,Peltier_ICE6G_D,original,original,none,-5.6681506075967,1.1827063661444,0,0.377284410892556
1216,JPL,96,DDK5,Peltier_ICE6G_D,original,original,GravIS,-5.76300097079372,1.1125951319715,0,0.371557451360559
1217,JPL,96,DDK7,none,replaced,replaced,none,-6.76398769896183,2.113900064654,2,0.269378007190452
1218,JPL,96,DDK7,none,replaced,replaced,GravIS,-6.8588380622157,2.04378883192648,2,0.269901104436158
1219,JPL,96,DDK7,none,replaced,original,none,-6.76649425279349,2.11139031707175,2,0.270581597064185
1220,JPL,96,DDK7,none,replaced,original,GravIS,-6.86134461604736,2.04127908434422,2,0.271058120015282
1221,JPL,96,DDK7,none,original,replaced,none,-6.75808962296553,2.12406902682715,2,0.272431590182367
1222,JPL,96,DDK7,none,original,replaced,GravIS,-6.85293998621939,2.05395779409962,2,0.273048381544469
1223,JPL,96,DDK7,none,original,original,none,-6.76059617678148,2.12155927923688,2,0.273627951478693
1224,JPL,96,DDK7,none,original,original,GravIS,-6.85544654003535,2.05144804650935,2,0.274198359048058
1225,JPL,96,DDK7,Geruo_ICE5G_VM2,replaced,replaced,none,-6.91895245614546,1.97214470542886,2,0.266113048192638
1226,JPL,96,DDK7,Geruo_ICE5G_VM2,replaced,replaced,GravIS,-7.01380281939933,1.90203347270134,2,0.266000719022884
1227,JPL,96,DDK7,Geruo_ICE5G_VM2,replaced,original,none,-6.92145900997712,1.96963495784661,2,0.267239493780225
1228,JPL,96,DDK7,Geruo_ICE5G_VM2,replaced,original,GravIS,-7.01630937323098,1.89952372511908,2,0.267072256035908
1229,JPL,96,DDK7,Geruo_ICE5G_VM2,original,replaced,none,-6.91305438014915,1.98231366760201,2,0.269262577854559
1230,JPL,96,DDK7,Geruo_ICE5G_VM2,original,replaced,GravIS,-7.00790474340302,1.91220243487448,2,0.269230534630572
1231,JPL,96,DDK7,Geruo_ICE5G_VM2,original,original,none,-6.91556093396511,1.97980392001174,2,0.270381914845718
1232,JPL,96,DDK7,Geruo_ICE5G_VM2,original,original,GravIS,-7.01041129721898,1.90969268728421,2,0.270294953195672
1233,JPL,96,DDK7,Caron_2018,replaced,replaced,none,-6.948495852209,1.9105208425929,2,0.264798979326113
1234,JPL,96,DDK7,Caron_2018,replaced,replaced,GravIS,-7.04334621546286,1.84040960986537,2,0.264467078145186
1235,JPL,96,DDK7,Caron_2018,replaced,original,none,-6.95100240604065,1.90801109501065,2,0.265895930633058
1236,JPL,96,DDK7,Caron_2018,replaced,original,GravIS,-7.04585276929452,1.83789986228312,2,0.265506382900833
1237,JPL,96,DDK7,Caron_2018,original,replaced,none,-6.94259777621269,1.92068980476605,2,0.267976954956926
1238,JPL,96,DDK7,Caron_2018,original,replaced,GravIS,-7.03744813946656,1.85057857203852,2,0.267720229590656
1239,JPL,96,DDK7,Caron_2018,original,original,none,-6.94510433002865,1.91818005717578,2,0.269066778402055
1240,JPL,96,DDK7,Caron_2018,original,original,GravIS,-7.03995469328251,1.84806882444825,2,0.268752313515559
1241,JPL,96,DDK7,Peltier_ICE6G_D,replaced,replaced,none,-6.97873475949839,1.9183629949004,2,0.264658834112228
1242,JPL,96,DDK7,Peltier_ICE6G_D,replaced,replaced,GravIS,-7.07358512275226,1.84825176217288,2,0.264309612455098
1243,JPL,96,DDK7,Peltier_ICE6G_D,replaced,original,none,-6.98124131333004,1.91585324731815,2,0.265752945892449
1244,JPL,96,DDK7,Peltier_ICE6G_D,replaced,original,GravIS,-7.07609167658392,1.84574201459062,2,0.265346019844474
1245,JPL,96,DDK7,Peltier_ICE6G_D,original,replaced,none,-6.97283668350208,1.92853195707355,2,0.267838595712876
1246,JPL,96,DDK7,Peltier_ICE6G_D,original,replaced,GravIS,-7.06768704675595,1.85842072434602,2,0.267563853374709
1247,JPL,96,DDK7,Peltier_ICE6G_D,original,original,none,-6.97534323731804,1.92602220948328,2,0.268925554695414
1248,JPL,96,DDK7,Peltier_ICE6G_D,original,original,GravIS,-7.0701936005719,1.85591097675575,2,0.268593016123602
1249,JPL,96,DDK8,none,replaced,replaced,none,-7.08744690834487,2.34228788158766,2,0.220512185849714
1250,JPL,96,DDK8,none,replaced,replaced,GravIS,-7.18229727262621,2.27217664762071,2,0.22114227075489
1251,JPL,96,DDK8,none,replaced,original,none,-7.08995346262287,2.33977813357963,2,0.221347441468955
1252,JPL,96,DDK8,none,replaced,original,GravIS,-7.18480382690422,2.26966689974463,2,0.221955521294084
1253,JPL,96,DDK8,none,original,replaced,none,-7.08154883273671,2.35245684212822,2,0.222776789944067
1254,JPL,96,DDK8,none,original,replaced,GravIS,-7.17639919701805,2.28234560816127,2,0.223459450796776
1255,JPL,96,DDK8,none,original,original,none,-7.08405538652298,2.34994709372931,2,0.223609428830293
1256,JPL,96,DDK8,none,original,original,GravIS,-7.17890575080432,2.27983585989431,2,0.224270168234824
1257,JPL,96,DDK8,Geruo_ICE5G_VM2,replaced,replaced,none,-7.2424116655285,2.20053252236252,2,0.218041766308055
1258,JPL,96,DDK8,Geruo_ICE5G_VM2,replaced,replaced,GravIS,-7.33726202980984,2.13042128839557,2,0.218309753873376
1259,JPL,96,DDK8,Geruo_ICE5G_VM2,replaced,original,none,-7.24491821980651,2.19802277435449,2,0.218837984908524
1260,JPL,96,DDK8,Geruo_ICE5G_VM2,replaced,original,GravIS,-7.33976858408785,2.12791154051949,2,0.219079919854692
1261,JPL,96,DDK8,Geruo_ICE5G_VM2,original,replaced,none,-7.23651358992034,2.21070148290307,2,0.220360153749626
1262,JPL,96,DDK8,Geruo_ICE5G_VM2,original,replaced,GravIS,-7.33136395420169,2.14059024893613,2,0.2206749250074
1263,JPL,96,DDK8,Geruo_ICE5G_VM2,original,original,none,-7.23902014370661,2.20819173450417,2,0.221153823725919
1264,JPL,96,DDK8,Geruo_ICE5G_VM2,original,original,GravIS,-7.33387050798795,2.13808050066917,2,0.221442556848248
1265,JPL,96,DDK8,Caron_2018,replaced,replaced,none,-7.27195506159203,2.13890865952655,2,0.217029493253355
1266,JPL,96,DDK8,Caron_2018,replaced,replaced,GravIS,-7.36680542587338,2.06879742555961,2,0.217170511086179
1267,JPL,96,DDK8,Caron_2018,replaced,original,none,-7.27446161587004,2.13639891151853,2,0.217810578115347
1268,JPL,96,DDK8,Caron_2018,replaced,original,GravIS,-7.36931198015138,2.06628767768352,2,0.217924224314792
1269,JPL,96,DDK8,Caron_2018,original,replaced,none,-7.26605698598388,2.14907762006711,2,0.219363982984953
1270,JPL,96,DDK8,Caron_2018,original,replaced,GravIS,-7.36090735026522,2.07896638610017,2,0.219549534259769
1271,JPL,96,DDK8,Caron_2018,original,original,none,-7.26856353977015,2.14656787166821,2,0.220142526478633
1272,JPL,96,DDK8,Caron_2018,original,original,GravIS,-7.36341390405149,2.07645663783321,2,0.220300692060462
1273,JPL,96,DDK8,Peltier_ICE6G_D,replaced,replaced,none,-7.30219396888143,2.14675081183406,2,0.217002637441545
1274,JPL,96,DDK8,Peltier_ICE6G_D,replaced,replaced,GravIS,-7.39704433316277,2.07663957786711,2,0.217134288373725
1275,JPL,96,DDK8,Peltier_ICE6G_D,replaced,original,none,-7.30470052315943,2.14424106382603,2,0.21778267916667
1276,JPL,96,DDK8,Peltier_ICE6G_D,replaced,original,GravIS,-7.39955088744078,2.07412982999103,2,0.217886848764148
1277,JPL,96,DDK8,Peltier_ICE6G_D,original,replaced,none,-7.29629589327327,2.15691977237461,2,0.219338585755627
1278,JPL,96,DDK8,Peltier_ICE6G_D,original,replaced,GravIS,-7.39114625755461,2.08680853840767,2,0.219514510011711
1279,JPL,96,DDK8,Peltier_ICE6G_D,original,original,none,-7.29880244705954,2.15441002397571,2,0.220116072595946
1280,JPL,96,DDK8,Peltier_ICE6G_D,original,original,GravIS,-7.39365281134088,2.08429879014071,2,0.220264500990658
1281,GFZ,60,G300,none,replaced,replaced,none,-3.1187145632277,0.159797264523464,1,0.322082459928998
1282,GFZ,60,G300,none,replaced,replaced,GravIS,-3.21389784690683,0.089051504627734,1,0.310521399629323
1283,GFZ,60,G300,none,replaced,original,none,-3.12309315565376,0.155413092715095,1,0.320637875692386
1284,GFZ,60,G300,none,replaced,original,GravIS,-3.21827643933289,0.084667332819365,1,0.308850843169894
1285,GFZ,60,G300,none,original,replaced,none,-3.09174366925606,0.206298188726377,1,0.334389605530715
1286,GFZ,60,G300,none,original,replaced,GravIS,-3.18692695293519,0.13555242881982,1,0.323868014038541
1287,GFZ,60,G300,none,original,original,none,-3.09612226229884,0.201914017634158,1,0.333345350543961
1288,GFZ,60,G300,none,original,original,GravIS,-3.19130554597798,0.131168257738428,1,0.32251787408365
1289,GFZ,60,G300,Geruo_ICE5G_VM2,replaced,replaced,none,-3.27367851305882,0.0180426440448336,1,0.297784753046663
1290,GFZ,60,G300,Geruo_ICE5G_VM2,replaced,replaced,GravIS,-3.36886179673796,-0.0527031158508963,1,0.285324403811532
1291,GFZ,60,G300,Geruo_ICE5G_VM2,replaced,original,none,-3.27805710548489,0.0136584722364647,1,0.296054064705952
1292,GFZ,60,G300,Geruo_ICE5G_VM2,replaced,original,GravIS,-3.37324038916402,-0.0570872876592653,1,0.283485130239011
1293,GFZ,60,G300,Geruo_ICE5G_VM2,original,replaced,none,-3.24670761908718,0.0645435682477466,1,0.311544853565424
1294,GFZ,60,G300,Geruo_ICE5G_VM2,original,replaced,GravIS,-3.34189090276632,-0.0062021916588106,1,0.299550510010538
1295,GFZ,60,G300,Geruo_ICE5G_VM2,original,original,none,-3.25108621212997,0.0601593971555275,1,0.310092507159995
1296,GFZ,60,G300,Geruo_ICE5G_VM2,original,original,GravIS,-3.34626949580911,-0.0105863627402025,1,0.297911882942719
1297,GFZ,60,G300,Caron_2018,replaced,replaced,none,-3.30322175493245,-0.0435808974804178,1,0.289111387490685
1298,GFZ,60,G300,Caron_2018,replaced,replaced,GravIS,-3.39840503861158,-0.114326657376148,1,0.276552989122383
1299,GFZ,60,G300,Caron_2018,replaced,original,none,-3.30760034735851,-0.0479650692887866,1,0.287323074611099
1300,GFZ,60,G300,Caron_2018,replaced,original,GravIS,-3.40278363103764,-0.118710829184516,1,0.274691912523932
1301,GFZ,60,G300,Caron_2018,original,replaced,none,-3.27625086096081,0.00292002672249513,1,0.303180573838096
1302,GFZ,60,G300,Caron_2018,original,replaced,GravIS,-3.37143414463994,-0.067825733184062,1,0.290902388404626
1303,GFZ,60,G300,Caron_2018,original,original,none,-3.2806294540036,-0.00146414436972398,1,0.301628770978124
1304,GFZ,60,G300,Caron_2018,original,original,GravIS,-3.37581273768273,-0.0722099042654539,1,0.289203559825052
1305,GFZ,60,G300,Peltier_ICE6G_D,replaced,replaced,none,-3.33346050477632,-0.0357387859926567,1,0.288300741101882
1306,GFZ,60,G300,Peltier_ICE6G_D,replaced,replaced,GravIS,-3.42864378845545,-0.106484545888387,1,0.275759394162938
1307,GFZ,60,G300,Peltier_ICE6G_D,replaced,original,none,-3.33783909720238,-0.0401229578010256,1,0.286509693863623
1308,GFZ,60,G300,Peltier_ICE6G_D,replaced,original,GravIS,-3.43302238088152,-0.110868717696756,1,0.273897839748678
1309,GFZ,60,G300,Peltier_ICE6G_D,original,replaced,none,-3.30648961080468,0.0107621382102562,1,0.3023707446515
1310,GFZ,60,G300,Peltier_ICE6G_D,original,replaced,GravIS,-3.40167289448382,-0.0599836216963009,1,0.290098950116255
1311,GFZ,60,G300,Peltier_ICE6G_D,original,original,none,-3.31086820384747,0.0063779671180371,1,0.300812550794737
1312,GFZ,60,G300,Peltier_ICE6G_D,original,original,GravIS,-3.4060514875266,-0.0643677927776929,1,0.288396807811186
1313,GFZ,60,G400,none,replaced,replaced,none,-2.0533279602344,-0.127899767738001,1,0.312090094540515
1314,GFZ,60,G400,none,replaced,replaced,GravIS,-2.14839270954315,-0.198557423684476,3,0.293747801666609
1315,GFZ,60,G400,none,replaced,original,none,-2.0576739389188,-0.13225128238996,1,0.309099791791938
1316,GFZ,60,G400,none,replaced,original,GravIS,-2.15273868822755,-0.202908938336436,3,0.290760641068511
1317,GFZ,60,G400,none,original,replaced,none,-2.02645770826618,-0.0815723599263182,1,0.331170506083422
1318,GFZ,60,G400,none,original,replaced,GravIS,-2.12152245757493,-0.152230015872794,1,0.313226595466752
1319,GFZ,60,G400,none,original,original,none,-2.0308036845744,-0.0859238749359834,1,0.328574703952374
1320,GFZ,60,G400,none,original,original,GravIS,-2.12586843388315,-0.156581530667206,1,0.310459281624544
1321,GFZ,60,G400,Geruo_ICE5G_VM2,replaced,replaced,none,-2.20829191006553,-0.269654388216631,3,0.27606795444572
1322,GFZ,60,G400,Geruo_ICE5G_VM2,replaced,replaced,GravIS,-2.30335665937428,-0.340312044163107,3,0.25888229755569
1323,GFZ,60,G400,Geruo_ICE5G_VM2,replaced,original,none,-2.21263788874993,-0.27400590286859,3,0.27317761398768
1324,GFZ,60,G400,Geruo_ICE5G_VM2,replaced,original,GravIS,-2.30770263805868,-0.344663558815066,3,0.256144501428198
1325,GFZ,60,G400,Geruo_ICE5G_VM2,original,replaced,none,-2.18142165809731,-0.223326980404949,3,0.295511414710664
1326,GFZ,60,G400,Geruo_ICE5G_VM2,original,replaced,GravIS,-2.27648640740606,-0.293984636351424,3,0.277766135115467
1327,GFZ,60,G400,Geruo_ICE5G_VM2,original,original,none,-2.18576763440553,-0.227678495414613,3,0.292757298299562
1328,GFZ,60,G400,Geruo_ICE5G_VM2,original,original,GravIS,-2.28083238371428,-0.298336151145836,3,0.275053691427023
1329,GFZ,60,G400,Caron_2018,replaced,replaced,none,-2.23783515193915,-0.331277929741882,3,0.264156028005416
1330,GFZ,60,G400,Caron_2018,replaced,replaced,GravIS,-2.3328999012479,-0.401935585688358,3,0.247638713147256
1331,GFZ,60,G400,Caron_2018,replaced,original,none,-2.24218113062355,-0.335629444393842,3,0.261362249183676
1332,GFZ,60,G400,Caron_2018,replaced,original,GravIS,-2.3372458799323,-0.406287100340318,3,0.245024511346401
1333,GFZ,60,G400,Caron_2018,original,replaced,none,-2.21096489997093,-0.2849505219302,3,0.283343793607669
1334,GFZ,60,G400,Caron_2018,original,replaced,GravIS,-2.30602964927969,-0.355608177876676,3,0.266053988036355
1335,GFZ,60,G400,Caron_2018,original,original,none,-2.21531087627915,-0.289302036939865,3,0.280620265411691
1336,GFZ,60,G400,Caron_2018,original,original,GravIS,-2.3103756255879,-0.359959692671088,3,0.263420224684959
1337,GFZ,60,G400,Peltier_ICE6G_D,replaced,replaced,none,-2.26807390178303,-0.323435818254122,3,0.262973344710144
1338,GFZ,60,G400,Peltier_ICE6G_D,replaced,replaced,GravIS,-2.36313865109178,-0.394093474200597,3,0.246517344545348
1339,GFZ,60,G400,Peltier_ICE6G_D,replaced,original,none,-2.27241988046742,-0.327787332906081,3,0.260184825962666
1340,GFZ,60,G400,Peltier_ICE6G_D,replaced,original,GravIS,-2.36748462977618,-0.398444988852556,3,0.243910557794418
1341,GFZ,60,G400,Peltier_ICE6G_D,original,replaced,none,-2.24120364981481,-0.277108410442439,3,0.28213893507259
1342,GFZ,60,G400,Peltier_ICE6G_D,original,replaced,GravIS,-2.33626839912356,-0.347766066388915,3,0.264892837641506
1343,GFZ,60,G400,Peltier_ICE6G_D,original,original,none,-2.24554962612302,-0.281459925452104,3,0.279414424665023
1344,GFZ,60,G400,Peltier_ICE6G_D,original,original,GravIS,-2.34061437543178,-0.352117581183327,3,0.262262204946794
1345,GFZ,60,G500,none,replaced,replaced,none,-1.37596611248551,-0.204079930096704,3,0.295059454692573
1346,GFZ,60,G500,none,replaced,replaced,GravIS,-1.47087850100297,-0.274624346766512,3,0.273215919574792
1347,GFZ,60,G500,none,replaced,original,none,-1.38027046749628,-0.208389768485073,3,0.29135485483175
1348,GFZ,60,G500,none,replaced,original,GravIS,-1.47518285601374,-0.278934185154881,3,0.269719417341818
1349,GFZ,60,G500,none,original,replaced,none,-1.34922484248642,-0.157974902648397,1,0.318708235069935
1350,GFZ,60,G500,none,original,replaced,GravIS,-1.44413723100388,-0.228519319318205,3,0.296543659307196
1351,GFZ,60,G500,none,original,original,none,-1.35352919760209,-0.16228474118607,1,0.3153433471376
1352,GFZ,60,G500,none,original,original,GravIS,-1.44844158611955,-0.232829157855879,3,0.293147124491428
1353,GFZ,60,G500,Geruo_ICE5G_VM2,replaced,replaced,none,-1.53093006231664,-0.345834550575335,3,0.252192917074839
1354,GFZ,60,G500,Geruo_ICE5G_VM2,replaced,replaced,GravIS,-1.6258424508341,-0.416378967245142,3,0.233306605326747
1355,GFZ,60,G500,Geruo_ICE5G_VM2,replaced,original,none,-1.53523441732741,-0.350144388963703,3,0.248950523004902
1356,GFZ,60,G500,Geruo_ICE5G_VM2,replaced,original,GravIS,-1.63014680584487,-0.420688805633511,3,0.23038828677957
1357,GFZ,60,G500,Geruo_ICE5G_VM2,original,replaced,none,-1.50418879231755,-0.299729523127027,3,0.274942891698883
1358,GFZ,60,G500,Geruo_ICE5G_VM2,original,replaced,GravIS,-1.59910118083501,-0.370273939796835,3,0.254634101671757
1359,GFZ,60,G500,Geruo_ICE5G_VM2,original,original,none,-1.50849314743322,-0.304039361664701,3,0.271692357246048
1360,GFZ,60,G500,Geruo_ICE5G_VM2,original,original,GravIS,-1.60340553595068,-0.374583778334509,3,0.251599689096667
1361,GFZ,60,G500,Caron_2018,replaced,replaced,none,-1.56047330419026,-0.407458092100586,3,0.238794086890392
1362,GFZ,60,G500,Caron_2018,replaced,replaced,GravIS,-1.65538569270772,-0.478002508770394,3,0.221117615650584
1363,GFZ,60,G500,Caron_2018,replaced,original,none,-1.56477765920103,-0.411767930488955,3,0.235763850682593
1364,GFZ,60,G500,Caron_2018,replaced,original,GravIS,-1.65969004771849,-0.482312347158763,3,0.218413948560248
1365,GFZ,60,G500,Caron_2018,original,replaced,none,-1.53373203419117,-0.361353064652278,3,0.260767586288535
1366,GFZ,60,G500,Caron_2018,original,replaced,GravIS,-1.62864442270863,-0.431897481322087,3,0.241515380659444
1367,GFZ,60,G500,Caron_2018,original,original,none,-1.53803638930684,-0.365662903189952,3,0.257661766581417
1368,GFZ,60,G500,Caron_2018,original,original,GravIS,-1.6329487778243,-0.43620731985976,3,0.238660514733635
1369,GFZ,60,G500,Peltier_ICE6G_D,replaced,replaced,none,-1.59071205403413,-0.399615980612825,3,0.237303149958818
1370,GFZ,60,G500,Peltier_ICE6G_D,replaced,replaced,GravIS,-1.6856244425516,-0.470160397282634,3,0.219739455656651
1371,GFZ,60,G500,Peltier_ICE6G_D,replaced,original,none,-1.5950164090449,-0.403925819001193,3,0.234286472106464
1372,GFZ,60,G500,Peltier_ICE6G_D,replaced,original,GravIS,-1.68992879756236,-0.474470235671002,3,0.217050921164248
1373,GFZ,60,G500,Peltier_ICE6G_D,original,replaced,none,-1.56397078403505,-0.353510953164517,3,0.259217236894925
1374,GFZ,60,G500,Peltier_ICE6G_D,original,replaced,GravIS,-1.65888317255251,-0.424055369834326,3,0.240054841803834
1375,GFZ,60,G500,Peltier_ICE6G_D,original,original,none,-1.56827513915072,-0.357820791702191,3,0.256115848025812
1376,GFZ,60,G500,Peltier_ICE6G_D,original,original,GravIS,-1.66318752766818,-0.428365208372,3,0.237209783788655
1377,GFZ,60,Swenson_G300,none,replaced,replaced,none,-2.04497785128843,0.49599786687768,0,0.405679269760492
1378,GFZ,60,Swenson_G300,none,replaced,replaced,GravIS,-2.14016113604224,0.425252105682531,0,0.385372333700273
1379,GFZ,60,Swenson_G300,none,replaced,original,none,-2.04935644371449,0.491613695069311,0,0.402226196985756
1380,GFZ,60,Swenson_G300,none,replaced,original,GravIS,-2.14453972846831,0.420867933874162,0,0.381641514192733
1381,GFZ,60,Swenson_G300,none,original,replaced,none,-2.01800695731679,0.542498791080592,0,0.42430014467117
1382,GFZ,60,Swenson_G300,none,original,replaced,GravIS,-2.11319024207061,0.471753029874617,0,0.406123773120771
1383,GFZ,60,Swenson_G300,none,original,original,none,-2.02238555035958,0.538114619988373,0,0.421630831928269
1384,GFZ,60,Swenson_G300,none,original,original,GravIS,-2.1175688351134,0.467368858793224,0,0.403026147577528
1385,GFZ,60,Swenson_G300,Geruo_ICE5G_VM2,replaced,replaced,none,-2.19994180111956,0.354243246399049,0,0.366956896869246
1386,GFZ,60,Swenson_G300,Geruo_ICE5G_VM2,replaced,replaced,GravIS,-2.29512508587338,0.2834974852039,0,0.34511882001595
1387,GFZ,60,Swenson_G300,Geruo_ICE5G_VM2,replaced,original,none,-2.20432039354562,0.34985907459068,0,0.363216608977045
1388,GFZ,60,Swenson_G300,Geruo_ICE5G_VM2,replaced,original,GravIS,-2.29950367829944,0.279113313395531,0,0.341291453599869
1389,GFZ,60,Swenson_G300,Geruo_ICE5G_VM2,original,replaced,none,-2.17297090714792,0.400744170601963,0,0.388502381408402
1390,GFZ,60,Swenson_G300,Geruo_ICE5G_VM2,original,replaced,GravIS,-2.26815419190174,0.329998409395986,0,0.367765638331587
1391,GFZ,60,Swenson_G300,Geruo_ICE5G_VM2,original,original,none,-2.17734950019071,0.396359999509743,0,0.385325999065299
1392,GFZ,60,Swenson_G300,Geruo_ICE5G_VM2,original,original,GravIS,-2.27253278494453,0.325614238314594,0,0.364332067073395
1393,GFZ,60,Swenson_G300,Caron_2018,replaced,replaced,none,-2.22948504299318,0.292619704873798,0,0.353254788510195
1394,GFZ,60,Swenson_G300,Caron_2018,replaced,replaced,GravIS,-2.324668327747,0.221873943678649,0,0.331161509030484
1395,GFZ,60,Swenson_G300,Caron_2018,replaced,original,none,-2.23386363541924,0.288235533065429,0,0.349449658557621
1396,GFZ,60,Swenson_G300,Caron_2018,replaced,original,GravIS,-2.32904692017306,0.21748977187028,0,0.327340138494154
1397,GFZ,60,Swenson_G300,Caron_2018,original,replaced,none,-2.20251414902154,0.339120629076711,0,0.375604462187172
1398,GFZ,60,Swenson_G300,Caron_2018,original,replaced,GravIS,-2.29769743377536,0.268374867870735,0,0.354208789484366
1399,GFZ,60,Swenson_G300,Caron_2018,original,original,none,-2.20689274206433,0.334736457984492,0,0.372277840692816
1400,GFZ,60,Swenson_G300,Caron_2018,original,original,GravIS,-2.30207602681815,0.263990696789343,0,0.350692786657461
1401,GFZ,60,Swenson_G300,Peltier_ICE6G_D,replaced,replaced,none,-2.25972379283705,0.300461816361559,0,0.351765537409458
1402,GFZ,60,Swenson_G300,Peltier_ICE6G_D,replaced,replaced,GravIS,-2.35490707759087,0.22971605516641,0,0.329861924110452
1403,GFZ,60,Swenson_G300,Peltier_ICE6G_D,replaced,original,none,-2.26410238526311,0.29607764455319,0,0.347997171246722
1404,GFZ,60,Swenson_G300,Peltier_ICE6G_D,replaced,original,GravIS,-2.35928567001693,0.225331883358041,0,0.3260734373235
1405,GFZ,60,Swenson_G300,Peltier_ICE6G_D,original,replaced,none,-2.23275289886542,0.346962740564472,0,0.373961360067872
1406,GFZ,60,Swenson_G300,Peltier_ICE6G_D,original,replaced,GravIS,-2.32793618361923,0.276216979358496,0,0.35275720854648
1407,GFZ,60,Swenson_G300,Peltier_ICE6G_D,original,original,none,-2.2371314919082,0.342578569472253,0,0.37066806735763
1408,GFZ,60,Swenson_G300,Peltier_ICE6G_D,original,original,GravIS,-2.33231477666202,0.271832808277104,0,0.349273913575899
1409,GFZ,60,Swenson_G500,none,replaced,replaced,none,-1.04150334854519,-0.0202693517787802,1,0.331953192755867
1410,GFZ,60,Swenson_G500,none,replaced,replaced,GravIS,-1.13641573687284,-0.0908137695790429,3,0.299002768673267
1411,GFZ,60,Swenson_G500,none,replaced,original,none,-1.04580770355595,-0.0245791901671487,1,0.325386261798088
1412,GFZ,60,Swenson_G500,none,replaced,original,GravIS,-1.1407200918836,-0.0951236079674114,3,0.293170673750896
1413,GFZ,60,Swenson_G500,none,original,replaced,none,-1.0147620785461,0.0258356756695273,1,0.365934971550024
1414,GFZ,60,Swenson_G500,none,original,replaced,GravIS,-1.10967446687375,-0.0447087421307354,1,0.332373633733559
1415,GFZ,60,Swenson_G500,none,original,original,none,-1.01906643366177,0.0215258371318538,1,0.359841854841312
1416,GFZ,60,Swenson_G500,none,original,original,GravIS,-1.11397882198942,-0.0490185806684089,1,0.326489190853549
1417,GFZ,60,Swenson_G500,Geruo_ICE5G_VM2,replaced,replaced,none,-1.19646729837632,-0.16202397225741,3,0.27062765999136
1418,GFZ,60,Swenson_G500,Geruo_ICE5G_VM2,replaced,replaced,GravIS,-1.29137968670396,-0.232568390057673,3,0.243907092098161
1419,GFZ,60,Swenson_G500,Geruo_ICE5G_VM2,replaced,original,none,-1.20077165338708,-0.166333810645779,3,0.265415974468844
1420,GFZ,60,Swenson_G500,Geruo_ICE5G_VM2,replaced,original,GravIS,-1.29568404171473,-0.236878228446042,3,0.239505087520546
1421,GFZ,60,Swenson_G500,Geruo_ICE5G_VM2,original,replaced,none,-1.16972602837723,-0.115918944809103,3,0.302685954050989
1422,GFZ,60,Swenson_G500,Geruo_ICE5G_VM2,original,replaced,GravIS,-1.26463841670488,-0.186463362609366,3,0.273046829062407
1423,GFZ,60,Swenson_G500,Geruo_ICE5G_VM2,original,original,none,-1.1740303834929,-0.120228783346776,3,0.297232202281567
1424,GFZ,60,Swenson_G500,Geruo_ICE5G_VM2,original,original,GravIS,-1.26894277182055,-0.190773201147039,3,0.268233907546953
1425,GFZ,60,Swenson_G500,Caron_2018,replaced,replaced,none,-1.22601054024994,-0.223647513782662,3,0.251979221692453
1426,GFZ,60,Swenson_G500,Caron_2018,replaced,replaced,GravIS,-1.32092292857759,-0.294191931582925,3,0.227599459318858
1427,GFZ,60,Swenson_G500,Caron_2018,replaced,original,none,-1.2303148952607,-0.22795735217103,3,0.247273332588414
1428,GFZ,60,Swenson_G500,Caron_2018,replaced,original,GravIS,-1.32522728358835,-0.298501769971293,3,0.223659413404502
1429,GFZ,60,Swenson_G500,Caron_2018,original,replaced,none,-1.19926927025085,-0.177542486334354,3,0.282515797126845
1430,GFZ,60,Swenson_G500,Caron_2018,original,replaced,GravIS,-1.2941816585785,-0.248086904134617,3,0.254939804122292
1431,GFZ,60,Swenson_G500,Caron_2018,original,original,none,-1.20357362536652,-0.181852324872028,3,0.277444967383253
1432,GFZ,60,Swenson_G500,Caron_2018,original,original,GravIS,-1.29848601369417,-0.252396742672291,3,0.250549510383221
1433,GFZ,60,Swenson_G500,Peltier_ICE6G_D,replaced,replaced,none,-1.25624929009381,-0.215805402294901,3,0.2502150481792
1434,GFZ,60,Swenson_G500,Peltier_ICE6G_D,replaced,replaced,GravIS,-1.35116167842146,-0.286349820095163,3,0.226065183834689
1435,GFZ,60,Swenson_G500,Peltier_ICE6G_D,replaced,original,none,-1.26055364510458,-0.220115240683269,3,0.24554863545592
1436,GFZ,60,Swenson_G500,Peltier_ICE6G_D,replaced,original,GravIS,-1.35546603343223,-0.290659658483532,3,0.222155793094776
1437,GFZ,60,Swenson_G500,Peltier_ICE6G_D,original,replaced,none,-1.22950802009472,-0.169700374846593,3,0.280527651539004
1438,GFZ,60,Swenson_G500,Peltier_ICE6G_D,original,replaced,GravIS,-1.32442040842237,-0.240244792646856,3,0.253211605791759
1439,GFZ,60,Swenson_G500,Peltier_ICE6G_D,original,original,none,-1.23381237521039,-0.174010213384267,3,0.275497976471736
1440,GFZ,60,Swenson_G500,Peltier_ICE6G_D,original,original,GravIS,-1.32872476353804,-0.244554631184529,3,0.248854872963994
1441,GFZ,60,DDK2,none,replaced,replaced,none,-2.23906247557793,0.205857802334103,0,0.34286872089634
1442,GFZ,60,DDK2,none,replaced,replaced,GravIS,-2.334398220545,0.134998729114281,1,0.323574924593036
1443,GFZ,60,DDK2,none,replaced,original,none,-2.2434827247947,0.201431969505618,0,0.339585320839745
1444,GFZ,60,DDK2,none,replaced,original,GravIS,-2.33881846917065,0.130572897568413,1,0.320335471950471
1445,GFZ,60,DDK2,none,original,replaced,none,-2.21196241848849,0.252580684420165,0,0.362624819246761
1446,GFZ,60,DDK2,none,original,replaced,GravIS,-2.30729816446728,0.18172161059503,0,0.343497765032929
1447,GFZ,60,DDK2,none,original,original,none,-2.21638266938662,0.248154851739113,0,0.359630432181374
1448,GFZ,60,DDK2,none,original,original,GravIS,-2.31171841508969,0.177295777718894,0,0.340423234050631
1449,GFZ,60,DDK2,Geruo_ICE5G_VM2,replaced,replaced,none,-2.39402642540906,0.0641031818554728,1,0.307088134665804
1450,GFZ,60,DDK2,Geruo_ICE5G_VM2,replaced,replaced,GravIS,-2.48936217037613,-0.00675589136434974,1,0.288945853804655
1451,GFZ,60,DDK2,Geruo_ICE5G_VM2,replaced,original,none,-2.39844667462583,0.0596773490269875,1,0.303945497515361
1452,GFZ,60,DDK2,Geruo_ICE5G_VM2,replaced,original,GravIS,-2.49378241900178,-0.0111817229102169,1,0.285952625886434
1453,GFZ,60,DDK2,Geruo_ICE5G_VM2,original,replaced,none,-2.36692636831962,0.110826063941535,1,0.326908702691989
1454,GFZ,60,DDK2,Geruo_ICE5G_VM2,original,replaced,GravIS,-2.46226211429841,0.0399669901163997,1,0.308245190399403
1455,GFZ,60,DDK2,Geruo_ICE5G_VM2,original,original,none,-2.37134661921775,0.106400231260483,1,0.323875986660055
1456,GFZ,60,DDK2,Geruo_ICE5G_VM2,original,original,GravIS,-2.46668236492082,0.0355411572402633,1,0.305268857513428
1457,GFZ,60,DDK2,Caron_2018,replaced,replaced,none,-2.42356966728268,0.00247964033022154,1,0.295223938530136
1458,GFZ,60,DDK2,Caron_2018,replaced,replaced,GravIS,-2.51890541224975,-0.0683794328896012,1,0.277650145463072
1459,GFZ,60,DDK2,Caron_2018,replaced,original,none,-2.42798991649945,-0.00194619249826386,1,0.292165100569088
1460,GFZ,60,DDK2,Caron_2018,replaced,original,GravIS,-2.5233256608754,-0.0728052644354681,1,0.274766346564113
1461,GFZ,60,DDK2,Caron_2018,original,replaced,none,-2.39646961019324,0.0492025224162836,1,0.314843038395498
1462,GFZ,60,DDK2,Caron_2018,original,replaced,GravIS,-2.49180535617203,-0.0216565514088518,1,0.296559225896361
1463,GFZ,60,DDK2,Caron_2018,original,original,none,-2.40088986109137,0.0447766897352315,1,0.311840663381937
1464,GFZ,60,DDK2,Caron_2018,original,original,GravIS,-2.49622560679444,-0.026082384284988,1,0.293651701135024
1465,GFZ,60,DDK2,Peltier_ICE6G_D,replaced,replaced,none,-2.45380841712656,0.0103217518179825,1,0.294174454334302
1466,GFZ,60,DDK2,Peltier_ICE6G_D,replaced,replaced,GravIS,-2.54914416209362,-0.0605373214018401,1,0.276685567604927
1467,GFZ,60,DDK2,Peltier_ICE6G_D,replaced,original,none,-2.45822866634332,0.00589591898949712,1,0.291128788218556
1468,GFZ,60,DDK2,Peltier_ICE6G_D,replaced,original,GravIS,-2.55356441071928,-0.064963152947707,1,0.273813550415317
1469,GFZ,60,DDK2,Peltier_ICE6G_D,original,replaced,none,-2.42670836003712,0.0570446339040446,1,0.313718846243992
1470,GFZ,60,DDK2,Peltier_ICE6G_D,original,replaced,GravIS,-2.5220441060159,-0.0138144399210906,1,0.295523705800533
1471,GFZ,60,DDK2,Peltier_ICE6G_D,original,original,none,-2.43112861093525,0.0526188012229925,1,0.310728979197
1472,GFZ,60,DDK2,Peltier_ICE6G_D,original,original,GravIS,-2.52646435663831,-0.0182402727972271,1,0.292627907535595
1473,GFZ,60,DDK3,none,replaced,replaced,none,-3.93206892476057,0.642035169773235,0,0.398980888052455
1474,GFZ,60,DDK3,none,replaced,replaced,GravIS,-4.02740466620341,0.571176092960941,0,0.387152791566092
1475,GFZ,60,DDK3,none,replaced,original,none,-3.93648970712886,0.637608760631351,0,0.397097574148543
1476,GFZ,60,DDK3,none,replaced,original,GravIS,-4.03182544798961,0.566749684872608,0,0.385057180410215
1477,GFZ,60,DDK3,none,original,replaced,none,-3.90496828750524,0.688759710141711,0,0.410558364295835
1478,GFZ,60,DDK3,none,original,replaced,GravIS,-4.00030402957811,0.617900636060775,0,0.399966691079376
1479,GFZ,60,DDK3,none,original,original,none,-3.90938906973021,0.684333302226318,0,0.409086816518871
1480,GFZ,60,DDK3,none,original,original,GravIS,-4.00472481167867,0.613474226478757,0,0.398234597134014
1481,GFZ,60,DDK3,Geruo_ICE5G_VM2,replaced,replaced,none,-4.0870328745917,0.500280549294604,0,0.37599577093335
1482,GFZ,60,DDK3,Geruo_ICE5G_VM2,replaced,replaced,GravIS,-4.18236861603454,0.42942147248231,0,0.362723409989001
1483,GFZ,60,DDK3,Geruo_ICE5G_VM2,replaced,original,none,-4.09145365695999,0.495854140152721,0,0.373839041144315
1484,GFZ,60,DDK3,Geruo_ICE5G_VM2,replaced,original,GravIS,-4.18678939782074,0.424995064393978,0,0.360423887917276
1485,GFZ,60,DDK3,Geruo_ICE5G_VM2,original,replaced,none,-4.05993223733637,0.547005089663081,0,0.389384290811447
1486,GFZ,60,DDK3,Geruo_ICE5G_VM2,original,replaced,GravIS,-4.15526797940924,0.476146015582145,0,0.376993208631304
1487,GFZ,60,DDK3,Geruo_ICE5G_VM2,original,original,none,-4.06435301956133,0.542578681747688,0,0.387569186632404
1488,GFZ,60,DDK3,Geruo_ICE5G_VM2,original,original,GravIS,-4.1596887615098,0.471719606000127,0,0.374978753043332
1489,GFZ,60,DDK3,Caron_2018,replaced,replaced,none,-4.11657611646532,0.438657007769353,0,0.367723031372185
1490,GFZ,60,DDK3,Caron_2018,replaced,replaced,GravIS,-4.21191185790816,0.367797930957059,0,0.354047282980899
1491,GFZ,60,DDK3,Caron_2018,replaced,original,none,-4.12099689883361,0.434230598627469,0,0.365484317174336
1492,GFZ,60,DDK3,Caron_2018,replaced,original,GravIS,-4.21633263969436,0.363371522868726,0,0.35169116665253
1493,GFZ,60,DDK3,Caron_2018,original,replaced,none,-4.08947547920999,0.485381548137829,0,0.381665310217047
1494,GFZ,60,DDK3,Caron_2018,original,replaced,GravIS,-4.18481122128286,0.414522474056894,0,0.368735076612178
1495,GFZ,60,DDK3,Caron_2018,original,original,none,-4.09389626143496,0.480955140222437,0,0.379741724529303
1496,GFZ,60,DDK3,Caron_2018,original,original,GravIS,-4.18923200338343,0.410096064474876,0,0.366634943162674
1497,GFZ,60,DDK3,Peltier_ICE6G_D,replaced,replaced,none,-4.14681486630919,0.446499119257114,0,0.366763313267919
1498,GFZ,60,DDK3,Peltier_ICE6G_D,replaced,replaced,GravIS,-4.24215060775203,0.37564004244482,0,0.35314213364918
1499,GFZ,60,DDK3,Peltier_ICE6G_D,replaced,original,none,-4.15123564867749,0.44207271011523,0,0.364534502800395
1500,GFZ,60,DDK3,Peltier_ICE6G_D,replaced,original,GravIS,-4.24657138953823,0.371213634356487,0,0.350796823456546
1501,GFZ,60,DDK3,Peltier_ICE6G_D,original,replaced,none,-4.11971422905386,0.49322365962559,0,0.38067627315835
1502,GFZ,60,DDK3,Peltier_ICE6G_D,original,replaced,GravIS,-4.21504997112674,0.422364585544655,0,0.36779208456162
1503,GFZ,60,DDK3,Peltier_ICE6G_D,original,original,none,-4.12413501127883,0.488797251710197,0,0.378759658488507
1504,GFZ,60,DDK3,Peltier_ICE6G_D,original,original,GravIS,-4.2194707532273,0.417938175962637,0,0.365700706212268
1505,GFZ,60,DDK5,none,replaced,replaced,none,-5.35024351699168,1.39164988976632,0,0.401221035643761
1506,GFZ,60,DDK5,none,replaced,replaced,GravIS,-5.44557926097291,1.32079081275627,0,0.396784870741224
1507,GFZ,60,DDK5,none,replaced,original,none,-5.35466435240941,1.38722342141286,0,0.400943584063843
1508,GFZ,60,DDK5,none,replaced,original,GravIS,-5.45000009639071,1.31636434479762,0,0.396282884608454
1509,GFZ,60,DDK5,none,original,replaced,none,-5.32314281763236,1.43837460047475,0,0.406399495746022
1510,GFZ,60,DDK5,none,original,replaced,GravIS,-5.4184785617708,1.36751552325065,0,0.403012812956301
1511,GFZ,60,DDK5,none,original,original,none,-5.32756365286035,1.43394813053457,0,0.406424506501308
1512,GFZ,60,DDK5,none,original,original,GravIS,-5.42289939680224,1.36308905400181,0,0.402805582075158
1513,GFZ,60,DDK5,Geruo_ICE5G_VM2,replaced,replaced,none,-5.50520746682281,1.24989526928769,0,0.390037440926135
1514,GFZ,60,DDK5,Geruo_ICE5G_VM2,replaced,replaced,GravIS,-5.60054321080404,1.17903619227764,0,0.383984475907137
1515,GFZ,60,DDK5,Geruo_ICE5G_VM2,replaced,original,none,-5.50962830224055,1.24546880093423,0,0.38945385914632
1516,GFZ,60,DDK5,Geruo_ICE5G_VM2,replaced,original,GravIS,-5.60496404622185,1.17460972431898,0,0.383196732609857
1517,GFZ,60,DDK5,Geruo_ICE5G_VM2,original,replaced,none,-5.47810676746349,1.29661997999611,0,0.396775283893744
1518,GFZ,60,DDK5,Geruo_ICE5G_VM2,original,replaced,GravIS,-5.57344251160193,1.22576090277202,0,0.39168814161347
1519,GFZ,60,DDK5,Geruo_ICE5G_VM2,original,original,none,-5.48252760269148,1.29219351005594,0,0.396482608207465
1520,GFZ,60,DDK5,Geruo_ICE5G_VM2,original,original,GravIS,-5.57786334663337,1.22133443352318,0,0.391178364433314
1521,GFZ,60,DDK5,Caron_2018,replaced,replaced,none,-5.53475070869643,1.18827172776244,0,0.385896611135906
1522,GFZ,60,DDK5,Caron_2018,replaced,replaced,GravIS,-5.63008645267766,1.11741265075239,0,0.379309091959449
1523,GFZ,60,DDK5,Caron_2018,replaced,original,none,-5.53917154411417,1.18384525940897,0,0.385209981172313
1524,GFZ,60,DDK5,Caron_2018,replaced,original,GravIS,-5.63450728809546,1.11298618279373,0,0.378425038929685
1525,GFZ,60,DDK5,Caron_2018,original,replaced,none,-5.5076500093371,1.23499643847086,0,0.39316352851248
1526,GFZ,60,DDK5,Caron_2018,original,replaced,GravIS,-5.60298575347555,1.16413736124677,0,0.387510124269866
1527,GFZ,60,DDK5,Caron_2018,original,original,none,-5.5120708445651,1.23056996853069,0,0.392763888915268
1528,GFZ,60,DDK5,Caron_2018,original,original,GravIS,-5.60740658850699,1.15971089199793,0,0.386898045484855
1529,GFZ,60,DDK5,Peltier_ICE6G_D,replaced,replaced,none,-5.56498945854031,1.1961138392502,0,0.385123594173432
1530,GFZ,60,DDK5,Peltier_ICE6G_D,replaced,replaced,GravIS,-5.66032520252154,1.12525476224015,0,0.378535731969943
1531,GFZ,60,DDK5,Peltier_ICE6G_D,replaced,original,none,-5.56941029395804,1.19168737089674,0,0.384434357213727
1532,GFZ,60,DDK5,Peltier_ICE6G_D,replaced,original,GravIS,-5.66474603793934,1.12082829428149,0,0.377651435600824
1533,GFZ,60,DDK5,Peltier_ICE6G_D,original,replaced,none,-5.53788875918098,1.24283854995862,0,0.392406912490818
1534,GFZ,60,DDK5,Peltier_ICE6G_D,original,replaced,GravIS,-5.63322450331942,1.17197947273453,0,0.386742017195842
1535,GFZ,60,DDK5,Peltier_ICE6G_D,original,original,none,-5.54230959440898,1.23841208001845,0,0.392001832637894
1536,GFZ,60,DDK5,Peltier_ICE6G_D,original,original,GravIS,-5.63764533835087,1.16755300348569,0,0.386127139734423
1537,GFZ,60,DDK7,none,replaced,replaced,none,-6.41667707497504,2.03630850352947,2,0.320929834993199
1538,GFZ,60,DDK7,none,replaced,replaced,GravIS,-6.51201281805942,1.96544942741386,2,0.320473925110034
1539,GFZ,60,DDK7,none,replaced,original,none,-6.42109791514816,2.03188203015668,2,0.321508333679093
1540,GFZ,60,DDK7,none,replaced,original,GravIS,-6.51643365835897,1.96102295404107,2,0.320917717976249
1541,GFZ,60,DDK7,none,original,replaced,none,-6.38957637213631,2.08303323000415,2,0.323798615720331
1542,GFZ,60,DDK7,none,original,replaced,GravIS,-6.48491211522071,2.0121741541475,2,0.323873925110203
1543,GFZ,60,DDK7,none,original,original,none,-6.39399721315322,2.07860675691802,2,0.324522274942291
1544,GFZ,60,DDK7,none,original,original,GravIS,-6.48933295636403,2.00774768085539,2,0.324465215878675
1545,GFZ,60,DDK7,Geruo_ICE5G_VM2,replaced,replaced,none,-6.57164102480616,1.89455388305084,2,0.316176638925549
1546,GFZ,60,DDK7,Geruo_ICE5G_VM2,replaced,replaced,GravIS,-6.66697676789055,1.82369480693523,2,0.314749760679346
1547,GFZ,60,DDK7,Geruo_ICE5G_VM2,replaced,original,none,-6.57606186497929,1.89012740967805,2,0.316564790704185
1548,GFZ,60,DDK7,Geruo_ICE5G_VM2,replaced,original,GravIS,-6.6713976081901,1.81926833356245,2,0.315003978782856
1549,GFZ,60,DDK7,Geruo_ICE5G_VM2,original,replaced,none,-6.54454032196745,1.94127860952552,2,0.319847425547712
1550,GFZ,60,DDK7,Geruo_ICE5G_VM2,original,replaced,GravIS,-6.63987606505184,1.87041953366887,2,0.318937237474487
1551,GFZ,60,DDK7,Geruo_ICE5G_VM2,original,original,none,-6.54896116298435,1.93685213643939,2,0.320383416792904
1552,GFZ,60,DDK7,Geruo_ICE5G_VM2,original,original,GravIS,-6.64429690619516,1.86599306037676,2,0.319339114940525
1553,GFZ,60,DDK7,Caron_2018,replaced,replaced,none,-6.60118426667978,1.83293034152558,2,0.314260333024245
1554,GFZ,60,DDK7,Caron_2018,replaced,replaced,GravIS,-6.69652000976418,1.76207126540998,2,0.312512839893955
1555,GFZ,60,DDK7,Caron_2018,replaced,original,none,-6.60560510685291,1.8285038681528,2,0.314583541469583
1556,GFZ,60,DDK7,Caron_2018,replaced,original,GravIS,-6.70094085006372,1.75764479203719,2,0.312702645878651
1557,GFZ,60,DDK7,Caron_2018,original,replaced,none,-6.57408356384106,1.87965506800027,2,0.318204165666483
1558,GFZ,60,DDK7,Caron_2018,original,replaced,GravIS,-6.66941930692546,1.80879599214362,2,0.316965801041098
1559,GFZ,60,DDK7,Caron_2018,original,original,none,-6.57850440485797,1.87522859491414,2,0.31867579653254
1560,GFZ,60,DDK7,Caron_2018,original,original,GravIS,-6.67384014806878,1.8043695188515,2,0.317302949484617
1561,GFZ,60,DDK7,Peltier_ICE6G_D,replaced,replaced,none,-6.63142301652366,1.84077245301335,2,0.313991761600376
1562,GFZ,60,DDK7,Peltier_ICE6G_D,replaced,replaced,GravIS,-6.72675875960805,1.76991337689774,2,0.312217114403887
1563,GFZ,60,DDK7,Peltier_ICE6G_D,replaced,original,none,-6.63584385669678,1.83634597964056,2,0.314308168921851
1564,GFZ,60,DDK7,Peltier_ICE6G_D,replaced,original,GravIS,-6.73117959990759,1.76548690352495,2,0.312400961409308
1565,GFZ,60,DDK7,Peltier_ICE6G_D,original,replaced,none,-6.60432231368494,1.88749717948803,2,0.317956942657888
1566,GFZ,60,DDK7,Peltier_ICE6G_D,original,replaced,GravIS,-6.69965805676933,1.81663810363138,2,0.316688298800809
1567,GFZ,60,DDK7,Peltier_ICE6G_D,original,original,none,-6.60874315470185,1.8830707064019,2,0.318421088174522
1568,GFZ,60,DDK7,Peltier_ICE6G_D,original,original,GravIS,-6.70407889791266,1.81221163033926,2,0.317018752900832
1569,GFZ,60,DDK8,none,replaced,replaced,none,-6.58528316984405,2.17363651407785,2,0.284325227119533
1570,GFZ,60,DDK8,none,replaced,replaced,GravIS,-6.68061891541968,2.1027774400724,2,0.284370778246767
1571,GFZ,60,DDK8,none,replaced,original,none,-6.58970401148213,2.16921004067537,2,0.284908885796243
1572,GFZ,60,DDK8,none,replaced,original,GravIS,-6.68503975720745,2.09835096655287,2,0.284857367969476
1573,GFZ,60,DDK8,none,original,replaced,none,-6.55818246672056,2.22036123922555,2,0.286945414119804
1574,GFZ,60,DDK8,none,original,replaced,GravIS,-6.65351821223688,2.14950216522009,2,0.287369546968828
1575,GFZ,60,DDK8,none,original,original,none,-6.56260330778796,2.21593476557767,2,0.287632218300162
1576,GFZ,60,DDK8,none,original,original,GravIS,-6.65793905330428,2.14507569157222,2,0.287961414635308
1577,GFZ,60,DDK8,Geruo_ICE5G_VM2,replaced,replaced,none,-6.74024711967519,2.03188189359922,2,0.280593302904937
1578,GFZ,60,DDK8,Geruo_ICE5G_VM2,replaced,replaced,GravIS,-6.83558286525082,1.96102281959377,2,0.279923007949851
1579,GFZ,60,DDK8,Geruo_ICE5G_VM2,replaced,original,none,-6.74466796131326,2.02745542019674,2,0.281037771559002
1580,GFZ,60,DDK8,Geruo_ICE5G_VM2,replaced,original,GravIS,-6.84000370703859,1.95659634607424,2,0.280269337751952
1581,GFZ,60,DDK8,Geruo_ICE5G_VM2,original,replaced,none,-6.71314641655169,2.07860661874692,2,0.283787015040063
1582,GFZ,60,DDK8,Geruo_ICE5G_VM2,original,replaced,GravIS,-6.80848216206801,2.00774754474146,2,0.283488049462127
1583,GFZ,60,DDK8,Geruo_ICE5G_VM2,original,original,none,-6.71756725761908,2.07418014509904,2,0.284337037919225
1584,GFZ,60,DDK8,Geruo_ICE5G_VM2,original,original,GravIS,-6.81290300313541,2.00332107109359,2,0.283940512258659
1585,GFZ,60,DDK8,Caron_2018,replaced,replaced,none,-6.7697903615488,1.97025835207397,2,0.279071384013838
1586,GFZ,60,DDK8,Caron_2018,replaced,replaced,GravIS,-6.86512610712444,1.89939927806852,2,0.278163805152511
1587,GFZ,60,DDK8,Caron_2018,replaced,original,none,-6.77421120318687,1.96583187867149,2,0.279468145901733
1588,GFZ,60,DDK8,Caron_2018,replaced,original,GravIS,-6.8695469489122,1.89497280454899,2,0.278462304886153
1589,GFZ,60,DDK8,Caron_2018,original,replaced,none,-6.74268965842531,2.01698307722167,2,0.282460426008892
1590,GFZ,60,DDK8,Caron_2018,original,replaced,GravIS,-6.83802540394163,1.94612400321621,2,0.281919841451338
1591,GFZ,60,DDK8,Caron_2018,original,original,none,-6.74711049949271,2.01255660357379,2,0.282963314065313
1592,GFZ,60,DDK8,Caron_2018,original,original,GravIS,-6.84244624500904,1.94169752956834,2,0.282324491434915
1593,GFZ,60,DDK8,Peltier_ICE6G_D,replaced,replaced,none,-6.80002911139268,1.97810046356173,2,0.278916652333382
1594,GFZ,60,DDK8,Peltier_ICE6G_D,replaced,replaced,GravIS,-6.89536485696831,1.90724138955628,2,0.277986232590253
1595,GFZ,60,DDK8,Peltier_ICE6G_D,replaced,original,none,-6.80444995303075,1.97367399015925,2,0.279308070159721
1596,GFZ,60,DDK8,Peltier_ICE6G_D,replaced,original,GravIS,-6.89978569875608,1.90281491603675,2,0.278279799080232
1597,GFZ,60,DDK8,Peltier_ICE6G_D,original,replaced,none,-6.77292840826918,2.02482518870943,2,0.28232154467181
1598,GFZ,60,DDK8,Peltier_ICE6G_D,original,replaced,GravIS,-6.86826415378551,1.95396611470397,2,0.281756553574245
1599,GFZ,60,DDK8,Peltier_ICE6G_D,original,original,none,-6.77734924933658,2.02039871506155,2,0.282818756807631
1600,GFZ,60,DDK8,Peltier_ICE6G_D,original,original,GravIS,-6.87268499485291,1.9495396410561,2,0.282155896281975
1601,GFZ,96,G300,none,replaced,replaced,none,-3.10744246411425,0.224456199629164,1,0.298170592299249
1602,GFZ,96,G300,none,replaced,replaced,GravIS,-3.20262575085003,0.153710436397422,1,0.290143358473732
1603,GFZ,96,G300,none,replaced,original,none,-3.11179520946106,0.220097908786114,1,0.297123602862713
1604,GFZ,96,G300,none,replaced,original,GravIS,-3.20697849619684,0.149352145554371,1,0.288862036454972
1605,GFZ,96,G300,none,original,replaced,none,-3.08281228768135,0.266921457750541,1,0.309429009383585
1606,GFZ,96,G300,none,original,replaced,GravIS,-3.17799557441713,0.196175694518798,1,0.302292764307341
1607,GFZ,96,G300,none,original,original,none,-3.08716503221457,0.262563166343873,1,0.308704252311864
1608,GFZ,96,G300,none,original,original,GravIS,-3.18234831895035,0.19181740311213,1,0.301287330744932
1609,GFZ,96,G300,Geruo_ICE5G_VM2,replaced,replaced,none,-3.26240641394538,0.0827015791505343,1,0.279258524447305
1610,GFZ,96,G300,Geruo_ICE5G_VM2,replaced,replaced,GravIS,-3.35758970068116,0.0119558159187913,1,0.269964552990791
1611,GFZ,96,G300,Geruo_ICE5G_VM2,replaced,original,none,-3.26675915929219,0.0783432883074836,1,0.277915474750303
1612,GFZ,96,G300,Geruo_ICE5G_VM2,replaced,original,GravIS,-3.36194244602797,0.00759752507574065,1,0.268470457074056
1613,GFZ,96,G300,Geruo_ICE5G_VM2,original,replaced,none,-3.23777623751248,0.125166837271911,1,0.291799591633196
1614,GFZ,96,G300,Geruo_ICE5G_VM2,original,replaced,GravIS,-3.33295952424826,0.0544210740401677,1,0.283030055058184
1615,GFZ,96,G300,Geruo_ICE5G_VM2,original,original,none,-3.2421289820457,0.120808545865243,1,0.29070644576482
1616,GFZ,96,G300,Geruo_ICE5G_VM2,original,original,GravIS,-3.33731226878148,0.0500627826334997,1,0.28173439404664
1617,GFZ,96,G300,Caron_2018,replaced,replaced,none,-3.291949655819,0.0210780376252829,1,0.272325828925301
1618,GFZ,96,G300,Caron_2018,replaced,replaced,GravIS,-3.38713294255478,-0.0496677256064601,1,0.262756601681868
1619,GFZ,96,G300,Caron_2018,replaced,original,none,-3.29630240116581,0.0167197467822323,1,0.270909989111583
1620,GFZ,96,G300,Caron_2018,replaced,original,GravIS,-3.39148568790159,-0.0540260164495107,1,0.26121751639481
1621,GFZ,96,G300,Caron_2018,original,replaced,none,-3.2673194793861,0.0635432957466592,1,0.285190241851951
1622,GFZ,96,G300,Caron_2018,original,replaced,GravIS,-3.36250276612188,-0.00720246748508369,1,0.276017513353579
1623,GFZ,96,G300,Caron_2018,original,original,none,-3.27167222391932,0.0591850043399913,1,0.283997365992941
1624,GFZ,96,G300,Caron_2018,original,original,GravIS,-3.3668555106551,-0.0115607588917516,1,0.274649961965429
1625,GFZ,96,G300,Peltier_ICE6G_D,replaced,replaced,none,-3.32218840566288,0.028920149113044,1,0.27171262023217
1626,GFZ,96,G300,Peltier_ICE6G_D,replaced,replaced,GravIS,-3.41737169239866,-0.0418256141186991,1,0.26213654368835
1627,GFZ,96,G300,Peltier_ICE6G_D,replaced,original,none,-3.32654115100968,0.0245618582699933,1,0.270293070155827
1628,GFZ,96,G300,Peltier_ICE6G_D,replaced,original,GravIS,-3.42172443774547,-0.0461839049617497,1,0.260595616803505
1629,GFZ,96,G300,Peltier_ICE6G_D,original,replaced,none,-3.29755822922997,0.0713854072344202,1,0.284585809555401
1630,GFZ,96,G300,Peltier_ICE6G_D,original,replaced,GravIS,-3.39274151596575,0.000639644002677182,1,0.275397466438921
1631,GFZ,96,G300,Peltier_ICE6G_D,original,original,none,-3.30191097376319,0.0670271158277522,1,0.28338706394105
1632,GFZ,96,G300,Peltier_ICE6G_D,original,original,GravIS,-3.39709426049898,-0.00371864740399064,1,0.274026256315745
1633,GFZ,96,G400,none,replaced,replaced,none,-2.04304723263481,-0.109355817571089,1,0.312836677387383
1634,GFZ,96,G400,none,replaced,replaced,GravIS,-2.13811198146481,-0.18001347361859,3,0.294959771836095
1635,GFZ,96,G400,none,replaced,original,none,-2.04736755362827,-0.113681643762844,1,0.309929049969051
1636,GFZ,96,G400,none,replaced,original,GravIS,-2.14243230245827,-0.184339299810345,3,0.291959914980064
1637,GFZ,96,G400,none,original,replaced,none,-2.01850896307924,-0.0670490174271974,1,0.332583466089726
1638,GFZ,96,G400,none,original,replaced,GravIS,-2.11357371190923,-0.137706673301726,1,0.315399362135413
1639,GFZ,96,G400,none,original,original,none,-2.02282928510204,-0.0713748426698766,1,0.33019493219411
1640,GFZ,96,G400,none,original,original,GravIS,-2.11789403393203,-0.142032498544406,1,0.312730459402783
1641,GFZ,96,G400,Geruo_ICE5G_VM2,replaced,replaced,none,-2.19801118246594,-0.251110438049719,3,0.277141184440127
1642,GFZ,96,G400,Geruo_ICE5G_VM2,replaced,replaced,GravIS,-2.29307593129594,-0.32176809409722,3,0.259931698800193
1643,GFZ,96,G400,Geruo_ICE5G_VM2,replaced,original,none,-2.2023315034594,-0.255436264241474,3,0.274209116045325
1644,GFZ,96,G400,Geruo_ICE5G_VM2,replaced,original,GravIS,-2.2973962522894,-0.326093920288975,3,0.257094833947094
1645,GFZ,96,G400,Geruo_ICE5G_VM2,original,replaced,none,-2.17347291291037,-0.208803637905828,3,0.297747522999364
1646,GFZ,96,G400,Geruo_ICE5G_VM2,original,replaced,GravIS,-2.26853766174037,-0.279461293780357,3,0.280191225628372
1647,GFZ,96,G400,Geruo_ICE5G_VM2,original,original,none,-2.17779323493317,-0.213129463148507,3,0.29505514666489
1648,GFZ,96,G400,Geruo_ICE5G_VM2,original,original,GravIS,-2.27285798376316,-0.283787119023036,3,0.277461172925454
1649,GFZ,96,G400,Caron_2018,replaced,replaced,none,-2.22755442433957,-0.312733979574971,3,0.26514153507013
1650,GFZ,96,G400,Caron_2018,replaced,replaced,GravIS,-2.32261917316956,-0.383391635622471,3,0.24848294530809
1651,GFZ,96,G400,Caron_2018,replaced,original,none,-2.23187474533302,-0.317059805766726,3,0.262270072936711
1652,GFZ,96,G400,Caron_2018,replaced,original,GravIS,-2.32693949416302,-0.387717461814226,3,0.245746947136453
1653,GFZ,96,G400,Caron_2018,original,replaced,none,-2.20301615478399,-0.270427179431079,3,0.285659080300909
1654,GFZ,96,G400,Caron_2018,original,replaced,GravIS,-2.29808090361399,-0.341084835305608,3,0.268396686230614
1655,GFZ,96,G400,Caron_2018,original,original,none,-2.20733647680679,-0.274753004673759,3,0.282949550697642
1656,GFZ,96,G400,Caron_2018,original,original,GravIS,-2.30240122563678,-0.345410660548287,3,0.26571032414953
1657,GFZ,96,G400,Peltier_ICE6G_D,replaced,replaced,none,-2.25779317418344,-0.30489186808721,3,0.263966687013469
1658,GFZ,96,G400,Peltier_ICE6G_D,replaced,replaced,GravIS,-2.35285792301344,-0.37554952413471,3,0.247375362860626
1659,GFZ,96,G400,Peltier_ICE6G_D,replaced,original,none,-2.2621134951769,-0.309217694278965,3,0.26110489090549
1660,GFZ,96,G400,Peltier_ICE6G_D,replaced,original,GravIS,-2.35717824400689,-0.379875350326465,3,0.244650336083341
1661,GFZ,96,G400,Peltier_ICE6G_D,original,replaced,none,-2.23325490462786,-0.262585067943318,3,0.284448781176658
1662,GFZ,96,G400,Peltier_ICE6G_D,original,replaced,GravIS,-2.32831965345786,-0.333242723817847,3,0.26723797970868
1663,GFZ,96,G400,Peltier_ICE6G_D,original,original,none,-2.23757522665066,-0.266910893185997,3,0.281742951983008
1664,GFZ,96,G400,Peltier_ICE6G_D,original,original,GravIS,-2.33263997548066,-0.337568549060526,3,0.264558792998239
1665,GFZ,96,G500,none,replaced,replaced,none,-1.36270210838592,-0.186717075863287,3,0.297441106760793
1666,GFZ,96,G500,none,replaced,replaced,GravIS,-1.45761449976022,-0.257261490573294,3,0.275049316337766
1667,GFZ,96,G500,none,replaced,original,none,-1.36698105329671,-0.19100147198717,3,0.29382085160576
1668,GFZ,96,G500,none,replaced,original,GravIS,-1.46189344467101,-0.261545886697177,3,0.271521401506728
1669,GFZ,96,G500,none,original,replaced,none,-1.33828162690311,-0.144613359573636,1,0.322476119091696
1670,GFZ,96,G500,none,original,replaced,GravIS,-1.43319401827741,-0.215157774283643,3,0.300141980088407
1671,GFZ,96,G500,none,original,original,none,-1.34256057148586,-0.148897755105191,1,0.319416295374465
1672,GFZ,96,G500,none,original,original,GravIS,-1.43747296286017,-0.219442169815198,3,0.296876287926862
1673,GFZ,96,G500,Geruo_ICE5G_VM2,replaced,replaced,none,-1.51766605821705,-0.328471696341917,3,0.253267339063931
1674,GFZ,96,G500,Geruo_ICE5G_VM2,replaced,replaced,GravIS,-1.61257844959135,-0.399016111051924,3,0.233679062189289
1675,GFZ,96,G500,Geruo_ICE5G_VM2,replaced,original,none,-1.52194500312784,-0.3327560924658,3,0.249958835078247
1676,GFZ,96,G500,Geruo_ICE5G_VM2,replaced,original,GravIS,-1.61685739450214,-0.403300507175808,3,0.230650913044134
1677,GFZ,96,G500,Geruo_ICE5G_VM2,original,replaced,none,-1.49324557673424,-0.286367980052266,3,0.278022127197678
1678,GFZ,96,G500,Geruo_ICE5G_VM2,original,replaced,GravIS,-1.58815796810854,-0.356912394762273,3,0.257115240686446
1679,GFZ,96,G500,Geruo_ICE5G_VM2,original,original,none,-1.49752452131699,-0.290652375583821,3,0.274838979292785
1680,GFZ,96,G500,Geruo_ICE5G_VM2,original,original,GravIS,-1.59243691269129,-0.361196790293829,3,0.254058971309425
1681,GFZ,96,G500,Caron_2018,replaced,replaced,none,-1.54720930009067,-0.390095237867168,3,0.239355621256657
1682,GFZ,96,G500,Caron_2018,replaced,replaced,GravIS,-1.64212169146497,-0.460639652577176,3,0.220999092706967
1683,GFZ,96,G500,Caron_2018,replaced,original,none,-1.55148824500147,-0.394379633991052,3,0.236230228143241
1684,GFZ,96,G500,Caron_2018,replaced,original,GravIS,-1.64640063637576,-0.46492404870106,3,0.218172340647567
1685,GFZ,96,G500,Caron_2018,original,replaced,none,-1.52278881860786,-0.347991521577518,3,0.263458398873779
1686,GFZ,96,G500,Caron_2018,original,replaced,GravIS,-1.61770120998216,-0.418535936287526,3,0.243558572443765
1687,GFZ,96,G500,Caron_2018,original,original,none,-1.52706776319062,-0.352275917109073,3,0.260364048569971
1688,GFZ,96,G500,Caron_2018,original,original,GravIS,-1.62198015456492,-0.42282033181908,3,0.240648577862284
1689,GFZ,96,G500,Peltier_ICE6G_D,replaced,replaced,none,-1.57744804993454,-0.382253126379407,3,0.237809441151036
1690,GFZ,96,G500,Peltier_ICE6G_D,replaced,replaced,GravIS,-1.67236044130884,-0.452797541089415,3,0.219583320694548
1691,GFZ,96,G500,Peltier_ICE6G_D,replaced,original,none,-1.58172699484534,-0.386537522503291,3,0.234699862499536
1692,GFZ,96,G500,Peltier_ICE6G_D,replaced,original,GravIS,-1.67663938621964,-0.457081937213298,3,0.216773619046437
1693,GFZ,96,G500,Peltier_ICE6G_D,original,replaced,none,-1.55302756845174,-0.340149410089757,3,0.261838094816311
1694,GFZ,96,G500,Peltier_ICE6G_D,original,replaced,GravIS,-1.64793995982604,-0.410693824799764,3,0.242045882542182
1695,GFZ,96,G500,Peltier_ICE6G_D,original,original,none,-1.55730651303449,-0.344433805621311,3,0.2587491277298
1696,GFZ,96,G500,Peltier_ICE6G_D,original,original,GravIS,-1.65221890440879,-0.414978220331319,3,0.23914702730899
1697,GFZ,96,Swenson_G300,none,replaced,replaced,none,-2.05177187282079,0.521340768808817,0,0.407390169542019
1698,GFZ,96,Swenson_G300,none,replaced,replaced,GravIS,-2.14695515982855,0.450595008197946,0,0.38848713558961
1699,GFZ,96,Swenson_G300,none,replaced,original,none,-2.0561246181676,0.516982477965766,0,0.40471343554608
1700,GFZ,96,Swenson_G300,none,replaced,original,GravIS,-2.15130790517537,0.446236717354895,0,0.385431874781574
1701,GFZ,96,Swenson_G300,none,original,replaced,none,-2.02714169638789,0.563806026930193,0,0.425420858125388
1702,GFZ,96,Swenson_G300,none,original,replaced,GravIS,-2.12232498339565,0.493060266319322,0,0.408602380505855
1703,GFZ,96,Swenson_G300,none,original,original,none,-2.03149444092111,0.559447735523525,0,0.423562276728274
1704,GFZ,96,Swenson_G300,none,original,original,GravIS,-2.12667772792888,0.488701974912654,0,0.406247184452534
1705,GFZ,96,Swenson_G300,Geruo_ICE5G_VM2,replaced,replaced,none,-2.20673582265192,0.379586148330187,0,0.370674495722094
1706,GFZ,96,Swenson_G300,Geruo_ICE5G_VM2,replaced,replaced,GravIS,-2.30191910965968,0.308840387719315,0,0.34981709521745
1707,GFZ,96,Swenson_G300,Geruo_ICE5G_VM2,replaced,original,none,-2.21108856799873,0.375227857487136,0,0.367568981517134
1708,GFZ,96,Swenson_G300,Geruo_ICE5G_VM2,replaced,original,GravIS,-2.30627185500649,0.304482096876265,0,0.346499475276208
1709,GFZ,96,Swenson_G300,Geruo_ICE5G_VM2,original,replaced,none,-2.18210564621902,0.422051406451563,0,0.391657048453662
1710,GFZ,96,Swenson_G300,Geruo_ICE5G_VM2,original,replaced,GravIS,-2.27728893322678,0.351305645840692,0,0.372050588013224
1711,GFZ,96,Swenson_G300,Geruo_ICE5G_VM2,original,original,none,-2.18645839075225,0.417693115044895,0,0.389196396461084
1712,GFZ,96,Swenson_G300,Geruo_ICE5G_VM2,original,original,GravIS,-2.28164167776,0.346947354434024,0,0.36923454444635
1713,GFZ,96,Swenson_G300,Caron_2018,replaced,replaced,none,-2.23627906452554,0.317962606804935,0,0.357595887333822
1714,GFZ,96,Swenson_G300,Caron_2018,replaced,replaced,GravIS,-2.33146235153331,0.247216846194064,0,0.336290291173504
1715,GFZ,96,Swenson_G300,Caron_2018,replaced,original,none,-2.24063180987236,0.313604315961885,0,0.35436641485268
1716,GFZ,96,Swenson_G300,Caron_2018,replaced,original,GravIS,-2.33581509688012,0.242858555351014,0,0.332914198722559
1717,GFZ,96,Swenson_G300,Caron_2018,original,replaced,none,-2.21164888809265,0.360427864926312,0,0.379456120147681
1718,GFZ,96,Swenson_G300,Caron_2018,original,replaced,GravIS,-2.3068321751004,0.28968210431544,0,0.359063011142651
1719,GFZ,96,Swenson_G300,Caron_2018,original,original,none,-2.21600163262587,0.356069573519644,0,0.376803579315849
1720,GFZ,96,Swenson_G300,Caron_2018,original,original,GravIS,-2.31118491963363,0.285323812908772,0,0.35611220803032
1721,GFZ,96,Swenson_G300,Peltier_ICE6G_D,replaced,replaced,none,-2.26651781436942,0.325804718292696,0,0.356065789216123
1722,GFZ,96,Swenson_G300,Peltier_ICE6G_D,replaced,replaced,GravIS,-2.36170110137718,0.255058957681825,0,0.334952240974408
1723,GFZ,96,Swenson_G300,Peltier_ICE6G_D,replaced,original,none,-2.27087055971623,0.321446427449646,0,0.352868382611535
1724,GFZ,96,Swenson_G300,Peltier_ICE6G_D,replaced,original,GravIS,-2.36605384672399,0.250700666838774,0,0.331606380353217
1725,GFZ,96,Swenson_G300,Peltier_ICE6G_D,original,replaced,none,-2.24188763793652,0.368269976414072,0,0.377786502709452
1726,GFZ,96,Swenson_G300,Peltier_ICE6G_D,original,replaced,GravIS,-2.33707092494428,0.297524215803201,0,0.357580892946013
1727,GFZ,96,Swenson_G300,Peltier_ICE6G_D,original,original,none,-2.24624038246974,0.363911685007404,0,0.375160210126561
1728,GFZ,96,Swenson_G300,Peltier_ICE6G_D,original,original,GravIS,-2.3414236694775,0.293165924396533,0,0.354657920594622
1729,GFZ,96,Swenson_G500,none,replaced,replaced,none,-1.03124921214126,-0.00356554011669603,1,0.332674994636657
1730,GFZ,96,Swenson_G500,none,replaced,replaced,GravIS,-1.12616160355695,-0.0741099562362038,3,0.300196648714348
1731,GFZ,96,Swenson_G500,none,replaced,original,none,-1.03552815705206,-0.00784993624057983,1,0.326891647973333
1732,GFZ,96,Swenson_G500,none,replaced,original,GravIS,-1.13044054846775,-0.0783943523600876,3,0.294829643962115
1733,GFZ,96,Swenson_G500,none,original,replaced,none,-1.00682873065846,0.0385381761729546,1,0.366174321427182
1734,GFZ,96,Swenson_G500,none,original,replaced,GravIS,-1.10174112207414,-0.0320062399465532,1,0.333807983524713
1735,GFZ,96,Swenson_G500,none,original,original,none,-1.01110767524121,0.0342537806413997,1,0.36123862648113
1736,GFZ,96,Swenson_G500,none,original,original,GravIS,-1.1060200666569,-0.0362906354781081,1,0.3287185332369
1737,GFZ,96,Swenson_G500,Geruo_ICE5G_VM2,replaced,replaced,none,-1.18621316197239,-0.145320160595326,3,0.271730571489851
1738,GFZ,96,Swenson_G500,Geruo_ICE5G_VM2,replaced,replaced,GravIS,-1.28112555338808,-0.215864576714834,3,0.24483190950887
1739,GFZ,96,Swenson_G500,Geruo_ICE5G_VM2,replaced,original,none,-1.19049210688319,-0.14960455671921,3,0.266851306383667
1740,GFZ,96,Swenson_G500,Geruo_ICE5G_VM2,replaced,original,GravIS,-1.28540449829888,-0.220148972838718,3,0.240594351086537
1741,GFZ,96,Swenson_G500,Geruo_ICE5G_VM2,original,replaced,none,-1.16179268048959,-0.103216444305676,3,0.304548929516717
1742,GFZ,96,Swenson_G500,Geruo_ICE5G_VM2,original,replaced,GravIS,-1.25670507190527,-0.173760860425183,3,0.275213231252158
1743,GFZ,96,Swenson_G500,Geruo_ICE5G_VM2,original,original,none,-1.16607162507234,-0.107500839837231,3,0.299720789833484
1744,GFZ,96,Swenson_G500,Geruo_ICE5G_VM2,original,original,GravIS,-1.26098401648803,-0.178045255956738,3,0.270776060519737
1745,GFZ,96,Swenson_G500,Caron_2018,replaced,replaced,none,-1.21575640384601,-0.206943702120578,3,0.252964573288619
1746,GFZ,96,Swenson_G500,Caron_2018,replaced,replaced,GravIS,-1.3106687952617,-0.277488118240086,3,0.228306200825334
1747,GFZ,96,Swenson_G500,Caron_2018,replaced,original,none,-1.22003534875681,-0.211228098244461,3,0.248485000104456
1748,GFZ,96,Swenson_G500,Caron_2018,replaced,original,GravIS,-1.3149477401725,-0.281772514363969,3,0.224465511651943
1749,GFZ,96,Swenson_G500,Caron_2018,original,replaced,none,-1.19133592236321,-0.164839985830927,3,0.284623894720725
1750,GFZ,96,Swenson_G500,Caron_2018,original,replaced,GravIS,-1.28624831377889,-0.235384401950435,3,0.257130544357142
1751,GFZ,96,Swenson_G500,Caron_2018,original,original,none,-1.19561486694596,-0.169124381362482,3,0.280028106175248
1752,GFZ,96,Swenson_G500,Caron_2018,original,original,GravIS,-1.29052725836165,-0.23966879748199,3,0.25301038853106
1753,GFZ,96,Swenson_G500,Peltier_ICE6G_D,replaced,replaced,none,-1.24599515368989,-0.199101590632817,3,0.251182599155305
1754,GFZ,96,Swenson_G500,Peltier_ICE6G_D,replaced,replaced,GravIS,-1.34090754510557,-0.269646006752325,3,0.22676267976896
1755,GFZ,96,Swenson_G500,Peltier_ICE6G_D,replaced,original,none,-1.25027409860068,-0.203385986756701,3,0.246738194567828
1756,GFZ,96,Swenson_G500,Peltier_ICE6G_D,replaced,original,GravIS,-1.34518649001637,-0.273930402876208,3,0.222949640832799
1757,GFZ,96,Swenson_G500,Peltier_ICE6G_D,original,replaced,none,-1.22157467220708,-0.156997874343166,3,0.282620260330606
1758,GFZ,96,Swenson_G500,Peltier_ICE6G_D,original,replaced,GravIS,-1.31648706362277,-0.227542290462674,3,0.255391840274224
1759,GFZ,96,Swenson_G500,Peltier_ICE6G_D,original,original,none,-1.22585361678984,-0.161282269874721,3,0.278057684559535
1760,GFZ,96,Swenson_G500,Peltier_ICE6G_D,original,original,GravIS,-1.32076600820552,-0.231826685994229,3,0.251300188486094
1761,GFZ,96,DDK2,none,replaced,replaced,none,-2.22698534918716,0.222551480144329,0,0.345939297226446
1762,GFZ,96,DDK2,none,replaced,replaced,GravIS,-2.32232109375847,0.151692402094811,1,0.326735663386482
1763,GFZ,96,DDK2,none,replaced,original,none,-2.23137950509655,0.218151772838617,0,0.343003793875174
1764,GFZ,96,DDK2,none,replaced,original,GravIS,-2.32671525050506,0.147292696389723,1,0.323760976163847
1765,GFZ,96,DDK2,none,original,replaced,none,-2.20223721976821,0.265219424575908,0,0.365812220209643
1766,GFZ,96,DDK2,none,original,replaced,GravIS,-2.29757296684534,0.194360347204208,0,0.346928301407687
1767,GFZ,96,DDK2,none,original,original,none,-2.20663137621065,0.260819719306392,0,0.36325262216122
1768,GFZ,96,DDK2,none,original,original,GravIS,-2.30196712139276,0.189960641991595,0,0.344208893085038
1769,GFZ,96,DDK2,Geruo_ICE5G_VM2,replaced,replaced,none,-2.38194929901829,0.0807968596656983,1,0.310130371425183
1770,GFZ,96,DDK2,Geruo_ICE5G_VM2,replaced,replaced,GravIS,-2.4772850435896,0.00993778161618064,1,0.291872008951462
1771,GFZ,96,DDK2,Geruo_ICE5G_VM2,replaced,original,none,-2.38634345492768,0.0763971523599869,1,0.307217784943545
1772,GFZ,96,DDK2,Geruo_ICE5G_VM2,replaced,original,GravIS,-2.48167920033619,0.00553807591109325,1,0.289037890476222
1773,GFZ,96,DDK2,Geruo_ICE5G_VM2,original,replaced,none,-2.35720116959934,0.123464804097278,1,0.330345001314408
1774,GFZ,96,DDK2,Geruo_ICE5G_VM2,original,replaced,GravIS,-2.45253691667647,0.0526057267255782,1,0.311731119636578
1775,GFZ,96,DDK2,Geruo_ICE5G_VM2,original,original,none,-2.36159532604178,0.119065098827761,1,0.32763282277718
1776,GFZ,96,DDK2,Geruo_ICE5G_VM2,original,original,GravIS,-2.45693107122389,0.0482060215129648,1,0.308999056887266
1777,GFZ,96,DDK2,Caron_2018,replaced,replaced,none,-2.41149254089191,0.0191733181404469,1,0.298206525416
1778,GFZ,96,DDK2,Caron_2018,replaced,replaced,GravIS,-2.50682828546322,-0.0516857599090707,1,0.280451301954682
1779,GFZ,96,DDK2,Caron_2018,replaced,original,none,-2.4158866968013,0.0147736108347357,1,0.295338406044631
1780,GFZ,96,DDK2,Caron_2018,replaced,original,GravIS,-2.51122244220981,-0.0560854656141584,1,0.277693435719792
1781,GFZ,96,DDK2,Caron_2018,original,replaced,none,-2.38674441147296,0.0618412625720261,1,0.318332139986403
1782,GFZ,96,DDK2,Caron_2018,original,replaced,GravIS,-2.48208015855009,-0.00901781479967312,1,0.300025709341774
1783,GFZ,96,DDK2,Caron_2018,original,original,none,-2.3911385679154,0.05744155730251,1,0.315609383388971
1784,GFZ,96,DDK2,Caron_2018,original,original,GravIS,-2.48647431309751,-0.0134175200122866,1,0.297324981377172
1785,GFZ,96,DDK2,Peltier_ICE6G_D,replaced,replaced,none,-2.44173129073578,0.0270154296282079,1,0.297113065847666
1786,GFZ,96,DDK2,Peltier_ICE6G_D,replaced,replaced,GravIS,-2.53706703530709,-0.0438436484213098,1,0.279452848007256
1787,GFZ,96,DDK2,Peltier_ICE6G_D,replaced,original,none,-2.44612544664518,0.0226157223224965,1,0.294258085903739
1788,GFZ,96,DDK2,Peltier_ICE6G_D,replaced,original,GravIS,-2.54146119205369,-0.0482433541263972,1,0.276706869618119
1789,GFZ,96,DDK2,Peltier_ICE6G_D,original,replaced,none,-2.41698316131684,0.0696833740597871,1,0.317158018750125
1790,GFZ,96,DDK2,Peltier_ICE6G_D,original,replaced,GravIS,-2.51231890839397,-0.00117570331191214,1,0.298950127987241
1791,GFZ,96,DDK2,Peltier_ICE6G_D,original,original,none,-2.42137731775927,0.0652836687902709,1,0.314446988810471
1792,GFZ,96,DDK2,Peltier_ICE6G_D,original,original,GravIS,-2.51671306294138,-0.00557540852452556,1,0.296260738708944
1793,GFZ,96,DDK3,none,replaced,replaced,none,-3.91892433868808,0.646776147418322,0,0.396141156375182
1794,GFZ,96,DDK3,none,replaced,replaced,GravIS,-4.01426008167122,0.575917073255278,0,0.384979856218025
1795,GFZ,96,DDK3,none,replaced,original,none,-3.92331902396573,0.642375869551992,0,0.394578686193672
1796,GFZ,96,DDK3,none,replaced,original,GravIS,-4.01865476697207,0.571516794259472,0,0.383194403042064
1797,GFZ,96,DDK3,none,original,replaced,none,-3.89417568462324,0.689445615004097,0,0.407763787364634
1798,GFZ,96,DDK3,none,original,replaced,GravIS,-3.98951142721369,0.618586540930763,0,0.397760489448522
1799,GFZ,96,DDK3,none,original,original,none,-3.89857036907289,0.685045336273293,0,0.406606964508924
1800,GFZ,96,DDK3,none,original,original,GravIS,-3.99390611180827,0.614186262005933,0,0.396342121601848
1801,GFZ,96,DDK3,Geruo_ICE5G_VM2,replaced,replaced,none,-4.07388828851921,0.505021526939692,0,0.373956412504548
1802,GFZ,96,DDK3,Geruo_ICE5G_VM2,replaced,replaced,GravIS,-4.16922403150235,0.434162452776648,0,0.361265488036328
1803,GFZ,96,DDK3,Geruo_ICE5G_VM2,replaced,original,none,-4.07828297379686,0.500621249073362,0,0.372109066719677
1804,GFZ,96,DDK3,Geruo_ICE5G_VM2,replaced,original,GravIS,-4.17361871680321,0.429762173780842,0,0.359253503650152
1805,GFZ,96,DDK3,Geruo_ICE5G_VM2,original,replaced,none,-4.04913963445437,0.547690994525467,0,0.387300067942766
1806,GFZ,96,DDK3,Geruo_ICE5G_VM2,original,replaced,GravIS,-4.14447537704482,0.476831920452133,0,0.375463548199104
1807,GFZ,96,DDK3,Geruo_ICE5G_VM2,original,original,none,-4.05353431890402,0.543290715794662,0,0.385801009720716
1808,GFZ,96,DDK3,Geruo_ICE5G_VM2,original,original,GravIS,-4.1488700616394,0.472431641527302,0,0.373754105693721
1809,GFZ,96,DDK3,Caron_2018,replaced,replaced,none,-4.10343153039283,0.44339798541444,0,0.36598683212479
1810,GFZ,96,DDK3,Caron_2018,replaced,replaced,GravIS,-4.19876727337598,0.372538911251397,0,0.352853698626148
1811,GFZ,96,DDK3,Caron_2018,replaced,original,none,-4.10782621567049,0.43899770754811,0,0.364049587651713
1812,GFZ,96,DDK3,Caron_2018,replaced,original,GravIS,-4.20316195867683,0.368138632255591,0,0.350772814885304
1813,GFZ,96,DDK3,Caron_2018,original,replaced,none,-4.07868287632799,0.486067453000216,0,0.379867444187669
1814,GFZ,96,DDK3,Caron_2018,original,replaced,GravIS,-4.17401861891844,0.415208378926882,0,0.367474583708548
1815,GFZ,96,DDK3,Caron_2018,original,original,none,-4.08307756077764,0.481667174269411,0,0.378257724988643
1816,GFZ,96,DDK3,Caron_2018,original,original,GravIS,-4.17841330351302,0.410808100002051,0,0.365672781011619
1817,GFZ,96,DDK3,Peltier_ICE6G_D,replaced,replaced,none,-4.1336702802367,0.451240096902201,0,0.364993383460319
1818,GFZ,96,DDK3,Peltier_ICE6G_D,replaced,replaced,GravIS,-4.22900602321985,0.380381022739158,0,0.351915482162048
1819,GFZ,96,DDK3,Peltier_ICE6G_D,replaced,original,none,-4.13806496551436,0.446839819035871,0,0.363065820545134
1820,GFZ,96,DDK3,Peltier_ICE6G_D,replaced,original,GravIS,-4.2334007085207,0.375980743743351,0,0.349845654984785
1821,GFZ,96,DDK3,Peltier_ICE6G_D,original,replaced,none,-4.10892162617186,0.493909564487977,0,0.37884655458864
1822,GFZ,96,DDK3,Peltier_ICE6G_D,original,replaced,GravIS,-4.20425736876231,0.423050490414642,0,0.366498679496122
1823,GFZ,96,DDK3,Peltier_ICE6G_D,original,original,none,-4.11331631062151,0.489509285757172,0,0.377243012003189
1824,GFZ,96,DDK3,Peltier_ICE6G_D,original,original,GravIS,-4.20865205335689,0.418650211489812,0,0.364705327902278
1825,GFZ,96,DDK5,none,replaced,replaced,none,-5.38046876406884,1.38432882546219,0,0.38781769290512
1826,GFZ,96,DDK5,none,replaced,replaced,GravIS,-5.47580450810876,1.31346974927764,0,0.384263759361751
1827,GFZ,96,DDK5,none,replaced,original,none,-5.38486350187356,1.37992849003883,0,0.387629354847452
1828,GFZ,96,DDK5,none,replaced,original,GravIS,-5.48019924681402,1.3090694139617,0,0.383880085792167
1829,GFZ,96,DDK5,none,original,replaced,none,-5.35572005316754,1.42699844426354,0,0.39363989843277
1830,GFZ,96,DDK5,none,original,replaced,GravIS,-5.4510557964127,1.35613936858266,0,0.390983363018759
1831,GFZ,96,DDK5,none,original,original,none,-5.36011479026802,1.42259810749635,0,0.393720871283725
1832,GFZ,96,DDK5,none,original,original,GravIS,-5.45545053411259,1.3517390318091,0,0.390861550133597
1833,GFZ,96,DDK5,Geruo_ICE5G_VM2,replaced,replaced,none,-5.53543271389997,1.24257420498356,0,0.3777514843654
1834,GFZ,96,DDK5,Geruo_ICE5G_VM2,replaced,replaced,GravIS,-5.63076845793989,1.17171512879901,0,0.372613007341862
1835,GFZ,96,DDK5,Geruo_ICE5G_VM2,replaced,original,none,-5.53982745170468,1.2381738695602,0,0.37730811399834
1836,GFZ,96,DDK5,Geruo_ICE5G_VM2,replaced,original,GravIS,-5.63516319664515,1.16731479348307,0,0.371993258316645
1837,GFZ,96,DDK5,Geruo_ICE5G_VM2,original,replaced,none,-5.51068400299867,1.28524382378491,0,0.384922227690409
1838,GFZ,96,DDK5,Geruo_ICE5G_VM2,original,replaced,GravIS,-5.60601974624382,1.21438474810403,0,0.380611846636479
1839,GFZ,96,DDK5,Geruo_ICE5G_VM2,original,original,none,-5.51507874009915,1.28084348701772,0,0.384735845555319
1840,GFZ,96,DDK5,Geruo_ICE5G_VM2,original,original,GravIS,-5.61041448394372,1.20998441133047,0,0.3802386662582
1841,GFZ,96,DDK5,Caron_2018,replaced,replaced,none,-5.5649759557736,1.18095066345831,0,0.374044415665108
1842,GFZ,96,DDK5,Caron_2018,replaced,replaced,GravIS,-5.66031169981352,1.11009158727376,0,0.368385100440841
1843,GFZ,96,DDK5,Caron_2018,replaced,original,none,-5.56937069357831,1.17655032803494,0,0.373517049909471
1844,GFZ,96,DDK5,Caron_2018,replaced,original,GravIS,-5.66470643851877,1.10569125195782,0,0.367686531245426
1845,GFZ,96,DDK5,Caron_2018,original,replaced,none,-5.54022724487229,1.22362028225965,0,0.381668492044245
1846,GFZ,96,DDK5,Caron_2018,original,replaced,GravIS,-5.63556298811745,1.15276120657878,0,0.376813015047199
1847,GFZ,96,DDK5,Caron_2018,original,original,none,-5.54462198197277,1.21921994549247,0,0.381394827296415
1848,GFZ,96,DDK5,Caron_2018,original,original,GravIS,-5.63995772581734,1.14836086980521,0,0.376356587875795
1849,GFZ,96,DDK5,Peltier_ICE6G_D,replaced,replaced,none,-5.59521470561747,1.18879277494607,0,0.373300853326213
1850,GFZ,96,DDK5,Peltier_ICE6G_D,replaced,replaced,GravIS,-5.69055044965739,1.11793369876152,0,0.367633345115807
1851,GFZ,96,DDK5,Peltier_ICE6G_D,replaced,original,none,-5.59960944342218,1.18439243952271,0,0.372770733888633
1852,GFZ,96,DDK5,Peltier_ICE6G_D,replaced,original,GravIS,-5.69494518836265,1.11353336344558,0,0.366934523106555
1853,GFZ,96,DDK5,Peltier_ICE6G_D,original,replaced,none,-5.57046599471617,1.23146239374742,0,0.380942508988824
1854,GFZ,96,DDK5,Peltier_ICE6G_D,original,replaced,GravIS,-5.66580173796132,1.16060331806654,0,0.376068204068809
1855,GFZ,96,DDK5,Peltier_ICE6G_D,original,original,none,-5.57486073181664,1.22706205698023,0,0.380663245061093
1856,GFZ,96,DDK5,Peltier_ICE6G_D,original,original,GravIS,-5.67019647566122,1.15620298129297,0,0.375608909568301
1857,GFZ,96,DDK7,none,replaced,replaced,none,-6.65746075505052,2.10697732667042,2,0.295408731923655
1858,GFZ,96,DDK7,none,replaced,replaced,GravIS,-6.75279650011695,2.03611825033231,2,0.296050854726614
1859,GFZ,96,DDK7,none,replaced,original,none,-6.66185549811228,2.10257698271573,2,0.295993060396264
1860,GFZ,96,DDK7,none,replaced,original,GravIS,-6.75719124304316,2.03171790658518,2,0.29653857438601
1861,GFZ,96,DDK7,none,original,replaced,none,-6.6327120364402,2.14964696084407,2,0.298835095590891
1862,GFZ,96,DDK7,none,original,replaced,GravIS,-6.72804778141767,2.07878788458727,2,0.299839788445515
1863,GFZ,96,DDK7,none,original,original,none,-6.6371067803473,2.14524661846885,2,0.299517924919699
1864,GFZ,96,DDK7,none,original,original,GravIS,-6.73244252527818,2.07438754221205,2,0.30042881750647
1865,GFZ,96,DDK7,Geruo_ICE5G_VM2,replaced,replaced,none,-6.81242470488164,1.96522270619179,2,0.29230671405063
1866,GFZ,96,DDK7,Geruo_ICE5G_VM2,replaced,replaced,GravIS,-6.90776044994808,1.89436362985368,2,0.292166337929838
1867,GFZ,96,DDK7,Geruo_ICE5G_VM2,replaced,original,none,-6.81681944794341,1.9608223622371,2,0.292757662689822
1868,GFZ,96,DDK7,Geruo_ICE5G_VM2,replaced,original,GravIS,-6.9121551928743,1.88996328610655,2,0.292518768539261
1869,GFZ,96,DDK7,Geruo_ICE5G_VM2,original,replaced,none,-6.78767598627133,2.00789234036544,2,0.296295487930109
1870,GFZ,96,DDK7,Geruo_ICE5G_VM2,original,replaced,GravIS,-6.8830117312488,1.93703326410864,2,0.296517853170298
1871,GFZ,96,DDK7,Geruo_ICE5G_VM2,original,original,none,-6.79207073017843,2.00349199799022,2,0.296848128879817
1872,GFZ,96,DDK7,Geruo_ICE5G_VM2,original,original,GravIS,-6.88740647510932,1.93263292173342,2,0.296973485291531
1873,GFZ,96,DDK7,Caron_2018,replaced,replaced,none,-6.84196794675526,1.90359916466654,2,0.291000228281269
1874,GFZ,96,DDK7,Caron_2018,replaced,replaced,GravIS,-6.93730369182171,1.83274008832843,2,0.290596159195441
1875,GFZ,96,DDK7,Caron_2018,replaced,original,none,-6.84636268981704,1.89919882071184,2,0.291404847975238
1876,GFZ,96,DDK7,Caron_2018,replaced,original,GravIS,-6.94169843474791,1.8283397445813,2,0.29090186818732
1877,GFZ,96,DDK7,Caron_2018,original,replaced,none,-6.81721922814495,1.94626879884019,2,0.295183800958202
1878,GFZ,96,DDK7,Caron_2018,original,replaced,GravIS,-6.91255497312242,1.87540972258339,2,0.295140936514098
1879,GFZ,96,DDK7,Caron_2018,original,original,none,-6.82161397205206,1.94186845646497,2,0.295691002810957
1880,GFZ,96,DDK7,Caron_2018,original,original,GravIS,-6.91694971698294,1.87100938020817,2,0.295550262014641
1881,GFZ,96,DDK7,Peltier_ICE6G_D,replaced,replaced,none,-6.87220669659914,1.9114412761543,2,0.290838687330032
1882,GFZ,96,DDK7,Peltier_ICE6G_D,replaced,replaced,GravIS,-6.96754244166558,1.84058219981619,2,0.290409775300905
1883,GFZ,96,DDK7,Peltier_ICE6G_D,replaced,original,none,-6.87660143966091,1.90704093219961,2,0.29123849809265
1884,GFZ,96,DDK7,Peltier_ICE6G_D,replaced,original,GravIS,-6.97193718459179,1.83618185606906,2,0.290711049318424
1885,GFZ,96,DDK7,Peltier_ICE6G_D,original,replaced,none,-6.84745797798883,1.95411091032794,2,0.295036720014089
1886,GFZ,96,DDK7,Peltier_ICE6G_D,original,replaced,GravIS,-6.94279372296629,1.88325183407115,2,0.294967457425926
1887,GFZ,96,DDK7,Peltier_ICE6G_D,original,original,none,-6.85185272189594,1.94971056795273,2,0.295538828578313
1888,GFZ,96,DDK7,Peltier_ICE6G_D,original,original,GravIS,-6.94718846682681,1.87885149169593,2,0.295372027547618
1889,GFZ,96,DDK8,none,replaced,replaced,none,-6.92720162406796,2.32015850221554,2,0.250579283232731
1890,GFZ,96,DDK8,none,replaced,replaced,GravIS,-7.02253736713936,2.24929942759877,2,0.251501874588339
1891,GFZ,96,DDK8,none,replaced,original,none,-6.93159636687439,2.3157581598484,2,0.251094570378058
1892,GFZ,96,DDK8,none,replaced,original,GravIS,-7.02693210994578,2.24489908523163,2,0.251963492850942
1893,GFZ,96,DDK8,none,original,replaced,none,-6.90245290495589,2.36282813885203,2,0.253566182443423
1894,GFZ,96,DDK8,none,original,replaced,GravIS,-6.99778864802728,2.29196906423525,2,0.254697293354645
1895,GFZ,96,DDK8,none,original,original,none,-6.90684764885259,2.35842779473428,2,0.254133480472161
1896,GFZ,96,DDK8,none,original,original,GravIS,-7.00218339191298,2.2875687201175,2,0.255212684206184
1897,GFZ,96,DDK8,Geruo_ICE5G_VM2,replaced,replaced,none,-7.0821655738991,2.17840388173691,2,0.248426652985726
1898,GFZ,96,DDK8,Geruo_ICE5G_VM2,replaced,replaced,GravIS,-7.17750131697049,2.10754480712014,2,0.248875424446092
1899,GFZ,96,DDK8,Geruo_ICE5G_VM2,replaced,original,none,-7.08656031670552,2.17400353936977,2,0.248866248454862
1900,GFZ,96,DDK8,Geruo_ICE5G_VM2,replaced,original,GravIS,-7.18189605977691,2.103144464753,2,0.249258956212494
1901,GFZ,96,DDK8,Geruo_ICE5G_VM2,original,replaced,none,-7.05741685478702,2.2210735183734,2,0.251741638889016
1902,GFZ,96,DDK8,Geruo_ICE5G_VM2,original,replaced,GravIS,-7.15275259785841,2.15021444375662,2,0.252401513416533
1903,GFZ,96,DDK8,Geruo_ICE5G_VM2,original,original,none,-7.06181159868372,2.21667317425565,2,0.252235316235588
1904,GFZ,96,DDK8,Geruo_ICE5G_VM2,original,original,GravIS,-7.15714734174412,2.14581409963887,2,0.252840400567012
1905,GFZ,96,DDK8,Caron_2018,replaced,replaced,none,-7.11170881577271,2.11678034021166,2,0.247487729350362
1906,GFZ,96,DDK8,Caron_2018,replaced,replaced,GravIS,-7.20704455884412,2.04592126559488,2,0.247774651521357
1907,GFZ,96,DDK8,Caron_2018,replaced,original,none,-7.11610355857913,2.11237999784452,2,0.247900481127572
1908,GFZ,96,DDK8,Caron_2018,replaced,original,GravIS,-7.21143930165053,2.04152092322775,2,0.248130761441012
1909,GFZ,96,DDK8,Caron_2018,original,replaced,none,-7.08696009666064,2.15944997684815,2,0.250917568575263
1910,GFZ,96,DDK8,Caron_2018,original,replaced,GravIS,-7.18229583973203,2.08859090223137,2,0.251415444085614
1911,GFZ,96,DDK8,Caron_2018,original,original,none,-7.09135484055734,2.1550496327304,2,0.251384936003311
1912,GFZ,96,DDK8,Caron_2018,original,original,GravIS,-7.18669058361774,2.08419055811362,2,0.251827248287005
1913,GFZ,96,DDK8,Peltier_ICE6G_D,replaced,replaced,none,-7.14194756561659,2.12462245169942,2,0.247449242918709
1914,GFZ,96,DDK8,Peltier_ICE6G_D,replaced,replaced,GravIS,-7.23728330868799,2.05376337708265,2,0.247720201739076
1915,GFZ,96,DDK8,Peltier_ICE6G_D,replaced,original,none,-7.14634230842301,2.12022210933228,2,0.247859324803096
1916,GFZ,96,DDK8,Peltier_ICE6G_D,replaced,original,GravIS,-7.24167805149441,2.04936303471551,2,0.248073630998158
1917,GFZ,96,DDK8,Peltier_ICE6G_D,original,replaced,none,-7.11719884650451,2.16729208833591,2,0.250886759042295
1918,GFZ,96,DDK8,Peltier_ICE6G_D,original,replaced,GravIS,-7.21253458957591,2.09643301371913,2,0.251368403343243
1919,GFZ,96,DDK8,Peltier_ICE6G_D,original,original,none,-7.12159359040122,2.16289174421816,2,0.251351465513459
1920,GFZ,96,DDK8,Peltier_ICE6G_D,original,original,GravIS,-7.21692933346161,2.09203266960138,2,0.251777525642944
