mask_version,aquifer_idx,Study_area,n_cells,n_recipes,median_trend,iqr,abs_median,dominance_R,sign_agree,spans_zero,paradox_gt10
buffered,0,Central Parana Basin and Torres Syncline (Guarani Aquifer System),239,1920,0.11243336260013984,0.234530802300876,0.11243336260013984,2.0859538207975317,0.7020833333333333,True,True
buffered,1,Northern Guarani Aquifer (Guarani Aquifer System),188,1920,-0.8856547204584839,0.35211895874788024,0.8856547204584839,0.3975804008198545,1.0,False,False
buffered,2,Southwestern Chaco-Lower Parana Basin (Guarani Aquifer System),162,1920,-0.062131919292867994,0.18882373154563986,0.062131919292867994,3.0390777187421376,0.6572916666666667,True,True
buffered,3,Amazonas Basin and Alter de Chao Aquifer System (Amazon Aquifer System),162,1920,0.4059547130928176,0.10649658240165732,0.4059547130928176,0.26233611525359457,1.0,False,False
buffered,4,Poolowanna Trough and Western Eromanga Basin (Great Artesian Basin),147,1920,-0.10040537780404735,0.21281795289879346,0.10040537780404735,2.119587192970203,0.7640625,True,True
buffered,5,Eastern Eromanga Basin (Great Artesian Basin),151,1920,0.011583744120617153,0.21166839164830342,0.011583744120617153,18.272882191136162,0.5151041666666667,True,True
buffered,6,Northern Eromanga Basin (Great Artesian Basin),142,1920,0.008445206548382465,0.1921679006465148,0.008445206548382465,22.75467148678812,0.5213541666666667,True,True
buffered,7,Northern High Plains (High Plains),158,1920,0.2108182038417138,0.48262656395554615,0.2108182038417138,2.2893021340695565,0.7036458333333333,True,True
buffered,8,Williston Basin (Northern Great Plains),160,1920,0.1505505239923554,0.476341180609618,0.1505505239923554,3.163995501163486,0.6796875,True,True
buffered,9,Central Eromanga Depocenter (Great Artesian Basin),115,1920,-0.056895359177719707,0.20909163666002967,0.056895359177719707,3.6750209451513616,0.6026041666666667,True,True
buffered,10,Western Parecis Basin (Parecis Basin),114,1920,-0.4014453795933821,0.10397059077351012,0.4014453795933821,0.25899062751406016,1.0,False,False
buffered,11,Upper Gangetic Plain (Indo-Gangetic Plain),108,1920,-1.6017149499452605,0.8822392603883202,1.6017149499452605,0.5508091564098039,1.0,False,False
buffered,12,Stampriet Kalahari Karoo Aquifer System,104,1920,0.14418452159306616,0.10760320338224927,0.14418452159306616,0.7462881743016714,0.984375,True,False
buffered,13,Northcentral Mega Aquifer System (Mega Aquifer System),97,1920,-0.32686008548669976,0.267814103601759,0.32686008548669976,0.8193539544694778,0.9526041666666667,True,False
buffered,14,Ozark Plateaus Aquifer System,104,1920,0.22594590287965338,0.41954821415253224,0.22594590287965338,1.8568524979007837,0.7395833333333334,True,True
buffered,15,Western Karoo Basin (Main Karoo Basin),83,1920,0.07457375033227424,0.12807443211505126,0.07457375033227424,1.7174197562063984,0.8390625,True,True
buffered,16,Middle Gangetic Plain (Indo-Gangetic Plain),87,1920,-0.7023042385513021,0.23017358411921007,0.7023042385513021,0.32774055955294695,1.0,False,False
buffered,17,Northern Mega Aquifer System (Mega Aquifer System),82,1920,-0.6183748997313848,0.2754223626529948,0.6183748997313848,0.44539706054148576,0.9979166666666667,True,False
buffered,18,Canning Basin,75,1920,0.01191062479268503,0.2216354044790525,0.01191062479268503,18.60820975698697,0.540625,True,True
buffered,19,Central Karoo Basin (Main Karoo Basin),76,1920,0.13203778053744417,0.14122484146431888,0.13203778053744417,1.0695790317701483,0.8984375,True,True
buffered,20,Southern Carpentaria Basin (Great Artesian Basin),71,1920,0.14506504094556522,0.17658950312619584,0.14506504094556522,1.2173126066428368,0.8932291666666666,True,True
buffered,21,Eastern Parecis Basin (Parecis Basin),61,1920,-0.40297926067168793,0.17181021128318158,0.40297926067168793,0.4263500086749066,0.9953125,True,False
buffered,22,Eastern Poti and Piaui and Cabecas and Serra Grande Aquifers (Parnaiba Basin),68,1920,0.17234833213521,0.16107459910577152,0.17234833213521,0.934587513033813,0.8255208333333334,True,True
buffered,23,Wiso Basin (Daly-Wiso-Georgina Basins),67,1920,0.38067067681227285,0.45971971294740044,0.38067067681227285,1.2076572768805895,0.9927083333333333,True,False
buffered,24,Northern Georgina Basin (Daly-Wiso-Georgina Basins),67,1920,0.38683667636576957,0.3332305704029004,0.38683667636576957,0.8614244479957675,1.0,False,False
buffered,25,Dakota Aquifer System,86,1920,0.23458668279259348,0.4059119117993108,0.23458668279259348,1.730328026157359,0.7640625,True,True
buffered,26,Arckaringa Basin and Southwestern Great Artesian Basin (Great Artesian Basin),65,1920,-0.16406627327867718,0.21894187666420398,0.16406627327867718,1.3344721757183882,0.9015625,True,False
buffered,27,Trans Gangetic Plain (Indo-Gangetic Plain),66,1920,-2.5303082764204063,2.5689286674608143,2.5303082764204063,1.0152631169096296,1.0,False,False
buffered,28,Southcentral Mega Aquifer System (Mega Aquifer System),57,1920,-0.17564153246481667,0.2724543376942826,0.17564153246481667,1.5511954027664774,0.8369791666666667,True,True
buffered,29,Central Mississippi Embayment (Mississippi Embayment),62,1920,0.17157879713988256,0.35242018711004,0.17157879713988256,2.053984484007796,0.7119791666666667,True,True
buffered,30,Northern Karoo Basin (Main Karoo Basin),52,1920,0.16264455541644202,0.18764538416550094,0.16264455541644202,1.1537145137446854,0.9380208333333333,True,False
buffered,31,Mississippian-Silurian-Devonian Carbonates (Northern Midwest Aquifer System),62,1920,0.20125580426031697,0.49060816243650085,0.20125580426031697,2.437734227043297,0.6973958333333333,True,True
buffered,32,Staten River Embayment and Central Carpentaria Basin (Great Artesian Basin),44,1920,0.1904406888225223,0.1686187555022822,0.1904406888225223,0.8854134930136875,0.9880208333333333,True,False
buffered,33,Central Dharwar Craton Banded Gneiss Complex (Dharwar Craton Banded Gneiss Complex),50,1920,0.47310045142411605,0.2295464986741932,0.47310045142411605,0.48519611000838747,1.0,False,False
buffered,34,Central Huaihe Plain (Huaihe River Basin),50,1920,-0.36484366687677794,0.4953334077678514,0.36484366687677794,1.3576593284683354,0.9223958333333333,True,False
buffered,35,Central Minnesota Surficial and Buried Sand and Gravel Aquifers,61,1920,-0.28337749180887273,0.7520299260401387,0.28337749180887273,2.6538096630037016,0.6927083333333334,True,True
buffered,36,Southern High Plains (High Plains),50,1920,-1.0238158421752441,0.7178310124602438,1.0238158421752441,0.7011329409936737,1.0,False,False
buffered,37,Southcentral Karoo Basin (Main Karoo Basin),52,1920,0.057314420675215486,0.15409564287696673,0.057314420675215486,2.6886015955771914,0.7244791666666667,True,True
buffered,38,Central High Plains (High Plains),54,1920,-0.8869080332019703,1.123183029522733,0.8869080332019703,1.2664030400849433,0.96875,True,False
buffered,39,Lower Liaohe River Plain (Liaohe River Basin),56,1920,0.025708614112002467,0.19367930627278562,0.025708614112002467,7.533634657589863,0.5833333333333334,True,True
buffered,40,Wadi As-Sirhan Basin,47,1920,-0.9778349917533959,0.3786830435189501,0.9778349917533959,0.38726681568218174,1.0,False,False
buffered,41,Eastern Saq Aquifer (Ram-Saq Aquifer System),48,1920,-0.8965381138191355,0.9048684474947306,0.8965381138191355,1.009291667077163,1.0,False,False
buffered,42,Trinity Aquifer System (Edwards-Trinity Aquifer System),50,1920,-0.23271988132020732,0.33745186590569637,0.23271988132020732,1.4500345393412464,0.8572916666666667,True,True
buffered,43,Wisconsin Precambrian Aquifer,54,1920,0.338733051260947,0.5111760977817044,0.338733051260947,1.5090824349110057,0.85625,True,True
buffered,44,Lafayette Area (Gulf Coast Regional Aquifer System),48,1920,0.12593909559670297,0.32583000320425815,0.12593909559670297,2.5872029782369523,0.7041666666666667,True,True
buffered,45,Paskapoo-Scollard,63,1920,-0.3221225395782008,0.5732748751512426,0.3221225395782008,1.779679484403389,0.8395833333333333,True,True
buffered,46,Western Surat Basin (Great Artesian Basin),43,1920,0.06445919602534428,0.21293831923675216,0.06445919602534428,3.3034591240174382,0.6520833333333333,True,True
buffered,47,Coonamble Embayment (Great Artesian Basin),44,1920,0.2422550359450396,0.22191366727416986,0.2422550359450396,0.9160332473935254,0.9765625,True,False
buffered,48,Mimosa Syncline and Eastern Surat Basin (Great Artesian Basin),40,1920,0.15367018029205592,0.20837249216313727,0.15367018029205592,1.355972198165692,0.8447916666666667,True,True
buffered,49,Wuyuer-Shuangyang System (Songnen Plain),52,1920,0.5121234978164403,0.4139141193163562,0.5121234978164403,0.8082310635641149,1.0,False,False
buffered,50,Powder River Basin (Northern Great Plains),50,1920,0.35937624089910725,0.5193871780878794,0.35937624089910725,1.4452462878137073,0.765625,True,True
buffered,51,Central Eucla Basin (Eucla Basin),49,1920,-0.09110424356833696,0.22918211462130034,0.09110424356833696,2.5156030679228643,0.66875,True,True
buffered,52,Rio Grande Delta (Gulf Coast Regional Aquifer System),43,1920,-0.2834006671708563,0.32636670562332215,0.2834006671708563,1.1516088119389023,0.9104166666666667,True,False
buffered,53,Michigan Basin,44,1920,0.5984740657341875,0.5295594677762884,0.5984740657341875,0.8848494832046614,0.953125,True,False
buffered,54,Southern Piedmont Upland (Piedmont Plateau),45,1920,0.14825534082267716,0.3827310317935743,0.14825534082267716,2.581566570686617,0.6723958333333333,True,True
buffered,55,Eastern Huaihe Plain (Huaihe River Basin),48,1920,-0.35716587826987445,0.3276508823033354,0.35716587826987445,0.9173633379831498,0.9526041666666667,True,False
buffered,56,Northern Dharwar Craton Banded Gneiss Complex (Dharwar Craton Banded Gneiss Complex),41,1920,0.5785887909244658,0.24004597150279083,0.5785887909244658,0.4148818215424581,1.0,False,False
buffered,57,Eastern Mississippi Embayment (Mississippi Embayment),50,1920,0.12057921062711822,0.4109746254651393,0.12057921062711822,3.408337335496798,0.6677083333333333,True,True
buffered,58,Western Cambrian-Ordovician Aquifers (Northern Midwest Aquifer System),51,1920,0.17863016396378062,0.55885712035697,0.17863016396378062,3.128570830121865,0.6614583333333334,True,True
buffered,59,Southeastern System (Amadeus Basin),42,1920,-0.29717311524019574,0.2709784263566061,0.29717311524019574,0.9118537729686035,0.9453125,True,False
buffered,60,Edwards Plateau (Edwards-Trinity Aquifer System),42,1920,-0.5857238135896894,0.3311156657465705,0.5857238135896894,0.565310233362858,1.0,False,False
buffered,61,Southcentral Deccan Basalt Plateau (Deccan Plateau),35,1920,0.6320514249859415,0.26138746220150844,0.6320514249859415,0.4135541063091858,1.0,False,False
buffered,62,Eastside Lower Indus Valley (Indus Basin),41,1920,-0.046646470649337336,0.8238471072241178,0.046646470649337336,17.661509986840162,0.5364583333333334,True,True
buffered,63,Central Piedmont Upland (Piedmont Plateau),40,1920,0.0292667172839728,0.44344371424013046,0.0292667172839728,15.151809133133339,0.5296875,True,True
buffered,64,Eastern Carrizo-Wilcox (Carrizo-Wilcox),39,1920,0.06140428585406918,0.35600704097705504,0.06140428585406918,5.797755580500135,0.5744791666666667,True,True
buffered,65,Jiangsu Coastal Plain (Huaihe River Basin),41,1920,0.023616157473197917,0.23416811847761826,0.023616157473197917,9.915589305473453,0.5640625,True,True
buffered,66,Eastern Cambrian-Ordovician Aquifers (Northern Midwest Aquifer System),41,1920,0.3579954573357379,0.42973414919094527,0.3579954573357379,1.2003899501661242,0.834375,True,True
buffered,67,Northcentral Deccan Basalt Plateau (Deccan Plateau),40,1920,0.7324768612828688,0.3770883832191013,0.7324768612828688,0.5148126898625359,1.0,False,False
buffered,68,Eastside Middle Indus Plain (Indus Basin),40,1920,-1.3091699386251954,0.4308298324317914,1.3091699386251954,0.32908625513065226,1.0,False,False
buffered,69,Central Allegheny Plateau (Appalachian Plateaus),41,1920,-0.09654381991085209,0.5033020081351228,0.09654381991085209,5.213197578051796,0.6052083333333333,True,True
buffered,70,Northeastern Karoo Basin (Main Karoo Basin),38,1920,0.07274086853527481,0.1790540952846929,0.07274086853527481,2.4615336452555936,0.7015625,True,True
buffered,71,Southern Riverine Plains (Murray Basin),37,1920,0.16160515704767153,0.24022126657044401,0.16160515704767153,1.4864703018083867,0.7953125,True,True
buffered,72,Black Warrior River Aquifer System (Eutaw and McShan Formations and Tuscaloosa Group),41,1920,0.09918677153998195,0.4134724161347816,0.09918677153998195,4.168624603010814,0.6317708333333333,True,True
buffered,73,North Carolina and Virginia Coastal Plain (North Atlantic Coastal Plain),39,1920,0.09328591834005975,0.4414401193360429,0.09328591834005975,4.732119565214972,0.5963541666666666,True,True
buffered,74,Northeastern Deccan Basalt Plateau (Deccan Plateau),33,1920,0.6951525050542204,0.4124236528728371,0.6951525050542204,0.5932851422878336,1.0,False,False
buffered,75,Ribstone Creek and Northern Judith River Aquifer (Bearpaw-Judith River Aquifer System),45,1920,-0.028502420030905178,0.4586537791005783,0.028502420030905178,16.091748651632386,0.5229166666666667,True,True
buffered,76,Southern Dharwar Craton Banded Gneiss Complex (Dharwar Craton Banded Gneiss Complex),35,1920,0.3033709127467117,0.16418856997684514,0.3033709127467117,0.5412139499145995,1.0,False,False
buffered,77,Northcentral Valley and Ridge (Valley and Ridge Aquifer System),40,1920,-0.05045740733851367,0.45581600342190276,0.05045740733851367,9.0336786502699,0.5692708333333333,True,True
buffered,78,Ivanhoe Plains (Murray Basin),34,1920,0.11036447556569434,0.23381031662563148,0.11036447556569434,2.1185287695808976,0.684375,True,True
buffered,79,Southcentral Piedmont Upland (Piedmont Plateau),30,1920,0.14979974949611893,0.4375013569536691,0.14979974949611893,2.920574690046488,0.665625,True,True
buffered,80,Weipa Depression and Northern Carpentaria Basin (Great Artesian Basin),33,1920,0.19644890353101463,0.15729655236212967,0.19644890353101463,0.8006995688692977,0.9765625,True,False
buffered,81,Western Liaohe River Basin (Liaohe River Basin),42,1920,0.08621656185523213,0.2265474427652636,0.08621656185523213,2.6276557298313947,0.721875,True,True
buffered,82,Western Carrizo-Wilcox (Carrizo-Wilcox),33,1920,-0.4967827543030289,0.4432564761300651,0.4967827543030289,0.8922541539348331,0.9625,True,False
buffered,83,Northern Valley and Ridge (Valley and Ridge Aquifer System),37,1920,-0.06206996158027679,0.5299676118498721,0.06206996158027679,8.538230061000608,0.5828125,True,True
buffered,84,Eastern Karoo Basin (Main Karoo Basin),34,1920,0.0836957793207343,0.1297050472610916,0.0836957793207343,1.5497202883319021,0.871875,True,True
buffered,85,Eastern Paris Basin (Paris Basin),37,1920,-0.26524707009880855,0.28193136568369304,0.26524707009880855,1.0629009608990942,0.8838541666666667,True,True
buffered,86,Bari Doab (Indus Basin),33,1920,-1.6723188078067093,0.4454942165691136,1.6723188078067093,0.26639311505046764,1.0,False,False
buffered,87,Eastern Dakota Aquifer,37,1920,0.061834870095278216,0.4363900625801599,0.061834870095278216,7.057345829428421,0.5723958333333333,True,True
buffered,88,Springfield Plain (Central Lowland Till Plain),33,1920,0.07237531148341383,0.4865475907037975,0.07237531148341383,6.722562994638014,0.5640625,True,True
buffered,89,Seymour-Blaine Aquifer System,37,1920,-0.808709360050581,0.5350387189280758,0.808709360050581,0.6615958035833931,0.9916666666666667,True,False
buffered,90,Central Alluvial-Laucustrine Plain (North China Plain),34,1920,-0.6498935737801488,0.457216379293234,0.6498935737801488,0.7035250043077127,0.9875,True,False
buffered,91,Southern Malwa Plateau (Malwa Plateau),31,1920,0.5302068146529682,1.3652186500116295,0.5302068146529682,2.574879485291404,0.8177083333333334,True,True
buffered,92,Yellow River Alluvial Plain (North China Plain),32,1920,-0.6370038377664813,0.6493388760824169,0.6370038377664813,1.0193641507077662,0.9875,True,False
buffered,93,Eastern Armorican Massif (Armorican Massif),34,1920,-0.10585991612486448,0.3037093302791827,0.10585991612486448,2.8689738420059747,0.675,True,True
buffered,94,Ocala Uplift (Floridan Aquifer System),31,1920,0.27633123050697306,0.40579513375521586,0.27633123050697306,1.468509849613165,0.7817708333333333,True,True
buffered,95,Pearl and Chattahoochee Aquifer System,32,1920,0.16828281575659093,0.3723230108357092,0.16828281575659093,2.2124838425228623,0.7036458333333333,True,True
buffered,96,Eastern Mekong Delta (Mekong Delta),25,1920,-0.15282677163043518,0.15136616156201357,0.15282677163043518,0.9904427080881245,0.9229166666666667,True,False
buffered,97,Jianghan Plain,28,1920,0.2827619121995924,0.27819597735243073,0.2827619121995924,0.9838523696079028,0.9453125,True,False
buffered,98,Middle-Upper Devonian Aquifer System (Baltic Artesian Basin),43,1920,0.06979418965079526,0.33709473767429826,0.06979418965079526,4.82983955198708,0.6458333333333334,True,True
buffered,99,Upper Cauvery Banded Gneiss Aquifers (Dharwar Craton Banded Gneiss Complex),25,1920,0.29846896774638665,0.20792730855589647,0.29846896774638665,0.6966463218131785,1.0,False,False
buffered,100,Western Mississippi Embayment (Mississippi Embayment),29,1920,0.18533768661134997,0.37096149895355146,0.18533768661134997,2.001543807609143,0.7213541666666666,True,True
buffered,101,Southern Hills (Gulf Coast Regional Aquifer System),28,1920,0.2168859276826392,0.3335777393667189,0.2168859276826392,1.5380331169057235,0.7708333333333334,True,True
buffered,102,Lake Frome Embayment (Great Artesian Basin),25,1920,-0.010067315495848732,0.22387619061659922,0.010067315495848732,22.2379233777778,0.5098958333333333,True,True
buffered,103,Peedee and Black Creek and Cape Fear Aquifers,25,1920,0.19496132734843286,0.4755783038818721,0.19496132734843286,2.4393468712485915,0.6979166666666666,True,True
buffered,104,Western Brahmaputra Basin Aquifer (Brahmaputra Basin Aquifer),33,1920,-0.8446552450097904,0.32588348508194287,0.8446552450097904,0.38581834068663784,1.0,False,False
buffered,105,Roma Shelf and Northern Surat Basin (Great Artesian Basin),27,1920,0.12425818777511285,0.2033565967600865,0.12425818777511285,1.6365649652651375,0.7302083333333333,True,True
buffered,106,Thal Doab (Indus Basin),27,1920,-0.9419038338984439,0.7734678558755191,0.9419038338984439,0.8211749735365388,0.8,True,True
buffered,107,Stockton Plateau (Edwards-Trinity Aquifer System),27,1920,-0.6381684414842461,0.32567448342002037,0.6381684414842461,0.5103268388868771,1.0,False,False
buffered,108,Rechna Doab (Indus Basin),31,1920,-1.5525401523290043,0.4049324541135595,1.5525401523290043,0.2608193118265638,1.0,False,False
buffered,109,Northern Piedmont and Tista Fan (Bengal Basin),22,1920,-0.9760993822144869,0.5561472147279503,0.9760993822144869,0.5697649490016203,1.0,False,False
buffered,110,Central Paris Basin (Paris Basin),34,1920,-0.22716986482693496,0.2937370687226308,0.22716986482693496,1.293028320223762,0.8364583333333333,True,True
buffered,111,Southern Mallee (Murray Basin),30,1920,0.0660467664875427,0.23929845105981487,0.0660467664875427,3.623166792048022,0.5864583333333333,True,True
buffered,112,Victoria Area (Gulf Coast Regional Aquifer System),24,1920,-0.358793311040812,0.5905172614634397,0.358793311040812,1.645842448262001,0.9104166666666667,True,False
buffered,113,Central Urucuia Aquifer (Urucuia Aquifer System),28,1920,-0.9825239476802786,0.5162154716298222,0.9825239476802786,0.5253973430862399,1.0,False,False
buffered,114,Southcentral Floodplains (Bengal Basin),24,1920,-0.3656640345229554,0.17465183906180765,0.3656640345229554,0.4776292513691102,1.0,False,False
buffered,115,Eastern Silurian-Devonian Aquifers (Northern Midwest Aquifer System),30,1920,0.3144162826691278,0.34764522932079456,0.3144162826691278,1.105684560511883,0.9161458333333333,True,False
buffered,116,Southern Saurashtra Deccan Trap Basalts (Saurashtra Deccan Trap Basalts),22,1920,0.2130870182640246,0.2693417026681025,0.2130870182640246,1.2639986464796074,0.8895833333333333,True,True
buffered,117,Northeast Missouri Carbonates (Northern Midwest Aquifer System),30,1920,0.16068790890873247,0.48378177128990485,0.16068790890873247,3.010691809827977,0.66875,True,True
buffered,118,Eastern C Aquifer (The C Aquifer),28,1920,-0.5246311013701677,0.36293800120054975,0.5246311013701677,0.6917965790679822,0.9354166666666667,True,False
buffered,119,Southern Huaihe River Basin (Huaihe River Basin),32,1920,-0.07150893541511275,0.260062794079822,0.07150893541511275,3.636787382865445,0.6213541666666667,True,True
buffered,120,Western Huaihe Plain (Huaihe River Basin),28,1920,-0.3863849451061745,0.49155308059180514,0.3863849451061745,1.2721848685298325,0.928125,True,False
buffered,121,Southeastern Surat Basin (Great Artesian Basin),25,1920,0.20793822956594987,0.2177081827272358,0.20793822956594987,1.0469848819126706,0.9666666666666667,True,False
buffered,122,Houston-Galveston Area (Gulf Coast Regional Aquifer System),23,1920,-0.2289562262321141,0.3987909633355202,0.2289562262321141,1.7417781988214156,0.8447916666666667,True,True
buffered,123,Western Paris Basin (Paris Basin),31,1920,-0.16039861729227559,0.3018549168111627,0.16039861729227559,1.8819047315172792,0.7833333333333333,True,True
buffered,124,Northern Cumberland Plateau and Mountains (Appalachian Plateaus),24,1920,0.03369720091522829,0.398682927056757,0.03369720091522829,11.831336616347441,0.5479166666666667,True,True
buffered,125,Southeastern Coastal Karoo Basin (Main Karoo Basin),26,1920,0.1338072019033647,0.1457529116120731,0.1338072019033647,1.0892755362849271,0.9,True,False
buffered,126,Mount Vernon Hill County (Central Lowland Till Plain),30,1920,0.0962095286092653,0.448111369941378,0.0962095286092653,4.657661007375764,0.615625,True,True
buffered,127,Eastern Riverine Plains (Murray Basin),29,1920,0.27778302928501986,0.26407326342466486,0.27778302928501986,0.9506457759653558,0.9322916666666666,True,False
buffered,128,Central Mallee (Murray Basin),23,1920,0.03070969659014905,0.23693663951361052,0.03070969659014905,7.715368949285361,0.5489583333333333,True,True
buffered,129,Northern Allegheny Plateau (Appalachian Plateaus),32,1920,-0.011037785457573763,0.6025973737585908,0.011037785457573763,54.59404661150651,0.5052083333333334,True,True
buffered,130,Daly Basin (Daly-Wiso-Georgina Basins),20,1920,0.014158734702257836,0.21119537205110245,0.014158734702257836,14.916260279770901,0.5473958333333333,True,True
buffered,131,Blue Mountains and Clearwater Embayment (Columbia Plateau Regional Aquifer System),27,1920,-0.21285012356401092,0.35192707522820876,0.21285012356401092,1.6534031990936238,0.8088541666666667,True,True
buffered,132,Western Satpura Basalt Aquifers (Satpura Basalts),19,1920,0.80367284689312,1.06654182315617,0.80367284689312,1.3270845559598816,0.9901041666666667,True,False
buffered,133,Northern Aquitaine Basin (Aquitaine Basin),26,1920,-0.10733917863848802,0.3003846212236094,0.10733917863848802,2.7984620809824436,0.7,True,True
buffered,134,Central Wabash and Bloomington Ridged Plain (Central Lowland Till Plain),26,1920,0.09325112626535015,0.47045531963478915,0.09325112626535015,5.045036327991236,0.6026041666666667,True,True
buffered,135,Northern Riverine Plains (Murray Basin),19,1920,0.2524524171349547,0.24283788809334766,0.2524524171349547,0.9619154803478576,0.9375,True,False
buffered,136,Upper Peninsula Jacobsville Sandstone and Cambrian-Ordovician and Silurian-Devonian Aquifers (Northern Midwest Aquifer System),32,1920,0.7785000039414528,0.6712020818735797,0.7785000039414528,0.8621735112079171,0.9395833333333333,True,False
buffered,137,Eastern Flatwoods Southshores (Floridan Aquifer System),25,1920,0.19292646125639779,0.37659203149183706,0.19292646125639779,1.9519978184399969,0.7114583333333333,True,True
buffered,138,Lower Limestone Coast Aquifer System (Murray Basin),23,1920,0.012085979135554304,0.24284634785171927,0.012085979135554304,20.093229115158614,0.53125,True,True
buffered,139,Eastern Malwa Plateau (Malwa Plateau),24,1920,0.15653146398899576,1.0827225876355142,0.15653146398899576,6.916964551686747,0.5713541666666667,True,True
buffered,140,Southern St. Lawrence Lowlands (St. Lawrence Lowlands),27,1920,0.5003577846655503,0.648764892400602,0.5003577846655503,1.2966019761923964,0.7864583333333334,True,True
buffered,141,Southern Paris Basin (Paris Basin),30,1920,-0.2220358200514677,0.2802788527361766,0.2220358200514677,1.2623136783569795,0.8416666666666667,True,True
buffered,142,Westside Middle Indus Plain (Indus Basin),29,1920,-0.7167510147112514,1.013947280750426,0.7167510147112514,1.414643662777237,0.7588541666666667,True,True
buffered,143,Northcentral Piedmont Upland (Piedmont Plateau),26,1920,-0.0535673260761907,0.47408576159655164,0.0535673260761907,8.8502786366869,0.546875,True,True
buffered,144,Osage Plains (Osage Cuestas Aquifer System),23,1920,0.1165251449663671,0.4531254585490078,0.1165251449663671,3.88864960159281,0.6505208333333333,True,True
buffered,145,Eastern Pilbara Granite-Greenstone Terrane (Pilbara Craton),21,1920,-0.3377730546341754,0.2586933637947885,0.3377730546341754,0.7658792205167638,0.9979166666666667,True,False
buffered,146,Malwa Plateau Gneiss Complex (Malwa Plateau),20,1920,-0.7866190856891137,0.28044122438557306,0.7866190856891137,0.35651464538251565,1.0,False,False
buffered,147,Bluffton Till Plain (Central Lowland Till Plain),27,1920,-0.028773327900336387,0.49316850248513117,0.028773327900336387,17.13977973605777,0.5333333333333333,True,True
buffered,148,Vidalia Upland (Floridan Aquifer System),22,1920,0.2257775422883942,0.4148035256987228,0.2257775422883942,1.8372222564495744,0.7375,True,True
buffered,149,Northern Paris Basin (Paris Basin),28,1920,-0.1376475424077021,0.2945143566936359,0.1376475424077021,2.1396266983198697,0.7625,True,True
buffered,150,Southern Valley and Ridge (Valley and Ridge Aquifer System),28,1920,0.12598736721773307,0.388007226656818,0.12598736721773307,3.0797312081794574,0.6677083333333333,True,True
buffered,151,Barind Tract and Central Floodplains (Bengal Basin),21,1920,-0.6889794925624634,0.28637006963306133,0.6889794925624634,0.4156438220940209,1.0,False,False
buffered,152,Northeastern Judith River (Bearpaw-Judith River Aquifer System),28,1920,-0.00970172690156744,0.4662509764669215,0.00970172690156744,48.058555059057845,0.5041666666666667,True,True
buffered,153,Great Plains Dakota Aquifer,27,1920,-0.22428543819384783,0.5121045298784855,0.22428543819384783,2.2832714152216975,0.7401041666666667,True,True
buffered,154,Western Armorican Massif (Armorican Massif),24,1920,-0.07068366269515913,0.3164972733336114,0.07068366269515913,4.477658079188462,0.6177083333333333,True,True
buffered,155,Southeastern Allegheny Plateau (Appalachian Plateaus),24,1920,-0.09742321911675864,0.4374525853804697,0.09742321911675864,4.490229222011199,0.63125,True,True
buffered,156,Western Riverine Plains (Murray Basin),20,1920,0.1810245424061233,0.2347901649645062,0.1810245424061233,1.2970073662043087,0.8604166666666667,True,True
buffered,157,Southern Deccan Basalt Plateau (Deccan Plateau),20,1920,0.5284769545306853,0.19399384975099426,0.5284769545306853,0.3670810015230858,1.0,False,False
buffered,158,Eastern Vindhyan Basin,24,1920,0.020930754603050016,0.5251016551632062,0.020930754603050016,25.08756445344253,0.521875,True,True
buffered,159,Catahoula Area (Gulf Coast Regional Aquifer System),21,1920,0.1794143494817214,0.34083628435495156,0.1794143494817214,1.8997158551672908,0.7291666666666666,True,True
buffered,160,Milk River,27,1920,-0.0031196221525303237,0.34576867207369555,0.0031196221525303237,110.83671520707813,0.50625,True,True
buffered,161,Shawnee Hills (Interior Low Plateaus),22,1920,0.09797514182411102,0.4198959732041122,0.09797514182411102,4.285739886530878,0.6359375,True,True
buffered,162,Sea Island (Floridan Aquifer System),25,1920,0.2714497417534745,0.4202722190342281,0.2714497417534745,1.5482505760344814,0.7723958333333333,True,True
buffered,163,Missionary Plains Syncline and Mereenie Anticline (Amadeus Basin),25,1920,-0.28274515485989093,0.3494133123351683,0.28274515485989093,1.2357888590816473,0.9203125,True,False
buffered,164,Flint Hills Upland (Osage Cuestas Aquifer System),24,1920,-0.012966667261841203,0.41972602361140976,0.012966667261841203,32.369614731041594,0.5239583333333333,True,True
buffered,165,Northwestern Malwa Plateau (Malwa Plateau),18,1920,0.19462511860362158,1.2434586568611314,0.19462511860362158,6.388993701237458,0.6026041666666667,True,True
buffered,166,Sundarbans and Southern Delta (Bengal Basin),24,1920,-0.11976145049299497,0.13432734093406168,0.11976145049299497,1.1216241986140498,0.8760416666666667,True,True
buffered,167,Transboundary Judith River Aquifer (Bearpaw-Judith River Aquifer System),23,1920,0.17744234005854204,0.39091677775536887,0.17744234005854204,2.2030636973475275,0.73125,True,True
buffered,168,Middle Chao Phraya Basin,18,1920,-0.3495639041027963,0.382884327254046,0.3495639041027963,1.0953199765770185,0.946875,True,False
buffered,169,Northern Mallee (Murray Basin),21,1920,0.015877264623580224,0.23414133167237008,0.015877264623580224,14.74695655853928,0.5119791666666667,True,True
buffered,170,Alabama Coastal Lowlands (Gulf Coast Regional Aquifer System),19,1920,0.1694380075196153,0.40132198299750477,0.1694380075196153,2.3685475819293083,0.7197916666666667,True,True
buffered,171,Pecos Valley,19,1920,-0.8422824368419626,0.343566456717615,0.8422824368419626,0.40789934787881416,1.0,False,False
buffered,172,Eastern Deccan Basalt Plateau (Deccan Plateau),21,1920,0.7223519318584237,0.28187802583323307,0.7223519318584237,0.3902225679774043,1.0,False,False
buffered,173,Lachlan Alluvium,15,1920,0.3483339785888846,0.3399714061858278,0.3483339785888846,0.9759926595822379,0.975,True,False
buffered,174,Devonian and Overlying Unconsolidated Aquifers (Southern Ontario Paleozoic Aquifer System),23,1920,0.4852602114897683,0.5573487751144082,0.4852602114897683,1.1485565103376705,0.9088541666666666,True,False
buffered,175,Nanyang Basin,21,1920,0.06809449616920268,0.25750569831330083,0.06809449616920268,3.7815934150308577,0.6546875,True,True
buffered,176,Newcastle Till Plain (Central Lowland Till Plain),19,1920,-0.07058971039598323,0.5106157536225675,0.07058971039598323,7.233572014365752,0.5723958333333333,True,True
buffered,177,Southern Mekong Delta (Mekong Delta),17,1920,-0.22175782518795512,0.21265091584979734,0.22175782518795512,0.9589330868913463,0.9578125,True,False
buffered,178,Northern Cambrian-Ordovician Aquifers (Northern Midwest Aquifer System),23,1920,0.40695145916760256,0.34635907355460444,0.40695145916760256,0.8511066019103688,0.9864583333333333,True,False
buffered,179,Wimmera Plain (Murray Basin),20,1920,0.020458345430557738,0.24288843480459854,0.020458345430557738,11.87234009852071,0.528125,True,True
buffered,180,Ghaap Plateau Dolomite Aquifer System,18,1920,0.1373018134851523,0.14986655610573044,0.1373018134851523,1.0915118475251375,0.9005208333333333,True,False
buffered,181,Bighorn Basin,21,1920,0.07651806677069303,0.5325666793048354,0.07651806677069303,6.960012213858129,0.5760416666666667,True,True
buffered,182,Northern San Juan Basin,19,1920,-0.4525061788101761,0.3611386111924865,0.4525061788101761,0.7980854806050776,0.9338541666666667,True,False
buffered,183,Southwestern Bengal Basin (Bengal Basin),20,1920,-0.1394378886675905,0.15430276735617643,0.1394378886675905,1.1066057355760937,0.8666666666666667,True,True
buffered,184,Central Carrizo-Wilcox (Carrizo-Wilcox),20,1920,-0.30448315224742284,0.4055560153124842,0.30448315224742284,1.3319489512606255,0.9125,True,False
buffered,185,Northern Pitted Karst Plain (Yucatan Peninsula),17,1920,0.15077423512638571,0.2725327110775162,0.15077423512638571,1.8075549237511772,0.7489583333333333,True,True
buffered,186,New Brunswick Carboniferous Basin (Maritimes Basin),23,1920,0.39873557502796164,0.6567632640020254,0.39873557502796164,1.6471147926943048,0.7979166666666667,True,True
buffered,187,Madhupur Tract and Eastern Floodplains (Bengal Basin),16,1920,-0.6176273694393468,0.26288412266158734,0.6176273694393468,0.4256354813100676,1.0,False,False
buffered,188,Southwestern Allegheny Plateau (Appalachian Plateaus),21,1920,-0.1382832980658989,0.46627857454705735,0.1382832980658989,3.371908112322085,0.6635416666666667,True,True
buffered,189,Black Hills Uplift,23,1920,0.4716201031515093,0.5052680179380776,0.4716201031515093,1.0713453785403182,0.8052083333333333,True,True
buffered,190,Central Pilbara Granite-Greenstone Terrane (Pilbara Craton),16,1920,-0.35683620534057503,0.2985422831100581,0.35683620534057503,0.8366367499764227,0.9979166666666667,True,False
buffered,191,Northwestern Deccan Basalt Plateau (Deccan Plateau),19,1920,0.8583898814856084,0.6054134574872565,0.8583898814856084,0.7052896015496739,1.0,False,False
buffered,192,Dougherty Plain and Marianna Lowlands (Floridan Aquifer System),18,1920,0.21369029927648808,0.3645992074924911,0.21369029927648808,1.7062038320267692,0.7369791666666666,True,True
buffered,193,Lower Coastal Plain (Floridan Aquifer System),17,1920,0.2348204005283926,0.44395828975074303,0.2348204005283926,1.8906291308240195,0.7328125,True,True
buffered,194,Lannemezan Plateau (Aquitaine Basin),22,1920,-0.10365380136882134,0.2737836946587996,0.10365380136882134,2.6413280655730267,0.71875,True,True
buffered,195,Springbok Flats Karoo Basin,14,1920,-0.01791550364715308,0.13285889104975174,0.01791550364715308,7.415861349276893,0.5651041666666666,True,True
buffered,196,Southcentral Valley and Ridge (Valley and Ridge Aquifer System),20,1920,0.08541337787855549,0.40562470344443535,0.08541337787855549,4.748959864591358,0.603125,True,True
buffered,197,Northcentral Piedmont Plain (North China Plain),18,1920,-0.6932115215126933,0.44540156814980114,0.6932115215126933,0.642518992151006,0.9885416666666667,True,False
buffered,198,North-central High Plains (High Plains),18,1920,-0.54148658153699,0.6809733379345464,0.54148658153699,1.2575996546426473,0.86875,True,True
buffered,199,Great Bend Prairie (High Plains),16,1920,-0.4745792761548405,0.6698561986713275,0.4745792761548405,1.4114737670356556,0.8625,True,True
buffered,200,Delmarva Peninsula (North Atlantic Coastal Plain),17,1920,0.019636726056011543,0.4959679215607165,0.019636726056011543,25.257159474854618,0.515625,True,True
buffered,201,Denver Basin,18,1920,-0.08328089490096599,0.45666873032112393,0.08328089490096599,5.483475302038655,0.6052083333333333,True,True
buffered,202,Eastern Second Songhuajiang System (Songnen Plain),21,1920,0.44057613022923514,0.3716716577813413,0.44057613022923514,0.8436037095063632,1.0,False,False
buffered,203,Western Bengal Basin (Bengal Basin),17,1920,-0.42099609153161005,0.15323652071911492,0.42099609153161005,0.363985613646984,1.0,False,False
buffered,204,Eastern Otway Basin (Otway Basin),19,1920,0.013518146601721927,0.24967217384021145,0.013518146601721927,18.469408654616046,0.5255208333333333,True,True
buffered,205,Western Allegheny Plateau (Appalachian Plateaus),19,1920,-0.08030631058193968,0.5114157068363674,0.08030631058193968,6.368312815398858,0.5765625,True,True
buffered,206,Laizhou Coastal Plain,18,1920,-0.33160195704424056,0.24516879174492548,0.33160195704424056,0.7393466369446559,0.9796875,True,False
buffered,207,Central Coromandel Fractured Charnockite and Gneiss Aquifers (Coromandel Coastal Plain),17,1920,0.08764122119935917,0.11348443628775229,0.08764122119935917,1.2948751139558754,0.84375,True,True
buffered,208,Intermediate Aquifer (Floridan Aquifer System),18,1920,0.22950678046452305,0.4042105487394009,0.22950678046452305,1.7612139733792456,0.7432291666666667,True,True
buffered,209,Malm Valangnian Aquifer,19,1920,-0.505116642680959,0.2365815441428234,0.505116642680959,0.46837012316035026,1.0,False,False
buffered,210,Southwestern Khorat Plateau (Khorat Plateau Aquifer System),17,1920,-0.3085250089782905,0.2567642229606141,0.3085250089782905,0.8322314739116705,0.94375,True,False
buffered,211,Western Cambay Basin (Cambay Basin),16,1920,0.03948032327989335,0.29461117328287184,0.03948032327989335,7.462227986185519,0.5869791666666667,True,True
buffered,212,Western Pilbara Granite-Greenstone Terrane (Pilbara Craton),18,1920,-0.3293934379116363,0.2675723352913707,0.3293934379116363,0.8123183539653579,0.9947916666666666,True,False
buffered,213,Mississippi Delta (Gulf Coast Regional Aquifer System),20,1920,0.24501688484401563,0.3254516482476234,0.24501688484401563,1.3282825322622753,0.7973958333333333,True,True
buffered,214,Central Cambay Basin (Cambay Basin),21,1920,-0.011261300072282945,0.2933695691887734,0.011261300072282945,26.051127960867852,0.521875,True,True
buffered,215,Eastern Duero Basin (Duero Basin),18,1920,-0.2568952210917409,0.2936427921747202,0.2568952210917409,1.1430449773522888,0.8989583333333333,True,True
buffered,216,Eastern Pennyroyal Plateau (Interior Low Plateaus),16,1920,0.06057430048955737,0.39896166442744807,0.06057430048955737,6.586318970306996,0.5791666666666667,True,True
buffered,217,Gunnedah Basin and Liverpool Plains,17,1920,0.28238045484176766,0.24293908058695643,0.28238045484176766,0.8603254099972597,1.0,False,False
buffered,218,Northern Piedmont Upland (Piedmont Plateau),19,1920,-0.02288528214598553,0.5033979823858339,0.02288528214598553,21.99658187190576,0.5333333333333333,True,True
buffered,219,Lower Athabasca (Lower Athabasca Basin),26,1920,-0.5436678732178504,1.2896936799948318,0.5436678732178504,2.37220873906236,0.7307291666666667,True,True
buffered,220,Southern Nuomin-Taoer System (Songnen Plain),20,1920,0.5239055879786552,0.42756105847595943,0.5239055879786552,0.816103260370987,1.0,False,False
buffered,221,Umatilla Basin and Horse Heaven Hills (Columbia Plateau Regional Aquifer System),19,1920,-0.1994717387609262,0.38881034265888603,0.1994717387609262,1.949200147720619,0.796875,True,True
buffered,222,Palouse Slope (Columbia Plateau Regional Aquifer System),18,1920,-0.31009317554262783,0.39757054949184367,0.31009317554262783,1.2821002874253533,0.8291666666666667,True,True
buffered,223,Letaba Lowveld,16,1920,-0.2476286058351129,0.1266655366280463,0.2476286058351129,0.5115141532250453,1.0,False,False
buffered,224,Landes Plain (Aquitaine Basin),20,1920,-0.06456556167369736,0.29835739550713164,0.06456556167369736,4.620998993472338,0.6067708333333334,True,True
buffered,225,Transboundary Odanah Shale,16,1920,-0.35387812956380627,0.8948301122738895,0.35387812956380627,2.5286392051887074,0.715625,True,True
buffered,226,Northern Hirri Basin (Chhattisgarh Basin),16,1920,0.2042917794245636,0.3185267652056911,0.2042917794245636,1.5591756364494818,0.8723958333333334,True,True
buffered,227,Western Second Songhuajiang System (Songnen Plain),17,1920,0.38162311191862,0.3482455629585628,0.38162311191862,0.9125379257240195,1.0,False,False
buffered,228,Tifton Upland (Floridan Aquifer System),15,1920,0.23642545289357858,0.38531464006790245,0.23642545289357858,1.6297510921607197,0.7526041666666666,True,True
buffered,229,South-central High Plains (High Plains),18,1920,-1.0060685953150967,1.2642704738717638,1.0060685953150967,1.2566444075076206,0.9791666666666666,True,False
buffered,230,Northern Khorat Plateau (Khorat Plateau Aquifer System),14,1920,-0.12472551490990827,0.2075092757808396,0.12472551490990827,1.6637275535060143,0.7515625,True,True
buffered,231,Hill Country (Edwards-Trinity Aquifer System),17,1920,-0.5186340986858013,0.42681325819034455,0.5186340986858013,0.8229564143041747,0.96875,True,False
buffered,232,Northern St. Lawrence Lowlands (St. Lawrence Lowlands),17,1920,0.7063269081882882,0.6964835929965965,0.7063269081882882,0.9860640801340279,0.7927083333333333,True,True
buffered,233,Chicxulub Sedimentary Basin (Yucatan Peninsula),16,1920,0.1649754462910009,0.2626176986712657,0.1649754462910009,1.5918593013413236,0.7703125,True,True
buffered,234,West Jutland Quaternary and Tertiary Sand Aquifer System,23,1920,0.3986146755867821,0.2985491343553305,0.3986146755867821,0.7489667406646536,0.9848958333333333,True,False
buffered,235,South Platte Basin,20,1920,0.10049305939591235,0.491326943650743,0.10049305939591235,4.889162959155845,0.6223958333333334,True,True
buffered,236,North Rewa Basin (Son-Mahandai Valley Basins),15,1920,0.08293230849580313,0.3475280760908359,0.08293230849580313,4.190502861842112,0.6104166666666667,True,True
buffered,237,Southern Coromandel Fractured Charnockite and Gneiss Aquifers (Coromandel Coastal Plain),12,1920,0.07720410125077422,0.12200013828665193,0.07720410125077422,1.580228722440163,0.78125,True,True
buffered,238,Chaj Doab (Indus Basin),18,1920,-1.248821391506934,0.36586425265852496,1.248821391506934,0.29296763744336735,1.0,False,False
buffered,239,Rush Springs Aquifer,14,1920,-0.7027641903426868,0.7260671893888094,0.7027641903426868,1.0331590587089525,0.9557291666666666,True,False
buffered,240,Silurian and Overlying Unconsolidated Aquifers (Southern Ontario Paleozoic Aquifer System),16,1920,0.5503612623316145,0.6390710507630945,0.5503612623316145,1.1611846517970024,0.8125,True,True
buffered,241,Bangkok Basin (Lower Chao Phraya Basin),12,1920,-0.5411012439626326,0.39071141655545116,0.5411012439626326,0.7220671194436081,0.990625,True,False
buffered,242,Gypsum Hills,21,1920,-0.7194480601874256,0.9953723930295616,0.7194480601874256,1.3835222417171493,0.9442708333333333,True,False
buffered,243,Clarence-Moreton Basin and Cecil Plains (Great Artesian Basin),17,1920,0.22303893910474876,0.22191297406288807,0.22303893910474876,0.9949517109147838,0.9713541666666666,True,False
buffered,244,Hetao Basin,17,1920,-0.3462631237137176,0.24659677358050167,0.3462631237137176,0.7121658550749465,0.9666666666666667,True,False
buffered,245,Western C Aquifer (The C Aquifer),16,1920,-0.5041570144221641,0.3845630264037612,0.5041570144221641,0.7627842426124436,0.9588541666666667,True,False
buffered,246,Arrowsmith and Dandaragan Plateau (Perth Basin),17,1920,-0.023902474343162117,0.2305444042470495,0.023902474343162117,9.645210823665305,0.5567708333333333,True,True
buffered,247,Gambier Embayment (Otway Basin),12,1920,0.012993397716420389,0.2483527737562296,0.012993397716420389,19.11376678960378,0.5296875,True,True
buffered,248,Northern Columbia River Basin (Columbia Plateau Regional Aquifer System),18,1920,-0.42065065074374236,0.5096626647943909,0.42065065074374236,1.2116055541415864,0.8828125,True,True
buffered,249,San Luis Valley (Middle Rio Grande),13,1920,-0.5361335371930843,0.4261483953618785,0.5361335371930843,0.7948549489982837,0.9755208333333333,True,False
buffered,250,Southern Cumberland Plateau - Pottsville Aquifer (Appalachian Plateaus),16,1920,0.1079908813221471,0.3872765969946216,0.1079908813221471,3.5861972071450974,0.6526041666666667,True,True
buffered,251,Sylhet Basin (Bengal Basin),12,1920,-0.5536593005776049,0.1876928903307088,0.5536593005776049,0.3390043121011391,1.0,False,False
buffered,252,Tuli Karoo Aquifer,15,1920,-0.19442273151821587,0.20147553954509212,0.19442273151821587,1.0362756349105993,0.8005208333333333,True,True
buffered,253,Antlers Aquifer,18,1920,0.037635814974291984,0.4223931636790003,0.037635814974291984,11.223170375545893,0.5494791666666666,True,True
buffered,254,New Jersey Coastal Plain (North Atlantic Coastal Plain),14,1920,0.06629074547940306,0.47972350578119205,0.06629074547940306,7.236658787164267,0.5864583333333333,True,True
buffered,255,Upper Deschutes Basin,14,1920,-0.3312894531276712,0.496809161754342,0.3312894531276712,1.4996226323054218,0.86875,True,True
buffered,256,Southwestern Flatwoods (Floridan Aquifer System),12,1920,0.15515151040237807,0.3474918771523317,0.15515151040237807,2.239693808014682,0.6802083333333333,True,True
buffered,257,Central Cumberland Plateau and Sequatchie Valley (Appalachian Plateaus),13,1920,0.15594727387586543,0.3630488043836765,0.15594727387586543,2.3280227692384323,0.69375,True,True
buffered,258,Eastern Malwa Plateau Alluvial Aquifer (Malwa Plateau),14,1920,-1.6204259838382091,1.4539566844506757,1.6204259838382091,0.8972681868546521,1.0,False,False
buffered,259,Northern Duero Basin (Duero Basin),14,1920,-0.17614070633154147,0.2629090828824217,0.17614070633154147,1.4926083150112965,0.8333333333333334,True,True
buffered,260,Central Littoral Plain (North China Plain),15,1920,-0.3464314218944433,0.21860958052590562,0.3464314218944433,0.6310327721730604,0.9838541666666667,True,False
buffered,261,Red River Delta,14,1920,0.33206759634393257,0.21641628711054825,0.33206759634393257,0.6517235933083916,1.0,False,False
buffered,262,Tipton Till Plain (Central Lowland Till Plain),14,1920,0.023089051878394176,0.485394905907614,0.023089051878394176,21.02273010014012,0.5229166666666667,True,True
buffered,263,Upper Carbonate Aquifer (Northern Midwest Aquifer System),18,1920,0.12662491085804772,0.521308248940126,0.12662491085804772,4.116948595719339,0.6020833333333333,True,True
buffered,264,Northern Saurashtra Deccan Trap Basalts (Saurashtra Deccan Trap Basalts),18,1920,0.027935053365940463,0.35193818343917216,0.027935053365940463,12.59844321143375,0.5307291666666667,True,True
buffered,265,Kurnool Basin (Cuddapah Sedimentary Basin),14,1920,0.4281021300244448,0.17974535497535432,0.4281021300244448,0.41986559367291815,1.0,False,False
buffered,266,Coatzacoalcos Coastal Aquifer (Coastal Plain of Veracruz),8,1920,-0.3022203983226032,0.3489795773434231,0.3022203983226032,1.1547188054821735,0.9223958333333333,True,False
buffered,267,Northern Nuomin-Taoer System (Songnen Plain),15,1920,0.6403494535266416,0.47245663087415884,0.6403494535266416,0.7378106255454193,1.0,False,False
buffered,268,Hatfield Valley,18,1920,-0.1361948348295481,0.8097166036099269,0.1361948348295481,5.945281292226033,0.5833333333333334,True,True
buffered,269,Northcentral Coromandel Schist Aquifers (Coromandel Coastal Plain),15,1920,0.2768111731402736,0.10886820697601435,0.2768111731402736,0.3932941208296009,1.0,False,False
buffered,270,Alsatian Aquifer and Upper Rhine Valley,17,1920,-0.3537159777661045,0.2816836846061207,0.3537159777661045,0.7963555573177549,0.9557291666666666,True,False
buffered,271,Southern Odanah Shale,13,1920,-0.42916703471800033,1.0610365506683683,0.42916703471800033,2.4723160560679145,0.7510416666666667,True,True
buffered,272,Eastern Satpura Basalt Aquifers (Satpura Basalts),15,1920,0.8094849276236498,0.6522477491651082,0.8094849276236498,0.8057565087467012,1.0,False,False
buffered,273,Southern Hirri Basin (Chhattisgarh Basin),12,1920,0.317342398047757,0.31853241473701843,0.317342398047757,1.0037499454739809,0.9520833333333333,True,False
buffered,274,Limpopo Plateau,12,1920,-0.13355119847765767,0.13615808611341412,0.13355119847765767,1.0195197621996075,0.9317708333333333,True,False
buffered,275,Southeastern Bengal Basin (Bengal Basin),14,1920,-0.3376521263886462,0.1873896030029962,0.3376521263886462,0.5549782997288338,0.9963541666666667,True,False
eroded,0,Central Parana Basin and Torres Syncline (Guarani Aquifer System),128,1920,0.15831240529173324,0.282882218527783,0.15831240529173324,1.7868607201469546,0.7692708333333333,True,True
eroded,1,Northern Guarani Aquifer (Guarani Aquifer System),98,1920,-0.9672633799024548,0.48379911364753814,0.9672633799024548,0.5001730900805194,1.0,False,False
eroded,2,Southwestern Chaco-Lower Parana Basin (Guarani Aquifer System),86,1920,-0.05888310802745997,0.2229646121722394,0.05888310802745997,3.786563237597113,0.6338541666666667,True,True
eroded,3,Amazonas Basin and Alter de Chao Aquifer System (Amazon Aquifer System),47,1920,0.4361762002322442,0.11868466439225539,0.4361762002322442,0.2721025684782002,1.0,False,False
eroded,4,Poolowanna Trough and Western Eromanga Basin (Great Artesian Basin),67,1920,-0.09361958142016114,0.2136493202044131,0.09361958142016114,2.282100784509632,0.7541666666666667,True,True
eroded,5,Eastern Eromanga Basin (Great Artesian Basin),67,1920,-0.0066371788030119795,0.21113241585088965,0.0066371788030119795,31.810566223570305,0.515625,True,True
eroded,6,Northern Eromanga Basin (Great Artesian Basin),60,1920,-0.023408121951902096,0.19564842836342344,0.023408121951902096,8.3581429029391,0.5578125,True,True
eroded,7,Northern High Plains (High Plains),67,1920,0.27011958998693353,0.5283222972721057,0.27011958998693353,1.955882937989289,0.746875,True,True
eroded,8,Williston Basin (Northern Great Plains),78,1920,0.21694936508165558,0.4936214320267909,0.21694936508165558,2.275284059213546,0.7234375,True,True
eroded,9,Central Eromanga Depocenter (Great Artesian Basin),45,1920,-0.06540570311777735,0.20886080112425276,0.06540570311777735,3.1933117628619168,0.6296875,True,True
eroded,10,Western Parecis Basin (Parecis Basin),36,1920,-0.42333977918467286,0.12228680364767763,0.42333977918467286,0.2888620669741802,1.0,False,False
eroded,11,Upper Gangetic Plain (Indo-Gangetic Plain),43,1920,-1.675488918541356,0.9038094424706125,1.675488918541356,0.5394302716471854,1.0,False,False
eroded,12,Stampriet Kalahari Karoo Aquifer System,46,1920,0.14905997433052315,0.11652432314206262,0.14905997433052315,0.7817277821589014,0.978125,True,False
eroded,13,Northcentral Mega Aquifer System (Mega Aquifer System),37,1920,-0.3227895168340602,0.29815626842163395,0.3227895168340602,0.923686343181059,0.884375,True,True
eroded,14,Ozark Plateaus Aquifer System,41,1920,0.22910915715384017,0.44666760596375754,0.22910915715384017,1.9495842571837194,0.7453125,True,True
eroded,15,Western Karoo Basin (Main Karoo Basin),25,1920,0.06606911797780687,0.13248393592998337,0.06606911797780687,2.0052323988112835,0.7677083333333333,True,True
eroded,16,Middle Gangetic Plain (Indo-Gangetic Plain),23,1920,-0.6267335462086512,0.2522971581080008,0.6267335462086512,0.40255888588418787,0.996875,True,False
eroded,17,Northern Mega Aquifer System (Mega Aquifer System),30,1920,-0.5733744606058206,0.35556307646844754,0.5733744606058206,0.6201236729183295,0.9078125,True,False
eroded,18,Canning Basin,24,1920,0.03841225670090759,0.2624429637420518,0.03841225670090759,6.8322714227787325,0.5932291666666667,True,True
eroded,19,Central Karoo Basin (Main Karoo Basin),27,1920,0.1302604167157054,0.14869240758729135,0.1302604167157054,1.1415010894047264,0.8859375,True,True
eroded,20,Southern Carpentaria Basin (Great Artesian Basin),21,1920,0.12718849218431244,0.17935853278370945,0.12718849218431244,1.4101789376022786,0.8307291666666666,True,True
eroded,21,Eastern Parecis Basin (Parecis Basin),19,1920,-0.39269178668678495,0.20478269055150183,0.39269178668678495,0.5214845267819126,0.9583333333333334,True,False
eroded,22,Eastern Poti and Piaui and Cabecas and Serra Grande Aquifers (Parnaiba Basin),18,1920,0.14709039801464407,0.16575779786292505,0.14709039801464407,1.1269110703366407,0.7989583333333333,True,True
eroded,23,Wiso Basin (Daly-Wiso-Georgina Basins),17,1920,0.4486808793550283,0.6492179919259007,0.4486808793550283,1.446948202604803,0.9979166666666667,True,False
eroded,24,Northern Georgina Basin (Daly-Wiso-Georgina Basins),19,1920,0.44005789944687207,0.4545477801846281,0.44005789944687207,1.0329272142505996,1.0,False,False
eroded,25,Dakota Aquifer System,21,1920,0.3405653881770384,0.42078802893327816,0.3405653881770384,1.235557233768386,0.83125,True,True
eroded,26,Arckaringa Basin and Southwestern Great Artesian Basin (Great Artesian Basin),17,1920,-0.16988685566017345,0.21832489222330015,0.16988685566017345,1.2851193894601112,0.8984375,True,True
eroded,27,Trans Gangetic Plain (Indo-Gangetic Plain),18,1920,-2.7273146723284696,2.9545492638749344,2.7273146723284696,1.0833180688139887,1.0,False,False
eroded,28,Southcentral Mega Aquifer System (Mega Aquifer System),11,1920,-0.18390550148034057,0.2855666795394284,0.18390550148034057,1.5527903039374564,0.8197916666666667,True,True
eroded,29,Central Mississippi Embayment (Mississippi Embayment),14,1920,0.14424940866316394,0.3816382167312971,0.14424940866316394,2.6456830587254507,0.678125,True,True
eroded,30,Northern Karoo Basin (Main Karoo Basin),16,1920,0.17351273382907934,0.21056049343311622,0.17351273382907934,1.2135160848801518,0.9510416666666667,True,False
eroded,31,Mississippian-Silurian-Devonian Carbonates (Northern Midwest Aquifer System),14,1920,0.2274510451874064,0.5212595525577801,0.2274510451874064,2.291743931659196,0.6979166666666666,True,True
eroded,32,Staten River Embayment and Central Carpentaria Basin (Great Artesian Basin),10,1920,0.1911983165725213,0.16992633570453375,0.1911983165725213,0.8887438903787676,0.98125,True,False
eroded,33,Central Dharwar Craton Banded Gneiss Complex (Dharwar Craton Banded Gneiss Complex),8,1920,0.4935189987996872,0.23283898729526548,0.4935189987996872,0.47179336127193705,1.0,False,False
eroded,34,Central Huaihe Plain (Huaihe River Basin),12,1920,-0.41615970817811787,0.595814080485462,0.41615970817811787,1.4316957379027464,0.9333333333333333,True,False
eroded,35,Central Minnesota Surficial and Buried Sand and Gravel Aquifers,19,1920,-0.36011603876966647,0.7996401661310544,0.36011603876966647,2.2205069478799624,0.7208333333333333,True,True
eroded,36,Southern High Plains (High Plains),14,1920,-1.0814372826997285,0.7972703124791611,1.0814372826997285,0.737232131010718,1.0,False,False
eroded,37,Southcentral Karoo Basin (Main Karoo Basin),6,1920,0.04581199139096564,0.1662317600583234,0.04581199139096564,3.6285643782580728,0.66875,True,True
eroded,38,Central High Plains (High Plains),7,1920,-0.9795868855463985,1.2680244455032859,0.9795868855463985,1.2944481640298822,0.9791666666666666,True,False
eroded,39,Lower Liaohe River Plain (Liaohe River Basin),9,1920,0.007302368456220473,0.20612033385345144,0.007302368456220473,28.22650419370023,0.525,True,True
eroded,40,Wadi As-Sirhan Basin,7,1920,-1.0231513850572882,0.4637751618789884,1.0231513850572882,0.45328107712332394,1.0,False,False
eroded,41,Eastern Saq Aquifer (Ram-Saq Aquifer System),7,1920,-0.9087244504788956,1.0348956280069161,0.9087244504788956,1.1388442640247312,1.0,False,False
eroded,42,Trinity Aquifer System (Edwards-Trinity Aquifer System),7,1920,-0.2678117607839428,0.33240446733865486,0.2678117607839428,1.2411869679122203,0.8770833333333333,True,True
eroded,43,Wisconsin Precambrian Aquifer,9,1920,0.518718247928545,0.37145581120068205,0.518718247928545,0.7161032269137584,1.0,False,False
eroded,44,Lafayette Area (Gulf Coast Regional Aquifer System),8,1920,0.13402917891327987,0.3310993560055445,0.13402917891327987,2.470352789520361,0.7166666666666667,True,True
eroded,45,Paskapoo-Scollard,13,1920,-0.3258749738496045,0.5473248661710975,0.3258749738496045,1.6795547682151715,0.846875,True,True
eroded,46,Western Surat Basin (Great Artesian Basin),7,1920,0.04756959355598959,0.21487352899379328,0.04756959355598959,4.517035209495459,0.6484375,True,True
eroded,47,Coonamble Embayment (Great Artesian Basin),10,1920,0.2482370531649865,0.22621862075782134,0.2482370531649865,0.9113007823512512,0.9786458333333333,True,False
eroded,48,Mimosa Syncline and Eastern Surat Basin (Great Artesian Basin),8,1920,0.15375617647958958,0.20870576261064033,0.15375617647958958,1.3573813253501725,0.8333333333333334,True,True
eroded,49,Wuyuer-Shuangyang System (Songnen Plain),10,1920,0.5337090403208076,0.4701939430821227,0.5337090403208076,0.8809930272110315,1.0,False,False
eroded,50,Powder River Basin (Northern Great Plains),12,1920,0.38442799761368307,0.5675687767075429,0.38442799761368307,1.4763981297686348,0.7505208333333333,True,True
eroded,51,Central Eucla Basin (Eucla Basin),4,1920,-0.16582351775729887,0.22954901146259207,0.16582351775729887,1.3842970802161039,0.7989583333333333,True,True
eroded,52,Rio Grande Delta (Gulf Coast Regional Aquifer System),5,1920,-0.29106779254856074,0.3946653340162608,0.29106779254856074,1.355922380008486,0.8796875,True,True
eroded,53,Michigan Basin,9,1920,0.6508765928439981,0.5723011895419934,0.6508765928439981,0.8792775709467898,0.9661458333333334,True,False
eroded,54,Southern Piedmont Upland (Piedmont Plateau),7,1920,0.1366270538925133,0.3824349098125098,0.1366270538925133,2.7991155405676644,0.6661458333333333,True,True
eroded,55,Eastern Huaihe Plain (Huaihe River Basin),8,1920,-0.4026579620395967,0.39945592045845263,0.4026579620395967,0.9920477380729673,0.9541666666666667,True,False
eroded,56,Northern Dharwar Craton Banded Gneiss Complex (Dharwar Craton Banded Gneiss Complex),7,1920,0.6018483607801943,0.2780224833558429,0.6018483607801943,0.46194772881899004,1.0,False,False
eroded,57,Eastern Mississippi Embayment (Mississippi Embayment),0,0,,,,,,,
eroded,58,Western Cambrian-Ordovician Aquifers (Northern Midwest Aquifer System),10,1920,0.17812970333820025,0.578828616020516,0.17812970333820025,3.2494783585954874,0.653125,True,True
eroded,59,Southeastern System (Amadeus Basin),6,1920,-0.312438772241883,0.28726262756945575,0.312438772241883,0.9194205492110421,0.9526041666666667,True,False
eroded,60,Edwards Plateau (Edwards-Trinity Aquifer System),6,1920,-0.5797884437403573,0.3450396065150477,0.5797884437403573,0.5951129420398804,1.0,False,False
eroded,61,Southcentral Deccan Basalt Plateau (Deccan Plateau),5,1920,0.6364003048591305,0.25782149766826484,0.6364003048591305,0.40512472369939323,1.0,False,False
eroded,62,Eastside Lower Indus Valley (Indus Basin),5,1920,0.011270827448278467,0.7972652533859585,0.011270827448278467,70.73706496214125,0.5072916666666667,True,True
eroded,63,Central Piedmont Upland (Piedmont Plateau),8,1920,0.00902357255161865,0.4414578639581748,0.00902357255161865,48.92273669135469,0.5114583333333333,True,True
eroded,64,Eastern Carrizo-Wilcox (Carrizo-Wilcox),7,1920,0.06591055311832139,0.3693448022253568,0.06591055311832139,5.603727851628189,0.5890625,True,True
eroded,65,Jiangsu Coastal Plain (Huaihe River Basin),6,1920,0.02630848494361808,0.24634936913839375,0.02630848494361808,9.363875178154387,0.5348958333333333,True,True
eroded,66,Eastern Cambrian-Ordovician Aquifers (Northern Midwest Aquifer System),7,1920,0.5309949451687284,0.4485974343733123,0.5309949451687284,0.8448243028580366,0.853125,True,True
eroded,67,Northcentral Deccan Basalt Plateau (Deccan Plateau),3,1920,0.7268277988043874,0.39446813342089204,0.7268277988043874,0.5427257103674099,1.0,False,False
eroded,68,Eastside Middle Indus Plain (Indus Basin),2,1920,-1.8730886061294607,0.9847190777075046,1.8730886061294607,0.5257194317904278,1.0,False,False
eroded,69,Central Allegheny Plateau (Appalachian Plateaus),5,1920,-0.06866476034633337,0.5207478239755666,0.06866476034633337,7.5839167186924294,0.5859375,True,True
eroded,70,Northeastern Karoo Basin (Main Karoo Basin),6,1920,0.08602968754771781,0.1940245895053278,0.08602968754771781,2.255321331926363,0.7359375,True,True
eroded,71,Southern Riverine Plains (Murray Basin),5,1920,0.1583892522560279,0.2402163281574672,0.1583892522560279,1.5166201288024905,0.7630208333333334,True,True
eroded,72,Black Warrior River Aquifer System (Eutaw and McShan Formations and Tuscaloosa Group),4,1920,0.07477668638678035,0.42562770761987884,0.07477668638678035,5.691984068648499,0.5973958333333333,True,True
eroded,73,North Carolina and Virginia Coastal Plain (North Atlantic Coastal Plain),3,1920,0.10335188689836108,0.47518309733910513,0.10335188689836108,4.597720579658236,0.6203125,True,True
eroded,74,Northeastern Deccan Basalt Plateau (Deccan Plateau),4,1920,0.6691830082200343,0.4417727358597792,0.6691830082200343,0.6601672941978225,1.0,False,False
eroded,75,Ribstone Creek and Northern Judith River Aquifer (Bearpaw-Judith River Aquifer System),9,1920,0.18151551352746648,0.3690656701978751,0.18151551352746648,2.0332458808928693,0.7729166666666667,True,True
eroded,76,Southern Dharwar Craton Banded Gneiss Complex (Dharwar Craton Banded Gneiss Complex),5,1920,0.31728580484851604,0.19652198849463878,0.31728580484851604,0.6193847486762467,1.0,False,False
eroded,77,Northcentral Valley and Ridge (Valley and Ridge Aquifer System),3,1920,-0.1233674755122636,0.4971953682089234,0.1233674755122636,4.030198122676983,0.6052083333333333,True,True
eroded,78,Ivanhoe Plains (Murray Basin),6,1920,0.10246010211444664,0.23920631099570533,0.10246010211444664,2.334628856103568,0.675,True,True
eroded,79,Southcentral Piedmont Upland (Piedmont Plateau),4,1920,0.16113441681027502,0.4716311752508636,0.16113441681027502,2.9269425153670166,0.6734375,True,True
eroded,80,Weipa Depression and Northern Carpentaria Basin (Great Artesian Basin),2,1920,0.19025180675130962,0.15925645781940906,0.19025180675130962,0.8370824989198837,0.9734375,True,False
eroded,81,Western Liaohe River Basin (Liaohe River Basin),6,1920,0.10255676660890564,0.23475157481851705,0.10255676660890564,2.2889915758920982,0.7348958333333333,True,True
eroded,82,Western Carrizo-Wilcox (Carrizo-Wilcox),3,1920,-0.5230815205018307,0.43661183360512723,0.5230815205018307,0.8346917573885105,0.9713541666666666,True,False
eroded,83,Northern Valley and Ridge (Valley and Ridge Aquifer System),3,1920,-0.09316417515198393,0.48535483204350516,0.09316417515198393,5.209672400917184,0.5796875,True,True
eroded,84,Eastern Karoo Basin (Main Karoo Basin),2,1920,0.10256722581527955,0.14150377870342515,0.10256722581527955,1.3796198305906133,0.8427083333333333,True,True
eroded,85,Eastern Paris Basin (Paris Basin),3,1920,-0.30828740144624545,0.2760951072187615,0.30828740144624545,0.8955770035477848,0.9302083333333333,True,False
eroded,86,Bari Doab (Indus Basin),0,0,,,,,,,
eroded,87,Eastern Dakota Aquifer,4,1920,0.11840872894602972,0.4636780973441854,0.11840872894602972,3.9159114490244065,0.6166666666666667,True,True
eroded,88,Springfield Plain (Central Lowland Till Plain),3,1920,0.07959567223038952,0.5180271720971351,0.07959567223038952,6.508232892332468,0.5875,True,True
eroded,89,Seymour-Blaine Aquifer System,3,1920,-0.847847658620664,0.542046040872157,0.847847658620664,0.6393200893589707,1.0,False,False
eroded,90,Central Alluvial-Laucustrine Plain (North China Plain),2,1920,-0.6590908974901459,0.42351949806935213,0.6590908974901459,0.642581318725744,0.9875,True,False
eroded,91,Southern Malwa Plateau (Malwa Plateau),1,1920,0.5028335593672043,1.4647552632069478,0.5028335593672043,2.913002197089397,0.78125,True,True
eroded,92,Yellow River Alluvial Plain (North China Plain),2,1920,-0.6385975896100916,0.5595980759498838,0.6385975896100916,0.876292183143938,0.9875,True,False
eroded,93,Eastern Armorican Massif (Armorican Massif),4,1920,-0.10178996197007523,0.3301643475679409,0.10178996197007523,3.243584545841607,0.6578125,True,True
eroded,94,Ocala Uplift (Floridan Aquifer System),0,0,,,,,,,
eroded,95,Pearl and Chattahoochee Aquifer System,1,1920,0.16261084568375667,0.3679415051245497,0.16261084568375667,2.2627119585868045,0.69375,True,True
eroded,96,Eastern Mekong Delta (Mekong Delta),2,1920,-0.14012002989489114,0.15420214082869677,0.14012002989489114,1.1005003420593693,0.9046875,True,False
eroded,97,Jianghan Plain,3,1920,0.26233786744268184,0.30247944039195157,0.26233786744268184,1.1530147871543563,0.8994791666666667,True,True
eroded,98,Middle-Upper Devonian Aquifer System (Baltic Artesian Basin),3,1920,0.05635516815766923,0.35144671166397584,0.05635516815766923,6.236281838086368,0.6286458333333333,True,True
eroded,99,Upper Cauvery Banded Gneiss Aquifers (Dharwar Craton Banded Gneiss Complex),2,1920,0.29980235746855843,0.19856318135533627,0.29980235746855843,0.6623136089787434,1.0,False,False
eroded,100,Western Mississippi Embayment (Mississippi Embayment),1,1920,0.17021092225726758,0.36397192347827634,0.17021092225726758,2.1383582125719647,0.7057291666666666,True,True
eroded,101,Southern Hills (Gulf Coast Regional Aquifer System),2,1920,0.22046606992419843,0.3372396559059247,0.22046606992419843,1.5296669279852262,0.7760416666666666,True,True
eroded,102,Lake Frome Embayment (Great Artesian Basin),1,1920,-0.009684862382836655,0.2232559873941971,0.009684862382836655,23.052055730791537,0.5145833333333333,True,True
eroded,103,Peedee and Black Creek and Cape Fear Aquifers,3,1920,0.19396180907827965,0.480938167601412,0.19396180907827965,2.479550845018741,0.6989583333333333,True,True
eroded,104,Western Brahmaputra Basin Aquifer (Brahmaputra Basin Aquifer),0,0,,,,,,,
eroded,105,Roma Shelf and Northern Surat Basin (Great Artesian Basin),2,1920,0.14203013455842795,0.2048128764239911,0.14203013455842795,1.442038177748369,0.7833333333333333,True,True
eroded,106,Thal Doab (Indus Basin),0,0,,,,,,,
eroded,107,Stockton Plateau (Edwards-Trinity Aquifer System),2,1920,-0.5929997610989246,0.34681901895211054,0.5929997610989246,0.5848552422844129,1.0,False,False
eroded,108,Rechna Doab (Indus Basin),1,1920,-1.6549687946059055,0.4606431897096961,1.6549687946059055,0.2783395017544051,1.0,False,False
eroded,109,Northern Piedmont and Tista Fan (Bengal Basin),2,1920,-0.99937231123732,0.5764405871177194,0.99937231123732,0.5768026396529137,1.0,False,False
eroded,110,Central Paris Basin (Paris Basin),2,1920,-0.24364006424877324,0.29805514148390483,0.24364006424877324,1.2233420739027965,0.85,True,True
eroded,111,Southern Mallee (Murray Basin),2,1920,0.04059009504392207,0.23906024724544767,0.04059009504392207,5.88962028757911,0.5572916666666666,True,True
eroded,112,Victoria Area (Gulf Coast Regional Aquifer System),2,1920,-0.38889925775006934,0.6322193757319188,0.38889925775006934,1.625663621446719,0.91875,True,False
eroded,113,Central Urucuia Aquifer (Urucuia Aquifer System),2,1920,-1.0489564991493672,0.6124769999565798,1.0489564991493672,0.583891706141539,1.0,False,False
eroded,114,Southcentral Floodplains (Bengal Basin),2,1920,-0.39691889133200503,0.18714618008916228,0.39691889133200503,0.4714972861612243,1.0,False,False
eroded,115,Eastern Silurian-Devonian Aquifers (Northern Midwest Aquifer System),0,0,,,,,,,
eroded,116,Southern Saurashtra Deccan Trap Basalts (Saurashtra Deccan Trap Basalts),0,0,,,,,,,
eroded,117,Northeast Missouri Carbonates (Northern Midwest Aquifer System),4,1920,0.1368065510034795,0.5001934923888653,0.1368065510034795,3.656210091694685,0.6359375,True,True
eroded,118,Eastern C Aquifer (The C Aquifer),2,1920,-0.4858863056629121,0.37929173274648526,0.4858863056629121,0.7806182811203208,0.8791666666666667,True,True
eroded,119,Southern Huaihe River Basin (Huaihe River Basin),0,0,,,,,,,
eroded,120,Western Huaihe Plain (Huaihe River Basin),2,1920,-0.3755232527980699,0.5051053568638059,0.3755232527980699,1.345070786163583,0.9197916666666667,True,False
eroded,121,Southeastern Surat Basin (Great Artesian Basin),1,1920,0.2098209702971245,0.21951465307280865,0.2098209702971245,1.0461997805174434,0.9630208333333333,True,False
eroded,122,Houston-Galveston Area (Gulf Coast Regional Aquifer System),3,1920,-0.24225724756351952,0.4129982365854803,0.24225724756351952,1.7047920784173556,0.8567708333333334,True,True
eroded,123,Western Paris Basin (Paris Basin),2,1920,-0.2070758576396828,0.3067600513845713,0.2070758576396828,1.4813897422959923,0.8166666666666667,True,True
eroded,124,Northern Cumberland Plateau and Mountains (Appalachian Plateaus),2,1920,0.000984850691140647,0.402832853074916,0.000984850691140647,409.02936526181225,0.5020833333333333,True,True
eroded,125,Southeastern Coastal Karoo Basin (Main Karoo Basin),0,0,,,,,,,
eroded,126,Mount Vernon Hill County (Central Lowland Till Plain),1,1920,0.08036187263864675,0.42497549241801713,0.08036187263864675,5.288272640546241,0.5770833333333333,True,True
eroded,127,Eastern Riverine Plains (Murray Basin),3,1920,0.2762562232198327,0.26675622258808496,0.2762562232198327,0.9656116321253403,0.9354166666666667,True,False
eroded,128,Central Mallee (Murray Basin),0,0,,,,,,,
eroded,129,Northern Allegheny Plateau (Appalachian Plateaus),1,1920,-0.02500542661185373,0.6616360581360077,0.02500542661185373,26.459698864820066,0.5140625,True,True
eroded,130,Daly Basin (Daly-Wiso-Georgina Basins),0,0,,,,,,,
eroded,131,Blue Mountains and Clearwater Embayment (Columbia Plateau Regional Aquifer System),1,1920,-0.06931037811825555,0.375496428495921,0.06931037811825555,5.417607560230863,0.6322916666666667,True,True
eroded,132,Western Satpura Basalt Aquifers (Satpura Basalts),0,0,,,,,,,
eroded,133,Northern Aquitaine Basin (Aquitaine Basin),2,1920,-0.13105598072492658,0.3176754344040435,0.13105598072492658,2.4239674728833056,0.7197916666666667,True,True
eroded,134,Central Wabash and Bloomington Ridged Plain (Central Lowland Till Plain),2,1920,0.058154643293220606,0.4995092352414824,0.058154643293220606,8.589326783811824,0.559375,True,True
eroded,135,Northern Riverine Plains (Murray Basin),1,1920,0.23912041929212807,0.23800797670101922,0.23912041929212807,0.9953477724972127,0.9229166666666667,True,False
eroded,136,Upper Peninsula Jacobsville Sandstone and Cambrian-Ordovician and Silurian-Devonian Aquifers (Northern Midwest Aquifer System),0,0,,,,,,,
eroded,137,Eastern Flatwoods Southshores (Floridan Aquifer System),1,1920,0.16187889012276452,0.35705528583376817,0.16187889012276452,2.205693933056912,0.6911458333333333,True,True
eroded,138,Lower Limestone Coast Aquifer System (Murray Basin),0,0,,,,,,,
eroded,139,Eastern Malwa Plateau (Malwa Plateau),0,0,,,,,,,
eroded,140,Southern St. Lawrence Lowlands (St. Lawrence Lowlands),0,0,,,,,,,
eroded,141,Southern Paris Basin (Paris Basin),0,0,,,,,,,
eroded,142,Westside Middle Indus Plain (Indus Basin),0,0,,,,,,,
eroded,143,Northcentral Piedmont Upland (Piedmont Plateau),0,0,,,,,,,
eroded,144,Osage Plains (Osage Cuestas Aquifer System),1,1920,0.12976329354465344,0.4673598263339065,0.12976329354465344,3.6016335095030643,0.665625,True,True
eroded,145,Eastern Pilbara Granite-Greenstone Terrane (Pilbara Craton),0,0,,,,,,,
eroded,146,Malwa Plateau Gneiss Complex (Malwa Plateau),2,1920,-0.8344239507670628,0.2875256229243315,0.8344239507670628,0.34457978184832444,1.0,False,False
eroded,147,Bluffton Till Plain (Central Lowland Till Plain),0,0,,,,,,,
eroded,148,Vidalia Upland (Floridan Aquifer System),2,1920,0.228720538774713,0.4197216734029014,0.228720538774713,1.8350851902125076,0.7364583333333333,True,True
eroded,149,Northern Paris Basin (Paris Basin),1,1920,-0.14593889682389732,0.30725028767090123,0.14593889682389732,2.1053351392785733,0.7614583333333333,True,True
eroded,150,Southern Valley and Ridge (Valley and Ridge Aquifer System),0,0,,,,,,,
eroded,151,Barind Tract and Central Floodplains (Bengal Basin),1,1920,-0.6959246902620642,0.290218558432514,0.6959246902620642,0.41702581111646786,1.0,False,False
eroded,152,Northeastern Judith River (Bearpaw-Judith River Aquifer System),2,1920,0.0362569108287035,0.4528650135522244,0.0362569108287035,12.490446736948833,0.5395833333333333,True,True
eroded,153,Great Plains Dakota Aquifer,0,0,,,,,,,
eroded,154,Western Armorican Massif (Armorican Massif),1,1920,-0.07167016562974798,0.3162191010440144,0.07167016562974798,4.412144136482392,0.615625,True,True
eroded,155,Southeastern Allegheny Plateau (Appalachian Plateaus),2,1920,-0.10699882092827477,0.43991145280021016,0.10699882092827477,4.111367293431195,0.6463541666666667,True,True
eroded,156,Western Riverine Plains (Murray Basin),0,0,,,,,,,
eroded,157,Southern Deccan Basalt Plateau (Deccan Plateau),1,1920,0.5113197201989192,0.19290459059815318,0.5113197201989192,0.3772680438045834,1.0,False,False
eroded,158,Eastern Vindhyan Basin,0,0,,,,,,,
eroded,159,Catahoula Area (Gulf Coast Regional Aquifer System),1,1920,0.17591234253275698,0.35799792403490494,0.17591234253275698,2.0350926994690064,0.7348958333333333,True,True
eroded,160,Milk River,1,1920,0.15881760441829276,0.4096389850218002,0.15881760441829276,2.579304646498103,0.7182291666666667,True,True
eroded,161,Shawnee Hills (Interior Low Plateaus),0,0,,,,,,,
eroded,162,Sea Island (Floridan Aquifer System),0,0,,,,,,,
eroded,163,Missionary Plains Syncline and Mereenie Anticline (Amadeus Basin),0,0,,,,,,,
eroded,164,Flint Hills Upland (Osage Cuestas Aquifer System),1,1920,0.06257614078580977,0.4178022870450313,0.06257614078580977,6.676702682498683,0.5614583333333333,True,True
eroded,165,Northwestern Malwa Plateau (Malwa Plateau),0,0,,,,,,,
eroded,166,Sundarbans and Southern Delta (Bengal Basin),0,0,,,,,,,
eroded,167,Transboundary Judith River Aquifer (Bearpaw-Judith River Aquifer System),1,1920,0.23877184423784864,0.41981670664481163,0.23877184423784864,1.7582337146360445,0.7723958333333333,True,True
eroded,168,Middle Chao Phraya Basin,0,0,,,,,,,
eroded,169,Northern Mallee (Murray Basin),1,1920,0.010367718784974535,0.23168087604202225,0.010367718784974535,22.346369615829747,0.5104166666666666,True,True
eroded,170,Alabama Coastal Lowlands (Gulf Coast Regional Aquifer System),0,0,,,,,,,
eroded,171,Pecos Valley,1,1920,-0.8086561393500622,0.3428435219448913,0.8086561393500622,0.4239670055809426,1.0,False,False
eroded,172,Eastern Deccan Basalt Plateau (Deccan Plateau),0,0,,,,,,,
eroded,173,Lachlan Alluvium,1,1920,0.35613001583331944,0.35777953997110534,0.35613001583331944,1.0046318031742596,0.975,True,False
eroded,174,Devonian and Overlying Unconsolidated Aquifers (Southern Ontario Paleozoic Aquifer System),1,1920,0.7238900479045077,0.5619928075293796,0.7238900479045077,0.7763510620932244,0.9895833333333334,True,False
eroded,175,Nanyang Basin,1,1920,0.013504794678750584,0.27985564664025353,0.013504794678750584,20.72268800062533,0.5354166666666667,True,True
eroded,176,Newcastle Till Plain (Central Lowland Till Plain),0,0,,,,,,,
eroded,177,Southern Mekong Delta (Mekong Delta),0,0,,,,,,,
eroded,178,Northern Cambrian-Ordovician Aquifers (Northern Midwest Aquifer System),1,1920,0.3481521112028345,0.40350942813879975,0.3481521112028345,1.1590032493116604,0.9005208333333333,True,False
eroded,179,Wimmera Plain (Murray Basin),2,1920,0.030111703278836777,0.24174471938398415,0.030111703278836777,8.028264530418912,0.5416666666666666,True,True
eroded,180,Ghaap Plateau Dolomite Aquifer System,0,0,,,,,,,
eroded,181,Bighorn Basin,1,1920,0.06317590188859418,0.5444707497106619,0.06317590188859418,8.618329670556884,0.5651041666666666,True,True
eroded,182,Northern San Juan Basin,1,1920,-0.47818693512965077,0.3472644473374923,0.47818693512965077,0.7262106549258577,0.9359375,True,False
eroded,183,Southwestern Bengal Basin (Bengal Basin),0,0,,,,,,,
eroded,184,Central Carrizo-Wilcox (Carrizo-Wilcox),0,0,,,,,,,
eroded,185,Northern Pitted Karst Plain (Yucatan Peninsula),0,0,,,,,,,
eroded,186,New Brunswick Carboniferous Basin (Maritimes Basin),0,0,,,,,,,
eroded,187,Madhupur Tract and Eastern Floodplains (Bengal Basin),0,0,,,,,,,
eroded,188,Southwestern Allegheny Plateau (Appalachian Plateaus),1,1920,-0.181313092119003,0.5519576114798996,0.181313092119003,3.04422369630996,0.6625,True,True
eroded,189,Black Hills Uplift,1,1920,0.5073330056662964,0.5200323834683049,0.5073330056662964,1.0250316412694855,0.8098958333333334,True,True
eroded,190,Central Pilbara Granite-Greenstone Terrane (Pilbara Craton),0,0,,,,,,,
eroded,191,Northwestern Deccan Basalt Plateau (Deccan Plateau),1,1920,0.8390422300954112,0.6085923066430492,0.8390422300954112,0.7253416870016702,1.0,False,False
eroded,192,Dougherty Plain and Marianna Lowlands (Floridan Aquifer System),0,0,,,,,,,
eroded,193,Lower Coastal Plain (Floridan Aquifer System),1,1920,0.24009648698497182,0.4508065209849065,0.24009648698497182,1.8776056519857514,0.7338541666666667,True,True
eroded,194,Lannemezan Plateau (Aquitaine Basin),0,0,,,,,,,
eroded,195,Springbok Flats Karoo Basin,0,0,,,,,,,
eroded,196,Southcentral Valley and Ridge (Valley and Ridge Aquifer System),0,0,,,,,,,
eroded,197,Northcentral Piedmont Plain (North China Plain),0,0,,,,,,,
eroded,198,North-central High Plains (High Plains),0,0,,,,,,,
eroded,199,Great Bend Prairie (High Plains),0,0,,,,,,,
eroded,200,Delmarva Peninsula (North Atlantic Coastal Plain),1,1920,-0.003311182236250236,0.4971605398398431,0.003311182236250236,150.14593108075346,0.5010416666666667,True,True
eroded,201,Denver Basin,0,0,,,,,,,
eroded,202,Eastern Second Songhuajiang System (Songnen Plain),0,0,,,,,,,
eroded,203,Western Bengal Basin (Bengal Basin),0,0,,,,,,,
eroded,204,Eastern Otway Basin (Otway Basin),1,1920,-0.004993547806558578,0.251379166524891,0.004993547806558578,50.340795014463865,0.5078125,True,True
eroded,205,Western Allegheny Plateau (Appalachian Plateaus),0,0,,,,,,,
eroded,206,Laizhou Coastal Plain,1,1920,-0.3716104461819284,0.26748866055014336,0.3716104461819284,0.7198093145615977,0.984375,True,False
eroded,207,Central Coromandel Fractured Charnockite and Gneiss Aquifers (Coromandel Coastal Plain),0,0,,,,,,,
eroded,208,Intermediate Aquifer (Floridan Aquifer System),0,0,,,,,,,
eroded,209,Malm Valangnian Aquifer,0,0,,,,,,,
eroded,210,Southwestern Khorat Plateau (Khorat Plateau Aquifer System),0,0,,,,,,,
eroded,211,Western Cambay Basin (Cambay Basin),0,0,,,,,,,
eroded,212,Western Pilbara Granite-Greenstone Terrane (Pilbara Craton),0,0,,,,,,,
eroded,213,Mississippi Delta (Gulf Coast Regional Aquifer System),0,0,,,,,,,
eroded,214,Central Cambay Basin (Cambay Basin),0,0,,,,,,,
eroded,215,Eastern Duero Basin (Duero Basin),1,1920,-0.26000211599575473,0.2911337580081012,0.26000211599575473,1.1197361101970984,0.9020833333333333,True,False
eroded,216,Eastern Pennyroyal Plateau (Interior Low Plateaus),0,0,,,,,,,
eroded,217,Gunnedah Basin and Liverpool Plains,1,1920,0.27222044335248846,0.2442198788527385,0.27222044335248846,0.8971401113196592,0.990625,True,False
eroded,218,Northern Piedmont Upland (Piedmont Plateau),0,0,,,,,,,
eroded,219,Lower Athabasca (Lower Athabasca Basin),1,1920,0.014979546420417945,1.469701253092869,0.014979546420417945,98.11386886118163,0.5067708333333333,True,True
eroded,220,Southern Nuomin-Taoer System (Songnen Plain),0,0,,,,,,,
eroded,221,Umatilla Basin and Horse Heaven Hills (Columbia Plateau Regional Aquifer System),0,0,,,,,,,
eroded,222,Palouse Slope (Columbia Plateau Regional Aquifer System),0,0,,,,,,,
eroded,223,Letaba Lowveld,0,0,,,,,,,
eroded,224,Landes Plain (Aquitaine Basin),0,0,,,,,,,
eroded,225,Transboundary Odanah Shale,0,0,,,,,,,
eroded,226,Northern Hirri Basin (Chhattisgarh Basin),0,0,,,,,,,
eroded,227,Western Second Songhuajiang System (Songnen Plain),1,1920,0.3630956558034248,0.3373356629083174,0.3630956558034248,0.9290545274134221,0.996875,True,False
eroded,228,Tifton Upland (Floridan Aquifer System),0,0,,,,,,,
eroded,229,South-central High Plains (High Plains),0,0,,,,,,,
eroded,230,Northern Khorat Plateau (Khorat Plateau Aquifer System),0,0,,,,,,,
eroded,231,Hill Country (Edwards-Trinity Aquifer System),0,0,,,,,,,
eroded,232,Northern St. Lawrence Lowlands (St. Lawrence Lowlands),0,0,,,,,,,
eroded,233,Chicxulub Sedimentary Basin (Yucatan Peninsula),0,0,,,,,,,
eroded,234,West Jutland Quaternary and Tertiary Sand Aquifer System,1,1920,0.3202788806915699,0.362450559318152,0.3202788806915699,1.1316717434990464,0.8979166666666667,True,True
eroded,235,South Platte Basin,0,0,,,,,,,
eroded,236,North Rewa Basin (Son-Mahandai Valley Basins),0,0,,,,,,,
eroded,237,Southern Coromandel Fractured Charnockite and Gneiss Aquifers (Coromandel Coastal Plain),0,0,,,,,,,
eroded,238,Chaj Doab (Indus Basin),0,0,,,,,,,
eroded,239,Rush Springs Aquifer,0,0,,,,,,,
eroded,240,Silurian and Overlying Unconsolidated Aquifers (Southern Ontario Paleozoic Aquifer System),0,0,,,,,,,
eroded,241,Bangkok Basin (Lower Chao Phraya Basin),0,0,,,,,,,
eroded,242,Gypsum Hills,0,0,,,,,,,
eroded,243,Clarence-Moreton Basin and Cecil Plains (Great Artesian Basin),0,0,,,,,,,
eroded,244,Hetao Basin,0,0,,,,,,,
eroded,245,Western C Aquifer (The C Aquifer),0,0,,,,,,,
eroded,246,Arrowsmith and Dandaragan Plateau (Perth Basin),0,0,,,,,,,
eroded,247,Gambier Embayment (Otway Basin),0,0,,,,,,,
eroded,248,Northern Columbia River Basin (Columbia Plateau Regional Aquifer System),0,0,,,,,,,
eroded,249,San Luis Valley (Middle Rio Grande),0,0,,,,,,,
eroded,250,Southern Cumberland Plateau - Pottsville Aquifer (Appalachian Plateaus),0,0,,,,,,,
eroded,251,Sylhet Basin (Bengal Basin),0,0,,,,,,,
eroded,252,Tuli Karoo Aquifer,0,0,,,,,,,
eroded,253,Antlers Aquifer,0,0,,,,,,,
eroded,254,New Jersey Coastal Plain (North Atlantic Coastal Plain),0,0,,,,,,,
eroded,255,Upper Deschutes Basin,0,0,,,,,,,
eroded,256,Southwestern Flatwoods (Floridan Aquifer System),0,0,,,,,,,
eroded,257,Central Cumberland Plateau and Sequatchie Valley (Appalachian Plateaus),0,0,,,,,,,
eroded,258,Eastern Malwa Plateau Alluvial Aquifer (Malwa Plateau),0,0,,,,,,,
eroded,259,Northern Duero Basin (Duero Basin),0,0,,,,,,,
eroded,260,Central Littoral Plain (North China Plain),0,0,,,,,,,
eroded,261,Red River Delta,0,0,,,,,,,
eroded,262,Tipton Till Plain (Central Lowland Till Plain),0,0,,,,,,,
eroded,263,Upper Carbonate Aquifer (Northern Midwest Aquifer System),0,0,,,,,,,
eroded,264,Northern Saurashtra Deccan Trap Basalts (Saurashtra Deccan Trap Basalts),0,0,,,,,,,
eroded,265,Kurnool Basin (Cuddapah Sedimentary Basin),0,0,,,,,,,
eroded,266,Coatzacoalcos Coastal Aquifer (Coastal Plain of Veracruz),0,0,,,,,,,
eroded,267,Northern Nuomin-Taoer System (Songnen Plain),0,0,,,,,,,
eroded,268,Hatfield Valley,0,0,,,,,,,
eroded,269,Northcentral Coromandel Schist Aquifers (Coromandel Coastal Plain),0,0,,,,,,,
eroded,270,Alsatian Aquifer and Upper Rhine Valley,0,0,,,,,,,
eroded,271,Southern Odanah Shale,0,0,,,,,,,
eroded,272,Eastern Satpura Basalt Aquifers (Satpura Basalts),0,0,,,,,,,
eroded,273,Southern Hirri Basin (Chhattisgarh Basin),0,0,,,,,,,
eroded,274,Limpopo Plateau,0,0,,,,,,,
eroded,275,Southeastern Bengal Basin (Bengal Basin),0,0,,,,,,,
original,0,Central Parana Basin and Torres Syncline (Guarani Aquifer System),181,1920,0.1401699096680776,0.261074060248149,0.1401699096680776,1.8625542448188235,0.7328125,True,True
original,1,Northern Guarani Aquifer (Guarani Aquifer System),141,1920,-0.9232668314049304,0.41449643885892795,0.9232668314049304,0.44894544541169196,1.0,False,False
original,2,Southwestern Chaco-Lower Parana Basin (Guarani Aquifer System),122,1920,-0.061331904100456316,0.20447610789521037,0.061331904100456316,3.3339272747882784,0.6427083333333333,True,True
original,3,Amazonas Basin and Alter de Chao Aquifer System (Amazon Aquifer System),101,1920,0.41512303083047797,0.11051560319310749,0.41512303083047797,0.2662237336531643,1.0,False,False
original,4,Poolowanna Trough and Western Eromanga Basin (Great Artesian Basin),105,1920,-0.09691057783904235,0.21255568221673835,0.09691057783904235,2.1933176641436356,0.7588541666666667,True,True
original,5,Eastern Eromanga Basin (Great Artesian Basin),106,1920,0.0008966141760850159,0.21195223882191716,0.0008966141760850159,236.3917998122529,0.5015625,True,True
original,6,Northern Eromanga Basin (Great Artesian Basin),99,1920,-0.00640447829893632,0.19196765736192345,0.00640447829893632,29.973972648764562,0.5151041666666667,True,True
original,7,Northern High Plains (High Plains),111,1920,0.24348395543057236,0.5138704956915938,0.24348395543057236,2.110490174939351,0.7255208333333333,True,True
original,8,Williston Basin (Northern Great Plains),116,1920,0.18878761868533278,0.49418935441946255,0.18878761868533278,2.617700026415222,0.7145833333333333,True,True
original,9,Central Eromanga Depocenter (Great Artesian Basin),78,1920,-0.062416413326227965,0.20969143862019507,0.062416413326227965,3.3595560437639045,0.615625,True,True
original,10,Western Parecis Basin (Parecis Basin),71,1920,-0.41128874219709377,0.11201514386765288,0.41128874219709377,0.2723515923856094,1.0,False,False
original,11,Upper Gangetic Plain (Indo-Gangetic Plain),73,1920,-1.6472793143575732,0.9002271448894117,1.6472793143575732,0.546493322075433,1.0,False,False
original,12,Stampriet Kalahari Karoo Aquifer System,73,1920,0.14657153669516004,0.11203501529026291,0.14657153669516004,0.7643708854828595,0.9822916666666667,True,False
original,13,Northcentral Mega Aquifer System (Mega Aquifer System),65,1920,-0.32315670831621945,0.2839773930970099,0.32315670831621945,0.8787606315729912,0.9135416666666667,True,False
original,14,Ozark Plateaus Aquifer System,70,1920,0.22656237054387504,0.4367786331298414,0.22656237054387504,1.9278516202021148,0.7432291666666667,True,True
original,15,Western Karoo Basin (Main Karoo Basin),52,1920,0.07063918842852754,0.1296458792058155,0.07063918842852754,1.8353251515196936,0.7979166666666667,True,True
original,16,Middle Gangetic Plain (Indo-Gangetic Plain),53,1920,-0.6795119214124017,0.23873342994344993,0.6795119214124017,0.3513307455257441,1.0,False,False
original,17,Northern Mega Aquifer System (Mega Aquifer System),54,1920,-0.5976045056687636,0.3251558405195195,0.5976045056687636,0.5440987098242275,0.96875,True,False
original,18,Canning Basin,47,1920,0.026757973671571848,0.24166509290002383,0.026757973671571848,9.031516955141232,0.5734375,True,True
original,19,Central Karoo Basin (Main Karoo Basin),49,1920,0.13006680647959293,0.14489315526499374,0.13006680647959293,1.1139902576736749,0.8911458333333333,True,True
original,20,Southern Carpentaria Basin (Great Artesian Basin),44,1920,0.1397630985746143,0.17832556864432253,0.1397630985746143,1.275913101977495,0.8723958333333334,True,True
original,21,Eastern Parecis Basin (Parecis Basin),38,1920,-0.394565900458619,0.18783300426685667,0.394565900458619,0.47604976519392883,0.9776041666666667,True,False
original,22,Eastern Poti and Piaui and Cabecas and Serra Grande Aquifers (Parnaiba Basin),41,1920,0.16355066893817585,0.16199335274818777,0.16355066893817585,0.9904780811958845,0.8083333333333333,True,True
original,23,Wiso Basin (Daly-Wiso-Georgina Basins),40,1920,0.40952577067269513,0.5536074561446342,0.40952577067269513,1.3518256866601281,0.996875,True,False
original,24,Northern Georgina Basin (Daly-Wiso-Georgina Basins),41,1920,0.41142703356107024,0.38333430655127876,0.41142703356107024,0.9317188110692742,1.0,False,False
original,25,Dakota Aquifer System,51,1920,0.2696544880326925,0.435593326260002,0.2696544880326925,1.6153757700750428,0.790625,True,True
original,26,Arckaringa Basin and Southwestern Great Artesian Basin (Great Artesian Basin),39,1920,-0.16639946075655038,0.21837050366366018,0.16639946075655038,1.3123269911502038,0.9010416666666666,True,False
original,27,Trans Gangetic Plain (Indo-Gangetic Plain),40,1920,-2.6293564340039515,2.757582628030407,2.6293564340039515,1.0487671402660286,1.0,False,False
original,28,Southcentral Mega Aquifer System (Mega Aquifer System),32,1920,-0.17557645168065428,0.28118354605400686,0.17557645168065428,1.6014878041016294,0.8208333333333333,True,True
original,29,Central Mississippi Embayment (Mississippi Embayment),36,1920,0.157514679435668,0.3663121096757041,0.157514679435668,2.3255744225750905,0.6963541666666667,True,True
original,30,Northern Karoo Basin (Main Karoo Basin),32,1920,0.16830818213055096,0.2010927564957595,0.16830818213055096,1.1947889517324752,0.9432291666666667,True,False
original,31,Mississippian-Silurian-Devonian Carbonates (Northern Midwest Aquifer System),36,1920,0.19825777767792827,0.5112245392985808,0.19825777767792827,2.5785850385606066,0.6942708333333333,True,True
original,32,Staten River Embayment and Central Carpentaria Basin (Great Artesian Basin),25,1920,0.19094065423399686,0.16892793050961624,0.19094065423399686,0.8847143170599796,0.9833333333333333,True,False
original,33,Central Dharwar Craton Banded Gneiss Complex (Dharwar Craton Banded Gneiss Complex),27,1920,0.47301626822405374,0.23431597468671717,0.47301626822405374,0.49536557287228156,1.0,False,False
original,34,Central Huaihe Plain (Huaihe River Basin),29,1920,-0.3803028140729636,0.535285179347927,0.3803028140729636,1.4075235826291543,0.928125,True,False
original,35,Central Minnesota Surficial and Buried Sand and Gravel Aquifers,38,1920,-0.3225082669348093,0.7736290479894612,0.3225082669348093,2.3987882708936574,0.7052083333333333,True,True
original,36,Southern High Plains (High Plains),30,1920,-1.0473996897998423,0.7610558128031955,1.0473996897998423,0.7266145104058919,1.0,False,False
original,37,Southcentral Karoo Basin (Main Karoo Basin),27,1920,0.05384202012110524,0.16146223490190334,0.05384202012110524,2.9988145789985436,0.6947916666666667,True,True
original,38,Central High Plains (High Plains),28,1920,-0.9256779872720238,1.2059619161668962,0.9256779872720238,1.3027877218090387,0.975,True,False
original,39,Lower Liaohe River Plain (Liaohe River Basin),29,1920,0.019079533973734273,0.20086147980264568,0.019079533973734273,10.527588361390821,0.5651041666666666,True,True
original,40,Wadi As-Sirhan Basin,25,1920,-0.9976079193198542,0.41448179024323983,0.9976079193198542,0.4154756414983392,1.0,False,False
original,41,Eastern Saq Aquifer (Ram-Saq Aquifer System),25,1920,-0.9038628974091576,0.9655335573242885,0.9038628974091576,1.0682301044681715,1.0,False,False
original,42,Trinity Aquifer System (Edwards-Trinity Aquifer System),25,1920,-0.25058690304033876,0.33290158576295514,0.25058690304033876,1.3284875694775062,0.865625,True,True
original,43,Wisconsin Precambrian Aquifer,29,1920,0.4803915432819344,0.396122109840084,0.4803915432819344,0.8245817716395687,0.9916666666666667,True,False
original,44,Lafayette Area (Gulf Coast Regional Aquifer System),26,1920,0.1312086186802729,0.3275616886098656,0.1312086186802729,2.4964952142973384,0.7098958333333333,True,True
original,45,Paskapoo-Scollard,36,1920,-0.3229779906678248,0.5745318647369896,0.3229779906678248,1.7788576353113856,0.8479166666666667,True,True
original,46,Western Surat Basin (Great Artesian Basin),23,1920,0.055918672642975606,0.21334219843938196,0.055918672642975606,3.8152228648471254,0.6453125,True,True
original,47,Coonamble Embayment (Great Artesian Basin),25,1920,0.24606138289579152,0.22421429513527275,0.24606138289579152,0.9112128546811787,0.978125,True,False
original,48,Mimosa Syncline and Eastern Surat Basin (Great Artesian Basin),22,1920,0.15383606456022503,0.20848178939436599,0.15383606456022503,1.3552205069101193,0.8380208333333333,True,True
original,49,Wuyuer-Shuangyang System (Songnen Plain),29,1920,0.5237392579148445,0.4443687675145268,0.5237392579148445,0.8484541893683618,1.0,False,False
original,50,Powder River Basin (Northern Great Plains),29,1920,0.37871326122442406,0.5429127658605989,0.37871326122442406,1.4335721017671752,0.7578125,True,True
original,51,Central Eucla Basin (Eucla Basin),23,1920,-0.10216844062978434,0.22820024213938975,0.10216844062978434,2.2335688078698577,0.6989583333333333,True,True
original,52,Rio Grande Delta (Gulf Coast Regional Aquifer System),21,1920,-0.2875916808374268,0.3409479810819882,0.2875916808374268,1.1855279682958677,0.9057291666666667,True,False
original,53,Michigan Basin,25,1920,0.6179607173414163,0.5512922011106254,0.6179607173414163,0.8921152844187062,0.9578125,True,False
original,54,Southern Piedmont Upland (Piedmont Plateau),24,1920,0.13657492497191667,0.37932891529167634,0.13657492497191667,2.7774418720689478,0.6682291666666667,True,True
original,55,Eastern Huaihe Plain (Huaihe River Basin),26,1920,-0.37385314274233006,0.3444609445612993,0.37385314274233006,0.9213803635153905,0.9541666666666667,True,False
original,56,Northern Dharwar Craton Banded Gneiss Complex (Dharwar Craton Banded Gneiss Complex),22,1920,0.5856064417587075,0.2597941732644869,0.5856064417587075,0.443632710877064,1.0,False,False
original,57,Eastern Mississippi Embayment (Mississippi Embayment),22,1920,0.11647377279232107,0.4112482810251146,0.11647377279232107,3.5308230442435495,0.6598958333333333,True,True
original,58,Western Cambrian-Ordovician Aquifers (Northern Midwest Aquifer System),28,1920,0.18988946130021556,0.5723465369627626,0.18988946130021556,3.014103747747653,0.6583333333333333,True,True
original,59,Southeastern System (Amadeus Basin),22,1920,-0.3057181188463227,0.2793682165092628,0.3057181188463227,0.9138098113500908,0.9494791666666667,True,False
original,60,Edwards Plateau (Edwards-Trinity Aquifer System),22,1920,-0.5758573673851428,0.33643772400816685,0.5758573673851428,0.5842379433918952,1.0,False,False
original,61,Southcentral Deccan Basalt Plateau (Deccan Plateau),18,1920,0.6321825930042668,0.2590620158585796,0.6321825930042668,0.40978985933076945,1.0,False,False
original,62,Eastside Lower Indus Valley (Indus Basin),21,1920,-0.022446381656722553,0.861302507319862,0.022446381656722553,38.371552283657586,0.5177083333333333,True,True
original,63,Central Piedmont Upland (Piedmont Plateau),22,1920,0.01726100919664116,0.43521490354999903,0.01726100919664116,25.21375770048764,0.5234375,True,True
original,64,Eastern Carrizo-Wilcox (Carrizo-Wilcox),21,1920,0.06471231053045141,0.36301449077302617,0.06471231053045141,5.6096666584359385,0.5859375,True,True
original,65,Jiangsu Coastal Plain (Huaihe River Basin),21,1920,0.025387735075510145,0.2439360857159413,0.025387735075510145,9.608422531210756,0.5640625,True,True
original,66,Eastern Cambrian-Ordovician Aquifers (Northern Midwest Aquifer System),22,1920,0.432227400416268,0.4479855635227724,0.432227400416268,1.0364580382718174,0.8401041666666667,True,True
original,67,Northcentral Deccan Basalt Plateau (Deccan Plateau),19,1920,0.7259277955315119,0.3783605938125518,0.7259277955315119,0.521209679725134,1.0,False,False
original,68,Eastside Middle Indus Plain (Indus Basin),19,1920,-1.338366391479454,0.45084244026171394,1.338366391479454,0.33686025226869654,1.0,False,False
original,69,Central Allegheny Plateau (Appalachian Plateaus),21,1920,-0.08272994043782828,0.5152633099005616,0.08272994043782828,6.228256749293601,0.5942708333333333,True,True
original,70,Northeastern Karoo Basin (Main Karoo Basin),20,1920,0.07468465020391835,0.18401114396300736,0.07468465020391835,2.463841545224954,0.7072916666666667,True,True
original,71,Southern Riverine Plains (Murray Basin),19,1920,0.1637648077694066,0.24039748936328398,0.1637648077694066,1.4679435260705223,0.7890625,True,True
original,72,Black Warrior River Aquifer System (Eutaw and McShan Formations and Tuscaloosa Group),20,1920,0.09094829610156532,0.4247610193144687,0.09094829610156532,4.670357087725122,0.6171875,True,True
original,73,North Carolina and Virginia Coastal Plain (North Atlantic Coastal Plain),19,1920,0.09245246887617174,0.44927957728416323,0.09245246887617174,4.859573603014494,0.6010416666666667,True,True
original,74,Northeastern Deccan Basalt Plateau (Deccan Plateau),16,1920,0.6847272169620411,0.4224419378956522,0.6847272169620411,0.6169492426048415,1.0,False,False
original,75,Ribstone Creek and Northern Judith River Aquifer (Bearpaw-Judith River Aquifer System),25,1920,0.04363964881379018,0.4159672350518744,0.04363964881379018,9.53186486048046,0.5505208333333333,True,True
original,76,Southern Dharwar Craton Banded Gneiss Complex (Dharwar Craton Banded Gneiss Complex),18,1920,0.30910743677222485,0.17775445535986995,0.30910743677222485,0.5750571944047198,1.0,False,False
original,77,Northcentral Valley and Ridge (Valley and Ridge Aquifer System),18,1920,-0.07061696673987311,0.47729422965332124,0.07061696673987311,6.758917179372733,0.5776041666666667,True,True
original,78,Ivanhoe Plains (Murray Basin),18,1920,0.10498360958777264,0.2366111382112277,0.10498360958777264,2.2537912264619413,0.6848958333333334,True,True
original,79,Southcentral Piedmont Upland (Piedmont Plateau),15,1920,0.15394462379021073,0.44972460990943414,0.15394462379021073,2.9213401471057536,0.6666666666666666,True,True
original,80,Weipa Depression and Northern Carpentaria Basin (Great Artesian Basin),15,1920,0.19224112625083617,0.15842862065485946,0.19224112625083617,0.8241140891368991,0.9723958333333333,True,False
original,81,Western Liaohe River Basin (Liaohe River Basin),22,1920,0.08931832534661095,0.23172107875469286,0.08931832534661095,2.5943285194328283,0.7151041666666667,True,True
original,82,Western Carrizo-Wilcox (Carrizo-Wilcox),16,1920,-0.5095746860272032,0.4548841770250675,0.5095746860272032,0.8926742036019895,0.9635416666666666,True,False
original,83,Northern Valley and Ridge (Valley and Ridge Aquifer System),18,1920,-0.09182948734336004,0.5303743881717925,0.09182948734336004,5.775643570661211,0.6036458333333333,True,True
original,84,Eastern Karoo Basin (Main Karoo Basin),16,1920,0.08441308781874987,0.12862264210846291,0.08441308781874987,1.5237286708980358,0.8661458333333333,True,True
original,85,Eastern Paris Basin (Paris Basin),18,1920,-0.27708991220549284,0.277118934244438,0.27708991220549284,1.0001047387063433,0.9010416666666666,True,False
original,86,Bari Doab (Indus Basin),13,1920,-1.6656246376416801,0.44114282083287915,1.6656246376416801,0.2648512821337004,1.0,False,False
original,87,Eastern Dakota Aquifer,18,1920,0.07346719433358606,0.4481829129083772,0.07346719433358606,6.10044955403295,0.5927083333333333,True,True
original,88,Springfield Plain (Central Lowland Till Plain),15,1920,0.06691653674511036,0.5065344440121429,0.06691653674511036,7.56964524242441,0.5567708333333333,True,True
original,89,Seymour-Blaine Aquifer System,18,1920,-0.8182829505181374,0.5300079706808452,0.8182829505181374,0.6477074590705375,0.9916666666666667,True,False
original,90,Central Alluvial-Laucustrine Plain (North China Plain),16,1920,-0.6595235989460213,0.4584379185268531,0.6595235989460213,0.69510464714148,0.9875,True,False
original,91,Southern Malwa Plateau (Malwa Plateau),14,1920,0.5615059067402337,1.457750179600176,0.5615059067402337,2.5961439801461728,0.8234375,True,True
original,92,Yellow River Alluvial Plain (North China Plain),15,1920,-0.6512933346000587,0.6683098597895556,0.6512933346000587,1.0261272828777626,0.9875,True,False
original,93,Eastern Armorican Massif (Armorican Massif),17,1920,-0.10296191136666306,0.32129249310886665,0.10296191136666306,3.120498530419614,0.6604166666666667,True,True
original,94,Ocala Uplift (Floridan Aquifer System),13,1920,0.27939695142540744,0.40305919461103745,0.27939695142540744,1.4426041249009296,0.7890625,True,True
original,95,Pearl and Chattahoochee Aquifer System,14,1920,0.16406126898782258,0.36987597265776534,0.16406126898782258,2.254499035267241,0.696875,True,True
original,96,Eastern Mekong Delta (Mekong Delta),11,1920,-0.15292782581921022,0.15413739543892768,0.15292782581921022,1.0079094148709562,0.9197916666666667,True,False
original,97,Jianghan Plain,13,1920,0.282928549897152,0.2907071507341925,0.282928549897152,1.027493163344131,0.9317708333333333,True,False
original,98,Middle-Upper Devonian Aquifer System (Baltic Artesian Basin),21,1920,0.05201590217085675,0.3479069851556812,0.05201590217085675,6.68847353666789,0.615625,True,True
original,99,Upper Cauvery Banded Gneiss Aquifers (Dharwar Craton Banded Gneiss Complex),11,1920,0.30115804504770355,0.20647367120445376,0.30115804504770355,0.6855990553788734,1.0,False,False
original,100,Western Mississippi Embayment (Mississippi Embayment),13,1920,0.18084193322258985,0.3697962745418661,0.18084193322258985,2.044859109566702,0.7208333333333333,True,True
original,101,Southern Hills (Gulf Coast Regional Aquifer System),13,1920,0.21921180847073568,0.33340924843041536,0.21921180847073568,1.5209456587048995,0.7739583333333333,True,True
original,102,Lake Frome Embayment (Great Artesian Basin),11,1920,-0.009451683711252686,0.2233690589895153,0.009451683711252686,23.63272680438763,0.5088541666666667,True,True
original,103,Peedee and Black Creek and Cape Fear Aquifers,12,1920,0.19300426833274312,0.4764030898019702,0.19300426833274312,2.4683552022831017,0.6942708333333333,True,True
original,104,Western Brahmaputra Basin Aquifer (Brahmaputra Basin Aquifer),14,1920,-0.8380966117571886,0.3207282507209748,0.8380966117571886,0.3826864901034768,1.0,False,False
original,105,Roma Shelf and Northern Surat Basin (Great Artesian Basin),12,1920,0.1274327218495972,0.20356935886265565,0.1274327218495972,1.5974653598227222,0.7364583333333333,True,True
original,106,Thal Doab (Indus Basin),10,1920,-0.9598012131883209,0.7973580846957433,0.9598012131883209,0.8307533619873588,0.8,True,True
original,107,Stockton Plateau (Edwards-Trinity Aquifer System),12,1920,-0.6242911977812525,0.3303548302174651,0.6242911977812525,0.529167848900569,1.0,False,False
original,108,Rechna Doab (Indus Basin),14,1920,-1.5593307222157144,0.4153539061571112,1.5593307222157144,0.2663667817478248,1.0,False,False
original,109,Northern Piedmont and Tista Fan (Bengal Basin),10,1920,-0.9893372735139236,0.5688821116958097,0.9893372735139236,0.5750133214684784,1.0,False,False
original,110,Central Paris Basin (Paris Basin),16,1920,-0.23537650371131724,0.29395738126942805,0.23537650371131724,1.248881586031028,0.8447916666666667,True,True
original,111,Southern Mallee (Murray Basin),14,1920,0.06273138966104762,0.23883717439304214,0.06273138966104762,3.8072992752676975,0.5895833333333333,True,True
original,112,Victoria Area (Gulf Coast Regional Aquifer System),11,1920,-0.37091730715021454,0.6100299425509581,0.37091730715021454,1.6446521388766242,0.9114583333333334,True,False
original,113,Central Urucuia Aquifer (Urucuia Aquifer System),13,1920,-1.0043225680652443,0.547317819047813,1.0043225680652443,0.5449621829191608,1.0,False,False
original,114,Southcentral Floodplains (Bengal Basin),11,1920,-0.3869824853000224,0.1820602439397943,0.3869824853000224,0.4704611987765943,1.0,False,False
original,115,Eastern Silurian-Devonian Aquifers (Northern Midwest Aquifer System),12,1920,0.30160239926405336,0.3502207995680156,0.30160239926405336,1.1612003101520316,0.9036458333333334,True,False
original,116,Southern Saurashtra Deccan Trap Basalts (Saurashtra Deccan Trap Basalts),9,1920,0.21340849124905603,0.284184297483033,0.21340849124905603,1.3316447523701334,0.8765625,True,True
original,117,Northeast Missouri Carbonates (Northern Midwest Aquifer System),15,1920,0.14455490364705267,0.4855691947928976,0.14455490364705267,3.3590641516974777,0.6421875,True,True
original,118,Eastern C Aquifer (The C Aquifer),13,1920,-0.5181370902959002,0.3668765991647213,0.5181370902959002,0.7080685904095453,0.8973958333333333,True,True
original,119,Southern Huaihe River Basin (Huaihe River Basin),13,1920,-0.06855474570266164,0.2642777787588432,0.06855474570266164,3.8549888275434534,0.6166666666666667,True,True
original,120,Western Huaihe Plain (Huaihe River Basin),13,1920,-0.3872050781266787,0.4963715092181615,0.3872050781266787,1.2819343992584924,0.9286458333333333,True,False
original,121,Southeastern Surat Basin (Great Artesian Basin),11,1920,0.20812339577166084,0.21824013456966032,0.20812339577166084,1.0486093298664938,0.965625,True,False
original,122,Houston-Galveston Area (Gulf Coast Regional Aquifer System),11,1920,-0.23808108616629658,0.40821387522669095,0.23808108616629658,1.714600188532233,0.8520833333333333,True,True
original,123,Western Paris Basin (Paris Basin),14,1920,-0.1796547549017056,0.30887467622152365,0.1796547549017056,1.7192680282273523,0.7979166666666667,True,True
original,124,Northern Cumberland Plateau and Mountains (Appalachian Plateaus),11,1920,0.026365377989595935,0.4044380564803961,0.026365377989595935,15.339740497556749,0.540625,True,True
original,125,Southeastern Coastal Karoo Basin (Main Karoo Basin),11,1920,0.13207102046690966,0.14660128682090945,0.13207102046690966,1.110018581689087,0.8932291666666666,True,True
original,126,Mount Vernon Hill County (Central Lowland Till Plain),13,1920,0.09371576453536404,0.4465783033100195,0.09371576453536404,4.765242064919625,0.60625,True,True
original,127,Eastern Riverine Plains (Murray Basin),14,1920,0.2808142425414931,0.2694338697566182,0.2808142425414931,0.9594736624400618,0.9348958333333334,True,False
original,128,Central Mallee (Murray Basin),9,1920,0.03236927633936752,0.2366958700169431,0.03236927633936752,7.312362115710122,0.5453125,True,True
original,129,Northern Allegheny Plateau (Appalachian Plateaus),13,1920,-0.049052111142475194,0.6513942158533732,0.049052111142475194,13.279636710463988,0.5255208333333333,True,True
original,130,Daly Basin (Daly-Wiso-Georgina Basins),8,1920,0.00873887315066564,0.2192999689086364,0.00873887315066564,25.094765094734473,0.5260416666666666,True,True
original,131,Blue Mountains and Clearwater Embayment (Columbia Plateau Regional Aquifer System),11,1920,-0.1815534916359638,0.36904104483709066,0.1815534916359638,2.0326849211859916,0.7723958333333333,True,True
original,132,Western Satpura Basalt Aquifers (Satpura Basalts),7,1920,0.8219595221897915,1.1051111495931505,0.8219595221897915,1.3444836634400337,0.9932291666666667,True,False
original,133,Northern Aquitaine Basin (Aquitaine Basin),12,1920,-0.10840485736772784,0.3082355370596741,0.10840485736772784,2.8433738537571833,0.6973958333333333,True,True
original,134,Central Wabash and Bloomington Ridged Plain (Central Lowland Till Plain),12,1920,0.07473188416669227,0.4922742729599324,0.07473188416669227,6.5872054270958325,0.5916666666666667,True,True
original,135,Northern Riverine Plains (Murray Basin),8,1920,0.25495295484604086,0.24288944477626828,0.25495295484604086,0.9526833878938277,0.9380208333333333,True,False
original,136,Upper Peninsula Jacobsville Sandstone and Cambrian-Ordovician and Silurian-Devonian Aquifers (Northern Midwest Aquifer System),11,1920,1.0305399383704064,0.5341008743856619,1.0305399383704064,0.5182728533842522,1.0,False,False
original,137,Eastern Flatwoods Southshores (Floridan Aquifer System),11,1920,0.1775260234858953,0.3744806643577907,0.1775260234858953,2.1094409540894365,0.7036458333333333,True,True
original,138,Lower Limestone Coast Aquifer System (Murray Basin),9,1920,0.014997870919723476,0.24353932470579404,0.014997870919723476,16.23825981763312,0.5338541666666666,True,True
original,139,Eastern Malwa Plateau (Malwa Plateau),10,1920,0.17283126404839477,1.1483111428786459,0.17283126404839477,6.644117018996663,0.5760416666666667,True,True
original,140,Southern St. Lawrence Lowlands (St. Lawrence Lowlands),11,1920,0.4712627665663027,0.6702150346842362,0.4712627665663027,1.4221684423904992,0.7791666666666667,True,True
original,141,Southern Paris Basin (Paris Basin),13,1920,-0.23110938410947993,0.28441535589198075,0.23110938410947993,1.2306525630185965,0.84375,True,True
original,142,Westside Middle Indus Plain (Indus Basin),11,1920,-0.7092015982894904,1.0519628493309825,0.7092015982894904,1.4833058073588545,0.7463541666666667,True,True
original,143,Northcentral Piedmont Upland (Piedmont Plateau),11,1920,-0.0653204552739778,0.4842339131028969,0.0653204552739778,7.413204808078011,0.5578125,True,True
original,144,Osage Plains (Osage Cuestas Aquifer System),10,1920,0.11992515627577821,0.454522967838689,0.11992515627577821,3.790055247403425,0.6578125,True,True
original,145,Eastern Pilbara Granite-Greenstone Terrane (Pilbara Craton),8,1920,-0.34530316354857316,0.26423894462859926,0.34530316354857316,0.7652375434765725,0.9979166666666667,True,False
original,146,Malwa Plateau Gneiss Complex (Malwa Plateau),9,1920,-0.7826440906268313,0.2670566359891642,0.7826440906268313,0.3412236023851845,1.0,False,False
original,147,Bluffton Till Plain (Central Lowland Till Plain),11,1920,-0.048557972294912446,0.5035226302975663,0.048557972294912446,10.369515169197495,0.546875,True,True
original,148,Vidalia Upland (Floridan Aquifer System),10,1920,0.22502035096729656,0.41795316287246764,0.22502035096729656,1.857401613124366,0.7385416666666667,True,True
original,149,Northern Paris Basin (Paris Basin),12,1920,-0.13578728862913997,0.295119673803811,0.13578728862913997,2.1733969120617544,0.7520833333333333,True,True
original,150,Southern Valley and Ridge (Valley and Ridge Aquifer System),11,1920,0.1279840266300493,0.3870417633919972,0.1279840266300493,3.0241411649813172,0.6635416666666667,True,True
original,151,Barind Tract and Central Floodplains (Bengal Basin),9,1920,-0.6938397331100405,0.2920282620345789,0.6938397331100405,0.42088719930408514,1.0,False,False
original,152,Northeastern Judith River (Bearpaw-Judith River Aquifer System),13,1920,0.009571191801744601,0.46365475342648843,0.009571191801744601,48.44273973717413,0.5072916666666667,True,True
original,153,Great Plains Dakota Aquifer,10,1920,-0.21237511289403058,0.5082518923356516,0.21237511289403058,2.393180092571654,0.7296875,True,True
original,154,Western Armorican Massif (Armorican Massif),10,1920,-0.07666211638979598,0.32033460451582985,0.07666211638979598,4.17852545169843,0.63125,True,True
original,155,Southeastern Allegheny Plateau (Appalachian Plateaus),11,1920,-0.10461126704865245,0.44407519748567204,0.10461126704865245,4.245003526046025,0.6369791666666667,True,True
original,156,Western Riverine Plains (Murray Basin),8,1920,0.1901410304422666,0.23518126647303686,0.1901410304422666,1.2368780474472396,0.8666666666666667,True,True
original,157,Southern Deccan Basalt Plateau (Deccan Plateau),8,1920,0.5284190704449053,0.19482571951707944,0.5284190704449053,0.36869547375162837,1.0,False,False
original,158,Eastern Vindhyan Basin,9,1920,0.036260839148063474,0.5260517903960177,0.036260839148063474,14.50743564560093,0.5328125,True,True
original,159,Catahoula Area (Gulf Coast Regional Aquifer System),9,1920,0.18040825426243315,0.34260877792754707,0.18040825426243315,1.8990748473690504,0.7302083333333333,True,True
original,160,Milk River,12,1920,0.04576541081012543,0.36988614264433534,0.04576541081012543,8.0822205263041,0.5713541666666667,True,True
original,161,Shawnee Hills (Interior Low Plateaus),9,1920,0.10047759784629917,0.4214829863855412,0.10047759784629917,4.194795610363663,0.6369791666666667,True,True
original,162,Sea Island (Floridan Aquifer System),10,1920,0.27309548456495825,0.41907399674731693,0.27309548456495825,1.534532866462083,0.7739583333333333,True,True
original,163,Missionary Plains Syncline and Mereenie Anticline (Amadeus Basin),9,1920,-0.2851829757375819,0.3582470330213023,0.2851829757375819,1.2562006273156785,0.9208333333333333,True,False
original,164,Flint Hills Upland (Osage Cuestas Aquifer System),10,1920,-0.009645041634666679,0.4263548390532615,0.009645041634666679,44.20456180519078,0.51875,True,True
original,165,Northwestern Malwa Plateau (Malwa Plateau),7,1920,0.22485741879903648,1.338638801343924,0.22485741879903648,5.953278341864788,0.6359375,True,True
original,166,Sundarbans and Southern Delta (Bengal Basin),9,1920,-0.09530219023694614,0.12888198643157178,0.09530219023694614,1.3523507288881556,0.834375,True,True
original,167,Transboundary Judith River Aquifer (Bearpaw-Judith River Aquifer System),10,1920,0.2445240487498426,0.43579745892804933,0.2445240487498426,1.7822273970847207,0.7697916666666667,True,True
original,168,Middle Chao Phraya Basin,7,1920,-0.3518124595379095,0.39078247393833804,0.3518124595379095,1.1107692844409602,0.946875,True,False
original,169,Northern Mallee (Murray Basin),9,1920,0.014408242838780866,0.2336468772244409,0.014408242838780866,16.21619512100135,0.5114583333333333,True,True
original,170,Alabama Coastal Lowlands (Gulf Coast Regional Aquifer System),7,1920,0.1661855513916244,0.39768123919183906,0.1661855513916244,2.3929952746294036,0.7197916666666667,True,True
original,171,Pecos Valley,8,1920,-0.8393386628665489,0.346652527730711,0.8393386628665489,0.41300674336483795,1.0,False,False
original,172,Eastern Deccan Basalt Plateau (Deccan Plateau),8,1920,0.7234985234229998,0.2882135496505236,0.7234985234229998,0.39836093691931007,1.0,False,False
original,173,Lachlan Alluvium,6,1920,0.35177250028099716,0.3464974854414673,0.35177250028099716,0.9850044706868326,0.975,True,False
original,174,Devonian and Overlying Unconsolidated Aquifers (Southern Ontario Paleozoic Aquifer System),10,1920,0.5578870276856069,0.5663288519116834,0.5578870276856069,1.0151317808214637,0.9473958333333333,True,False
original,175,Nanyang Basin,9,1920,0.07745388370800813,0.25939263603956386,0.07745388370800813,3.3489945709816573,0.665625,True,True
original,176,Newcastle Till Plain (Central Lowland Till Plain),6,1920,-0.08170692614287793,0.5235895609468557,0.08170692614287793,6.40814170430636,0.5833333333333334,True,True
original,177,Southern Mekong Delta (Mekong Delta),6,1920,-0.21728217060698674,0.21474076085159302,0.21728217060698674,0.9883036433762873,0.9520833333333333,True,False
original,178,Northern Cambrian-Ordovician Aquifers (Northern Midwest Aquifer System),10,1920,0.3129730579403918,0.3796365909167729,0.3129730579403918,1.2130008679184061,0.90625,True,False
original,179,Wimmera Plain (Murray Basin),9,1920,0.024394822389358122,0.24225821899339386,0.024394822389358122,9.930722803666544,0.5322916666666667,True,True
original,180,Ghaap Plateau Dolomite Aquifer System,7,1920,0.13974703307498776,0.15167463403761253,0.13974703307498776,1.0853513716904777,0.8994791666666667,True,True
original,181,Bighorn Basin,9,1920,0.059691226193065605,0.5356421243562057,0.059691226193065605,8.973548685760319,0.5635416666666667,True,True
original,182,Northern San Juan Basin,8,1920,-0.46512795282559427,0.35231522023887696,0.46512795282559427,0.7574587123792624,0.9333333333333333,True,False
original,183,Southwestern Bengal Basin (Bengal Basin),8,1920,-0.1323234567237765,0.15265849252843544,0.1323234567237765,1.1536767275291793,0.8536458333333333,True,True
original,184,Central Carrizo-Wilcox (Carrizo-Wilcox),8,1920,-0.3088341897203956,0.41576610187933294,0.3088341897203956,1.34624376354104,0.9177083333333333,True,False
original,185,Northern Pitted Karst Plain (Yucatan Peninsula),6,1920,0.1445501351901578,0.2778016503139908,0.1445501351901578,1.9218359771752458,0.740625,True,True
original,186,New Brunswick Carboniferous Basin (Maritimes Basin),9,1920,0.3969106345959815,0.6792479392006089,0.3969106345959815,1.7113372129522826,0.7921875,True,True
original,187,Madhupur Tract and Eastern Floodplains (Bengal Basin),6,1920,-0.6178970986673535,0.2638273561639824,0.6178970986673535,0.42697620159245075,1.0,False,False
original,188,Southwestern Allegheny Plateau (Appalachian Plateaus),9,1920,-0.1574054775825058,0.48792651433281065,0.1574054775825058,3.0998064478223677,0.675,True,True
original,189,Black Hills Uplift,10,1920,0.4887964073838903,0.5262645482856381,0.4887964073838903,1.0766538794797669,0.80625,True,True
original,190,Central Pilbara Granite-Greenstone Terrane (Pilbara Craton),6,1920,-0.3649683283415486,0.307681772875172,0.3649683283415486,0.8430369130201182,0.9979166666666667,True,False
original,191,Northwestern Deccan Basalt Plateau (Deccan Plateau),7,1920,0.8516901486435785,0.6103781057345947,0.8516901486435785,0.7166668614245416,1.0,False,False
original,192,Dougherty Plain and Marianna Lowlands (Floridan Aquifer System),6,1920,0.22102245326859277,0.36674748769251114,0.22102245326859277,1.659322309877853,0.7401041666666667,True,True
original,193,Lower Coastal Plain (Floridan Aquifer System),7,1920,0.23722945355959665,0.4457343615465011,0.23722945355959665,1.878916613676404,0.7322916666666667,True,True
original,194,Lannemezan Plateau (Aquitaine Basin),9,1920,-0.10037237648837044,0.27521267055878884,0.10037237648837044,2.741916453384723,0.7098958333333333,True,True
original,195,Springbok Flats Karoo Basin,4,1920,-0.01841605810777409,0.13420412577367596,0.01841605810777409,7.2873426543448785,0.5640625,True,True
original,196,Southcentral Valley and Ridge (Valley and Ridge Aquifer System),6,1920,0.0847101737265818,0.40692593984966413,0.0847101737265818,4.80374342240278,0.6020833333333333,True,True
original,197,Northcentral Piedmont Plain (North China Plain),6,1920,-0.7046600161718004,0.4511867349806587,0.7046600161718004,0.6402899620043954,0.990625,True,False
original,198,North-central High Plains (High Plains),7,1920,-0.5402884213398572,0.6829664099774095,0.5402884213398572,1.2640774501214116,0.8682291666666667,True,True
original,199,Great Bend Prairie (High Plains),6,1920,-0.4695045970083629,0.6859535195888163,0.4695045970083629,1.4610155554591897,0.85625,True,True
original,200,Delmarva Peninsula (North Atlantic Coastal Plain),7,1920,0.00946668382322357,0.4977190951237495,0.00946668382322357,52.57586546861851,0.50625,True,True
original,201,Denver Basin,7,1920,-0.0874601984136885,0.45770025865913055,0.0874601984136885,5.233240570690214,0.6057291666666667,True,True
original,202,Eastern Second Songhuajiang System (Songnen Plain),8,1920,0.4447621607420994,0.3928850021669286,0.4447621607420994,0.8833597748319862,1.0,False,False
original,203,Western Bengal Basin (Bengal Basin),6,1920,-0.43294380151461465,0.15706105268497367,0.43294380151461465,0.3627746883902941,1.0,False,False
original,204,Eastern Otway Basin (Otway Basin),7,1920,0.009912969623824777,0.2508661260922296,0.009912969623824777,25.30685915644282,0.5244791666666667,True,True
original,205,Western Allegheny Plateau (Appalachian Plateaus),7,1920,-0.08305872795569957,0.5139374911301896,0.08305872795569957,6.1876398035412326,0.584375,True,True
original,206,Laizhou Coastal Plain,7,1920,-0.3482035821654068,0.24778528437706482,0.3482035821654068,0.7116103827425865,0.9833333333333333,True,False
original,207,Central Coromandel Fractured Charnockite and Gneiss Aquifers (Coromandel Coastal Plain),6,1920,0.07301706722158459,0.12202992471571422,0.07301706722158459,1.6712520696755804,0.7916666666666666,True,True
original,208,Intermediate Aquifer (Floridan Aquifer System),7,1920,0.24181172987553104,0.40637149957421254,0.24181172987553104,1.680528482978829,0.7526041666666666,True,True
original,209,Malm Valangnian Aquifer,6,1920,-0.5026091927034555,0.23961459507322813,0.5026091927034555,0.4767413699386974,1.0,False,False
original,210,Southwestern Khorat Plateau (Khorat Plateau Aquifer System),6,1920,-0.3036255875683368,0.2579564601194974,0.3036255875683368,0.8495873558793504,0.9442708333333333,True,False
original,211,Western Cambay Basin (Cambay Basin),6,1920,0.0362928470746774,0.3061702710373325,0.0362928470746774,8.436105065203238,0.5791666666666667,True,True
original,212,Western Pilbara Granite-Greenstone Terrane (Pilbara Craton),7,1920,-0.3340283024278514,0.27817849374813264,0.3340283024278514,0.8327991721845723,0.9958333333333333,True,False
original,213,Mississippi Delta (Gulf Coast Regional Aquifer System),7,1920,0.24898421503958548,0.3370117219742996,0.24898421503958548,1.353546536758239,0.8,True,True
original,214,Central Cambay Basin (Cambay Basin),7,1920,-0.042380886576360334,0.293543731085139,0.042380886576360334,6.926323510392889,0.5697916666666667,True,True
original,215,Eastern Duero Basin (Duero Basin),7,1920,-0.25937706478923195,0.29601170116748193,0.25937706478923195,1.14124084721222,0.9,True,False
original,216,Eastern Pennyroyal Plateau (Interior Low Plateaus),6,1920,0.06289239460210556,0.4035950985015988,0.06289239460210556,6.4172321797409655,0.5807291666666666,True,True
original,217,Gunnedah Basin and Liverpool Plains,7,1920,0.2790486041919094,0.24830304207501805,0.2790486041919094,0.8898200469200456,1.0,False,False
original,218,Northern Piedmont Upland (Piedmont Plateau),7,1920,0.009791719201660372,0.4921280563476542,0.009791719201660372,50.259616949003664,0.5177083333333333,True,True
original,219,Lower Athabasca (Lower Athabasca Basin),11,1920,-0.35486670177779495,1.365365308961313,0.35486670177779495,3.8475441683346685,0.6833333333333333,True,True
original,220,Southern Nuomin-Taoer System (Songnen Plain),8,1920,0.52797667456299,0.44480181096236304,0.52797667456299,0.8424648898183402,1.0,False,False
original,221,Umatilla Basin and Horse Heaven Hills (Columbia Plateau Regional Aquifer System),7,1920,-0.2088265551135745,0.39389921084394386,0.2088265551135745,1.8862505806778926,0.8119791666666667,True,True
original,222,Palouse Slope (Columbia Plateau Regional Aquifer System),7,1920,-0.31761448223745503,0.4132890245956029,0.31761448223745503,1.301228526118087,0.8348958333333333,True,True
original,223,Letaba Lowveld,6,1920,-0.24965464173284024,0.12919479736532147,0.24965464173284024,0.5174940728863958,0.9989583333333333,True,False
original,224,Landes Plain (Aquitaine Basin),7,1920,-0.055063407633395386,0.30058697370207704,0.055063407633395386,5.458924295120706,0.5848958333333333,True,True
original,225,Transboundary Odanah Shale,6,1920,-0.20407564392602817,0.808310281075086,0.20407564392602817,3.9608366070773067,0.6333333333333333,True,True
original,226,Northern Hirri Basin (Chhattisgarh Basin),6,1920,0.19913766239067465,0.3323345397426011,0.19913766239067465,1.668868338378988,0.8541666666666666,True,True
original,227,Western Second Songhuajiang System (Songnen Plain),7,1920,0.3798082536039376,0.3484654606043031,0.3798082536039376,0.9174773251970489,0.9994791666666667,True,False
original,228,Tifton Upland (Floridan Aquifer System),5,1920,0.23631715913205964,0.3841280858454383,0.23631715913205964,1.6254769110133827,0.753125,True,True
original,229,South-central High Plains (High Plains),6,1920,-1.0187433178040517,1.3050830391717037,1.0187433178040517,1.2810715087534223,0.9796875,True,False
original,230,Northern Khorat Plateau (Khorat Plateau Aquifer System),5,1920,-0.12747628370661068,0.20998685401931363,0.12747628370661068,1.6472621252640431,0.7515625,True,True
original,231,Hill Country (Edwards-Trinity Aquifer System),6,1920,-0.5247331175625953,0.4385549406327982,0.5247331175625953,0.8357676044346164,0.9671875,True,False
original,232,Northern St. Lawrence Lowlands (St. Lawrence Lowlands),6,1920,0.8305702752311173,0.6145516807117903,0.8305702752311173,0.7399153317168534,0.8697916666666666,True,True
original,233,Chicxulub Sedimentary Basin (Yucatan Peninsula),6,1920,0.16439601113941554,0.2639951945601617,0.16439601113941554,1.6058491488353774,0.7677083333333333,True,True
original,234,West Jutland Quaternary and Tertiary Sand Aquifer System,10,1920,0.3918709212157485,0.2981907299135295,0.3918709212157485,0.7609412022418413,0.9817708333333334,True,False
original,235,South Platte Basin,6,1920,0.1204223678254123,0.49588557983538384,0.1204223678254123,4.11788597741506,0.6322916666666667,True,True
original,236,North Rewa Basin (Son-Mahandai Valley Basins),5,1920,0.09593010342258111,0.34833192376798366,0.09593010342258111,3.6311013054322356,0.628125,True,True
original,237,Southern Coromandel Fractured Charnockite and Gneiss Aquifers (Coromandel Coastal Plain),4,1920,0.07591485691471184,0.12461966508906065,0.07591485691471184,1.6415714940893227,0.7677083333333333,True,True
original,238,Chaj Doab (Indus Basin),6,1920,-1.244750147075444,0.3813639673780984,1.244750147075444,0.3063779251395292,1.0,False,False
original,239,Rush Springs Aquifer,5,1920,-0.7096903541444035,0.7412728555321468,0.7096903541444035,1.0445018044888308,0.95625,True,False
original,240,Silurian and Overlying Unconsolidated Aquifers (Southern Ontario Paleozoic Aquifer System),6,1920,0.48060469796813976,0.665458604855854,0.48060469796813976,1.3846277568014296,0.7723958333333333,True,True
original,241,Bangkok Basin (Lower Chao Phraya Basin),4,1920,-0.555738426351365,0.38905529110545783,0.555738426351365,0.700069084046886,0.9890625,True,False
original,242,Gypsum Hills,7,1920,-0.7476611313107124,1.040420653236629,0.7476611313107124,1.3915671280285555,0.9494791666666667,True,False
original,243,Clarence-Moreton Basin and Cecil Plains (Great Artesian Basin),6,1920,0.223389811008233,0.22333802953446807,0.223389811008233,0.9997682012732308,0.9666666666666667,True,False
original,244,Hetao Basin,5,1920,-0.3486823951561221,0.24632366668934264,0.3486823951561221,0.7064413635768778,0.9671875,True,False
original,245,Western C Aquifer (The C Aquifer),6,1920,-0.490456083279395,0.38953182035312905,0.490456083279395,0.7942236494418746,0.9520833333333333,True,False
original,246,Arrowsmith and Dandaragan Plateau (Perth Basin),5,1920,-0.014010117337237827,0.23286344945085444,0.014010117337237827,16.621092018403093,0.528125,True,True
original,247,Gambier Embayment (Otway Basin),4,1920,0.017404805075140917,0.25066732363710464,0.017404805075140917,14.402190806211895,0.5390625,True,True
original,248,Northern Columbia River Basin (Columbia Plateau Regional Aquifer System),6,1920,-0.4123189884672,0.5124315778751596,0.4123189884672,1.2428037325666934,0.8703125,True,True
original,249,San Luis Valley (Middle Rio Grande),4,1920,-0.5343930543999065,0.4287051392436766,0.5343930543999065,0.8022281272444465,0.9708333333333333,True,False
original,250,Southern Cumberland Plateau - Pottsville Aquifer (Appalachian Plateaus),6,1920,0.10013939443665745,0.38132843514111336,0.10013939443665745,3.8079762443772345,0.6442708333333333,True,True
original,251,Sylhet Basin (Bengal Basin),4,1920,-0.5494518320207071,0.19014758986471403,0.5494518320207071,0.3460678057354224,1.0,False,False
original,252,Tuli Karoo Aquifer,5,1920,-0.19270805688635811,0.21013797047813554,0.19270805688635811,1.0904472489287567,0.7901041666666667,True,True
original,253,Antlers Aquifer,5,1920,0.025329722052396066,0.4197377440567631,0.025329722052396066,16.570957359441614,0.5401041666666667,True,True
original,254,New Jersey Coastal Plain (North Atlantic Coastal Plain),5,1920,0.08574156972057335,0.48629991009203116,0.08574156972057335,5.671693574970151,0.603125,True,True
original,255,Upper Deschutes Basin,5,1920,-0.35599198850205477,0.5226208946850825,0.35599198850205477,1.4680692587610467,0.8520833333333333,True,True
original,256,Southwestern Flatwoods (Floridan Aquifer System),4,1920,0.153310739863033,0.3495570632857929,0.153310739863033,2.280055941273816,0.678125,True,True
original,257,Central Cumberland Plateau and Sequatchie Valley (Appalachian Plateaus),4,1920,0.16808231678352428,0.36915298954980286,0.16808231678352428,2.196263096642346,0.6979166666666666,True,True
original,258,Eastern Malwa Plateau Alluvial Aquifer (Malwa Plateau),5,1920,-1.623552088935016,1.4480798460429216,1.623552088935016,0.8919207803137398,1.0,False,False
original,259,Northern Duero Basin (Duero Basin),5,1920,-0.17639877331801063,0.2635807905568513,0.17639877331801063,1.4942325595522679,0.8328125,True,True
original,260,Central Littoral Plain (North China Plain),5,1920,-0.34005920335319917,0.21935170306793286,0.34005920335319917,0.6450397486819534,0.9796875,True,False
original,261,Red River Delta,5,1920,0.3327326699615627,0.2181252517507271,0.3327326699615627,0.6555570625990077,1.0,False,False
original,262,Tipton Till Plain (Central Lowland Till Plain),5,1920,0.015938290872083156,0.4976393545501232,0.015938290872083156,31.222880705594818,0.5223958333333333,True,True
original,263,Upper Carbonate Aquifer (Northern Midwest Aquifer System),7,1920,0.12340112580324389,0.5326091474101159,0.12340112580324389,4.316080132521084,0.6010416666666667,True,True
original,264,Northern Saurashtra Deccan Trap Basalts (Saurashtra Deccan Trap Basalts),6,1920,0.0343197871739189,0.36611675844994007,0.0343197871739189,10.667803870537057,0.5286458333333334,True,True
original,265,Kurnool Basin (Cuddapah Sedimentary Basin),5,1920,0.4316105018503854,0.1806567739073942,0.4316105018503854,0.41856436099883765,1.0,False,False
original,266,Coatzacoalcos Coastal Aquifer (Coastal Plain of Veracruz),2,1920,-0.3058915663664341,0.3552208507198089,0.3058915663664341,1.1612639568306444,0.9234375,True,False
original,267,Northern Nuomin-Taoer System (Songnen Plain),5,1920,0.6440882945211934,0.49048761250295125,0.6440882945211934,0.7615223202706597,1.0,False,False
original,268,Hatfield Valley,5,1920,-0.032921695876969234,0.7171415405584451,0.032921695876969234,21.78325026871201,0.5302083333333333,True,True
original,269,Northcentral Coromandel Schist Aquifers (Coromandel Coastal Plain),5,1920,0.2858728151659968,0.11114130207093764,0.2858728151659968,0.3887788421099138,1.0,False,False
original,270,Alsatian Aquifer and Upper Rhine Valley,5,1920,-0.3524240164135961,0.28561540473570446,0.3524240164135961,0.8104311608562831,0.9552083333333333,True,False
original,271,Southern Odanah Shale,4,1920,-0.5901429669887295,1.2279964141637496,0.5901429669887295,2.0808456303897658,0.7916666666666666,True,True
original,272,Eastern Satpura Basalt Aquifers (Satpura Basalts),5,1920,0.8154312653705977,0.6574217568321857,0.8154312653705977,0.8062258399344061,1.0,False,False
original,273,Southern Hirri Basin (Chhattisgarh Basin),4,1920,0.31354394558807536,0.3227053096000544,0.31354394558807536,1.0292187559061177,0.9395833333333333,True,False
original,274,Limpopo Plateau,4,1920,-0.13275697489824123,0.13704804543233792,0.13275697489824123,1.0323227501785561,0.9296875,True,False
original,275,Southeastern Bengal Basin (Bengal Basin),5,1920,-0.35069318169874664,0.1967669440375921,0.35069318169874664,0.5610800389230816,0.9953125,True,False
