recipe,ols,tsen,seas,acf1,n
1,-3.12732534533907,-3.14570389046885,-3.11823411010932,0.691285537871084,250
2,-3.2225109748484,-3.23995843859871,-3.21250877251727,0.690260392537109,250
3,-3.12987073297536,-3.14455551810421,-3.12069195485076,0.692790054327411,250
4,-3.2250563624847,-3.24133444903203,-3.21496661725871,0.691824604889008,250
5,-3.11681242735927,-3.12781380152734,-3.10735087477815,0.684761772582877,250
6,-3.21199805686861,-3.22327098519031,-3.2016255371861,0.683673395861252,250
7,-3.11935781583342,-3.13018991226961,-3.10980872033244,0.686413667146914,250
8,-3.21454344534276,-3.22321368875028,-3.20408338274039,0.685384939208964,250
9,-3.28228928747976,-3.30066622873638,-3.27319812178737,0.691291203794473,250
10,-3.3774749169891,-3.39491056981455,-3.36747278419532,0.690265713848022,250
11,-3.28483467511606,-3.29948826254205,-3.27565596652881,0.692796113009354,250
12,-3.38002030462539,-3.39628656839215,-3.36993062893676,0.691830309635464,250
13,-3.27177636949997,-3.28272906062922,-3.2623148864562,0.684768105605716,250
14,-3.36696199900931,-3.37828001439604,-3.35658954886415,0.683679381556824,250
15,-3.27432175797412,-3.2851514415438,-3.26477273201049,0.686420396327685,250
16,-3.36950738748346,-3.37813400418447,-3.35904739441844,0.68539131148398,250
17,-3.31183252802806,-3.33020119454466,-3.30274137559722,0.691292283750413,250
18,-3.40701815753739,-3.42445155670879,-3.39701603800517,0.690266728167109,250
19,-3.31437791566435,-3.32902924910036,-3.30519922033867,0.692797267804527,250
20,-3.40956354517369,-3.42576705234611,-3.39947388274661,0.691831397016735,250
21,-3.30131961004827,-3.31227659960734,-3.29185814026605,0.684769312736433,250
22,-3.3965052395576,-3.40783184655154,-3.386132802674,0.683680522533609,250
23,-3.30386499852242,-3.31469890525542,-3.29431598582035,0.686421678944826,250
24,-3.39905062803175,-3.4076689463017,-3.38859064822829,0.685392526121434,250
25,-3.34207127604692,-3.36043146905109,-3.33298013714308,0.691293385236669,250
26,-3.43725690555626,-3.4546879947588,-3.42725479955102,0.690267762577558,250
27,-3.34461666368322,-3.3592656990769,-3.33543798188452,0.692798445938988,250
28,-3.43980229319256,-3.45589708111741,-3.42971264429247,0.691832506256579,250
29,-3.33155835806713,-3.34251977271989,-3.3220969018119,0.684770544391138,250
30,-3.42674398757647,-3.43807937856199,-3.41637156421985,0.683681686581862,250
31,-3.33410374654128,-3.34502442616899,-3.3245547473662,0.68642298791144,250
32,-3.42928937605062,-3.43789917120499,-3.41882940977415,0.685393765612912,250
33,-2.09305383779921,-2.10872918367386,-2.08431237200761,0.722398952966022,250
34,-2.18812092277839,-2.20192710876534,-2.17846962433484,0.719385502251863,250
35,-2.09558026526113,-2.1101209718126,-2.08675190872701,0.723598426415884,250
36,-2.19064735024031,-2.20256945509609,-2.18090916105424,0.720683187176526,250
37,-2.08258014995851,-2.0931085700333,-2.07346974864925,0.715223941627383,250
38,-2.17764723493769,-2.18746952752151,-2.16762700097649,0.712095730263223,250
39,-2.08510657704816,-2.09649778541605,-2.07590928494124,0.716615892253443,250
40,-2.18017366202734,-2.18867655911133,-2.17006653726847,0.713586580909766,250
41,-2.2480177799399,-2.26368130743504,-2.23927638368566,0.722404589191639,250
42,-2.34308486491909,-2.35687334839855,-2.33343363601289,0.719390617186984,250
43,-2.25054420740183,-2.26513937334498,-2.24171592040506,0.723604597862826,250
44,-2.34561129238101,-2.35752157488767,-2.33587317273229,0.720688828375019,250
45,-2.23754409209921,-2.24800967516746,-2.2284337603273,0.715230434548196,250
46,-2.33261117707839,-2.34243589839045,-2.32259101265454,0.712101705067325,250
47,-2.24007051918886,-2.25146261426972,-2.23087329661929,0.716622926243347,250
48,-2.33513760416804,-2.34363747865441,-2.32503054894652,0.713593087427659,250
49,-2.2775610204882,-2.29322229325771,-2.26881963749551,0.722405661935815,250
50,-2.37262810546738,-2.38643690704662,-2.36297688982275,0.719391590682303,250
51,-2.28008744795012,-2.29468036769154,-2.27125917421491,0.723605772594654,250
52,-2.37515453292931,-2.38706257238173,-2.36541642654214,0.72068990215083,250
53,-2.2670873326475,-2.2775450068817,-2.25797701413716,0.715231670620181,250
54,-2.36215441762669,-2.37192416268082,-2.35213426646439,0.71210284249532,250
55,-2.26961375973715,-2.28100360683231,-2.26041655042914,0.716624265416619,250
56,-2.36468084471634,-2.37317415373792,-2.35457380275637,0.713594326173991,250
57,-2.30779976850707,-2.32345874607563,-2.29905839904137,0.722406755892855,250
58,-2.40286685348625,-2.41668289007169,-2.3932156513686,0.719392583175514,250
59,-2.31032619596899,-2.32491680319075,-2.30149793576076,0.723606971000459,250
60,-2.40539328094817,-2.41729901366077,-2.39565518808799,0.720690997345939,250
61,-2.29732608066637,-2.3077756837978,-2.28821577568301,0.715232931770533,250
62,-2.39239316564555,-2.40216058098962,-2.38237302801024,0.712104002798012,250
63,-2.29985250775602,-2.31124005071711,-2.290655311975,0.716625632157176,250
64,-2.3949195927352,-2.40340610961708,-2.38481256430223,0.713595590242426,250
65,-1.42985334373239,-1.44131916501917,-1.42204079275234,0.730775119163935,250
66,-1.52476806696573,-1.53473643564865,-1.51604714149297,0.726003554913297,250
67,-1.4323555759706,-1.4456150471651,-1.42445696638483,0.731582494967473,250
68,-1.52727029920394,-1.53775577909149,-1.51846331512546,0.726951892337416,250
69,-1.41942993290094,-1.42694522951279,-1.4112502173859,0.72349471470141,250
70,-1.51434465607986,-1.5193248337933,-1.5052565660765,0.71854332145457,250
71,-1.42193216327941,-1.43077294303131,-1.41366638915062,0.724535956727444,250
72,-1.51684688645833,-1.52188387480062,-1.50767273784122,0.719727076108209,250
73,-1.58481728587308,-1.59622187150416,-1.5770048044304,0.730778855177637,250
74,-1.67973200910643,-1.68970685023146,-1.67101115317102,0.726006656766991,250
75,-1.5873195181113,-1.60058939757956,-1.57942097806288,0.73158691425448,250
76,-1.68223424134464,-1.69241585518702,-1.67342732680351,0.726955672698064,250
77,-1.57439387504164,-1.58192082286459,-1.56621422906395,0.723499507718175,250
78,-1.66930859822056,-1.67430205643177,-1.66022057775455,0.718547491071799,250
79,-1.57689610542011,-1.58572507423947,-1.56863040082867,0.724541440850231,250
80,-1.67181082859902,-1.67693800446675,-1.66263674951927,0.719731931531274,250
81,-1.61436052642138,-1.62575343744052,-1.60654805824025,0.730779564329747,250
82,-1.70927524965472,-1.71924784427223,-1.70055440698088,0.726007245218809,250
83,-1.61686275865959,-1.63013462704771,-1.60896423187273,0.731587753611912,250
84,-1.71177748189294,-1.72190116796046,-1.70297058061336,0.726956390447387,250
85,-1.60393711558994,-1.61146629144574,-1.5957574828738,0.723500418398284,250
86,-1.69885183876885,-1.70384305715561,-1.6897638315644,0.718548283101581,250
87,-1.6064393459684,-1.61526605911657,-1.59817365463852,0.724542483227433,250
88,-1.70135406914732,-1.70646310690339,-1.69218000332912,0.719732854248463,250
89,-1.64459927444025,-1.65598039821216,-1.6367868197861,0.730780286040129,250
90,-1.73951399767359,-1.74948428549417,-1.73079316852673,0.72600784351551,250
91,-1.64710150667846,-1.66034593990337,-1.63920299341858,0.731588608663753,250
92,-1.7420162299118,-1.75211822323683,-1.73320934215921,0.726957121157419,250
93,-1.6341758636088,-1.64170731146505,-1.62599624441965,0.72350134642828,250
94,-1.72909058678772,-1.73407949507236,-1.72000259311025,0.718549089811655,250
95,-1.63667809398727,-1.64550249691574,-1.62841241618438,0.724543546127448,250
96,-1.73159281716619,-1.73668327402799,-1.72241876487498,0.719733794796137,250
97,-2.10754581065425,-2.12922260685554,-2.1000918005429,0.768283441641259,250
98,-2.20273143810077,-2.22540803670625,-2.19436646086696,0.765748816776755,250
99,-2.11009119829055,-2.12975574745279,-2.10254964528435,0.769760587029429,250
100,-2.20527682573707,-2.22501348899143,-2.1968243056084,0.767335018854025,250
101,-2.09703289267446,-2.11463798277545,-2.08920856521173,0.757324945913228,250
102,-2.19221852012098,-2.2073731958993,-2.18348322553578,0.754719448928317,250
103,-2.09957828114861,-2.11515513808,-2.09166641076603,0.7590703546061,250
104,-2.19476390859513,-2.20827961435236,-2.18594107109008,0.756575726998606,250
105,-2.26250975279495,-2.28420557199473,-2.25505581222095,0.768286505070375,250
106,-2.35769538024147,-2.38033615585115,-2.349330472545,0.765751166792433,250
107,-2.26505514043125,-2.28466304101878,-2.2575136569624,0.769764271210614,250
108,-2.36024076787777,-2.38023027203451,-2.35178831728645,0.767337978742793,250
109,-2.25199683481516,-2.26951439742754,-2.24417257688978,0.757329130948238,250
110,-2.34718246226168,-2.36222278910113,-2.33844723721383,0.754722932825708,250
111,-2.25454222328931,-2.27006433326249,-2.24663042244408,0.759075170891354,250
112,-2.34972785073583,-2.36323174086187,-2.34090508276813,0.756579830297295,250
113,-2.29205299334325,-2.31375245393664,-2.28459906603081,0.768287085069398,250
114,-2.38723862078977,-2.40987257441944,-2.37887372635486,0.765751611001306,250
115,-2.29459838097954,-2.31419547251426,-2.28705691077225,0.769764969494638,250
116,-2.38978400842606,-2.40987427024708,-2.3813315710963,0.767338539163966,250
117,-2.28154007536345,-2.29904536744961,-2.27371583069963,0.757329924835943,250
118,-2.37672570280997,-2.39176378722153,-2.36799049102368,0.754723593259646,250
119,-2.2840854638376,-2.2996053179858,-2.27617367625393,0.759076085063621,250
120,-2.37927109128412,-2.39277273380447,-2.37044833657798,0.756580608758065,250
121,-2.32229174136211,-2.34399492008953,-2.31483782757666,0.76828767483517,250
122,-2.41747736880863,-2.44010431629089,-2.40911248790071,0.76575206192834,250
123,-2.32483712899841,-2.34442316463941,-2.3172956723181,0.769765680413693,250
124,-2.42002275644493,-2.44014223722311,-2.41157033264215,0.767339109122896,250
125,-2.31177882338232,-2.32928345442485,-2.30395459224549,0.757330733547278,250
126,-2.40696445082884,-2.42200023073827,-2.39822925256954,0.75472426551918,250
127,-2.31432421185647,-2.32984174629036,-2.30641243779978,0.759077016976998,250
128,-2.40950983930299,-2.42300916868947,-2.40068709812383,0.756581401908863,250
129,-1.10127009268014,-1.11174099770789,-1.09569585530565,0.749321766218096,250
130,-1.19618481540805,-1.20661544809848,-1.18970220360584,0.742518106387784,250
131,-1.10377232491836,-1.11641589800517,-1.09811202893814,0.749731180375898,250
132,-1.19868704764627,-1.21074517086435,-1.19211837723832,0.743160308775594,250
133,-1.0908466818487,-1.10016182574187,-1.08490527993921,0.739327493230837,250
134,-1.18576140452219,-1.19428706769821,-1.17891162818936,0.732187579253912,250
135,-1.09334891222717,-1.1032928127228,-1.08732145170393,0.740092898402837,250
136,-1.18826363490065,-1.19853625685765,-1.18132779995408,0.733193803224497,250
137,-1.25623403482084,-1.26661862385378,-1.2506598669837,0.749322057388191,250
138,-1.35114875754875,-1.36145069744446,-1.34466621528389,0.742517474710166,250
139,-1.25873626705906,-1.27132683490532,-1.25307604061619,0.749732448996503,250
140,-1.35365098978697,-1.36569737915545,-1.34708238891637,0.743160670971947,250
141,-1.2458106239894,-1.25521312822958,-1.23986929161726,0.739329330641435,250
142,-1.34072534666288,-1.34929673737992,-1.33387563986741,0.732188547996319,250
143,-1.24831285436786,-1.25822859950385,-1.24228546338198,0.74009572570833,250
144,-1.34322757704135,-1.3534883786583,-1.33629181163214,0.733195776974221,250
145,-1.28577727536914,-1.29614595997836,-1.28020312079356,0.749322106715583,250
146,-1.38069199809705,-1.39098235005869,-1.37420946909374,0.742517348392701,250
147,-1.28827950760735,-1.30086782979083,-1.28261929442604,0.749732684606026,250
148,-1.38319423033526,-1.3952369932473,-1.37662564272622,0.743160734068559,250
149,-1.27535386453769,-1.28475412512642,-1.26941254542711,0.739329674865145,250
150,-1.37026858721118,-1.37883304180936,-1.36341889367726,0.732188726898357,250
151,-1.27785609491616,-1.2877868588604,-1.27182871719183,0.740096258583788,250
152,-1.37277081758965,-1.38302937176294,-1.36583506544199,0.73319614740962,250
153,-1.31601602338801,-1.3263683835978,-1.31044188233941,0.749322152804432,250
154,-1.41093074611591,-1.42134500394725,-1.40444823063959,0.742517214817033,250
155,-1.31851825562622,-1.33109503223541,-1.31285805597189,0.749732921468729,250
156,-1.41343297835413,-1.42545687032685,-1.40686440427208,0.743160794475582,250
157,-1.30559261255656,-1.31499055204486,-1.29965130697296,0.739330022892647,250
158,-1.40050733523005,-1.40906472632159,-1.39365765522312,0.732188905820278,250
159,-1.30809484293503,-1.3181082606058,-1.30206747873769,0.740096799812122,250
160,-1.40300956560851,-1.41326582143716,-1.39607382698784,0.733196522484978,250
161,-2.29363099804158,-2.31492172662792,-2.28264172153227,0.748549942298658,250
162,-2.38896908560448,-2.41051013145548,-2.37706738283634,0.745746846263481,250
163,-2.29620060003072,-2.31553569740443,-2.28512294780087,0.7500216419763,250
164,-2.3915386880012,-2.40931759094607,-2.37954860951052,0.747286008680099,250
165,-2.28306772934253,-2.30040116672732,-2.27170636207985,0.74054337868371,250
166,-2.37840581793257,-2.39474292254337,-2.36613202439839,0.737722661693005,250
167,-2.28563733529766,-2.30177781491384,-2.27418759230343,0.742200936400282,250
168,-2.38097542284157,-2.39709403902126,-2.36861325355667,0.73944709602195,250
169,-2.44859494018228,-2.46964818239212,-2.43760573321033,0.748552875341846,250
170,-2.54393302774517,-2.56546226766987,-2.53203139451438,0.745749283017829,250
171,-2.45116454217141,-2.47043600827732,-2.44008695947891,0.750025048760683,250
172,-2.54650263014189,-2.56434925962062,-2.53451262118856,0.747288908129313,250
173,-2.43803167148323,-2.45529294332987,-2.4266703737579,0.740547127349257,250
174,-2.53336976007327,-2.54972499052108,-2.52109603607644,0.737725911012196,250
175,-2.44060127743836,-2.45665338204359,-2.42915160398148,0.742205165223068,250
176,-2.53593936498226,-2.55207819119789,-2.52357726523472,0.739450813922281,250
177,-2.47813818073058,-2.49918919801712,-2.46714898702018,0.748553432295616,250
178,-2.57347626829347,-2.59500323612189,-2.56157464832424,0.745749745509423,250
179,-2.48070778271971,-2.49996604928281,-2.46963021328877,0.750025695982559,250
180,-2.57604587069019,-2.59389025889692,-2.56405587499842,0.747289458784291,250
181,-2.46757491203153,-2.48476460727168,-2.45621362756775,0.740547839810552,250
182,-2.56291300062157,-2.5792807371072,-2.5506392898863,0.737726528427197,250
183,-2.47014451798666,-2.48627093739933,-2.45869485779133,0.742205969174566,250
184,-2.56548260553056,-2.58162526816813,-2.55312051904457,0.739451520621741,250
185,-2.50837692874944,-2.52942562103272,-2.49738774856603,0.748553999075242,250
186,-2.60371501631234,-2.62523969630716,-2.59181340987009,0.745750215730699,250
187,-2.51094653073858,-2.53019319382414,-2.49986897483462,0.750026355213388,250
188,-2.60628461870905,-2.62412670087247,-2.59429463654427,0.747290019302166,250
189,-2.49781366005039,-2.51493006843916,-2.48645238911361,0.740548565766104,250
190,-2.59315174864043,-2.60953228348736,-2.58087805143215,0.737727157224547,250
191,-2.50038326600552,-2.51650607574607,-2.48893361933718,0.742206788833722,250
192,-2.59572135354943,-2.61186796046161,-2.58335928059043,0.739452240864654,250
193,-3.98952454199302,-4.03915781072044,-3.97836290784312,0.761674456570746,250
194,-4.08486262834517,-4.13221943292835,-4.07278856791126,0.761358595581933,250
195,-3.99209445389651,-4.04049420641204,-3.98084443338664,0.76318348885828,250
196,-4.08743254129098,-4.13479400188092,-4.07527009445047,0.762889917404332,250
197,-3.97896105339302,-4.02152440595427,-3.96742732054019,0.754738322648991,250
198,-4.07429914029689,-4.11620419968892,-4.06185298116664,0.754445064381705,250
199,-3.98153096435906,-4.02370310658152,-3.96990884515235,0.756367176875271,250
200,-4.07686905216975,-4.12016602521806,-4.06433450662907,0.756095503770783,250
201,-4.14448848413371,-4.19412473156066,-4.13332691952117,0.761681469353053,250
202,-4.23982657048587,-4.28720529018471,-4.22775257958931,0.761365169476466,250
203,-4.14705839603721,-4.19547057702982,-4.13580844506469,0.76319076323133,250
204,-4.24239648343168,-4.2897238823878,-4.23023410612852,0.762896744744646,250
205,-4.13392499553371,-4.17639007708874,-4.12239133221824,0.754745865958117,250
206,-4.22926308243759,-4.27119526107347,-4.21681699284469,0.754452163882951,250
207,-4.13649490649976,-4.178026903879,-4.1248728568304,0.756374985326452,250
208,-4.23183299431044,-4.2752146685141,-4.21929851830712,0.756102860012841,250
209,-4.17403172468201,-4.22366572296749,-4.16287017333103,0.761682805214972,250
210,-4.26936981103417,-4.31675269436395,-4.25729583339916,0.761366421737313,250
211,-4.1766016365855,-4.22501619581027,-4.16535169887454,0.763192148931275,250
212,-4.27193972397997,-4.3192595997027,-4.25977735993837,0.762898045291493,250
213,-4.16346823608201,-4.20593107348153,-4.15193458602809,0.754747302963795,250
214,-4.25880632298589,-4.3007431343434,-4.24636024665454,0.754453516349495,250
215,-4.16603814704805,-4.20756790930353,-4.15441611064026,0.75637647284657,250
216,-4.26137623485874,-4.30475566109972,-4.24884177211697,0.756104261392947,250
217,-4.20427047270087,-4.25390216778054,-4.19310893487688,0.761684170007324,250
218,-4.29960855905303,-4.34699571529592,-4.28753459494502,0.761367701048988,250
219,-4.20684038460437,-4.25525735636456,-4.19559046042039,0.763193564771908,250
220,-4.30217847199884,-4.34949062321867,-4.29001612148422,0.762899374062525,250
221,-4.19370698410088,-4.23616752897199,-4.18217334757394,0.754748771266594,250
222,-4.28904507100475,-4.33098663193871,-4.2765990082004,0.754454898211336,250
223,-4.19627689506692,-4.23780436052321,-4.18465487218611,0.75637799289105,250
224,-4.29161498287761,-4.33499114196572,-4.27908053366282,0.756105693357514,250
225,-5.41024023059385,-5.46499356048327,-5.40016391041968,0.720039871133317,250
226,-5.50557832175692,-5.55971436870949,-5.49458957524718,0.721352747892438,250
227,-5.41281017546999,-5.46594812648425,-5.40264546785175,0.721526093993001,250
228,-5.50814826641908,-5.56054747871107,-5.49707113246499,0.722849897250043,250
229,-5.39967671901029,-5.45302271973019,-5.38922829920574,0.714182248861704,250
230,-5.49501481017337,-5.54566048887174,-5.48365396403324,0.715518980262323,250
231,-5.40224666207575,-5.44994158464309,-5.3917098547873,0.715754818511763,250
232,-5.49758475287199,-5.54683983764397,-5.48613551923867,0.717101834528135,250
233,-5.56520417273454,-5.61980673155143,-5.55512792209773,0.720047192649331,250
234,-5.66054226389762,-5.71469663342868,-5.64955358692523,0.721359778628369,250
235,-5.56777411761069,-5.62087298509552,-5.5576094795298,0.72153360115097,250
236,-5.66311220855978,-5.71549956531107,-5.65203514414304,0.722857107777814,250
237,-5.55464066115099,-5.60803671181202,-5.54419231088379,0.714189952439074,250
238,-5.64997875231406,-5.70061262536915,-5.63861797571129,0.715526388508125,250
239,-5.55721060421645,-5.60489362895041,-5.54667386646535,0.71576270970437,250
240,-5.65254869501268,-5.70174229291196,-5.64109953091672,0.71710942440604,250
241,-5.59474741328284,-5.649296159833,-5.58467117590758,0.720048588396277,250
242,-5.69008550444592,-5.7442433500531,-5.67909684073508,0.721361118964807,250
243,-5.59731735815898,-5.65049082319911,-5.58715273333965,0.721535032267683,250
244,-5.69265544910807,-5.74504050763296,-5.68157839795289,0.722858482369063,250
245,-5.58418390169928,-5.63757771253586,-5.57373556469365,0.714191421023226,250
246,-5.67952199286236,-5.73015360875053,-5.66816122952115,0.715527800814193,250
247,-5.58675384476474,-5.63441981767354,-5.5762171202752,0.715764214034095,250
248,-5.68209193556098,-5.73127382795971,-5.67064278472657,0.717110871317372,250
249,-5.62498616130171,-5.67947986693395,-5.61490993745343,0.720050014471599,250
250,-5.72032425246478,-5.77448472467325,-5.70933560228094,0.72136248839601,250
251,-5.62755610617785,-5.6808059434193,-5.61739149488551,0.721536494571961,250
252,-5.72289419712694,-5.77527703689323,-5.71181715949875,0.722859886887769,250
253,-5.61442264971815,-5.66781413555146,-5.6039743262395,0.714192921634368,250
254,-5.70976074088123,-5.76039003987309,-5.698399991067,0.715529243893367,250
255,-5.61699259278361,-5.66464111589848,-5.60645588182106,0.715765751259548,250
256,-5.71233068357985,-5.7615005707225,-5.70088154627243,0.717112349843438,250
257,-6.42681552439499,-6.46131115936092,-6.41894021432316,0.565445449176709,250
258,-6.52215361439962,-6.55725359349129,-6.51336587810463,0.567522602888466,250
259,-6.42938547021472,-6.46308494941372,-6.42142177260627,0.567036641323361,250
260,-6.52472356017412,-6.56065115133165,-6.51584743634307,0.569129018639773,250
261,-6.41625201035727,-6.44470871532003,-6.40800460064963,0.561030851853934,250
262,-6.51159010048349,-6.54110717429965,-6.50243026455983,0.563099866348309,250
263,-6.41882195771859,-6.4542113902267,-6.41048616046476,0.562684493270497,250
264,-6.51416004779958,-6.54630177722555,-6.5049118243303,0.564768455558472,250
265,-6.58177946653568,-6.61625497615723,-6.57390422600121,0.565448851372317,250
266,-6.67711755654032,-6.71220571568233,-6.66832988978268,0.567525921644327,250
267,-6.58434941235541,-6.6180956093853,-6.57638578428432,0.567040208493284,250
268,-6.67968750231481,-6.7155871527494,-6.67081144802112,0.569132498540686,250
269,-6.57121595249797,-6.59966084693259,-6.56296861232768,0.561034546424509,250
270,-6.66655404262419,-6.69603103825778,-6.65739427623789,0.563103474838763,250
271,-6.57378589985929,-6.60916351577073,-6.56545017214281,0.562688353499198,250
272,-6.66912398994028,-6.70128013915071,-6.65987583600835,0.564772225827321,250
273,-6.61132270708398,-6.64579215934869,-6.60344747981106,0.565449500862343,250
274,-6.70666079708862,-6.74174669968464,-6.69787314359253,0.567526555231208,250
275,-6.61389265290371,-6.64764775304551,-6.60592903809417,0.567040889421502,250
276,-6.70923074286311,-6.74514425875879,-6.70035470183097,0.569133162835778,250
277,-6.60075919304627,-6.62918285744746,-6.59251186613753,0.561035251651509,250
278,-6.69609728317249,-6.72558695420001,-6.68693753004774,0.563104163659433,250
279,-6.60332914040759,-6.63870449784591,-6.59499342595266,0.562689090294567,250
280,-6.69866723048857,-6.7308211733903,-6.6894190898182,0.56477294547676,250
281,-6.64156145510285,-6.67602471160195,-6.63368624135692,0.565450163126322,250
282,-6.73689954510748,-6.77198315360797,-6.72811190513838,0.567527201263172,250
283,-6.64413140092258,-6.67789560191692,-6.63616779964002,0.567041583882333,250
284,-6.73946949088198,-6.77538069974958,-6.73059346337683,0.569133840317364,250
285,-6.63099794106513,-6.65941990072817,-6.62275062768338,0.56103597095804,250
286,-6.72633603119136,-6.75583869253489,-6.71717629159359,0.563104866218814,250
287,-6.63356788842645,-6.66894095585744,-6.62523218749851,0.562689841931539,250
288,-6.72890597850744,-6.76105349269597,-6.71965785136406,0.564773679609502,250
289,-6.54173994465354,-6.57816518604977,-6.53476529423015,0.504195552219023,250
290,-6.6370780332765,-6.67423086211764,-6.62919095663686,0.506428045989584,250
291,-6.54430989186759,-6.57908872504904,-6.53724685386747,0.505699315722897,250
292,-6.63964798049056,-6.67345474018581,-6.63167251627418,0.507949861990135,250
293,-6.53117643074027,-6.56045179213601,-6.52382968073495,0.500218349030369,250
294,-6.62651451936324,-6.65768345140902,-6.61825534314166,0.502435086776164,250
295,-6.5337463772294,-6.56275038051044,-6.52631123963137,0.501777107170017,250
296,-6.62908446585236,-6.65939281739788,-6.62073690203808,0.504011715951846,250
297,-6.69670388679424,-6.73311733922551,-6.68972930590821,0.504198252144374,250
298,-6.7920419754172,-6.82921367578161,-6.78415496831491,0.506430699459963,250
299,-6.69927383400829,-6.73401760416564,-6.69221086554552,0.505702173500375,250
300,-6.79461192263125,-6.82840686097272,-6.78663652795223,0.507952670065511,250
301,-6.68614037288097,-6.71542586813972,-6.678793692413,0.500221315033857,250
302,-6.78147846150394,-6.8125999753513,-6.77321935481971,0.502438004288043,250
303,-6.68871031937009,-6.71779644297694,-6.68127525130942,0.501780231522879,250
304,-6.78404840799306,-6.8143805553041,-6.77570091371613,0.504014788529375,250
305,-6.72624712734253,-6.76265833911843,-6.71927255971806,0.504198767870149,250
306,-6.8215852159655,-6.85875466661798,-6.81369822212477,0.506431206332025,250
307,-6.72881707455659,-6.76355417023147,-6.72175411935537,0.505702719308976,250
308,-6.82415516317955,-6.85794784332169,-6.81617978176208,0.50795320640136,250
309,-6.71568361342927,-6.74497099993089,-6.70833694622285,0.500221881482669,250
310,-6.81102170205223,-6.84215341120754,-6.80276260862956,0.502438561495044,250
311,-6.71825355991839,-6.74733221367744,-6.71081850511928,0.501780828149176,250
312,-6.81359164854135,-6.84392831722439,-6.80524416752599,0.504015375287846,250
313,-6.7564858753614,-6.79289475714851,-6.74951132126391,0.504199293335002,250
314,-6.85182396398436,-6.88899112296113,-6.84393698367062,0.506431722771829,250
315,-6.75905582257545,-6.79378606289169,-6.75199288090122,0.505703275580678,250
316,-6.85439391119842,-6.88818429403749,-6.84641854330794,0.507953753014378,250
317,-6.74592236144814,-6.77520742442097,-6.73857570776871,0.500222458860922,250
318,-6.8412604500711,-6.87242756920611,-6.83300137017541,0.50243912945087,250
319,-6.74849230793726,-6.77756413547597,-6.74105726666513,0.50178143643143,250
320,-6.84383039656022,-6.87417169772637,-6.83548292907184,0.504015973506895,250
321,-3.19621431508494,-3.19945316873327,-3.18855982893695,0.526059610755784,250
322,-3.29139994596086,-3.29387770541987,-3.28283449267823,0.526273177340243,250
323,-3.19876279196343,-3.2004144094577,-3.1910216153271,0.52791999708987,250
324,-3.29394842283935,-3.29538631313185,-3.28529627906838,0.528222939431851,250
325,-3.18568902343067,-3.18207755413383,-3.17766323794084,0.52005205342454,250
326,-3.28087465430658,-3.27918536999727,-3.27193790168212,0.520129772893404,250
327,-3.18823749990228,-3.18707019090653,-3.18012502391693,0.522064852643341,250
328,-3.2834231307782,-3.28313244599654,-3.27439968765821,0.522232910308055,250
329,-3.35117825722564,-3.35440529344628,-3.343523840615,0.526071898257341,250
330,-3.44636388810156,-3.4488298447646,-3.43779850435628,0.526285306262743,250
331,-3.35372673410413,-3.35536653580741,-3.34598562700515,0.527932758143284,250
332,-3.44891236498004,-3.45030428056621,-3.44026029074642,0.528235532449198,250
333,-3.34065296557136,-3.33705539051249,-3.33262724961889,0.520065008047133,250
334,-3.43583859644728,-3.43413749650679,-3.42690191336017,0.520142570426481,250
335,-3.34320144204298,-3.34199864213124,-3.33508903559498,0.522078282297398,250
336,-3.43838707291889,-3.43810952801235,-3.42936369933626,0.522246173259501,250
337,-3.38072149777394,-3.38394628258397,-3.37306709442485,0.526074240861477,250
338,-3.47590712864985,-3.47837082121193,-3.46734175816613,0.526287618677949,250
339,-3.38326997465242,-3.38490751624046,-3.375528880815,0.527935190993936,250
340,-3.47845560552834,-3.47984528277829,-3.46980354455628,0.528237933307708,250
341,-3.37019620611966,-3.36660128674618,-3.36217050342874,0.520067477827015,250
342,-3.46538183699558,-3.46367848944939,-3.45644516717002,0.520145010302154,250
343,-3.37274468259127,-3.37153512236725,-3.36463228940484,0.522080842605041,250
344,-3.46793031346719,-3.46765528145303,-3.45890695314611,0.522248701829958,250
345,-3.4109602457928,-3.41418273198841,-3.4033058559707,0.526076636050202,250
346,-3.50614587666872,-3.50860726472868,-3.49758051971198,0.526289983016936,250
347,-3.41350872267129,-3.41506429593749,-3.40576764236085,0.527937678599892,250
348,-3.50869435354721,-3.51008173307186,-3.50004230610213,0.528240388218539,250
349,-3.40043495413853,-3.3968377488884,-3.39240926497459,0.520070003192012,250
350,-3.49562058501444,-3.49391492433438,-3.48668392871587,0.520147505107401,250
351,-3.40298343061014,-3.40176694468005,-3.39487105095069,0.522083460676145,250
352,-3.49816906148606,-3.49789658599208,-3.48914571469197,0.522251287465464,250
353,-2.10632718370442,-2.11905362067074,-2.09798770400195,0.724187063191448,250
354,-2.20139427189726,-2.21282375184581,-2.19214495961884,0.719714423135261,250
355,-2.10885667638014,-2.12095639825227,-2.10043115197599,0.725573251363531,250
356,-2.20392376441701,-2.21176732778549,-2.19458840743864,0.721194330731366,250
357,-2.09584116888063,-2.10416641728762,-2.0871317753618,0.717215944723688,250
358,-2.19090825707347,-2.19787660593889,-2.18128903097869,0.71261810489138,250
359,-2.09837066223628,-2.10748463364369,-2.08957522401092,0.718782083404228,250
360,-2.19343775042912,-2.1999215513195,-2.18373247962781,0.714279394306292,250
361,-2.26129112584512,-2.27397247497592,-2.25295171568,0.724188435862791,250
362,-2.35635821403796,-2.36780226099722,-2.34710897129689,0.719715371381714,250
363,-2.26382061852084,-2.27593311036017,-2.25539516365403,0.725575178555106,250
364,-2.3588877065577,-2.36671946048737,-2.34955241911669,0.721195827523841,250
365,-2.25080511102132,-2.25911652809225,-2.24209578703985,0.717218171312021,250
366,-2.34587219921417,-2.35277122535599,-2.33625304265674,0.712619911780986,250
367,-2.25333460437698,-2.26241712708914,-2.24453923568897,0.718784871421082,250
368,-2.34840169256982,-2.35484519811394,-2.33869649130586,0.714281756264794,250
369,-2.29083436639341,-2.30350712613519,-2.28249496948985,0.724188695328157,250
370,-2.38590145458626,-2.39734827385372,-2.37665222510674,0.719715550084986,250
371,-2.29336385906914,-2.30547879156925,-2.28493841746389,0.725575543684796,250
372,-2.388430947106,-2.39626044034958,-2.37909567292654,0.7211961107534,250
373,-2.28034835156962,-2.28864544023773,-2.2716390408497,0.717218593577971,250
374,-2.37541543976246,-2.38230126636148,-2.36579629646659,0.712620254185422,250
375,-2.28287784492527,-2.29196239465017,-2.27408248949882,0.718785400667296,250
376,-2.37794493311811,-2.38437924757722,-2.36823974511571,0.714282204437923,250
377,-2.32107311441228,-2.33373707163073,-2.3127337310357,0.724188957713194,250
378,-2.41614020260512,-2.42758986356918,-2.4068909866526,0.719715729896576,250
379,-2.323602607088,-2.33572004005429,-2.31517717900974,0.725575914277967,250
380,-2.41866969512487,-2.42649688720703,-2.40933443447239,0.721196397608993,250
381,-2.31058709958849,-2.31887546589022,-2.30187780239555,0.717219022611756,250
382,-2.40565418778133,-2.41252649623299,-2.39603505801245,0.712620601565078,250
383,-2.31311659294414,-2.32220319952594,-2.30432125104467,0.718785939257671,250
384,-2.40818368113698,-2.41460860728154,-2.39847850666157,0.714282660134763,250
385,-1.43458540125043,-1.44465465984754,-1.42689355951928,0.730881785254789,250
386,-1.52950012759819,-1.53614287332672,-1.52089991128585,0.725231467092222,250
387,-1.4370906695429,-1.44773325662685,-1.42931360721347,0.731872512228894,250
388,-1.53200539594517,-1.54051103017591,-1.52331995902757,0.726352905645491,250
389,-1.42414972033552,-1.43026531874231,-1.41608974044727,0.723751098577576,250
390,-1.51906444667408,-1.52305383024982,-1.51009609219463,0.717922121580831,250
391,-1.42665498838808,-1.43302023544147,-1.41850978785903,0.724961525930354,250
392,-1.52156971472663,-1.52602885130487,-1.51251613960639,0.719265226102451,250
393,-1.58954934339113,-1.59979017858322,-1.58185757119733,0.730881071505304,250
394,-1.68446406973889,-1.69130439775331,-1.6758639229639,0.725230214395018,250
395,-1.5920546116836,-1.60260819559029,-1.58427761889152,0.731872504624226,250
396,-1.68696933808587,-1.69539341937836,-1.67828397070562,0.726352356379088,250
397,-1.57911366247622,-1.58526785752434,-1.57105375212532,0.723751445326282,250
398,-1.67402838881477,-1.67803643631541,-1.66506010387268,0.717921939172876,250
399,-1.58161893052878,-1.58806479351374,-1.57347379953708,0.724962588460716,250
400,-1.67653365686733,-1.68092038776317,-1.66748015128444,0.719265756228649,250
401,-1.61909258393943,-1.62936006742313,-1.61140082500719,0.730880932027067,250
402,-1.71400731028719,-1.72086896463483,-1.70540717677375,0.725229972384565,250
403,-1.6215978522319,-1.63215370286794,-1.61382087270138,0.731872499706978,250
404,-1.71651257863417,-1.72492116440324,-1.70782722451548,0.726352248413599,250
405,-1.60865690302451,-1.61481846551188,-1.60059700593517,0.7237515080451,250
406,-1.70357162936307,-1.70758323971327,-1.69460335768253,0.717921901224341,250
407,-1.61116217107707,-1.61761121730842,-1.60301705334693,0.724962787576404,250
408,-1.70607689741563,-1.7104435488312,-1.69702340509429,0.719265854059136,250
409,-1.64933133195829,-1.6596027597166,-1.64163958655304,0.730880785749136,250
410,-1.74424605830605,-1.75111053952523,-1.7356459383196,0.725229721267796,250
411,-1.65183660025076,-1.66242427346394,-1.64405963424723,0.731872491224226,250
412,-1.74675132665303,-1.75514400158173,-1.73806598606133,0.726352134565092,250
413,-1.63889565104338,-1.64506474092217,-1.63083576748103,0.723751568765672,250
414,-1.73381037738193,-1.73782563980101,-1.72484211922839,0.717921859010894,250
415,-1.64140091909594,-1.64785319727554,-1.63325581489279,0.724962987972963,250
416,-1.73631564543449,-1.74066176704964,-1.72726216664015,0.719265950890514,250
417,-2.13011646229797,-2.1421341292503,-2.12289351562094,0.734364369729965,250
418,-2.2253020912307,-2.23795560594256,-2.21716817741649,0.729145821815429,250
419,-2.13266493917646,-2.14391232725609,-2.12535530201109,0.736315785839776,250
420,-2.22785056810919,-2.23920639514486,-2.21962996380664,0.731205754983355,250
421,-2.11959117064369,-2.12877013406685,-2.11199692462483,0.724696176971206,250
422,-2.21477679957642,-2.22103375139328,-2.20627158642038,0.719387842084117,250
423,-2.1221396471153,-2.13041564822197,-2.11445871060093,0.726883537223162,250
424,-2.21732527604804,-2.22377458598994,-2.20873337239647,0.721686176280801,250
425,-2.28508040443867,-2.29722977525728,-2.27785752729899,0.734357932274469,250
426,-2.3802660333714,-2.39283479568939,-2.37213218909454,0.729139040536613,250
427,-2.28762888131715,-2.29893899077773,-2.28031931368914,0.736310047286298,250
428,-2.38281451024989,-2.39433587518137,-2.37459397548469,0.731199665545153,250
429,-2.27455511278439,-2.2836043225083,-2.26696093630288,0.724690922253907,250
430,-2.36974074171712,-2.37598586768007,-2.36123559809843,0.719382247506389,250
431,-2.277103589256,-2.28536778688431,-2.26942272227898,0.726878992449361,250
432,-2.37228921818873,-2.3788258546992,-2.36369738407452,0.721681283652561,250
433,-2.31462364498696,-2.32671101710141,-2.30740078110884,0.734356700690454,250
434,-2.40980927391969,-2.42237580117987,-2.40167544290439,0.729137743660881,250
435,-2.31717212186545,-2.32848477011439,-2.309862567499,0.736308948878568,250
436,-2.41235775079818,-2.42385981553569,-2.40413722929454,0.731198500501352,250
437,-2.30409835333268,-2.31314529990319,-2.29650419011274,0.724689916204386,250
438,-2.39928398226542,-2.40552176149079,-2.39077885190828,0.719381176916742,250
439,-2.3066468298043,-2.31491580295724,-2.29896597608883,0.72687812167963,250
440,-2.40183245873703,-2.40837265809706,-2.39324063788438,0.72168034682042,250
441,-2.34486239300583,-2.35689796886928,-2.3376395426547,0.734355438449313,250
442,-2.44004802193856,-2.45261221096906,-2.43191420445024,0.729136414664273,250
443,-2.34741086988432,-2.35877246953839,-2.34010132904485,0.736307823024078,250
444,-2.44259649881705,-2.45407885903927,-2.43437599084039,0.731197306515291,250
445,-2.33433710135155,-2.34338172599165,-2.32674295165859,0.724688884811726,250
446,-2.42952273028428,-2.43574877700608,-2.42101761345413,0.719380079535744,250
447,-2.33688557782316,-2.34516487569932,-2.32920473763468,0.726877228828336,250
448,-2.4320712067559,-2.43861504104934,-2.42347939943023,0.721679386422576,250
449,-1.10425066189077,-1.1126260655836,-1.09880052681686,0.749918330892293,250
450,-1.19916539021318,-1.20645860042108,-1.19280688063675,0.74207760570095,250
451,-1.10675593018325,-1.11727817383482,-1.10122057451105,0.750524856991299,250
452,-1.20167065856016,-1.21069567417213,-1.19522692837848,0.742905195827677,250
453,-1.09381498097586,-1.10105428166035,-1.08799670774485,0.740251701500518,250
454,-1.18872970928906,-1.19520074147141,-1.18200306154553,0.732091965711641,250
455,-1.09632024902842,-1.10503373621426,-1.09041675515661,0.74119190522308,250
456,-1.19123497734162,-1.19866009874107,-1.18442310895729,0.733261327692445,250
457,-1.25921460403147,-1.26762863394545,-1.25376453849491,0.749915185997891,250
458,-1.35412933235387,-1.36140261890113,-1.3477708923148,0.742073581064158,250
459,-1.26171987232394,-1.27226173907935,-1.2561845861891,0.750522715134223,250
460,-1.35663460070085,-1.36571106863489,-1.35019094005653,0.742902193230774,250
461,-1.24877892311656,-1.25598302704844,-1.2429607194229,0.740250109238962,250
462,-1.34369365142975,-1.35015286798092,-1.33696707322358,0.732089545262595,250
463,-1.25128419116912,-1.26005862534863,-1.24538076683466,0.741191330314317,250
464,-1.34619891948231,-1.3535988270724,-1.33938712063534,0.733259942366116,250
465,-1.28875784457977,-1.29716959584232,-1.28330779230476,0.749914580150541,250
466,-1.38367257290217,-1.39102332231648,-1.37731414612465,0.742072807809782,250
467,-1.29126311287224,-1.30180871671606,-1.28572783999895,0.750522300437338,250
468,-1.38617784124915,-1.39526412445899,-1.37973419386638,0.742901614751197,250
469,-1.27832216366485,-1.28552828200527,-1.27250397323275,0.740249799503317,250
470,-1.37323689197805,-1.37969384837563,-1.36651032703344,0.73208907794237,250
471,-1.28082743171741,-1.28959959508621,-1.27492402064451,0.741191214455965,250
472,-1.37574216003061,-1.38313064690657,-1.3689303744452,0.733259672312093,250
473,-1.31899659259863,-1.32740606464895,-1.31354655385061,0.749913956346064,250
474,-1.41391132092104,-1.42126799772238,-1.4075529076705,0.742072012757408,250
475,-1.32150186089111,-1.33205127616945,-1.3159666015448,0.750521872383236,250
476,-1.41641658926802,-1.42551289707507,-1.40997295541223,0.742901019162007,250
477,-1.30856091168372,-1.31577995245936,-1.3027427347786,0.740249478867156,250
478,-1.40347563999692,-1.40993029580851,-1.39674908857929,0.732088596105648,250
479,-1.31106617973628,-1.31981838552469,-1.30516278219036,0.741191092362947,250
480,-1.40598090804948,-1.41327289169687,-1.39916913599105,0.733259392490356,250
481,-2.30358731264607,-2.32195585639996,-2.29265630818198,0.726011690683402,250
482,-2.39892540376898,-2.41696709920451,-2.38708197315546,0.722275735407401,250
483,-2.30616003679763,-2.32447979706603,-2.29514151713108,0.727737014797247,250
484,-2.40149812777937,-2.41693252568342,-2.38956718192314,0.724059491535268,250
485,-2.29301161685292,-2.30574621087132,-2.28170753474543,0.718682977042083,250
486,-2.38834970788442,-2.40131715032691,-2.37613319960724,0.714908315517153,250
487,-2.29558433862736,-2.30883104730787,-2.28419274132772,0.720571061077497,250
488,-2.39092242922429,-2.40463789766722,-2.37861840573539,0.716854851920445,250
489,-2.45855125478677,-2.47693596052193,-2.44762031986003,0.726007184675193,250
490,-2.55388934590967,-2.57189792778074,-2.54204598483351,0.722271006127971,250
491,-2.46112397893833,-2.47947698503069,-2.45010552880913,0.727733011653859,250
492,-2.55646206992007,-2.5721969102648,-2.54453119360119,0.724055255589911,250
493,-2.44797555899361,-2.46057798560235,-2.43667154642348,0.718679280667631,250
494,-2.54331365002512,-2.55631535465389,-2.53109721128529,0.714904389701918,250
495,-2.45054828076806,-2.46381354369281,-2.43915675300577,0.720567875873387,250
496,-2.54588637136499,-2.55959000704932,-2.53358241741344,0.716851427200191,250
497,-2.48809449533506,-2.50648228447977,-2.47716357366988,0.726006323307924,250
498,-2.58343258645797,-2.60143486064734,-2.57158923864336,0.722270102356586,250
499,-2.49066721948662,-2.50902656990896,-2.47964878261898,0.727732246103696,250
500,-2.58600531046836,-2.6017547974964,-2.57407444741104,0.724054445820256,250
501,-2.47751879954191,-2.49012362957001,-2.46621480023333,0.718678573664035,250
502,-2.57285689057341,-2.58566738712849,-2.56064046509514,0.714903639116976,250
503,-2.48009152131635,-2.49336222807567,-2.46870000681562,0.720567266269338,250
504,-2.57542961191328,-2.58913102206523,-2.56312567122329,0.716850772095561,250
505,-2.51833324335393,-2.53672418253393,-2.50740233521573,0.726005439437704,250
506,-2.61367133447683,-2.63166713589245,-2.60182800018921,0.722269175169917,250
507,-2.52090596750549,-2.53927180084774,-2.50988754416483,0.727731460358881,250
508,-2.61624405848723,-2.63200849763119,-2.60431320895689,0.724053614900701,250
509,-2.50775754756077,-2.5204118192196,-2.49645356177918,0.718677847793219,250
510,-2.60309563859228,-2.61586599154479,-2.59087922664099,0.714902868723466,250
511,-2.51033026933522,-2.52360657216611,-2.49893876836148,0.720566640145006,250
512,-2.60566835993215,-2.61936744608149,-2.59336443276914,0.71685009948391,250
513,-4.01238213342205,-4.05904313126807,-4.0011574728533,0.716628982568821,250
514,-4.10772022258881,-4.15532298522551,-4.09558313584847,0.714939057533491,250
515,-4.01495516549374,-4.06109220428743,-4.00364297920135,0.718350311413209,250
516,-4.11029325544381,-4.15698838066832,-4.0980686429801,0.716684173875185,250
517,-4.00180620904746,-4.04031877241484,-3.99020846307163,0.710382770406506,250
518,-4.09714429821422,-4.1371874110261,-4.08463412606679,0.708686837793425,250
519,-4.00437924263848,-4.0423449597836,-3.99269397091616,0.712205570602774,250
520,-4.09971733241844,-4.14112864874452,-4.08711963452004,0.710533273945738,250
521,-4.16734607556275,-4.21399524432456,-4.15612148453135,0.716625027658088,250
522,-4.26268416472951,-4.31028852314189,-4.25054714752651,0.714935000801089,250
523,-4.16991910763443,-4.21598398610069,-4.1586069908794,0.71834664891487,250
524,-4.26525719758451,-4.31203835710021,-4.25303265465815,0.716680403334525,250
525,-4.15677015118816,-4.19509269094244,-4.14517247474968,0.710379327483114,250
526,-4.25210824035492,-4.2921676065193,-4.23959813774484,0.708683287687725,250
527,-4.15934318477918,-4.19721405631514,-4.14765798259421,0.712202424879072,250
528,-4.25468127455913,-4.29608078234139,-4.24208364619809,0.710530014551961,250
529,-4.19688931611104,-4.2435362658099,-4.1856647383412,0.716624272184679,250
530,-4.29222740527781,-4.33982951039854,-4.28009040133637,0.714934226000961,250
531,-4.19946234818273,-4.24552902603071,-4.18815024468925,0.718345949155422,250
532,-4.2948004381328,-4.34157935357108,-4.282575908468,0.716679683063324,250
533,-4.18631339173645,-4.2246799877552,-4.17471572855953,0.710378669618604,250
534,-4.28165148090322,-4.3217177428005,-4.26914139155469,0.708682609474473,250
535,-4.18888642532747,-4.22674962678013,-4.17720123640407,0.712201823640668,250
536,-4.28422451510743,-4.32562176406197,-4.27162690000794,0.710529391728853,250
537,-4.22712806412991,-4.27377269866144,-4.21590349988705,0.716623497804038,250
538,-4.32246615329667,-4.3700659619898,-4.31032916288222,0.714933431881989,250
539,-4.22970109620159,-4.27576962364943,-4.21838900623511,0.71834523183444,250
540,-4.32503918615167,-4.37181578733224,-4.31281467001385,0.716678944790747,250
541,-4.21655213975532,-4.25496367109776,-4.20495449010538,0.710377995132224,250
542,-4.31189022892208,-4.35196356638869,-4.29938015310055,0.708681914203667,250
543,-4.21912517334634,-4.25698052963759,-4.20743999794992,0.712201207148386,250
544,-4.3144632631263,-4.35585820926616,-4.30186566155379,0.710528753186747,250
545,-5.47328970127053,-5.5209632097231,-5.46503591586675,0.601785511108002,250
546,-5.56862778709518,-5.61375605001784,-5.55946157545554,0.60216545532301,250
547,-5.47586276641917,-5.52239426945705,-5.46752145419625,0.603634387235302,250
548,-5.57120085282275,-5.61570716177709,-5.56194711437021,0.604036013149555,250
549,-5.46271375701311,-5.50606239540028,-5.454086885221,0.596314149542812,250
550,-5.55805184297646,-5.60051175246965,-5.54851254494873,0.596684095130049,250
551,-5.46528682101614,-5.50622177005455,-5.45657242247179,0.598247990264703,250
552,-5.56062490755842,-5.60138657270287,-5.55099808278469,0.598639296645485,250
553,-5.62825364341123,-5.67581364500694,-5.61999992754479,0.601789888722992,250
554,-5.72359172923588,-5.76874144065016,-5.71442558713359,0.602169698450611,250
555,-5.63082670855986,-5.67738803932089,-5.6224854658743,0.60363899748267,250
556,-5.72616479496345,-5.77071205899122,-5.71691112604826,0.604040483210787,250
557,-5.61767769915381,-5.66096218594003,-5.60905089689905,0.596318919390281,250
558,-5.71301578511716,-5.75546386639804,-5.70347655662678,0.596688727188417,250
559,-5.62025076315683,-5.66127175213149,-5.61153643414984,0.598252994151984,250
560,-5.71558884969912,-5.75645434478185,-5.70596209446274,0.598644156944629,250
561,-5.65779688395952,-5.70527594544791,-5.64954318135465,0.601790722747003,250
562,-5.75313496978418,-5.79828876717606,-5.74396884094344,0.602170506869372,250
563,-5.66036994910816,-5.70695567887786,-5.65202871968416,0.603639875837201,250
564,-5.75570803551175,-5.80018125544527,-5.74645437985811,0.604041334873879,250
565,-5.64722093970211,-5.69050316892941,-5.6385941507089,0.596319828188546,250
566,-5.74255902566546,-5.78500486457585,-5.73301981043664,0.59668960975214,250
567,-5.64979400370513,-5.6908244393222,-5.64107968795969,0.598253947548769,250
568,-5.74513209024742,-5.78598205368332,-5.73550534827259,0.598645083001566,250
569,-5.68803563197839,-5.73551236375671,-5.6797819429005,0.601791575306235,250
570,-5.78337371780304,-5.82853170585714,-5.77420760248929,0.602171333254199,250
571,-5.69060869712703,-5.73728239620862,-5.68226748123001,0.603640773795877,250
572,-5.78594678353061,-5.83039940127615,-5.77669314140397,0.604042205546156,250
573,-5.67745968772097,-5.72073963348351,-5.66883291225476,0.596320757275585,250
574,-5.77279777368432,-5.81524132229635,-5.76325857198249,0.596690512020587,250
575,-5.680032751724,-5.72106082202963,-5.67131844950555,0.598254922310083,250
576,-5.77537083826628,-5.81620485403321,-5.76574410981845,0.598646029812717,250
577,-6.71726421347586,-6.74974202107558,-6.71915311874478,0.0254345614888576,250
578,-6.81260230237586,-6.84885314399331,-6.81357878132793,0.0261650650292243,250
579,-6.71983727963427,-6.75165730714798,-6.72163865803249,0.0271995953558515,250
580,-6.81517536853427,-6.85266688257052,-6.81606432061565,0.0279567971467083,250
581,-6.70668826558458,-6.73433529226069,-6.70820408449518,0.0233858341183649,250
582,-6.80202635448458,-6.83310630128849,-6.80262974707834,0.024073961491143,250
583,-6.70926133271029,-6.73662365888287,-6.71068962469596,0.0251856179147113,250
584,-6.80459942161029,-6.83566714124634,-6.80511528727911,0.0259005680555545,250
585,-6.87222815561656,-6.90472150684792,-6.87411713042283,0.0254406939700891,250
586,-6.96756624451656,-7.00385969232446,-6.96854279300598,0.0261712514857217,250
587,-6.87480122177497,-6.90660943587621,-6.87660266971054,0.0272058614516243,250
588,-6.97013931067497,-7.00761900538651,-6.9710283322937,0.0279631161182189,250
589,-6.86165220772528,-6.88921719493777,-6.86316809617323,0.0233921341346939,250
590,-6.95699029662528,-6.98803798631816,-6.95759375875639,0.0240803155068959,250
591,-6.86422527485098,-6.89157578643694,-6.86565363637401,0.0251920513282665,250
592,-6.95956336375099,-6.9906192606165,-6.96007929895716,0.0259070543639564,250
593,-6.90177139616485,-6.93426772066747,-6.90366038423268,0.0254418633438305,250
594,-6.99710948506486,-7.03344198367639,-6.99808604681583,0.0261724311564424,250
595,-6.90434446232327,-6.93615043163299,-6.9061459235204,0.0272070562942613,250
596,-6.99968255122327,-7.03716369867325,-7.00057158610355,0.0279643210481869,250
597,-6.89119544827357,-6.91874481181943,-6.89271134998309,0.0233933354428495,250
598,-6.98653353717358,-7.01757507941496,-6.98713701256624,0.0240815271166879,250
599,-6.89376851539928,-6.92111677807526,-6.89519689018386,0.0251932780638741,250
600,-6.98910660429928,-7.02016026685197,-6.98962255276701,0.0259082911905877,250
601,-6.93201014418372,-6.96450950158481,-6.93389914577853,0.0254430596202048,250
602,-7.02734823308373,-7.06371507092198,-7.02832480836169,0.0261736379752617,250
603,-6.93458321034213,-6.96638685464859,-6.93638468506625,0.0272082786476939,250
604,-7.02992129924213,-7.06740342084137,-7.0308103476494,0.0279655537294955,250
605,-6.92143419629244,-6.948967568681,-6.92295011152894,0.0233945644122025,250
606,-7.01677228519244,-7.04780752191757,-7.01737577411209,0.0240827666331561,250
607,-6.92400726341815,-6.95138265502206,-6.92543565172971,0.0251945330678946,250
608,-7.01934535231815,-7.05039669134205,-7.01986131431287,0.0259095565261698,250
609,-6.98247092812358,-7.01484579763551,-6.98843710590667,-0.0509787833450874,250
610,-7.07780901656162,-7.11077267562641,-7.08286276806736,-0.0511821137672041,250
611,-6.98504399363133,-7.0106822223154,-6.99092264447517,-0.0496243344481501,250
612,-7.08038208242052,-7.10902587583753,-7.08534830699749,-0.0498071299743394,250
613,-6.97189498062928,-6.99597996380647,-6.97748807206185,-0.0522836010612291,250
614,-7.06723306921091,-7.0939806672613,-7.07191373437167,-0.0525174734183764,250
615,-6.97446804675176,-6.99312345038717,-6.97997361128097,-0.0509076262341245,250
616,-7.06980613554096,-7.09485821349492,-7.07439927380329,-0.0511208690930646,250
617,-7.13743487026428,-7.17027077486007,-7.14340111758472,-0.0509741273147789,250
618,-7.23277295870232,-7.26572481087025,-7.23782677974541,-0.0511774122002252,250
619,-7.14000793577203,-7.16563435984022,-7.14588665615322,-0.0496195898025052,250
620,-7.23534602456122,-7.26396440858676,-7.24031231867553,-0.0498023401632844,250
621,-7.12685892276998,-7.15089323973225,-7.1324520837399,-0.0522788390285274,250
622,-7.22219701135161,-7.24884346531173,-7.22687774604972,-0.0525126657114979,250
623,-7.12943198889246,-7.14842798918242,-7.13493762295902,-0.050902775709983,250
624,-7.22477007768166,-7.24981034471075,-7.22936328548134,-0.0511159732679284,250
625,-7.16697811081257,-7.19981176043069,-7.17294437139458,-0.0509732395346418,250
626,-7.26231619925062,-7.29526580282871,-7.26737003355526,-0.0511765157339336,250
627,-7.16955117632032,-7.19517536418129,-7.17542990996307,-0.0496186851303506,250
628,-7.26488926510952,-7.2935127923146,-7.26985557248539,-0.0498014268757688,250
629,-7.15640216331828,-7.18042681169665,-7.16199533754975,-0.052277931043273,250
630,-7.2517402518999,-7.27836745585761,-7.25642099985957,-0.0525117490138599,250
631,-7.15897522944076,-7.17808904044509,-7.16448087676888,-0.0509018508563323,250
632,-7.25431331822995,-7.27935133160499,-7.25890653929119,-0.0511150397730542,250
633,-7.19721685883144,-7.23005981472205,-7.20318313294043,-0.0509723311603859,250
634,-7.29255494726948,-7.32550221593941,-7.29760879510111,-0.0511755984686538,250
635,-7.19978992433919,-7.22541176458353,-7.20566867150892,-0.0496177594614342,250
636,-7.29512801312838,-7.32375680857623,-7.30009433403124,-0.0498004923882744,250
637,-7.18664091133715,-7.21065308689571,-7.19223409909561,-0.0522770019832151,250
638,-7.28197899991877,-7.30858649936114,-7.28665976140542,-0.0525108110359638,250
639,-7.18921397745963,-7.20837422329844,-7.19471963831473,-0.0509009045257839,250
640,-7.28455206624882,-7.30958776965502,-7.28914530083705,-0.0511140845974893,250
641,-3.2057538421398,-3.23759139946363,-3.19440675940766,0.616711165003948,251
642,-3.30092109725501,-3.33366217449321,-3.28861644217786,0.611879909006261,251
643,-3.20903870547137,-3.24208122650733,-3.19740591301798,0.619531311887032,251
644,-3.30420596058658,-3.33782970786319,-3.29161559578818,0.614747679543088,251
645,-3.19795537599099,-3.22571075572321,-3.18660826483499,0.608449620265012,251
646,-3.29312263110621,-3.32429728334355,-3.28081794760519,0.60368848395183,251
647,-3.20124023996559,-3.23086302848101,-3.18960741908722,0.611503528829203,251
648,-3.2964074950808,-3.32910552133889,-3.28381710185742,0.606788024555703,251
649,-3.3607190127272,-3.39266624192584,-3.34937197391114,0.616705082615965,251
650,-3.45588626784242,-3.48851905837996,-3.44358165668134,0.611873950936265,251
651,-3.36400387605877,-3.39707440137864,-3.35237112752146,0.619526567158436,251
652,-3.45917113117399,-3.4928070655977,-3.44658081029166,0.614743025878809,251
653,-3.3529205465784,-3.3812352945188,-3.34157347933848,0.608443828346527,251
654,-3.44808780169361,-3.47923166369558,-3.43578316210868,0.603682829755331,251
655,-3.356205410553,-3.3855650102342,-3.34457263359071,0.61149909063994,251
656,-3.45137266566821,-3.48387171015126,-3.43878231636091,0.606783689469162,251
657,-3.39026248750783,-3.42220001674016,-3.37891545705372,0.616703920689157,251
658,-3.48542974262305,-3.51808253434151,-3.47312513982392,0.611872812860149,251
659,-3.3935473508394,-3.42661535739898,-3.38191461066404,0.619525660208805,251
660,-3.48871460595462,-3.52232315654707,-3.47612429343424,0.614742136441298,251
661,-3.38246402135903,-3.41077994269442,-3.37111696248105,0.608442721777169,251
662,-3.47763127647424,-3.50876117385164,-3.46532664525125,0.603681749593867,251
663,-3.38574888533363,-3.41512661813855,-3.37411611673328,0.611498242108831,251
664,-3.48091614044884,-3.51341269827002,-3.46832579950348,0.606782860747123,251
665,-3.42050147533555,-3.45242906821373,-3.40915445342499,0.616702729800147,251
666,-3.51566873045076,-3.54834198457284,-3.50336413619519,0.611871646388249,251
667,-3.42378633866712,-3.45685184001923,-3.41215360703531,0.619524730347553,251
668,-3.51895359378233,-3.55253414734446,-3.50636328980551,0.614741224509183,251
669,-3.41270300918674,-3.44102014874277,-3.40135595885233,0.608441587504904,251
670,-3.50787026430196,-3.53898587056569,-3.49556564162253,0.603680642358164,251
671,-3.41598787316134,-3.44557715872379,-3.40435511310455,0.6114973719995,251
672,-3.51115512827655,-3.54364915350056,-3.49856479587475,0.606782010919948,251
673,-2.13160861425735,-2.15394753545656,-2.12226812497287,0.721105104406937,251
674,-2.22665735222632,-2.24622870003658,-2.2163604831602,0.714780369219918,251
675,-2.13486901033132,-2.15424703323592,-2.12524493956468,0.724445948227464,251
676,-2.22991774830029,-2.24650394273347,-2.21933729775201,0.718157683718908,251
677,-2.12383924871258,-2.14262016964607,-2.11449873120267,0.712606498507578,251
678,-2.21888798668155,-2.23504715894,-2.20859108939,0.706311187582571,251
679,-2.12709964416042,-2.1429267525673,-2.11747554515458,0.716251279385212,251
680,-2.22214838212939,-2.23569092403744,-2.21156790334191,0.709990540477696,251
681,-2.28657378484476,-2.30889966336556,-2.27723333947636,0.721097783569173,251
682,-2.38162252281373,-2.40121880767424,-2.37132569766369,0.714772942313371,251
683,-2.28983418091873,-2.30921924046202,-2.28021015406816,0.724440731183788,251
684,-2.3848829188877,-2.40149722588451,-2.3743025122555,0.718152305396269,251
685,-2.27880441929998,-2.29784970749812,-2.26946394570615,0.712599185931872,251
686,-2.37385315726895,-2.39006316661835,-2.36355630389349,0.706303805347373,251
687,-2.28206481474783,-2.29774338527421,-2.27244075965807,0.716246095668248,251
688,-2.3771135527168,-2.3906223258209,-2.3665331178454,0.709985229898551,251
689,-2.31611725962539,-2.33844065284252,-2.30677682261893,0.721096383146071,251
690,-2.41116599759436,-2.43078262081921,-2.40086918080626,0.714771521949333,251
691,-2.31937765569936,-2.33876024209028,-2.30975363721073,0.724439731761982,251
692,-2.41442639366833,-2.43105426553799,-2.40384599539807,0.718151275511871,251
693,-2.30834789408061,-2.32740129035865,-2.29900742884873,0.71259778704671,251
694,-2.40339663204958,-2.41961310975176,-2.39309978703606,0.70630239346666,251
695,-2.31160828952846,-2.32728438187008,-2.30198424280064,0.71624510255835,251
696,-2.40665702749743,-2.42015440899468,-2.39607660098797,0.709984212891754,251
697,-2.3463562474531,-2.36867708882336,-2.33701581899021,0.721094947194977,251
698,-2.44140498542207,-2.46104248667594,-2.43110817717754,0.714770065613806,251
699,-2.34961664352707,-2.36899666802273,-2.33999263358201,0.724438706303678,251
700,-2.44466538149604,-2.46130713605038,-2.43408499176934,0.718150218900445,251
701,-2.33858688190833,-2.35765630006789,-2.32924642522,0.712596352601537,251
702,-2.4336356198773,-2.44985723513901,-2.42333878340733,0.706300945749594,251
703,-2.34184727735617,-2.35752081953592,-2.33222323917191,0.71624408349445,251
704,-2.43689601532514,-2.45038176024801,-2.42631559735925,0.709983169398632,251
705,-1.44871338976555,-1.46105654660235,-1.4407319812638,0.730495923855025,251
706,-1.54360979112439,-1.55452858504429,-1.53467353554867,0.723609624935536,251
707,-1.45194255967758,-1.46373600938049,-1.44368028558529,0.73335598302633,251
708,-1.54683896103642,-1.55683147503947,-1.53762183987017,0.726556870592716,251
709,-1.4409813199473,-1.44785752001597,-1.43299988331702,0.722559316304551,251
710,-1.53587772129186,-1.54325152231372,-1.52694143758318,0.715643556527452,251
711,-1.44421048935622,-1.45111534971097,-1.43594818715557,0.725776174586829,251
712,-1.53910689071506,-1.54621951229156,-1.52988974144045,0.71894709403166,251
713,-1.60367856035296,-1.61587355180986,-1.59569719576729,0.730488920079418,251
714,-1.69857496171179,-1.70936360143041,-1.68963875005216,0.723602328433567,251
715,-1.60690773026499,-1.61868475392887,-1.59864550008878,0.73335169480651,251
716,-1.70180413162383,-1.71164615192451,-1.69258705437366,0.72655222760449,251
717,-1.5959464905347,-1.60282499973591,-1.58796509782051,0.722552273677891,251
718,-1.69084289187926,-1.69821781934049,-1.68190665208667,0.715636269916148,251
719,-1.59917565994363,-1.60626029266594,-1.59091340165906,0.725771873393069,251
720,-1.69407206130247,-1.70118917628776,-1.68485495594394,0.71894248467936,251
721,-1.63322203513359,-1.64542676074361,-1.62524067890986,0.730487578556286,251
722,-1.72811843649242,-1.73889996588827,-1.71918223319473,0.723600931450421,251
723,-1.63645120504562,-1.64821730206694,-1.62818898323136,0.733350870896186,251
724,-1.73134760640446,-1.74119197163127,-1.72213053751623,0.726551336411009,251
725,-1.62548996531533,-1.6324077488207,-1.61750858096308,0.722550924705884,251
726,-1.72038636665989,-1.72775382021173,-1.71145013522924,0.715634874780993,251
727,-1.62871913472426,-1.63583804830916,-1.62045688480163,0.725771046961426,251
728,-1.7236155360831,-1.73073014791886,-1.71439843908651,0.718941599855146,251
729,-1.6634610229613,-1.67567571059273,-1.65547967528114,0.730486202289048,251
730,-1.75835742432014,-1.76913166793998,-1.74942122956601,0.723599498448736,251
731,-1.66669019287333,-1.67844511597497,-1.65842797960263,0.733350024480106,251
732,-1.76158659423217,-1.7714333688342,-1.7523695338875,0.726550421160809,251
733,-1.65572895314305,-1.66269018313714,-1.64774757733436,0.722549540757513,251
734,-1.75062535448761,-1.75800188615784,-1.74168913160052,0.715633443617454,251
735,-1.65895812255197,-1.66611211627144,-1.65069588117291,0.725770197909826,251
736,-1.75385452391081,-1.76096660532429,-1.74463743545778,0.71894069107288,251
737,-2.09394958316866,-2.10654411823074,-2.08644401338833,0.771947406015666,251
738,-2.18911683736062,-2.20110499373149,-2.18065369524965,0.767570487478799,251
739,-2.09723444650023,-2.10936412359312,-2.08944316699865,0.774271383578493,251
740,-2.19240170069219,-2.20229962508972,-2.18365284885997,0.770001365266996,251
741,-2.08615111701986,-2.09619211513375,-2.07864551881567,0.764242461132244,251
742,-2.18131837121182,-2.19247692304784,-2.17285520067699,0.759843494865515,251
743,-2.08943598099446,-2.09785951364159,-2.0816446730679,0.766944097006431,251
744,-2.18460323518641,-2.19206236932948,-2.17585435492922,0.762650701322146,251
745,-2.24891475375607,-2.26146186632259,-2.24140922789182,0.771947678465127,251
746,-2.34408200794802,-2.35602107254715,-2.33561890975314,0.767570277443581,251
747,-2.25219961708764,-2.26423114828637,-2.24440838150214,0.77427427598167,251
748,-2.3473668712796,-2.35727852582931,-2.33861806336346,0.770003710473391,251
749,-2.24111628760727,-2.25136818152638,-2.23361073331916,0.764242714240588,251
750,-2.33628354179922,-2.34752486897478,-2.32782041518048,0.759843297633873,251
751,-2.24440115158186,-2.252716078009,-2.23660988757138,0.766946996812518,251
752,-2.33956840577382,-2.34709467869422,-2.33081956943271,0.762653083446652,251
753,-2.2784582285367,-2.29100479956483,-2.27095271103439,0.771947724071726,251
754,-2.37362548272865,-2.38551830054508,-2.36516239289571,0.767570231374671,251
755,-2.28174309186827,-2.29380345944375,-2.27395186464471,0.774274821002558,251
756,-2.37691034606022,-2.38681948184966,-2.36816154650603,0.770004151484642,251
757,-2.2706597623879,-2.28086294478654,-2.26315421646173,0.764242756090396,251
758,-2.36582701657985,-2.37725295462688,-2.35736389832305,0.759843253942501,251
759,-2.27394462636249,-2.28225139235699,-2.26615337071396,0.766947543169625,251
760,-2.36911188055445,-2.37662872200194,-2.36036305257528,0.762653531427319,251
761,-2.30869721636441,-2.32129078075585,-2.30119170740567,0.77194776688216,251
762,-2.40386447055637,-2.41575052142143,-2.39540138926699,0.767570180410287,251
763,-2.31198207969598,-2.32407196844786,-2.30419086101599,0.774275375038045,251
764,-2.40714933388794,-2.41705596446992,-2.39840054287731,0.770004599122685,251
765,-2.30089875021561,-2.31105211852862,-2.29339321283301,0.764242794961102,251
766,-2.39606600440757,-2.40760102434375,-2.38760289469433,0.759843205321193,251
767,-2.30418361419021,-2.31248202760816,-2.29639236708523,0.766948098481313,251
768,-2.39935086838216,-2.4068580761835,-2.39060204894655,0.762653986111433,251
769,-1.09171432616632,-1.09864122975431,-1.08614615256247,0.760685176428449,251
770,-1.18661072925311,-1.19085041787145,-1.18008770861436,0.752806167418591,251
771,-1.09494349607835,-1.10199975492623,-1.08909445688397,0.762187853545543,251
772,-1.18983989916514,-1.19314839707288,-1.18303601293586,0.754524224756186,251
773,-1.08398225634806,-1.09146631026799,-1.07841405461569,0.753770673857512,251
774,-1.17887865942058,-1.18289878589999,-1.17235561064887,0.745697122951029,251
775,-1.08721142575699,-1.09414618444018,-1.08136235845424,0.755772750850464,251
776,-1.18210782884378,-1.18530119957275,-1.17530391450614,0.747920618194707,251
777,-1.24667949675372,-1.25353842541497,-1.24111136706596,0.760679464334989,251
778,-1.34157589984052,-1.34575704380366,-1.33505292311785,0.752799825261542,251
779,-1.24990866666576,-1.2570323238795,-1.24405967138745,0.762185995129737,251
780,-1.34480506975255,-1.34805314193911,-1.33800122743934,0.754521702695303,251
781,-1.23894742693547,-1.24633933718109,-1.23337926911918,0.753764836196889,251
782,-1.33384383000799,-1.33785091534607,-1.32732082515236,0.745690732209309,251
783,-1.24217659634439,-1.2490987575713,-1.23632757295773,0.755770789117496,251
784,-1.33707299943119,-1.34019857442612,-1.33026912900962,0.747918066979655,251
785,-1.27622297153435,-1.28308397859362,-1.27065485020853,0.760678365174676,251
786,-1.37111937462115,-1.37529402165272,-1.36459640626042,0.752798606382879,251
787,-1.27945214144638,-1.28656103441542,-1.27360315453003,0.762185630554029,251
788,-1.37434854453318,-1.37767500879761,-1.36754471058192,0.754521212002992,251
789,-1.2684909017161,-1.27588031302126,-1.26292275226175,0.753763713044233,251
790,-1.36338730478862,-1.36739190933759,-1.35686430829493,0.745689504020303,251
791,-1.27172007112502,-1.27863975442612,-1.2658710561003,0.75577040478224,251
792,-1.36661647421182,-1.36973592967906,-1.3598126121522,0.747917570672158,251
793,-1.30646195936207,-1.31325518391629,-1.30089384657981,0.760677236478392,251
794,-1.40135836244886,-1.40552632908785,-1.3948354026317,0.752797355136769,251
795,-1.3096911292741,-1.31681165289996,-1.3038421509013,0.762185253804534,251
796,-1.40458753236089,-1.40791693997916,-1.39778370695319,0.754520706158854,251
797,-1.29872988954381,-1.30611678119409,-1.29316174863303,0.753762559736344,251
798,-1.39362629261633,-1.39762834678203,-1.3871033046662,0.745688243193527,251
799,-1.30195905895274,-1.30887622989877,-1.29611005247158,0.755770007756396,251
800,-1.39685546203954,-1.3999686474816,-1.39005160852347,0.747917059032377,251
801,-2.29984334931292,-2.32206878855185,-2.28864246540605,0.751082018530257,251
802,-2.39516303451002,-2.41357469084861,-2.38300304447418,0.746589035343304,251
803,-2.3031594666814,-2.32088508299739,-2.29167015485157,0.753550600462538,251
804,-2.39847915185361,-2.41531941979929,-2.3860307338866,0.749102707117736,251
805,-2.29200753793491,-2.31132186747445,-2.28080662554894,0.743636462033108,251
806,-2.38732722293634,-2.40304622869857,-2.3751672044169,0.739187727095811,251
807,-2.29532365474749,-2.31165168276507,-2.2838343144972,0.746392054724552,251
808,-2.39064333935435,-2.40781646006956,-2.37819489292749,0.74198513112817,251
809,-2.45480851990033,-2.4770323843456,-2.44360767990953,0.751078804620337,251
810,-2.55012820509742,-2.56858866000682,-2.53796825897766,0.746585575036144,251
811,-2.45812463726881,-2.47581479263029,-2.44663536935506,0.753549349578431,251
812,-2.55344432244102,-2.5702475389442,-2.54099594839009,0.749101151709476,251
813,-2.44697270852231,-2.46625122121022,-2.43577184005243,0.743633190712343,251
814,-2.54229239352375,-2.55799829040783,-2.53013241892039,0.739184234305131,251
815,-2.4502888253349,-2.4666038359408,-2.43879952900068,0.746390775084138,251
816,-2.54560850994176,-2.56281506369336,-2.53316010743097,0.741983569612724,251
817,-2.48435199468096,-2.50661032808,-2.47315116305211,0.751078187730273,251
818,-2.57967167987805,-2.59812965393244,-2.56751174212024,0.746584911414696,251
819,-2.48766811204944,-2.50535149965894,-2.47617885249763,0.753549106875115,251
820,-2.58298779722165,-2.59978395751249,-2.57053943153266,0.749100851195938,251
821,-2.47651618330294,-2.49577013547741,-2.465315323195,0.743632562824456,251
822,-2.57183586830438,-2.58753940076941,-2.55967590206296,0.739183564443088,251
823,-2.47983230011553,-2.49612477832077,-2.46834301214326,0.746390526841986,251
824,-2.57515198472239,-2.59235217590448,-2.56270359057355,0.741983267883437,251
825,-2.51459098250867,-2.53684677967127,-2.50339015942338,0.7510775535652,251
826,-2.60991066770577,-2.62836609009703,-2.59775073849151,0.746584229469541,251
827,-2.51790709987715,-2.53558355512909,-2.50641784886891,0.753548855747793,251
828,-2.61322678504936,-2.63001569938394,-2.60077842790393,0.749100540949506,251
829,-2.50675517113066,-2.52593790391739,-2.49555431956627,0.743631917325732,251
830,-2.60207485613209,-2.61777574003395,-2.58991489843424,0.739182876037636,251
831,-2.51007128794324,-2.52636122465755,-2.49858200851453,0.746390269970635,251
832,-2.60539097255011,-2.62258467077039,-2.59294258694482,0.741982956321934,251
833,-4.01020622225308,-4.05440773582043,-3.99848456951513,0.760269664505684,251
834,-4.10552590872281,-4.1493151105872,-4.09284514988743,0.757513607746532,251
835,-4.01352273616541,-4.05558289770702,-4.00151262078848,0.763472139328842,251
836,-4.10884242133817,-4.15187002585681,-4.09587319986419,0.760698047767062,251
837,-4.0023702417628,-4.04369620093456,-3.99064856047774,0.753507765162575,251
838,-4.09768992789092,-4.13963792398572,-4.08500914049248,0.750826661603473,251
839,-4.00568675741853,-4.04420045955841,-3.9936766134872,0.756895587797461,251
840,-4.10100644241383,-4.14215325278408,-4.08803719237801,0.754193734779352,251
841,-4.16517139284048,-4.2093546517698,-4.15344978401861,0.760269211038524,251
842,-4.26049107931022,-4.30426651557431,-4.24781036439092,0.757512949431665,251
843,-4.16848790675282,-4.21051994797498,-4.15647783529197,0.763472874922208,251
844,-4.26380759192557,-4.30682214352846,-4.25083841436768,0.76069854446733,251
845,-4.15733541235021,-4.19857427070015,-4.14561377498123,0.753507302134544,251
846,-4.25265509847832,-4.29454037925372,-4.23997435499597,0.750826002905053,251
847,-4.16065192800594,-4.1991207225905,-4.14864182799069,0.756896327686558,251
848,-4.25597161300123,-4.29717541345651,-4.24300240688149,0.754194243964155,251
849,-4.19471486762111,-4.23889561221984,-4.18299326716119,0.760269122367622,251
850,-4.29003455409085,-4.33380214254999,-4.27735384753349,0.757512821832153,251
851,-4.19803138153344,-4.24010316752567,-4.18602131843454,0.763473012899466,251
852,-4.2933510667062,-4.33636314164886,-4.28038189751025,0.760698637027284,251
853,-4.18687888713084,-4.22811525489725,-4.1751572581238,0.753507211615815,251
854,-4.28219857325895,-4.32407191430147,-4.26951783813854,0.750825875209463,251
855,-4.19019540278656,-4.2286547658982,-4.17818531113326,0.756896466455766,251
856,-4.28551508778186,-4.32677349646886,-4.27254589002407,0.754194338879452,251
857,-4.22495385544883,-4.26912557541143,-4.21323226353246,0.760269029297953,251
858,-4.32027354191857,-4.36403310104204,-4.30759284390477,0.757512688961387,251
859,-4.22827036936116,-4.27038292158314,-4.21626031480582,0.76347315184086,251
860,-4.32359005453392,-4.3665995851656,-4.31062089388153,0.7606987295263,251
861,-4.21711787495855,-4.25835170375102,-4.20539625449508,0.753507116589929,251
862,-4.31243756108667,-4.35429865706426,-4.29975683450982,0.750825742178424,251
863,-4.22043439061428,-4.25888412007976,-4.20842430750453,0.756896606143927,251
864,-4.31575407560958,-4.35698110009161,-4.30278488639534,0.754194433728378,251
865,-5.40829704872563,-5.46063499950838,-5.39613947584566,0.64826131956803,251
866,-5.50361673472577,-5.55173341230905,-5.49050005584239,0.647873513506192,251
867,-5.41161360360079,-5.46200325894064,-5.39916756458667,0.651221018597419,251
868,-5.50693328996903,-5.55251239140658,-5.49352814495496,0.650829516236683,251
869,-5.4004610512456,-5.44948843694094,-5.38830344988305,0.641276769267285,251
870,-5.49578073724573,-5.54130545287747,-5.48266402987978,0.641001740342655,251
871,-5.40377760604851,-5.45045069937416,-5.39133153853298,0.644359972711326,251
872,-5.49909729255414,-5.53951279817457,-5.48569211903683,0.644079823366338,251
873,-5.56326221931304,-5.61556310780803,-5.55110469034915,0.648264806091634,251
874,-5.65858190531318,-5.70684274267829,-5.64546527034588,0.647876857948656,251
875,-5.5665787741882,-5.61695537873223,-5.55413277909016,0.651225224719585,251
876,-5.66189846055643,-5.7074645302161,-5.64849335945845,0.650833561908723,251
877,-5.555426221833,-5.60445250482274,-5.54326866438653,0.641280474224421,251
878,-5.65074590783314,-5.69644035801401,-5.63762924438327,0.641005300293319,251
879,-5.55874277663591,-5.60540283481839,-5.54629675303646,0.644364402880525,251
880,-5.65406246314154,-5.69460075679603,-5.64065733354031,0.644084089714105,251
881,-5.59280569409367,-5.64509951768088,-5.58064817349172,0.648265470129908,251
882,-5.6881253800938,-5.73638371809401,-5.67500875348845,0.647877494945925,251
883,-5.59612224896882,-5.64649636547139,-5.58367626223273,0.651226025924,251
884,-5.69144193533706,-5.73710585949028,-5.67803684260102,0.650834332570787,251
885,-5.58496969661363,-5.63399350437408,-5.57281214752911,0.641281179899325,251
886,-5.68028938261377,-5.72599931920531,-5.66717272752584,0.641005978369871,251
887,-5.58828625141654,-5.63494384214166,-5.57584023617904,0.644365246790931,251
888,-5.68360593792217,-5.72418431483899,-5.67020081668289,0.644084902439821,251
889,-5.62304468192138,-5.67533127743674,-5.610887169863,0.64826614737494,251
890,-5.71836436792152,-5.7666201604422,-5.70524774985973,0.64787814456012,251
891,-5.62636123679654,-5.67673280675043,-5.613915258604,0.651226843584334,251
892,-5.72168092316478,-5.76738375176546,-5.7082758389723,0.650835119016579,251
893,-5.61520868444135,-5.66422994223244,-5.60305114390038,0.641281899723103,251
894,-5.71052837044148,-5.75625414493746,-5.69741172389711,0.64100666999394,251
895,-5.61852523924426,-5.66518023661416,-5.60607923255031,0.644366108125194,251
896,-5.71384492574989,-5.75442074166236,-5.70043981305416,0.644085731903664,251
897,-6.45955759731389,-6.53141014107581,-6.44489115457583,0.345903084320592,251
898,-6.55487728558206,-6.6279938084784,-6.53925173684176,0.346911626830868,251
899,-6.46287415686963,-6.53297039888604,-6.44791924763807,0.347499088183762,251
900,-6.55819384513779,-6.63032081546753,-6.54227982990399,0.348537419526359,251
901,-6.45172159987842,-6.52102307423937,-6.43705512854448,0.340019196754928,251
902,-6.54704128814659,-6.61630108190552,-6.5314157108104,0.341093243734297,251
903,-6.45503815834993,-6.52172239947734,-6.44008322058895,0.341687799720635,251
904,-6.5503578466181,-6.6202707990888,-6.53444380285487,0.342791310280291,251
905,-6.6145227679013,-6.68637159775352,-6.59985636907932,0.345907859276284,251
906,-6.70984245616946,-6.78297775088089,-6.69421695134524,0.346916385568508,251
907,-6.61783932745703,-6.68792255206181,-6.60288446214156,0.347504229713571,251
908,-6.7131590157252,-6.7852729406012,-6.69724504440748,0.348542538956339,251
909,-6.60668677046583,-6.676079583101,-6.59202034304797,0.340024274322923,251
910,-6.702006458734,-6.77110845635001,-6.68638092531389,0.341098301604946,251
911,-6.61000332893734,-6.67667453254678,-6.59504843509244,0.341693245759935,251
912,-6.70532301720551,-6.77515685068287,-6.68940901735836,0.342796730608327,251
913,-6.64406624268192,-6.71591259462348,-6.62939985222189,0.345908769824223,251
914,-6.73938593095009,-6.81252479909309,-6.72376043448781,0.346917293035294,251
915,-6.64738280223766,-6.7174634980003,-6.63242794528413,0.347505210138121,251
916,-6.74270249050583,-6.81481392132608,-6.72678852755005,0.348543515178447,251
917,-6.63623024524646,-6.70562058807161,-6.62156382619054,0.340025242556747,251
918,-6.73154993351462,-6.80065535990379,-6.71592440845646,0.341099266094394,251
919,-6.63954680371797,-6.70621548101666,-6.62459191823501,0.341694284231798,251
920,-6.73486649198613,-6.80470214429895,-6.71895250050093,0.342797764189336,251
921,-6.67430523050964,-6.74614903081829,-6.65963884859317,0.345909700232731,251
922,-6.76962491877781,-6.8427674516078,-6.75399943085909,0.346918220307083,251
923,-6.67762179006538,-6.74772745270289,-6.6626669416554,0.347506212083567,251
924,-6.77294147833354,-6.84505041531828,-6.75702752392133,0.348544512839438,251
925,-6.66646923307417,-6.73585704086306,-6.65180282256182,0.340026232004748,251
926,-6.76178892134234,-6.83089785843801,-6.74616340482774,0.341100251727029,251
927,-6.66978579154568,-6.7364519796167,-6.65483091460629,0.341695345586983,251
928,-6.76510547981385,-6.83494301610322,-6.74919149687221,0.342798820555636,251
929,-6.63410646244096,-6.69404725835478,-6.61826014667152,0.279364980614118,251
930,-6.72942614635264,-6.79071346292831,-6.71262072445103,0.28005053206247,251
931,-6.6374230208031,-6.69960130980382,-6.62128823858723,0.28075843132979,251
932,-6.73274270471478,-6.79688623567331,-6.71564881636673,0.281472049987691,251
933,-6.6262704638289,-6.68643598457673,-6.61042411957613,0.274162358253243,251
934,-6.72159014789304,-6.7765077034396,-6.70478469750989,0.274892826680187,251
935,-6.6295870238387,-6.68835463529537,-6.61345221315132,0.275617196645064,251
936,-6.72490670790285,-6.78420922728093,-6.70781279108508,0.276375523298798,251
937,-6.78907163302837,-6.84897016198204,-6.77322536117501,0.279369502898066,251
938,-6.88439131694004,-6.94566773996815,-6.86758593895451,0.280055058630167,251
939,-6.79238819139051,-6.85459116790462,-6.77625345309072,0.280763244545686,251
940,-6.88770787530218,-6.95176124796222,-6.87061403087022,0.281476863603336,251
941,-6.7812356344163,-6.84141476772009,-6.76538933407962,0.27416714734513,251
942,-6.87655531848045,-6.93143887600899,-6.85974991201338,0.274897617799056,251
943,-6.78455219442611,-6.84344079404759,-6.76841742765481,0.275622277780996,251
944,-6.87987187849025,-6.93916136015504,-6.86277800558857,0.276380602498413,251
945,-6.81861510780899,-6.87851768914655,-6.80276884431758,0.279370365309507,251
946,-6.91393479172067,-6.97520473851245,-6.89712942209709,0.280055921866829,251
947,-6.82193166617114,-6.88413933650777,-6.80579693623329,0.280764162414648,251
948,-6.91725135008282,-6.98128752195843,-6.9001575140128,0.281477781557061,251
949,-6.81077910919693,-6.8709608490529,-6.79493281722219,0.274168060616746,251
950,-6.90609879326108,-6.96097587455329,-6.88929339515595,0.274898531465721,251
951,-6.81409566920674,-6.87300733569687,-6.79796091079738,0.275623246721968,251
952,-6.90941535327088,-6.96870234114136,-6.89232148873114,0.276381571078864,251
953,-6.84885409563671,-6.90876085090055,-6.83300784068886,0.279371246768028,251
954,-6.94417377954839,-7.00543708937933,-6.92736841846836,0.280056804179979,251
955,-6.85217065399885,-6.9143831254851,-6.83603593260457,0.280765100649883,251
956,-6.94749033791053,-7.01150892373341,-6.93039651038407,0.281478719889001,251
957,-6.84101809702465,-6.90120248090743,-6.82517181359347,0.274168994132227,251
958,-6.9363377810888,-6.99120822542017,-6.91953239152723,0.274899465395614,251
959,-6.84433465703445,-6.90326997145341,-6.82819990716866,0.275624237231223,251
960,-6.9396543410986,-6.99893878921357,-6.92256048510242,0.276382561229129,251
961,-3.23736890018272,-3.26278569832884,-3.24147739847879,0.541182858505837,242
962,-3.33206758407769,-3.35539905302961,-3.33441122365261,0.541725119018216,242
963,-3.23985149940951,-3.26685870441906,-3.24359798584707,0.545959122881931,242
964,-3.33455018330448,-3.35627308017667,-3.33653181102089,0.546527405129209,242
965,-3.23149907465953,-3.25606901974378,-3.23565099359736,0.531033864036892,242
966,-3.3261977585545,-3.34895681589208,-3.32858481877117,0.531762876373173,242
967,-3.23398167434138,-3.26121342179064,-3.23777158136718,0.535963774852286,242
968,-3.32868035823635,-3.35001655924909,-3.33070540654099,0.536718127761109,242
969,-3.39233365736635,-3.41767207873737,-3.39644249057031,0.541169631483314,242
970,-3.48703234126133,-3.51042391384991,-3.48937631574412,0.541712562784336,242
971,-3.39481625659314,-3.42196244176493,-3.39856307793858,0.545947156234965,242
972,-3.48951494048811,-3.51107261578242,-3.4914969031124,0.546516081354717,242
973,-3.38646383184316,-3.41102114960719,-3.39061608568887,0.531021005267578,242
974,-3.48116251573813,-3.50388256161264,-3.48354991086269,0.531750696941973,242
975,-3.38894643152501,-3.41605369144618,-3.39273667345869,0.535952188167113,242
976,-3.48364511541998,-3.5050024066071,-3.4856704986325,0.536707191388526,242
977,-3.42187705342989,-3.44721716227609,-3.42598595052318,0.541167109376114,242
978,-3.51657573732486,-3.53999408129157,-3.518919775697,0.541710168647101,242
979,-3.42435965265667,-3.45151324602578,-3.42810653789146,0.54594487435297,242
980,-3.51905833655165,-3.54061361153921,-3.52104036306527,0.546513922122086,242
981,-3.41600722790669,-3.44056213005113,-3.42015954564175,0.531018553370185,242
982,-3.51070591180167,-3.53341853534415,-3.51309337081556,0.531748374643954,242
983,-3.41848982758854,-3.44556978239555,-3.42228013341156,0.535949978724956,242
984,-3.51318851148352,-3.53454979926782,-3.51521395858538,0.536705106013728,242
985,-3.45211596071928,-3.477457794343,-3.45622492312867,0.541164524894155,242
986,-3.54681464461425,-3.5702294186807,-3.54915874830249,0.541707715167796,242
987,-3.45459855994607,-3.48175972653623,-3.45834551049695,0.54594253580015,242
988,-3.54929724384104,-3.57085005442301,-3.55127933567076,0.546511709125479,242
989,-3.44624613519609,-3.47079858442567,-3.45039851824724,0.531016040716792,242
990,-3.54094481909106,-3.5636572882402,-3.54333234342105,0.531745994662665,242
991,-3.44872873487794,-3.47578077319295,-3.45251910601705,0.53594771428437,242
992,-3.54342741877291,-3.56479280913475,-3.54545293119087,0.536702968582374,242
993,-2.13638575574499,-2.15075651148158,-2.14235665505483,0.699627575781888,242
994,-2.23096650472825,-2.24678070100832,-2.23517474331127,0.695742933472582,242
995,-2.13884986203846,-2.15284378051758,-2.14446144611646,0.704622471666861,242
996,-2.23343061102172,-2.24780841385227,-2.2372795343729,0.70076679811443,242
997,-2.13053783339038,-2.14235368293827,-2.13655199124236,0.689893113101663,242
998,-2.22511858237364,-2.23718017845109,-2.2293700794988,0.686114312080661,242
999,-2.13300194052325,-2.14668376266041,-2.13865678308105,0.695112169386195,242
1000,-2.22758268950651,-2.23932124547529,-2.23147487133749,0.691361061138155,242
1001,-2.29135051292862,-2.30569917247148,-2.29732174714635,0.699619337909929,242
1002,-2.38593126191188,-2.4017328305911,-2.39013983540279,0.695735295476699,242
1003,-2.29381461922209,-2.30782308322754,-2.29942653820798,0.70461641698011,242
1004,-2.38839536820535,-2.40278835778176,-2.39224462646441,0.700761288861094,242
1005,-2.285502590574,-2.29739315788087,-2.29151708333387,0.68988488224397,242
1006,-2.38008333955727,-2.39210181615729,-2.38433517159031,0.6861067236874,242
1007,-2.28796669770688,-2.30173454848903,-2.29362187517257,0.695106136452739,242
1008,-2.38254744669014,-2.39427338356016,-2.38643996342901,0.691355614461898,242
1009,-2.32089390899215,-2.33524016381282,-2.32686520709922,0.699617763726447,242
1010,-2.41547465797541,-2.43127381336945,-2.41968329535566,0.695733835920259,242
1011,-2.32335801528563,-2.33734905478553,-2.32896999816085,0.704615258895025,242
1012,-2.41793876426889,-2.43233466091661,-2.42178808641729,0.700760235028051,242
1013,-2.31504598663754,-2.32693415967901,-2.32106054328675,0.689883309374222,242
1014,-2.4096267356208,-2.4216369989114,-2.41387863154319,0.686105273565853,242
1015,-2.31751009377042,-2.3313242074744,-2.32316533512544,0.695104982486841,242
1016,-2.41209084275368,-2.42381435897587,-2.41598342338188,0.691354572532977,242
1017,-2.35113281628155,-2.36547661255342,-2.35710417970471,0.699616149245024,242
1018,-2.44571356526481,-2.46151025876349,-2.44992226796115,0.695732338744168,242
1019,-2.35359692257502,-2.3675067107565,-2.35920897076634,0.7046140703709,242
1020,-2.44817767155828,-2.46257651311277,-2.45202705902278,0.700759153189304,242
1021,-2.34528489392693,-2.35717062473064,-2.35129951589224,0.689881696193429,242
1022,-2.43986564291019,-2.45186748731894,-2.44411760414867,0.686103786005101,242
1023,-2.34774900105981,-2.36157543004779,-2.35340430773093,0.69510379813609,242
1024,-2.44232975004307,-2.45405080132406,-2.44622239598737,0.691353502838153,242
1025,-1.4475604054123,-1.45457030873664,-1.45483512316137,0.72409293536248,242
1026,-1.54198957382353,-1.549429777086,-1.54750445571202,0.718484585059436,242
1027,-1.45000091282742,-1.45602818324731,-1.45691975648312,0.728107831624875,242
1028,-1.54443008123865,-1.55068991630551,-1.54958908903377,0.722599709225456,242
1029,-1.44174055585982,-1.44868452202848,-1.4490583244036,0.714997958715598,242
1030,-1.53616972440876,-1.53950757288585,-1.54172765709106,0.70941095640632,242
1031,-1.44418106348813,-1.44880983789455,-1.45114295804849,0.719278199380628,242
1032,-1.53861023203707,-1.5431106100125,-1.54381229073595,0.713791547473513,242
1033,-1.60252516259593,-1.60948609437513,-1.60980021525288,0.72408854617813,242
1034,-1.69695433100716,-1.70466473456903,-1.70246954780353,0.718480716630072,242
1035,-1.60496567001105,-1.61098030977233,-1.61188484857463,0.728106338224927,242
1036,-1.69939483842228,-1.70560596968392,-1.70455418112528,0.722598675662668,242
1037,-1.59670531304345,-1.60361893248203,-1.60402341649511,0.714993431273524,242
1038,-1.69113448159239,-1.6944403211792,-1.69669274918257,0.709407013152951,242
1039,-1.59914582067176,-1.60377258162851,-1.60610805014,0.71927658494804,242
1040,-1.6935749892207,-1.69808470741526,-1.69877738282746,0.713790454001175,242
1041,-1.63206855865947,-1.63902013768284,-1.63934367520575,0.724087704020876,242
1042,-1.72649772707069,-1.73419903947262,-1.7320130077564,0.718479974106782,242
1043,-1.63450906607459,-1.64054897187843,-1.64142830852751,0.728106047999428,242
1044,-1.72893823448581,-1.73518303868346,-1.73409764107816,0.722598473461428,242
1045,-1.62624870910698,-1.63307175511745,-1.63356687644799,0.714992562717583,242
1046,-1.72067787765593,-1.72398130537627,-1.72623620913545,0.70940625632731,242
1047,-1.62868921673529,-1.63330958891067,-1.63565151009288,0.719276271601741,242
1048,-1.72311838528424,-1.72765377163887,-1.72832084278034,0.713790240335131,242
1049,-1.66230746594886,-1.66925119805905,-1.66958264781124,0.724086838504082,242
1050,-1.75673663436009,-1.76442862245688,-1.76225198036189,0.718479210514928,242
1051,-1.66474797336398,-1.67076990094821,-1.671667281133,0.72810574748011,242
1052,-1.75917714177521,-1.76541947038274,-1.76433661368365,0.72259826298377,242
1053,-1.65648761639638,-1.66322982997932,-1.66380584905348,0.714991670150397,242
1054,-1.75091678494532,-1.75421774232542,-1.75647518174093,0.709405478068492,242
1055,-1.65892812402469,-1.66354601335881,-1.66589048269837,0.719275947388309,242
1056,-1.75335729257363,-1.75791971648655,-1.75855981538583,0.713790018096062,242
1057,-2.1080686600531,-2.10934483200097,-2.1147027106315,0.765187567208266,242
1058,-2.20276734239081,-2.20556102693081,-2.20763653406335,0.762191300768402,242
1059,-2.11055125927988,-2.11239054513927,-2.11682329799977,0.769065808934538,242
1060,-2.20524994161759,-2.20935671503209,-2.20975712143162,0.766180230413965,242
1061,-2.1021988345299,-2.10261751764031,-2.10887630575006,0.75699912636506,242
1062,-2.19689751686761,-2.20018631382281,-2.20181012918191,0.754022335769251,242
1063,-2.10468143421175,-2.10470989241927,-2.11099689351988,0.761183024121426,242
1064,-2.19938011654946,-2.20012752743478,-2.20393071695173,0.758315251129908,242
1065,-2.26303341723673,-2.26434942777193,-2.26966780272301,0.765190286688392,242
1066,-2.35773209957444,-2.3606574570003,-2.36260162615486,0.762194295066481,242
1067,-2.26551601646351,-2.2673426717444,-2.27178839009129,0.769071268210158,242
1068,-2.36021469880122,-2.36430883270374,-2.36472221352314,0.766185896368185,242
1069,-2.25716359171353,-2.25756963531196,-2.26384139784157,0.757001682489159,242
1070,-2.35186227405124,-2.35522197670596,-2.35677522127343,0.75402521073729,242
1071,-2.25964619139538,-2.26026909689086,-2.26596198561139,0.761188341661498,242
1072,-2.35434487373309,-2.35510857641898,-2.35889580904324,0.758320816327015,242
1073,-2.29257681330026,-2.29394181078871,-2.29921126267588,0.765190799433166,242
1074,-2.38727549563797,-2.3901086009067,-2.39214508610774,0.762194860531315,242
1075,-2.29505941252705,-2.29688365683528,-2.30133185004416,0.769072303167062,242
1076,-2.38975809486476,-2.39384983082415,-2.39426567347601,0.766186971057287,242
1077,-2.28670698777707,-2.28723242143571,-2.29338485779445,0.757002164012608,242
1078,-2.38140567011478,-2.38476295939514,-2.3863186812263,0.754025753379847,242
1079,-2.28918958745892,-2.28974390036582,-2.29550544556427,0.761189349512655,242
1080,-2.38388826979663,-2.38468171555323,-2.38843926899612,0.758321871728645,242
1081,-2.32281572058966,-2.32421477211509,-2.32945023528137,0.765191321147114,242
1082,-2.41751440292737,-2.42029987938385,-2.42238405871323,0.762195436149509,242
1083,-2.32529831981644,-2.32712010648874,-2.33157082264965,0.769073359469164,242
1084,-2.41999700215415,-2.42408627434089,-2.4245046460815,0.766188067969496,242
1085,-2.31694589506646,-2.31746887108918,-2.32362383039994,0.757002653704704,242
1086,-2.41164457740417,-2.41499939445938,-2.41655765383179,0.754026305574946,242
1087,-2.31942849474831,-2.31991263246216,-2.32574441816976,0.761190378007497,242
1088,-2.41412717708602,-2.41491175791273,-2.41867824160161,0.758322948837862,242
1089,-1.0861315404326,-1.0895065903824,-1.09524431386304,0.76762041809237,242
1090,-1.18056070640103,-1.17974234990159,-1.18791364393422,0.761082051908823,242
1091,-1.08857204784772,-1.09238984450798,-1.09732894718479,0.770223300320227,242
1092,-1.18300121381615,-1.1809858926133,-1.18999827725597,0.763945296991338,242
1093,-1.08031169088012,-1.08262689115383,-1.08946751510527,0.759965112617405,242
1094,-1.17474085698627,-1.17219171027358,-1.18213684531326,0.753251945502866,242
1095,-1.08275219850842,-1.08539362795563,-1.09155214875016,0.762953420698382,242
1096,-1.17718136461458,-1.17642814990455,-1.18422147895815,0.75650620202885,242
1097,-1.24109629761623,-1.24458649733382,-1.25020940595455,0.767619513610818,242
1098,-1.33552546358466,-1.33454384658485,-1.34287873602573,0.761081656460143,242
1099,-1.24353680503135,-1.24734197989506,-1.25229403927631,0.770226494411724,242
1100,-1.33796597099978,-1.33606701403476,-1.34496336934749,0.763948969710734,242
1101,-1.23527644806375,-1.23756829254367,-1.24443260719679,0.759963758745338,242
1102,-1.3297056141699,-1.32714383352829,-1.33710193740477,0.753251193848012,242
1103,-1.23771695569205,-1.24038845377784,-1.24651724084168,0.762956185674017,242
1104,-1.33214612179821,-1.33144450565459,-1.33918657104966,0.756509534614008,242
1105,-1.27063969367976,-1.27412749113565,-1.27975286590743,0.767619331919451,242
1106,-1.3650688596482,-1.36414810588774,-1.37242219597861,0.761081572239524,242
1107,-1.27308020109488,-1.27685555325393,-1.28183749922918,0.770227093936534,242
1108,-1.36750936706332,-1.36567655604981,-1.37450682930036,0.763949660909062,242
1109,-1.26481984412728,-1.26710929027576,-1.27397606714966,0.759963491299609,242
1110,-1.35924901023344,-1.35667163534558,-1.36664539735765,0.753251041643633,242
1111,-1.26726035175559,-1.2699382201801,-1.27606070079455,0.762956703299988,242
1112,-1.36168951786174,-1.3609981043467,-1.36873003100254,0.756510160882811,242
1113,-1.30087860096916,-1.30436393529416,-1.30999183851292,0.767619142537174,242
1114,-1.39530776693759,-1.39437001156415,-1.4026611685841,0.761081482458696,242
1115,-1.30331910838428,-1.30711939885913,-1.31207647183467,0.770227704267988,242
1116,-1.39774827435271,-1.39591303568207,-1.40474580190585,0.763950364909564,242
1117,-1.29505875141667,-1.29734573868065,-1.30421503975515,0.759963214113335,242
1118,-1.38948791752283,-1.38689869815935,-1.39688436996314,0.753250882249632,242
1119,-1.29749925904498,-1.30017286283029,-1.30629967340004,0.762957229775198,242
1120,-1.39192842515114,-1.39124027052178,-1.39896900360803,0.756510798397746,242
1121,-2.30168874786341,-2.31722374292029,-2.30469773050883,0.752801845684782,242
1122,-2.39653911171316,-2.41213654264318,-2.39778040879866,0.749141365043152,242
1123,-2.3041949647575,-2.31786731251292,-2.30683849144229,0.75616207422668,242
1124,-2.39904533080726,-2.41136184503938,-2.39992117194377,0.75255341944496,242
1125,-2.29579081243863,-2.31111356469678,-2.29884342355085,0.74417372533914,242
1126,-2.39064117677416,-2.40728638546645,-2.39192610237367,0.74060466494062,242
1127,-2.29829702893893,-2.31033985438707,-2.30098418399222,0.747768593805007,242
1128,-2.39314739478096,-2.40558548201183,-2.39406686431965,0.744248882203856,242
1129,-2.45665350504704,-2.47227970296661,-2.45966282260034,0.752802903178052,242
1130,-2.55150386889679,-2.5670886619937,-2.55274550089017,0.749142649035682,242
1131,-2.45915972194114,-2.47281944538704,-2.46180358353381,0.756165245016554,242
1132,-2.55401008799089,-2.56647719610988,-2.55488626403528,0.752556756156142,242
1133,-2.45075556962226,-2.4659959077835,-2.45380851564237,0.744174639744651,242
1134,-2.54560593395779,-2.56223851440664,-2.54689119446518,0.74060584374807,242
1135,-2.45326178612256,-2.46538890759283,-2.45594927608374,0.74777164869322,242
1136,-2.54811215196459,-2.56064985605266,-2.54903195641116,0.744252138385474,242
1137,-2.48619690111058,-2.50182067797699,-2.48920628255322,0.752803101299348,242
1138,-2.58104726496033,-2.59662966262418,-2.58228896084305,0.749142890590386,242
1139,-2.48870311800467,-2.50236042637335,-2.49134704348668,0.756165845947775,242
1140,-2.58355348405443,-2.59601349326244,-2.58442972398815,0.752557388974367,242
1141,-2.48029896568579,-2.49553692340851,-2.48335197559524,0.744174810534475,242
1142,-2.57514933002132,-2.59183271276822,-2.57643465441806,0.740606065201656,242
1143,-2.4828051821861,-2.49492991115771,-2.48549273603661,0.747772227471596,242
1144,-2.57765554802812,-2.59019867434407,-2.57857541636403,0.744252755798967,242
1145,-2.51643580839997,-2.53195329838593,-2.51944525515871,0.752803301057245,242
1146,-2.61128617224972,-2.6268660988576,-2.61252793344854,0.749143134792044,242
1147,-2.51894202529406,-2.53259686120109,-2.52158601609217,0.756166458058175,242
1148,-2.61379239134382,-2.62624513656445,-2.61466869659364,0.752558033709623,242
1149,-2.51053787297519,-2.52577334642411,-2.51359094820073,0.744174982252301,242
1150,-2.60538823731072,-2.62206915191014,-2.60667362702355,0.740606288766858,242
1151,-2.51304408947549,-2.52516633911467,-2.5157317086421,0.747772816844257,242
1152,-2.60789445531752,-2.62044311365544,-2.60881438896952,0.744253384706446,242
1153,-4.01128455148114,-4.06011347956534,-4.01468525770362,0.738155765701732,242
1154,-4.10613491485189,-4.15431356570349,-4.10776793546954,0.736614325318082,242
1155,-4.0137910708403,-4.05912841242567,-4.01682627718518,0.742544709625033,242
1156,-4.10864143432124,-4.15441400744881,-4.1099089550123,0.74098067914897,242
1157,-4.0053864906555,-4.0557980586654,-4.00883082631873,0.730875053484593,242
1158,-4.10023685412707,-4.14803130096216,-4.10191350418739,0.729444484455584,242
1159,-4.00789301188384,-4.0547259062104,-4.01097184753099,0.735415440391224,242
1160,-4.10274337546559,-4.14798044749456,-4.10405452546086,0.733959835981576,242
1161,-4.16624930866477,-4.215208115528,-4.16965034979513,0.738155133407993,242
1162,-4.26109967203553,-4.30933792964475,-4.26273302756105,0.736613879299007,242
1163,-4.16875582802393,-4.21408054973854,-4.17179136927669,0.742545316293678,242
1164,-4.26360619150487,-4.30938266936909,-4.26487404710381,0.740981438094085,242
1165,-4.16035124783913,-4.21069850358034,-4.16379591841024,0.73087438747166,242
1166,-4.2552016113107,-4.30298342000733,-4.2568785962789,0.729444019105601,242
1167,-4.16285776906747,-4.20967803792736,-4.16593693962251,0.735416023219016,242
1168,-4.25770813264922,-4.30293258211717,-4.25901961755237,0.733960584574872,242
1169,-4.1957927047283,-4.24474910505949,-4.19919380974801,0.738155011087318,242
1170,-4.29064306809906,-4.33889266863149,-4.29227648751392,0.736613792621846,242
1171,-4.19829922408747,-4.24362152754044,-4.20133482922957,0.742545430116255,242
1172,-4.29314958756841,-4.33892366626593,-4.29441750705668,0.740981581080828,242
1173,-4.18989464390267,-4.24029357252288,-4.19333937836312,0.730874258699537,242
1174,-4.28474500737423,-4.33252440964221,-4.28642205623178,0.729443928721711,242
1175,-4.19240116513101,-4.23921901310272,-4.19548039957538,0.735416132471337,242
1176,-4.28725152871276,-4.332504845022,-4.28856307750524,0.733960725564752,242
1177,-4.2260316120177,-4.27498554343749,-4.2294327823535,0.738154883562019,242
1178,-4.32088197538845,-4.36910049030235,-4.32251546011941,0.736613701582588,242
1179,-4.22853813137686,-4.27385797037991,-4.23157380183505,0.742545544333027,242
1180,-4.3233884948578,-4.36916009318437,-4.32465647966217,0.740981725151025,242
1181,-4.22013355119206,-4.27046450082757,-4.22357835096861,0.730874124521214,242
1182,-4.31498391466363,-4.36275979662715,-4.31666102883726,0.729443833840811,242
1183,-4.2226400724204,-4.26945545649597,-4.22571937218087,0.735416241961396,242
1184,-4.31749043600215,-4.36283879811657,-4.31880205011074,0.733960867544233,242
1185,-5.45679506896819,-5.49209512449593,-5.45935107287729,0.608854377860767,242
1186,-5.55164543231891,-5.59005929160506,-5.552433750516,0.610180184431529,242
1187,-5.45930162075671,-5.49246840106094,-5.46149212019567,0.613361850634312,242
1188,-5.55415198395374,-5.58960358166575,-5.55457479768519,0.614667330079489,242
1189,-5.45089699445046,-5.48553107818589,-5.45349662793851,0.602414522488928,242
1190,-5.54574735777584,-5.57906896909538,-5.5465793055515,0.603859818170429,242
1191,-5.45340354706013,-5.48197291072266,-5.45563767609879,0.607010860952078,242
1192,-5.54825391025716,-5.57975527609228,-5.54872035358831,0.608434773531344,242
1193,-5.61175982615182,-5.64702378639572,-5.6143161649688,0.608852328311056,242
1194,-5.70661018950254,-5.74491801938787,-5.70739884260752,0.610178329592031,242
1195,-5.61426637794035,-5.64748584168758,-5.61645721228718,0.61336048424315,242
1196,-5.70911674113737,-5.74455570989118,-5.7095398897767,0.614666142518511,242
1197,-5.6058617516341,-5.64055901279678,-5.60846172003002,0.602412675303828,242
1198,-5.70071211495947,-5.73400667309761,-5.70154439764301,0.603858163923572,242
1199,-5.60836830424376,-5.63695746828643,-5.6106027681903,0.607009699161579,242
1200,-5.70321866744079,-5.73473983365604,-5.70368544567983,0.608433788492732,242
1201,-5.64130322221536,-5.67656031229747,-5.64385962492168,0.608851936976569,242
1202,-5.73615358556608,-5.77444120535584,-5.73694230256039,0.610177975429843,242
1203,-5.64380977400388,-5.67703929794779,-5.64600067224005,0.61336022311296,242
1204,-5.7386601372009,-5.77409670520451,-5.73908334972958,0.614665915534295,242
1205,-5.63540514769763,-5.6700885926705,-5.6380051799829,0.602412322541058,242
1206,-5.730255511023,-5.76354762911797,-5.73108785759589,0.603857847995472,242
1207,-5.6379117003073,-5.66650462392585,-5.64014622814318,0.607009477028602,242
1208,-5.73276206350432,-5.76428698929547,-5.7332289056327,0.60843360010974,242
1209,-5.67154212950475,-5.70679216567176,-5.67409859752717,0.608851534362916,242
1210,-5.76639249285547,-5.80465939694891,-5.76718127516588,0.610177610882999,242
1211,-5.67404868129327,-5.70728849548011,-5.67623964484554,0.613359953796635,242
1212,-5.7688990444903,-5.80433312769545,-5.76932232233507,0.614665681186763,242
1213,-5.66564405498703,-5.7003717732252,-5.66824415258838,0.602411959383194,242
1214,-5.76049441831239,-5.79378411173821,-5.76132683020138,0.603857522559845,242
1215,-5.66815060759669,-5.69674739978861,-5.67038520074867,0.607009247603968,242
1216,-5.76300097079372,-5.79452976515823,-5.76346787823819,0.608433405249579,242
1217,-6.76398769896183,-6.79445695256655,-6.76443426495501,0.234634521923491,242
1218,-6.85883806221569,-6.89082021823388,-6.85751694267566,0.237502969859075,242
1219,-6.76649425279348,-6.79697337217597,-6.76657531396057,0.23557055483902,242
1220,-6.86134461604735,-6.88961289629813,-6.85965799168122,0.238479172799331,242
1221,-6.75808962296552,-6.79016536938628,-6.75857981844445,0.229882508605002,242
1222,-6.85293998621939,-6.87975794600003,-6.85166249616509,0.232806935806814,242
1223,-6.76059617678147,-6.78780331709323,-6.76072086744965,0.230846906299145,242
1224,-6.85544654003534,-6.88345243528897,-6.8538035451703,0.233811697770884,242
1225,-6.91895245614545,-6.94940314937454,-6.91939935704653,0.234632582245862,242
1226,-7.01380281939932,-7.04575288295746,-7.01248203476717,0.237501183648674,242
1227,-6.92145900997711,-6.95202336794051,-6.92154040605209,0.23556893727894,242
1228,-7.01630937323098,-7.04480414675496,-7.01462308377274,0.238477705126738,242
1229,-6.91305438014915,-6.94511748610538,-6.91354491053596,0.2298808454271,242
1230,-7.00790474340302,-7.03469039701978,-7.0066275882566,0.232805423244008,242
1231,-6.91556093396511,-6.9427554461673,-6.91568595954117,0.230845567813145,242
1232,-7.01041129721897,-7.038398328727,-7.00876863726181,0.233810506210848,242
1233,-6.94849585220899,-6.97894413036085,-6.9489428169994,0.234632212968917,242
1234,-7.04334621546286,-7.07529389858246,-7.04202549472005,0.237500843636278,242
1235,-6.95100240604065,-6.98158302453222,-6.95108386600496,0.235568629404207,242
1236,-7.04585276929451,-7.07434513112908,-7.04416654372561,0.238477425834128,242
1237,-6.94259777621268,-6.97465849900484,-6.94308837048883,0.229880528858068,242
1238,-7.03744813946655,-7.06425473072234,-7.03617104820948,0.232805135395783,242
1239,-6.94510433002864,-6.97229643820924,-6.94522941949404,0.230845313136932,242
1240,-7.03995469328251,-7.06780779988619,-7.03831209721469,0.233810279552162,242
1241,-6.97873475949838,-7.00918056518859,-6.97918178960489,0.234631833160434,242
1242,-7.07358512275225,-7.10553032159806,-7.07226446732554,0.237500493795475,242
1243,-6.98124131333004,-7.01183857005829,-6.98132283861045,0.235568312452537,242
1244,-7.07609167658391,-7.10458157768273,-7.0744055163311,0.238477138151698,242
1245,-6.97283668350208,-7.00489493386198,-6.97332734309432,0.229880202998094,242
1246,-7.06768704675594,-7.09458924072213,-7.06641002081497,0.232804838947052,242
1247,-6.97534323731803,-7.00253288009828,-6.97546839209953,0.2308450506361,242
1248,-7.0701936005719,-7.0979096172051,-7.06855106982018,0.233810045742789,242
1249,-7.08744690834486,-7.12129629675795,-7.08710603999153,0.12905368182455,242
1250,-7.18229727262621,-7.21066151809583,-7.18018871872111,0.131459435060294,242
1251,-7.08995346262287,-7.12637929351243,-7.08924708940482,0.129022145110005,242
1252,-7.18480382690422,-7.21740073541425,-7.1823297681344,0.131465058162907,242
1253,-7.0815488327367,-7.10735108576637,-7.08125159392702,0.124953931690345,242
1254,-7.17639919701805,-7.20258432189719,-7.17433427265659,0.127396491486227,242
1255,-7.08405538652298,-7.10854887655336,-7.08339264283163,0.124940032431342,242
1256,-7.17890575080432,-7.20435309730416,-7.17647532156121,0.127419942605455,242
1257,-7.24241166552849,-7.27619899517423,-7.24207113208304,0.129050857405493,242
1258,-7.33726202980984,-7.36546315253369,-7.33515381081262,0.131456745624688,242
1259,-7.2449182198065,-7.28129677557764,-7.24421218149634,0.129019553175823,242
1260,-7.33976858408785,-7.37218031859677,-7.33729486022592,0.131462599554783,242
1261,-7.23651358992033,-7.26235313187401,-7.23621668601853,0.124951324177999,242
1262,-7.33136395420168,-7.35753643784959,-7.32929936474811,0.127394017542032,242
1263,-7.2390201437066,-7.26362455356941,-7.23835773492314,0.124937659400921,242
1264,-7.33387050798795,-7.35930522283672,-7.33144041365272,0.127417701428963,242
1265,-7.27195506159203,-7.30573053841539,-7.27161459203592,0.129050319515964,242
1266,-7.36680542587337,-7.39491061101471,-7.3646972707655,0.131456233473304,242
1267,-7.27446161587003,-7.31083117359496,-7.27375564144921,0.129019059604258,242
1268,-7.36931198015138,-7.40168839844072,-7.36683832017879,0.131462131405381,242
1269,-7.26605698598387,-7.29190365864521,-7.26576014597141,0.124950827636322,242
1270,-7.36090735026522,-7.38707742775575,-7.35884282470098,0.127393546468687,242
1271,-7.26856353977014,-7.29318908611148,-7.26790119487602,0.124937207557832,242
1272,-7.36341390405148,-7.38884621074206,-7.36098387360559,0.127417274727391,242
1273,-7.30219396888142,-7.33595732364141,-7.30185356464141,0.129049767416779,242
1274,-7.39704433316277,-7.42509148611414,-7.39493624337099,0.131455707726743,242
1275,-7.30470052315943,-7.34106084874927,-7.3039946140547,0.129018552872291,242
1276,-7.39955088744077,-7.43189117365532,-7.39707729278428,0.131461650702664,242
1277,-7.29629589327327,-7.32214980647352,-7.2959991185769,0.124950317860367,242
1278,-7.39114625755461,-7.41731385564289,-7.38908179730647,0.127393062769224,242
1279,-7.29880244705953,-7.32344963896162,-7.2981401674815,0.124936743538801,242
1280,-7.39365281134088,-7.41908265055471,-7.39122284621108,0.12741683645039,242
1281,-3.11871456322769,-3.1712042997564,-3.10908744492198,0.630951629563018,250
1282,-3.21389784690683,-3.27787727168483,-3.20335325750829,0.631339859398208,250
1283,-3.12309315565376,-3.17893931772735,-3.11336537867195,0.632978126026721,250
1284,-3.21827643933289,-3.28305923478715,-3.20763119125825,0.6334953207348,250
1285,-3.09174366925606,-3.14354290341193,-3.08223990173641,0.624045138192893,250
1286,-3.18692695293519,-3.25076728137257,-3.17650571432272,0.624460914688617,250
1287,-3.09612226229885,-3.14812985062599,-3.08651783617305,0.625999489858788,250
1288,-3.19130554597798,-3.25229070993808,-3.18078364875936,0.626553526421794,250
1289,-3.27367851305882,-3.32598866836899,-3.2640514255981,0.630955313504187,250
1290,-3.36886179673796,-3.43280343289589,-3.3583172381844,0.631343380344645,250
1291,-3.27805710548489,-3.33389144196098,-3.26832935934807,0.632982727953995,250
1292,-3.37324038916402,-3.43803301901125,-3.36259517193437,0.633499731345492,250
1293,-3.24670761908719,-3.29839396104836,-3.23720388241253,0.624048876709186,250
1294,-3.34189090276632,-3.4056685430663,-3.33146969499883,0.624464495178872,250
1295,-3.25108621212998,-3.30300713622053,-3.24148181684917,0.626004177244838,250
1296,-3.34626949580911,-3.40711069980138,-3.33574762943547,0.626558026636393,250
1297,-3.30322175493245,-3.35564826209525,-3.2935946733555,0.630956015568809,250
1298,-3.39840503861158,-3.46233946654352,-3.3878604859418,0.631344051405995,250
1299,-3.30760034735851,-3.36343241892212,-3.29787260710547,0.632983605029087,250
1300,-3.40278363103764,-3.46756078671459,-3.39213841969177,0.633500572017594,250
1301,-3.27625086096081,-3.32793499420268,-3.26674713016993,0.624049589240861,250
1302,-3.37143414463994,-3.435199795979,-3.36101294275623,0.624465177654238,250
1303,-3.2806294540036,-3.33253382850384,-3.27102506460657,0.626005070675508,250
1304,-3.37581273768273,-3.43662923796757,-3.36529087719287,0.62655888445395,250
1305,-3.33346050477632,-3.38610075260128,-3.32383342919091,0.630956730757512,250
1306,-3.42864378845545,-3.49257084581947,-3.41809924177722,0.631344734938879,250
1307,-3.33783909720238,-3.39366888591338,-3.32811136294089,0.632984499343956,250
1308,-3.43302238088152,-3.49777949764747,-3.42237717552719,0.633501429152105,250
1309,-3.30648961080468,-3.35817145483069,-3.29698588600535,0.624050314961174,250
1310,-3.40167289448381,-3.46542899804571,-3.39125169859165,0.624465872691954,250
1311,-3.31086820384747,-3.36275570746781,-3.30126382044198,0.626005981547141,250
1312,-3.4060514875266,-3.46686568897709,-3.39552963302829,0.626559758957879,250
1313,-2.0533279602344,-2.08656940556548,-2.04509210629263,0.708131707933099,250
1314,-2.14839270954315,-2.18191765859421,-2.1392405271036,0.706316041882975,250
1315,-2.0576739389188,-2.08777508483483,-2.04933817614293,0.711485348967187,250
1316,-2.15273868822755,-2.18788386311168,-2.1434865969539,0.709805444030698,250
1317,-2.02645770826618,-2.05801982614004,-2.01834474483085,0.701258305918067,250
1318,-2.12152245757493,-2.15593515169536,-2.11249316564182,0.699414980880955,250
1319,-2.0308036845744,-2.06153424715268,-2.02259081229796,0.704517494665672,250
1320,-2.12586843388315,-2.15847907294432,-2.11673923310893,0.702824030682001,250
1321,-2.20829191006553,-2.24176021342327,-2.20005608696874,0.708132030438681,250
1322,-2.30335665937428,-2.3369002693895,-2.29420450777971,0.706316071294706,250
1323,-2.21263788874993,-2.24272721006146,-2.20430215681904,0.711487115474322,250
1324,-2.30770263805868,-2.34283616298836,-2.29845057763001,0.709806872318128,250
1325,-2.18142165809731,-2.21310486334803,-2.17330872550696,0.701258570067737,250
1326,-2.27648640740606,-2.31083369120619,-2.26745714631793,0.699414959312695,250
1327,-2.18576763440553,-2.21648638184096,-2.17755479297407,0.704519251160883,250
1328,-2.28083238371428,-2.31353308108194,-2.27170321378504,0.702825455825628,250
1329,-2.23783515193915,-2.27129386763593,-2.22959933472615,0.708132089651197,250
1330,-2.3328999012479,-2.36644706769696,-2.32374775553712,0.706316074823192,250
1331,-2.24218113062355,-2.27226819245992,-2.23384540457644,0.711487449961837,250
1332,-2.3372458799323,-2.37241909737453,-2.32799382538741,0.709807142520632,250
1333,-2.21096489997093,-2.24268767134217,-2.20285197326437,0.701258618241031,250
1334,-2.30602964927968,-2.34034179172221,-2.29700039407533,0.699414953207492,250
1335,-2.21531087627915,-2.24602735804321,-2.20709804073148,0.704519583826486,250
1336,-2.3103756255879,-2.34307995601803,-2.30124646154245,0.702825725514828,250
1337,-2.26807390178303,-2.30153030601394,-2.25983809056156,0.708132146135729,250
1338,-2.36313865109178,-2.39668946290331,-2.35398651137253,0.70631607441552,250
1339,-2.27241988046742,-2.30250462564661,-2.26408416041186,0.711487788192156,250
1340,-2.36748462977618,-2.40266194050661,-2.35823258122283,0.709807415060047,250
1341,-2.24120364981481,-2.27293037644103,-2.23309072909978,0.701258663129511,250
1342,-2.33626839912356,-2.37054453856166,-2.32723914991075,0.699414942649002,250
1343,-2.24554962612302,-2.27626380424192,-2.23733679656689,0.704519919890221,250
1344,-2.34061437543177,-2.37332241473694,-2.33148521737786,0.702825997234248,250
1345,-1.37596611248551,-1.39476460805378,-1.36889932864728,0.719460551998989,250
1346,-1.47087850100297,-1.49046050888273,-1.46289685724191,0.715494775668806,250
1347,-1.38027046749628,-1.39734404370125,-1.37310473166532,0.72293380190618,250
1348,-1.47518285601374,-1.49664348795783,-1.46710226025994,0.719159436109984,250
1349,-1.34922484248642,-1.36777295416058,-1.34228035934092,0.713260733124829,250
1350,-1.44413723100388,-1.46391196831229,-1.43627788793554,0.709152274794551,250
1351,-1.35352919760209,-1.37056668177806,-1.34648576245146,0.716592985412316,250
1352,-1.44844158611955,-1.46859103441239,-1.44048329104608,0.712691887566285,250
1353,-1.53093006231664,-1.54985162455644,-1.5238633093234,0.719460556825879,250
1354,-1.6258424508341,-1.645442019515,-1.61786083791802,0.715494317448649,250
1355,-1.53523441732741,-1.55232523291588,-1.52806871234144,0.722935730702729,250
1356,-1.63014680584487,-1.65165472967037,-1.62206624093606,0.719160853314285,250
1357,-1.50418879231755,-1.52267597577361,-1.49724434001703,0.713260620357299,250
1358,-1.59910118083501,-1.6188779585144,-1.59124186861165,0.709151702694673,250
1359,-1.50849314743322,-1.52547556638718,-1.50144974312758,0.716594850825523,250
1360,-1.60340553595068,-1.62348320240249,-1.5954472717222,0.712693246509695,250
1361,-1.56047330419026,-1.57940734304599,-1.5534065570808,0.719460554030906,250
1362,-1.65538569270772,-1.67497679280542,-1.64740408567542,0.715494226664028,250
1363,-1.56477765920103,-1.58189701280392,-1.55761196009884,0.722936094674356,250
1364,-1.65969004771849,-1.68119571692702,-1.65160948869346,0.719161120045787,250
1365,-1.53373203419117,-1.55220971400611,-1.52678758777443,0.713260595250111,250
1366,-1.62864442270864,-1.64841894179879,-1.62078511636905,0.709151590304354,250
1367,-1.53803638930684,-1.55495594611535,-1.53099299088498,0.716595202821021,250
1368,-1.6329487778243,-1.65302421576386,-1.6249905194796,0.712693502239843,250
1369,-1.59071205403413,-1.60966196672709,-1.58364531291622,0.719460546686049,250
1370,-1.6856244425516,-1.70521459999578,-1.67764284151084,0.715494129353367,250
1371,-1.5950164090449,-1.61212667870287,-1.58785071593425,0.72293646271328,250
1372,-1.68992879756237,-1.711475780414,-1.68184824452888,0.719161388657438,250
1373,-1.56397078403505,-1.58243874499365,-1.55702634360985,0.713260564710631,250
1374,-1.65888317255251,-1.67864152651583,-1.65102387220447,0.70915147052799,250
1375,-1.56827513915072,-1.58516575776748,-1.5612317467204,0.716595558237693,250
1376,-1.66318752766818,-1.68326064338301,-1.65522927531502,0.712693759233501,250
1377,-2.04497785128843,-2.06352372625633,-2.03727546065789,0.773395587917102,250
1378,-2.14016113604225,-2.16458563985984,-2.13154127430235,0.770997387900584,250
1379,-2.04935644371449,-2.06931586639009,-2.04155339440786,0.778258467594984,250
1380,-2.14453972846831,-2.16673612946456,-2.13581920805232,0.775964922970127,250
1381,-2.01800695731679,-2.03662071056174,-2.01042791747232,0.768212660996485,250
1382,-2.11319024207061,-2.13449569672861,-2.10469373111678,0.76573615104517,250
1383,-2.02238555035958,-2.04018688712728,-2.01470585190896,0.773045364062959,250
1384,-2.1175688351134,-2.138414001983,-2.10897166555342,0.770687131626258,250
1385,-2.19994180111956,-2.21852877233329,-2.19223944133401,0.773398328753656,250
1386,-2.29512508587338,-2.31950260455939,-2.28650525497847,0.770999547085593,250
1387,-2.20432039354562,-2.22418578242591,-2.19651737508398,0.778262848482015,250
1388,-2.29950367829944,-2.32172730949839,-2.29078318872844,0.775968671223708,250
1389,-2.17297090714792,-2.19164352670965,-2.16539189814844,0.768215485914291,250
1390,-2.26815419190174,-2.28944781752481,-2.2596577117929,0.765738392809404,250
1391,-2.17734950019071,-2.19526395747356,-2.16966983258508,0.773049887563895,250
1392,-2.27253278494453,-2.29342664094162,-2.26393564622954,0.770691020486688,250
1393,-2.22948504299318,-2.24807976113587,-2.22178268909141,0.773398847053979,250
1394,-2.324668327747,-2.34913278063778,-2.31604850273587,0.77099995476958,250
1395,-2.23386363541924,-2.25373184877809,-2.22606062284138,0.778263679412419,250
1396,-2.32904692017306,-2.35125146495069,-2.32032643648584,0.775969381823289,250
1397,-2.20251414902154,-2.22119798546616,-2.19493514590584,0.768216020319393,250
1398,-2.29769743377536,-2.3189888037479,-2.2892009595503,0.765738816310882,250
1399,-2.20689274206433,-2.22487421732552,-2.19921308034248,0.773050745756632,250
1400,-2.30207602681815,-2.32297175439027,-2.29347889398694,0.770691757965033,250
1401,-2.25972379283705,-2.27832284554221,-2.25202144492683,0.773399374487818,250
1402,-2.35490707759087,-2.37946046268196,-2.34628725857129,0.771000369039676,250
1403,-2.26410238526312,-2.28397349561325,-2.2562993786768,0.778264526849133,250
1404,-2.35928567001693,-2.38146565924673,-2.35056519232126,0.775970106156772,250
1405,-2.23275289886541,-2.25144822930877,-2.22517390174126,0.768216563878204,250
1406,-2.32793618361923,-2.349225241903,-2.31943971538572,0.765739246418312,250
1407,-2.2371314919082,-2.25518931562666,-2.2294518361779,0.773051620734061,250
1408,-2.33231477666202,-2.353234146118,-2.32371764982236,0.770692509453727,250
1409,-1.04150334854519,-1.04794173748259,-1.03596851108195,0.744387819968833,250
1410,-1.13641573687284,-1.14478265982451,-1.1299660394686,0.737272958613662,250
1411,-1.04580770355595,-1.05214390830274,-1.04017391409999,0.748778005026879,250
1412,-1.1407200918836,-1.1483088051248,-1.13417144248663,0.741958810536863,250
1413,-1.0147620785461,-1.02085199909494,-1.00934954177558,0.739756596065875,250
1414,-1.10967446687375,-1.11817817885812,-1.10334707016223,0.732292400896516,250
1415,-1.01906643366177,-1.02526401269755,-1.01355494488613,0.74398304153842,250
1416,-1.11397882198942,-1.12210798592604,-1.10755247327278,0.73682880221553,250
1417,-1.19646729837632,-1.20286727424938,-1.19093249175807,0.744386539455672,250
1418,-1.29137968670396,-1.29978425808141,-1.28493002014471,0.737270922068564,250
1419,-1.20077165338708,-1.20711994292504,-1.1951378947761,0.74877927725085,250
1420,-1.29568404171473,-1.30326091374743,-1.28913542316275,0.741959312595627,250
1421,-1.16972602837723,-1.17586463901811,-1.1643135224517,0.739755254031111,250
1422,-1.26463841670488,-1.2731035089328,-1.25831105083834,0.732290288061016,250
1423,-1.1740303834929,-1.18018472510098,-1.16851892556224,0.743984314943826,250
1424,-1.26894277182055,-1.27711873386915,-1.26251645394889,0.736829296778027,250
1425,-1.22601054024994,-1.23238761498865,-1.22047573951547,0.744386288674647,250
1426,-1.32092292857759,-1.32935729801132,-1.31447326790212,0.73727052753826,250
1427,-1.2303148952607,-1.2366654799802,-1.2246811425335,0.748779513065912,250
1428,-1.32522728358836,-1.33281356265655,-1.31867867092015,0.741959401976661,250
1429,-1.19926927025085,-1.20543770381623,-1.1938567702091,0.739754991645585,250
1430,-1.2941816585785,-1.30262341002079,-1.28785429859575,0.732289879106369,250
1431,-1.20357362536652,-1.20972335254506,-1.19806217331965,0.743984551107567,250
1432,-1.29848601369417,-1.30661032988745,-1.29205970170629,0.736829384849096,250
1433,-1.25624929009381,-1.26262626383689,-1.25071449535088,0.744386028636223,250
1434,-1.35116167842146,-1.35959374107979,-1.34471202373753,0.737270120362782,250
1435,-1.26055364510458,-1.26682108666143,-1.25491989836892,0.748779751077246,250
1436,-1.35546603343223,-1.36305000051007,-1.34891742675557,0.741959490109708,250
1437,-1.22950802009472,-1.23566926540945,-1.22409552604452,0.73975471927765,250
1438,-1.32442040842237,-1.3328297496465,-1.31809305443116,0.732289456715358,250
1439,-1.23381237521039,-1.23995979088915,-1.22830092915506,0.7439847890147,250
1440,-1.32872476353804,-1.33683753059429,-1.32229845754171,0.73682947118134,250
1441,-2.23906247557793,-2.27254880608494,-2.22864801505385,0.762567117970401,250
1442,-2.334398220545,-2.36688387195941,-2.32306481938621,0.759834440027004,250
1443,-2.2434827247947,-2.27857328809519,-2.23296664798333,0.767157524875064,250
1444,-2.33881846917065,-2.37223969255318,-2.32738345171846,0.764456231284759,250
1445,-2.21196241848849,-2.24613677157223,-2.20167189960912,0.757181859886707,250
1446,-2.30729816446728,-2.33891811753334,-2.29608870491265,0.754437655907353,250
1447,-2.21638266938662,-2.2502119839516,-2.20599053421879,0.761752928161716,250
1448,-2.31171841508969,-2.34265528884237,-2.30040733927636,0.759049035359318,250
1449,-2.39402642540906,-2.42752326320788,-2.38361199572996,0.762571939931118,250
1450,-2.48936217037613,-2.52175070821135,-2.47802880006232,0.759838744664897,250
1451,-2.39844667462583,-2.43355826153097,-2.38793062865945,0.767163618541713,250
1452,-2.49378241900178,-2.52719181435383,-2.48234743239458,0.764461760407455,250
1453,-2.36692636831962,-2.40111258116297,-2.35663588028524,0.757186761088614,250
1454,-2.46226211429841,-2.49384387807643,-2.45105268558876,0.754442038911874,250
1455,-2.37134661921775,-2.40524793190713,-2.36095451489491,0.761759144961357,250
1456,-2.46668236492082,-2.49760742316767,-2.45537131995247,0.759054685445074,250
1457,-2.42356966728268,-2.45706851339114,-2.41315524348737,0.76257285668045,250
1458,-2.51890541224975,-2.55129758314744,-2.50757204781973,0.759839562991194,250
1459,-2.42798991649945,-2.46316053009566,-2.41747387641685,0.767164777711371,250
1460,-2.5233256608754,-2.55673280745847,-2.51189068015198,0.764462812154541,250
1461,-2.39646961019324,-2.43065809219707,-2.38617912804264,0.757187693016684,250
1462,-2.49180535617203,-2.5233798369854,-2.48059593334616,0.754442872249404,250
1463,-2.40088986109137,-2.43479581145634,-2.39049776265231,0.761760327677204,250
1464,-2.49622560679444,-2.52714839675554,-2.48491456770988,0.759055760323869,250
1465,-2.45380841712656,-2.487309305739,-2.44339399932278,0.762573791958482,250
1466,-2.54914416209363,-2.58154005920999,-2.53781080365514,0.759840397605845,250
1467,-2.45822866634332,-2.49339020254892,-2.44771263225227,0.767165961124792,250
1468,-2.55356441071928,-2.58696925713269,-2.5421294359874,0.764463885695847,250
1469,-2.42670836003712,-2.46089915765201,-2.41641788387806,0.757188643553556,250
1470,-2.52204410601591,-2.55361112095447,-2.51083468918158,0.754443721959125,250
1471,-2.43112861093525,-2.4650392745014,-2.42073651848772,0.761761534910593,250
1472,-2.52646435663831,-2.55738484597895,-2.51515332354529,0.75905685726905,250
1473,-3.93206892476057,-3.99736715077379,-3.9205857455634,0.7868837701056,250
1474,-4.02740466620341,-4.09242593846206,-4.01500254635863,0.786741383919969,250
1475,-3.93648970712886,-3.99867081592636,-3.92490489938108,0.790268083580242,250
1476,-4.03182544798961,-4.09887948700278,-4.01932169959509,0.79012456911202,250
1477,-3.90496828750524,-3.96745527773199,-3.89360905267695,0.781865193894814,250
1478,-4.00030402957811,-4.06191947705606,-3.98802585406831,0.781805743337027,250
1479,-3.90938906973021,-3.97019410341915,-3.89792820637457,0.785254947108329,250
1480,-4.00472481167867,-4.06803692984467,-3.99234500767559,0.785198796534902,250
1481,-4.0870328745917,-4.15219280411811,-4.07554972623951,0.786891547879063,250
1482,-4.18236861603454,-4.24736453961023,-4.16996652703475,0.786748697373649,250
1483,-4.09145365695999,-4.15359433528702,-4.0798688800572,0.79027659391577,250
1484,-4.18678939782074,-4.25388520033415,-4.17428568027121,0.790132585442454,250
1485,-4.05993223733637,-4.12240741448376,-4.04857303335306,0.781873126299725,250
1486,-4.15526797940924,-4.21682420372964,-4.14298983474443,0.781813208376594,250
1487,-4.06435301956134,-4.12530172735161,-4.05289218705068,0.785263637017623,250
1488,-4.1596887615098,-4.22298904800897,-4.1473089883517,0.785206988196722,250
1489,-4.11657611646532,-4.1817202516593,-4.10509297399692,0.786893029531588,250
1490,-4.21191185790816,-4.27690992747667,-4.19950977479215,0.786750090603486,250
1491,-4.12099689883361,-4.18312986093582,-4.1094121278146,0.79027821521909,250
1492,-4.21633263969436,-4.28343641675496,-4.20382892802861,0.790134112664642,250
1493,-4.08947547920999,-4.15196047048397,-4.07811628111046,0.781874637485905,250
1494,-4.18481122128286,-4.24624386429787,-4.17253308250183,0.78181463055863,250
1495,-4.09389626143496,-4.15485877507285,-4.08243543480808,0.785265292609668,250
1496,-4.18923200338343,-4.2525300502015,-4.17685223610911,0.785208548897987,250
1497,-4.14681486630919,-4.2119427986041,-4.13533172983233,0.786894543199197,250
1498,-4.24215060775204,-4.3071508951662,-4.22974853062757,0.786751513844777,250
1499,-4.15123564867749,-4.21336287375935,-4.13965088365002,0.790279871830737,250
1500,-4.24657138953823,-4.31368331330246,-4.23406768386402,0.79013567305973,250
1501,-4.11971422905386,-4.18238805405511,-4.10835503694588,0.781876181189916,250
1502,-4.21504997112674,-4.27651265072543,-4.20277183833725,0.781816083246793,250
1503,-4.12413501127883,-4.18511160727627,-4.1126741906435,0.785266984123264,250
1504,-4.2194707532273,-4.28276648976159,-4.20709099194452,0.785210143372145,250
1505,-5.35024351699168,-5.43599446270917,-5.33814806274316,0.748462611225137,250
1506,-5.44557926097291,-5.53224572837549,-5.43256486604108,0.750883874769711,250
1507,-5.35466435240941,-5.43617276522034,-5.34246726838724,0.75065243232913,250
1508,-5.45000009639071,-5.53636517738542,-5.4368840717055,0.753082632289045,250
1509,-5.32314281763236,-5.40611226964131,-5.31117130782125,0.743892533777312,250
1510,-5.4184785617708,-5.50725506803896,-5.40558811126925,0.746429084776422,250
1511,-5.32756365286035,-5.41241989966766,-5.31549051333498,0.746087938011094,250
1512,-5.42289939680224,-5.51267948639304,-5.40990731661431,0.748635853278773,250
1513,-5.50520746682281,-5.59113568965078,-5.49311204341927,0.74846824113215,250
1514,-5.60054321080404,-5.68722342950744,-5.58752884671719,0.750889211635839,250
1515,-5.50962830224054,-5.59079261432929,-5.49743124906336,0.750658506100182,250
1516,-5.60496404622184,-5.69151612616195,-5.59184805238161,0.753088395782024,250
1517,-5.47810676746349,-5.56112067199823,-5.46613528849736,0.743898295985088,250
1518,-5.57344251160193,-5.66220718476831,-5.56055209194536,0.746434550434711,250
1519,-5.48252760269148,-5.56737202817584,-5.47045449401109,0.746094156755733,250
1520,-5.57786334663337,-5.66774327378262,-5.56487129729043,0.748641757553116,250
1521,-5.53475070869643,-5.62067662392342,-5.52265529117668,0.748469314087004,250
1522,-5.63008645267766,-5.71676930683804,-5.6170720944746,0.750890228767374,250
1523,-5.53917154411417,-5.62034746873718,-5.52697449682076,0.750659663674587,250
1524,-5.63450728809547,-5.72110157505384,-5.62139130013902,0.753089494246982,250
1525,-5.50765000933711,-5.59067238883788,-5.49567853625476,0.743899394199947,250
1526,-5.60298575347555,-5.69174819890794,-5.59009533970276,0.74643559215664,250
1527,-5.5120708445651,-5.59691301545971,-5.4999977417685,0.746095342006113,250
1528,-5.60740658850699,-5.69728426523106,-5.59441454504783,0.748642882894101,250
1529,-5.5649894585403,-5.65091304049524,-5.55289404701209,0.748470409758356,250
1530,-5.66032520252154,-5.74701073603358,-5.64731085031001,0.750891267373381,250
1531,-5.56941029395804,-5.65059810343888,-5.55721325265618,0.75066084596613,250
1532,-5.66474603793934,-5.75132000109401,-5.65163005597443,0.75309061611017,250
1533,-5.53788875918098,-5.62092929209318,-5.52591729209018,0.743900515601433,250
1534,-5.63322450331942,-5.72198462546315,-5.62033409553818,0.746436655811119,250
1535,-5.54230959440898,-5.62714944813992,-5.53023649760391,0.746096552500345,250
1536,-5.63764533835087,-5.72752070195501,-5.62465330088324,0.748644032144973,250
1537,-6.41667707497503,-6.52394296490413,-6.4041561093013,0.524077002309196,250
1538,-6.51201281805942,-6.62182159479316,-6.49857291181901,0.528779499291934,250
1539,-6.42109791514816,-6.52499234250065,-6.40847531957884,0.525479633179631,250
1540,-6.51643365835897,-6.619893925628,-6.50289212222724,0.53022630405139,250
1541,-6.38957637213632,-6.48807463461317,-6.37717935092646,0.518993873911268,250
1542,-6.48491211522071,-6.58697272441934,-6.47159615344418,0.523771080939391,250
1543,-6.39399721315322,-6.49364336385406,-6.38149856209109,0.520383918215061,250
1544,-6.48933295636403,-6.59336350324366,-6.47591536473949,0.525207370058173,250
1545,-6.57164102480616,-6.67889508951294,-6.55912008997741,0.524083295845927,250
1546,-6.66697676789056,-6.77711406100569,-6.65353689249513,0.528785643967021,250
1547,-6.57606186497929,-6.67993351949718,-6.56343930025495,0.525486233120829,250
1548,-6.6713976081901,-6.77484605728547,-6.65785610290336,0.530232746238154,250
1549,-6.54454032196744,-6.64294862155846,-6.53214333160258,0.519000277835042,250
1550,-6.63987606505184,-6.74192485400212,-6.62656013412029,0.523777334980008,250
1551,-6.54896116298435,-6.64859549391289,-6.5364625427672,0.520390635188954,250
1552,-6.64429690619516,-6.74842812098739,-6.63087934541561,0.525213928016991,250
1553,-6.60118426667978,-6.70843607748803,-6.58866333773482,0.52408449603012,250
1554,-6.69652000976417,-6.80665956828334,-6.68308014025253,0.52878681578125,250
1555,-6.60560510685291,-6.70948523633684,-6.59298254801235,0.525487491719796,250
1556,-6.70094085006372,-6.80438704156884,-6.68739935066076,0.530233974771673,250
1557,-6.57408356384107,-6.67249933122101,-6.56168657935998,0.519001499084875,250
1558,-6.66941930692546,-6.77147169250447,-6.6561033818777,0.523778527664966,250
1559,-6.57850440485797,-6.67813649084326,-6.56600579052461,0.520391916120561,250
1560,-6.67384014806878,-6.77799053646476,-6.66042259317301,0.525215178642642,250
1561,-6.63142301652366,-6.73867252234012,-6.61890209357024,0.524085722490319,250
1562,-6.72675875960805,-6.83690063015064,-6.71331889608795,0.528788013239132,250
1563,-6.63584385669678,-6.73973264766948,-6.62322130384777,0.525488777975396,250
1564,-6.73117959990759,-6.83462348930116,-6.71763810649617,0.530235230289768,250
1565,-6.60432231368494,-6.7027456986959,-6.5919253351954,0.519002747051665,250
1566,-6.69965805676933,-6.80173020955508,-6.68634213771311,0.523779746430754,250
1567,-6.60874315470185,-6.70837291524732,-6.59624454636002,0.520393225179489,250
1568,-6.70407889791266,-6.8082377075755,-6.69066134900843,0.525216456718729,250
1569,-6.58528316984405,-6.68369406130709,-6.57278679938656,0.457043196351628,250
1570,-6.68061891541969,-6.77996144574124,-6.66720360433498,0.461171999267802,250
1571,-6.58970401148213,-6.69066311087268,-6.57710601113256,0.458134853584124,250
1572,-6.68503975720745,-6.78562261619168,-6.67152281623091,0.462310813669819,250
1573,-6.55818246672055,-6.65386943617764,-6.54581004077586,0.452210123550533,250
1574,-6.65351821223688,-6.75137100873876,-6.6402268456561,0.45638411468819,250
1575,-6.56260330778796,-6.66065279038056,-6.55012925189693,0.453286373228942,250
1576,-6.65793905330428,-6.75817208735696,-6.64454605677717,0.457509164135328,250
1577,-6.74024711967518,-6.83864618401347,-6.72775078006267,0.457050730117562,250
1578,-6.83558286525082,-6.9350114415058,-6.82216758501109,0.461179419274036,250
1579,-6.74466796131326,-6.8454842041254,-6.73206999180867,0.458142645812801,250
1580,-6.84000370703858,-6.94057474106823,-6.82648679690703,0.462318485878958,250
1581,-6.71314641655168,-6.808795849591,-6.70077402145198,0.452217761532633,250
1582,-6.80848216206801,-6.90661457292644,-6.79519082633221,0.456391638628592,250
1583,-6.71756725761909,-6.81560491634452,-6.70509323257305,0.453294274698254,250
1584,-6.81290300313541,-6.91307432532158,-6.79951003745329,0.45751694516406,250
1585,-6.7697903615488,-6.86818717213222,-6.75729402782008,0.457052166835769,250
1586,-6.86512610712444,-6.9645711531085,-6.8517108327685,0.461180834312319,250
1587,-6.77421120318688,-6.87501671315608,-6.76161323956607,0.458144131806321,250
1588,-6.86954694891221,-6.97011572498112,-6.85603004466443,0.462319948999044,250
1589,-6.74268965842531,-6.83833193514939,-6.73031726920938,0.452219218134417,250
1590,-6.83802540394163,-6.93630070691466,-6.82473407408962,0.456393073496667,250
1591,-6.74711049949271,-6.84514591201492,-6.73463648033045,0.453295781533281,250
1592,-6.84244624500903,-6.9426057960284,-6.82905328521069,0.457518429045357,250
1593,-6.80002911139268,-6.89842362736276,-6.78753278365549,0.457053635627437,250
1594,-6.89536485696831,-6.99482664362358,-6.88194958860391,0.461182280936993,250
1595,-6.80444995303075,-6.90524448216038,-6.79185199540149,0.458145651037155,250
1596,-6.89978569875608,-7.0003521799977,-6.88626880049985,0.462321444841447,250
1597,-6.77292840826918,-6.86856336496315,-6.7605560250448,0.452220707238521,250
1598,-6.86826415378551,-6.966685719843,-6.85497282992504,0.456394540379095,250
1599,-6.77734924933658,-6.87538234677868,-6.76487523616587,0.453297322056964,250
1600,-6.87268499485291,-6.97283447459025,-6.8592920410461,0.4575199460988,250
1601,-3.10744246411425,-3.13660843297995,-3.1008030335873,0.519762318030674,250
1602,-3.20262575085003,-3.23731879060236,-3.19506884922306,0.525504874687123,250
1603,-3.11179520946106,-3.14244600266937,-3.10505546894333,0.524007398363303,250
1604,-3.20697849619684,-3.2431353825468,-3.19932128457908,0.529838701666537,250
1605,-3.08281228768135,-3.10879374407697,-3.07632901485645,0.513339979757088,250
1606,-3.17799557441713,-3.20863852753629,-3.17059483049221,0.519152505463565,250
1607,-3.08716503221457,-3.11397177991771,-3.08058144942555,0.517502110188696,250
1608,-3.18234831895035,-3.21195349195878,-3.17484726506131,0.523413083984296,250
1609,-3.26240641394538,-3.29164559663397,-3.25576701426342,0.519748232194319,250
1610,-3.35758970068116,-3.3922449529191,-3.35003282989917,0.525491075278719,250
1611,-3.26675915929219,-3.29723174124956,-3.26001944961944,0.523994224764468,250
1612,-3.36194244602797,-3.39799080660743,-3.3542852652552,0.529825789172413,250
1613,-3.23777623751248,-3.26355038585902,-3.23129299553257,0.513325530200801,250
1614,-3.33295952424826,-3.36359066268871,-3.32555881116833,0.519138354524034,250
1615,-3.2421289820457,-3.2689239142593,-3.23554543010167,0.517488584579144,250
1616,-3.33731226878148,-3.36692096989757,-3.32981124573742,0.523399831626424,250
1617,-3.291949655819,-3.32118659039054,-3.28531026202082,0.519745545826244,250
1618,-3.38713294255478,-3.4217809745021,-3.37957607765657,0.525488443576665,250
1619,-3.29630240116581,-3.32677273079753,-3.28956269737685,0.523991712301612,250
1620,-3.39148568790159,-3.42741776929968,-3.3838285130126,0.529823326548282,250
1621,-3.2673194793861,-3.2930957172066,-3.26083624328997,0.513322774535182,250
1622,-3.36250276612188,-3.39313166835834,-3.35510205892573,0.519135655847546,250
1623,-3.27167222391932,-3.29846488817286,-3.26508867785907,0.51748600505155,250
1624,-3.3668555106551,-3.396466463868,-3.35935449349483,0.523397304252633,250
1625,-3.32218840566288,-3.35142303273873,-3.31554901785624,0.519742794590352,250
1626,-3.41737169239866,-3.45201234149325,-3.40981483349199,0.525485748343072,250
1627,-3.32654115100969,-3.35700918361545,-3.31980145321226,0.523989139071141,250
1628,-3.42172443774547,-3.45769822504058,-3.41406726884802,0.529820804380064,250
1629,-3.29755822922997,-3.32335220566073,-3.29107499912539,0.513319952241754,250
1630,-3.39274151596575,-3.42336808996999,-3.38534081476114,0.519132891936488,250
1631,-3.3019109737632,-3.32870134205374,-3.29532743369449,0.517483363046809,250
1632,-3.39709426049898,-3.42670752573531,-3.38959324933024,0.523394715682153,250
1633,-2.04304723263481,-2.0755789313312,-2.03548420541153,0.6980215404964,250
1634,-2.13811198146481,-2.1704899876388,-2.12963262559345,0.696741295742642,250
1635,-2.04736755362827,-2.0793382073798,-2.0397049636553,0.702789154583837,250
1636,-2.14243230245827,-2.17535742254506,-2.13385338383722,0.701501629629423,250
1637,-2.01850896307924,-2.04958724758452,-2.01110151094718,0.68989728254524,250
1638,-2.11357371190924,-2.14843227791807,-2.10524993112911,0.688660455029266,250
1639,-2.02282928510204,-2.0538826890187,-2.01532227018796,0.694594679285969,250
1640,-2.11789403393203,-2.1520568429799,-2.10947069036988,0.693361749558527,250
1641,-2.19801118246594,-2.23029920261688,-2.19044818608764,0.698005757813758,250
1642,-2.29307593129594,-2.32538646656956,-2.28459660626957,0.696725675837123,250
1643,-2.2023315034594,-2.23427619012088,-2.19466894433141,0.702774804779583,250
1644,-2.2973962522894,-2.3302378294176,-2.28881736451334,0.70148741259052,250
1645,-2.17347291291037,-2.20447660387092,-2.1660654916233,0.689880797476823,250
1646,-2.26853766174037,-2.3033844011292,-2.26021391180522,0.688644157352197,250
1647,-2.17779323493317,-2.20890341484547,-2.17028625086408,0.694579645468164,250
1648,-2.27285798376316,-2.30698356244831,-2.264434671046,0.693346874093376,250
1649,-2.22755442433956,-2.25984019344603,-2.21999143384505,0.698002745695577,250
1650,-2.32261917316956,-2.35494239568047,-2.31413985402697,0.696722694966792,250
1651,-2.23187474533302,-2.26380279872736,-2.22421219208882,0.702772065801378,250
1652,-2.32693949416302,-2.35980144642057,-2.31836061227074,0.701484699143544,250
1653,-2.20301615478399,-2.23401756322617,-2.1956087393807,0.689877651541046,250
1654,-2.29808090361399,-2.33292539595257,-2.28975715956263,0.688641047355013,250
1655,-2.20733647680679,-2.23837590919782,-2.19982949862148,0.694576776174658,250
1656,-2.30240122563678,-2.33652455157977,-2.2939779188034,0.693344035207345,250
1657,-2.25779317418344,-2.29007663388574,-2.25023018968046,0.697999660206466,250
1658,-2.35285792301344,-2.38519002432676,-2.34437860986239,0.69671964151425,250
1659,-2.2621134951769,-2.29402451932677,-2.25445094792423,0.702769259872573,250
1660,-2.35717824400689,-2.39012901484966,-2.34859936810616,0.701481919402808,250
1661,-2.23325490462787,-2.26427936907296,-2.22584749521612,0.689874428801172,250
1662,-2.32831965345786,-2.36312832309135,-2.31999591539804,0.688637861459673,250
1663,-2.23757522665066,-2.26861234511409,-2.2300682544569,0.694573836573813,250
1664,-2.33263997548066,-2.36676098985063,-2.32421667463882,0.693341126792966,250
1665,-1.36270210838592,-1.38018349570743,-1.35583249440318,0.715399996294358,250
1666,-1.45761449976022,-1.47583644729326,-1.44983002581937,0.711185244393845,250
1667,-1.36698105329671,-1.38143823503594,-1.36001283007452,0.71925610601164,250
1668,-1.46189344467101,-1.47998136165167,-1.45401036149071,0.715063742860482,250
1669,-1.33828162690311,-1.35450738350479,-1.33156684114871,0.70785220411818,250
1670,-1.43319401827741,-1.450531259415,-1.4255643725649,0.703578110878528,250
1671,-1.34256057148587,-1.3581327614876,-1.33574717651906,0.711624236461071,250
1672,-1.43747296286016,-1.45600728178479,-1.42974470793525,0.707382049568812,250
1673,-1.51766605821705,-1.53513835622167,-1.51079647507929,0.71538939798106,250
1674,-1.61257844959134,-1.63092965775589,-1.60479400649549,0.711174465616211,250
1675,-1.52194500312784,-1.53643509888753,-1.51497681075063,0.7192475448728,250
1676,-1.61685739450214,-1.63490186847943,-1.60897434216682,0.715054964669649,250
1677,-1.49324557673424,-1.50909247413373,-1.48653082182482,0.707840693418069,250
1678,-1.58815796810854,-1.60569864941627,-1.58052835324101,0.703566447013318,250
1679,-1.49752452131699,-1.51306005756442,-1.49071115719517,0.711614786255557,250
1680,-1.59243691269129,-1.61090466833839,-1.58470868861136,0.707372412044007,250
1681,-1.54720930009067,-1.56467934737621,-1.5403397228367,0.715387373144333,250
1682,-1.64212169146497,-1.66046362203227,-1.63433725425289,0.711172406675613,250
1683,-1.55148824500147,-1.56598363853717,-1.54452005850803,0.719245908384764,250
1684,-1.64640063637576,-1.66443682224271,-1.63851758992422,0.715053287109606,250
1685,-1.52278881860786,-1.53859216487134,-1.51607406958222,0.707838494753051,250
1686,-1.61770120998216,-1.63522548676681,-1.61007160099841,0.703564219446494,250
1687,-1.52706776319062,-1.54259180499334,-1.52025440495257,0.71161298038425,250
1688,-1.62198015456492,-1.640435686862,-1.61425193636876,0.707370570766749,250
1689,-1.57744804993454,-1.59491577675263,-1.57057847867211,0.715385297482368,250
1690,-1.67236044130884,-1.69069285688657,-1.66457601008831,0.711170296157008,250
1691,-1.58172699484534,-1.59622699902941,-1.57475881434345,0.719244230187109,250
1692,-1.67663938621964,-1.69466708415283,-1.66875634575964,0.715051566927913,250
1693,-1.55302756845174,-1.56878638479945,-1.54631282541764,0.707836240809393,250
1694,-1.64793995982604,-1.66544741735102,-1.64031035683383,0.703561935978009,250
1695,-1.55730651303449,-1.57280712157946,-1.55049316078799,0.71161112844608,250
1696,-1.65221890440879,-1.67067590208816,-1.64449069220418,0.707368682652045,250
1697,-2.05177187282079,-2.06690096213044,-2.04408724837148,0.757619923807915,250
1698,-2.14695515982856,-2.16597782240377,-2.13835306427453,0.75436569506746,250
1699,-2.0561246181676,-2.06954941715753,-2.04833968372751,0.762358185202327,250
1700,-2.15130790517537,-2.16823472443543,-2.14260549963055,0.759065861972188,250
1701,-2.02714169638789,-2.04061533357979,-2.01961322964063,0.75183920357394,250
1702,-2.12232498339565,-2.1402747745089,-2.11387904554368,0.748542580897207,250
1703,-2.03149444092112,-2.0437666890562,-2.02386566420973,0.756625406957105,250
1704,-2.12667772792888,-2.14470678548628,-2.11813148011278,0.753295662176202,250
1705,-2.20673582265192,-2.22185308778713,-2.1990512290476,0.757617730224323,250
1706,-2.30191910965968,-2.32108147655214,-2.29331704495064,0.754363099348298,250
1707,-2.21108856799874,-2.22441025948365,-2.20330366440362,0.762357865096947,250
1708,-2.30627185500649,-2.3233977498401,-2.29756948030667,0.759065086914546,250
1709,-2.18210564621902,-2.19553543807061,-2.17457721031675,0.751836277453708,250
1710,-2.27728893322678,-2.29528825025748,-2.26884302621979,0.748539276494983,250
1711,-2.18645839075225,-2.19871881671153,-2.17882964488585,0.756624395842509,250
1712,-2.28164167776001,-2.29954207192946,-2.27309546078889,0.753294220043013,250
1713,-2.23627906452555,-2.25139408676057,-2.228594476805,0.757617308127311,250
1714,-2.33146235153331,-2.35065362339749,-2.32286029270805,0.754362600862964,250
1715,-2.24063180987236,-2.25401073138186,-2.23284691216103,0.762357800151045,250
1716,-2.33581509688012,-2.35298351745463,-2.32711272806407,0.759064935516428,250
1717,-2.21164888809264,-2.22507032889965,-2.20412045807415,0.751835715778476,250
1718,-2.3068321751004,-2.3248409771211,-2.2983862739772,0.748538642978793,250
1719,-2.21600163262587,-2.22825980278089,-2.20837289264325,0.75662419923278,250
1720,-2.31118491963363,-2.32908305627479,-2.3026387085463,0.753293941543906,250
1721,-2.26651781436942,-2.28163050810739,-2.25883323264041,0.757616873339452,250
1722,-2.36170110137718,-2.38092197003567,-2.35309904854346,0.75436208793836,250
1723,-2.27087055971623,-2.28428799618277,-2.26308566799644,0.762357730916876,250
1724,-2.36605384672399,-2.38326581214762,-2.35735148389949,0.759064777847864,250
1725,-2.24188763793652,-2.25530052939969,-2.23435921390957,0.751835137755752,250
1726,-2.33707092494428,-2.35507473946135,-2.32862502981261,0.748537991482888,250
1727,-2.24624038246974,-2.25849624656531,-2.23861164847866,0.756623994858667,250
1728,-2.3414236694775,-2.35931950127069,-2.33287746438171,0.753293653415509,250
1729,-1.03124921214126,-1.03323628204677,-1.02592909376985,0.737827742954954,250
1730,-1.12616160355695,-1.12846541404724,-1.11992662520156,0.730020851229713,250
1731,-1.03552815705206,-1.0379217428481,-1.03010942944119,0.741658397804947,250
1732,-1.13044054846775,-1.13269085211449,-1.1241069608729,0.733918929248539,250
1733,-1.00682873065846,-1.00898967326527,-1.00166344051538,0.732578325814976,250
1734,-1.10174112207414,-1.10347470865179,-1.09566097194709,0.724500645785872,250
1735,-1.01110767524121,-1.01341553310509,-1.00584377588573,0.736375387434062,250
1736,-1.1060200666569,-1.11069728686168,-1.09984130731744,0.728366517975997,250
1737,-1.18621316197239,-1.18825420122658,-1.18089307444597,0.737823869894661,250
1738,-1.28112555338808,-1.28346356361896,-1.27489060587768,0.73001628305798,250
1739,-1.19049210688319,-1.19288153616889,-1.18507341011731,0.741657410578361,250
1740,-1.28540449829888,-1.28763534705821,-1.27907094154902,0.733917230369443,250
1741,-1.16179268048959,-1.16394178924106,-1.1566274211915,0.732573319817208,250
1742,-1.25670507190527,-1.25845349179515,-1.25062495262321,0.724494956619901,250
1743,-1.16607162507234,-1.16837734430524,-1.16080775656185,0.73637330387351,250
1744,-1.26098401648803,-1.26568405141967,-1.25480528799356,0.728363739977203,250
1745,-1.21575640384601,-1.21779881188278,-1.21043632220337,0.737823125285717,250
1746,-1.3106687952617,-1.3130252324201,-1.30443385363508,0.730015406317562,250
1747,-1.22003534875681,-1.222422521046,-1.21461665787471,0.741657216100553,250
1748,-1.3149477401725,-1.31718256494012,-1.30861418930642,0.733916900617718,250
1749,-1.19133592236321,-1.19357146580924,-1.1861706689489,0.732572359340157,250
1750,-1.28624831377889,-1.28799521223857,-1.28016820038061,0.724493866287124,250
1751,-1.19561486694596,-1.19791909626552,-1.19035100431925,0.736372900501401,250
1752,-1.29052725836165,-1.29515995706223,-1.28434853575096,0.728363204612199,250
1753,-1.24599515368989,-1.24803896053215,-1.24067507803879,0.737822359807592,250
1754,-1.34090754510557,-1.34333885083022,-1.3346726094705,0.73001450559335,250
1755,-1.25027409860069,-1.25265897287035,-1.24485541371013,0.741657013671933,250
1756,-1.34518649001637,-1.34742544499499,-1.33885294514184,0.733916559732904,250
1757,-1.22157467220708,-1.22376226170552,-1.21640942478431,0.732571372420043,250
1758,-1.31648706362277,-1.31824120498249,-1.31040695621602,0.724492746454337,250
1759,-1.22585361678984,-1.22816240962191,-1.22058976015466,0.73637248375692,250
1760,-1.32076600820552,-1.32539140000598,-1.31458729158638,0.72836265277486,250
1761,-2.22698534918716,-2.25859085893523,-2.21669439759815,0.755664062661567,250
1762,-2.32232109375847,-2.35418520356967,-2.31111120151765,0.752192974386734,250
1763,-2.23137950509655,-2.26024305786671,-2.2209872892277,0.759316637288143,250
1764,-2.32671525050506,-2.35446108936402,-2.31540409400543,0.755800768478621,250
1765,-2.20223721976821,-2.22982723568746,-2.19210317372119,0.749613958026836,250
1766,-2.29757296684534,-2.32548439278033,-2.28651998013975,0.746165971731042,250
1767,-2.20663137621065,-2.23228527467244,-2.19639606593035,0.753290785320684,250
1768,-2.30196712139276,-2.32644987434489,-2.29081287044211,0.749801485881879,250
1769,-2.38194929901829,-2.41356887394237,-2.37165837827426,0.755665408230438,250
1770,-2.4772850435896,-2.50899491482415,-2.46607518219377,0.752193925341628,250
1771,-2.38634345492768,-2.41525139063814,-2.37595126990382,0.759319429059206,250
1772,-2.48167920033619,-2.50941320985516,-2.47036807468155,0.755803119463586,250
1773,-2.35720116959934,-2.38471947780809,-2.34706715439731,0.749614770771536,250
1774,-2.45253691667647,-2.48055737793719,-2.44148396081587,0.746166411185011,250
1775,-2.36159532604178,-2.38721211694537,-2.35136004660646,0.753293077311453,250
1776,-2.45693107122389,-2.481402007219,-2.44577685111823,0.749803357782915,250
1777,-2.41149254089191,-2.44311355424965,-2.40120162603166,0.755665662250039,250
1778,-2.50682828546322,-2.5385087602361,-2.49561842995117,0.752194104334531,250
1779,-2.4158866968013,-2.44478452655131,-2.40549451766122,0.759319958787694,250
1780,-2.51122244220981,-2.53895420714253,-2.49991132243895,0.755803565365595,250
1781,-2.38674441147296,-2.41425810231618,-2.37661040215471,0.74961492327987,250
1782,-2.48208015855009,-2.51014128687725,-2.47102720857327,0.74616649273106,250
1783,-2.3911385679154,-2.41675304250111,-2.38090329436387,0.753293511827456,250
1784,-2.48647431309751,-2.51094298820532,-2.47532009887563,0.749803712417428,250
1785,-2.44173129073578,-2.47335613857705,-2.43144038186708,0.75566591967801,250
1786,-2.53706703530709,-2.56871738382067,-2.52585718578659,0.75219428502617,250
1787,-2.44612544664518,-2.4750129201736,-2.43573327349664,0.759320498408449,250
1788,-2.54146119205369,-2.56919064768315,-2.53015007827437,0.755804019245481,250
1789,-2.41698316131684,-2.44449454515564,-2.40684915799013,0.749615076521184,250
1790,-2.51231890839397,-2.5403832224784,-2.50126596440869,0.746166573404812,250
1791,-2.42137731775927,-2.44698952133692,-2.41114205019928,0.753293953704795,250
1792,-2.51671306294138,-2.54117942303306,-2.50555885471105,0.749804072600892,250
1793,-3.91892433868808,-3.98057025200094,-3.90767395224188,0.772996166545753,250
1794,-4.01426008167123,-4.07669865758332,-4.00209075467504,0.772124076417906,250
1795,-3.92331902396573,-3.98201405915336,-3.91196736108289,0.776276368312761,250
1796,-4.01865476697207,-4.08253112904775,-4.00638416348176,0.775348547287763,250
1797,-3.89417568462324,-3.95389716599215,-3.88308220714977,0.76702368025369,250
1798,-3.98951142721369,-4.05196150534779,-3.97749900915035,0.766253367924536,250
1799,-3.89857036907289,-3.95776519131621,-3.88737561508399,0.770335543610815,250
1800,-3.99390611180827,-4.05393665623171,-3.98179241726166,0.769511899044955,250
1801,-4.07388828851921,-4.13562915650608,-4.062637932918,0.772998218098395,250
1802,-4.16922403150236,-4.23165077196947,-4.15705473535115,0.772125848126644,250
1803,-4.07828297379686,-4.13697895413388,-4.06693134175901,0.776279264878525,250
1804,-4.1736187168032,-4.23751812187484,-4.16134814415788,0.775351135452104,250
1805,-4.04913963445437,-4.10897802881946,-4.03804618782589,0.76702545222918,250
1806,-4.14447537704482,-4.20691362805416,-4.13246298982647,0.76625487152075,250
1807,-4.05353431890402,-4.11271732177509,-4.0423395957601,0.770338179533764,250
1808,-4.1488700616394,-4.20885627844717,-4.13675639793777,0.769514237307546,250
1809,-4.10343153039283,-4.1651644914878,-4.0921811806754,0.772998607593083,250
1810,-4.19876727337598,-4.26119177170442,-4.18659798310856,0.772126184386505,250
1811,-4.10782621567048,-4.16652803637379,-4.09647458951641,0.776279815470324,250
1812,-4.20316195867683,-4.26706575939615,-4.19089139191528,0.77535162736595,250
1813,-4.07868287632799,-4.13852760953139,-4.06758943558329,0.767025788472511,250
1814,-4.17401861891844,-4.23645461617292,-4.16200623758387,0.766255156713953,250
1815,-4.08307756077764,-4.14225830218365,-4.07188284351751,0.770338680483511,250
1816,-4.17841330351302,-4.23829789489808,-4.16629964569517,0.769514681626119,250
1817,-4.1336702802367,-4.19539169760935,-4.12241993651082,0.772999004436562,250
1818,-4.22900602321985,-4.29142821239394,-4.21683673894397,0.772126526786803,250
1819,-4.13806496551436,-4.19677277648087,-4.12671334535182,0.776280377203999,250
1820,-4.2334007085207,-4.29730899784878,-4.2211301477507,0.775352129085961,250
1821,-4.10892162617186,-4.16877284911213,-4.0978281914187,0.76702613062548,250
1822,-4.20425736876231,-4.26669107140346,-4.19224499341929,0.766255446665537,250
1823,-4.11331631062151,-4.17249473954913,-4.10212159935292,0.770339191219438,250
1824,-4.20865205335689,-4.26846720110682,-4.19653840153059,0.769515134449203,250
1825,-5.38046876406884,-5.447386065452,-5.3695714731336,0.729545667586477,250
1826,-5.47580450810876,-5.55341275194958,-5.4639882766064,0.731978550674091,250
1827,-5.38486350187356,-5.45295563981656,-5.373864933276,0.732706639270213,250
1828,-5.48019924681402,-5.55374760160724,-5.46828173765968,0.735093346611938,250
1829,-5.35572005316754,-5.41940722192626,-5.34497967153249,0.724587132714568,250
1830,-5.4510557964127,-5.52044517529543,-5.43939647423398,0.727135682011596,250
1831,-5.36011479026802,-5.42216794933267,-5.34927313093729,0.727767989661316,250
1832,-5.45545053411259,-5.5231696335943,-5.44368993424686,0.730272228311948,250
1833,-5.53543271389997,-5.60248865163938,-5.52453545380971,0.729543546713076,250
1834,-5.6307684579399,-5.70830354192392,-5.61895225728251,0.73197635611615,250
1835,-5.53982745170469,-5.6078253012331,-5.52882891395211,0.732705029936452,250
1836,-5.63516319664515,-5.70876157239565,-5.6232457183358,0.735091646469114,250
1837,-5.51068400299867,-5.57443995254592,-5.4999436522086,0.724584851505629,250
1838,-5.60601974624383,-5.67529613539755,-5.59436045491009,0.727133332392393,250
1839,-5.51507874009915,-5.57727804677615,-5.5042371116134,0.727766228486859,250
1840,-5.61041448394372,-5.67805351770301,-5.59865391492297,0.730270381214429,250
1841,-5.56497595577359,-5.63202960556893,-5.55407870156712,0.729543141254074,250
1842,-5.66031169981352,-5.73783284475268,-5.64849550503991,0.731975936672792,250
1843,-5.56937069357831,-5.63736628678751,-5.55837216170951,0.732704721999262,250
1844,-5.66470643851877,-5.7382980982974,-5.6527889660932,0.735091321283433,250
1845,-5.54022724487229,-5.60400254609725,-5.52948689996601,0.724584415508201,250
1846,-5.63556298811745,-5.70481784127093,-5.62390370266749,0.727132883415433,250
1847,-5.54462198197277,-5.60682455182042,-5.53378035937081,0.727765891630532,250
1848,-5.63995772581734,-5.70759048368152,-5.62819716268038,0.730270028040419,250
1849,-5.59521470561747,-5.66226605490214,-5.58431745740253,0.729542724986484,250
1850,-5.69055044965739,-5.76805732485613,-5.67873426087533,0.731975506131088,250
1851,-5.59960944342218,-5.66746308307836,-5.58861091754493,0.732704405554746,250
1852,-5.69494518836265,-5.76852995167169,-5.68302772192862,0.735090987223891,250
1853,-5.57046599471616,-5.63426103541413,-5.55972565580142,0.724583967873425,250
1854,-5.66580173796132,-5.73504249959906,-5.65414245850291,0.727132422538255,250
1855,-5.57486073181665,-5.63705230649248,-5.56401911520623,0.727765545475675,250
1856,-5.67019647566122,-5.73782279111665,-5.65843591851579,0.730269665226559,250
1857,-6.65746075505052,-6.68217253261927,-6.64821471760499,0.427872728232747,250
1858,-6.75279650011695,-6.78246352283944,-6.74263152212649,0.434940339377004,250
1859,-6.66185549811228,-6.69079908111116,-6.6525081828405,0.430676636998021,250
1860,-6.75719124304316,-6.78586121708911,-6.7469249872327,0.437768198752465,250
1861,-6.6327120364402,-6.65118319794462,-6.623622908317,0.423670325118514,250
1862,-6.72804778141767,-6.75297018955443,-6.71803971274545,0.430800266818671,250
1863,-6.63710678034731,-6.65881308668173,-6.62791637438432,0.426447253808998,250
1864,-6.73244252527819,-6.75554569674214,-6.72233317877652,0.433603475578057,250
1865,-6.81242470488165,-6.83713220635551,-6.8031786982811,0.427870320508695,250
1866,-6.90776044994808,-6.93779404412263,-6.89759550280261,0.434937933264942,250
1867,-6.81681944794341,-6.84568025414395,-6.80747216351662,0.430674548663702,250
1868,-6.9121551928743,-6.94081333679617,-6.90188896790882,0.437766103273584,250
1869,-6.78767598627133,-6.80613531727704,-6.77858688899311,0.423667862569754,250
1870,-6.8830117312488,-6.90770091711393,-6.87300369342156,0.430797807181089,250
1871,-6.79207073017844,-6.81373773924551,-6.78288035506043,0.426445114104786,250
1872,-6.88740647510932,-6.91049796846548,-6.87729715945264,0.433601329917483,250
1873,-6.84196794675527,-6.86667777684498,-6.8327219460385,0.427869861500767,250
1874,-6.9373036918217,-6.96747601032258,-6.92713875056001,0.434937474570683,250
1875,-6.84636268981704,-6.87521603580478,-6.83701541127402,0.43067415054531,250
1876,-6.94169843474792,-6.97035434269127,-6.93143221566622,0.437765703799463,250
1877,-6.81721922814495,-6.83567631274023,-6.80813013675051,0.423667393123305,250
1878,-6.91255497312242,-6.93724191874219,-6.90254694117896,0.430797338295797,250
1879,-6.82161397205206,-6.84327281833866,-6.81242360281783,0.426444706206617,250
1880,-6.91694971698294,-6.94003872594356,-6.90684040721004,0.433600920889909,250
1881,-6.87220669659914,-6.89691889984339,-6.86296070187392,0.427869390460036,250
1882,-6.96754244166558,-6.99771746479988,-6.95737750639543,0.434937003884837,250
1883,-6.87660143966091,-6.90544717636005,-6.86725416710943,0.430673741833162,250
1884,-6.97193718459179,-7.00059077918458,-6.96167097150164,0.437765293733611,250
1885,-6.84745797798883,-6.86591277568799,-6.83836889258593,0.423666911358465,250
1886,-6.94279372296629,-6.96747835973297,-6.93278569701438,0.430796857139733,250
1887,-6.85185272189593,-6.87350321303291,-6.84266235865325,0.426444287444292,250
1888,-6.94718846682681,-6.97024557836927,-6.93707916304545,0.433600501006127,250
1889,-6.92720162406796,-6.96604834951474,-6.91878657186662,0.302544208839465,250
1890,-7.02253736713936,-7.06890970724284,-7.01320337426793,0.309696922599886,250
1891,-6.93159636687438,-6.96683692344634,-6.92308003684707,0.304824299724459,250
1892,-7.02693210994578,-7.07314570697638,-7.01749683924838,0.312012669109551,250
1893,-6.90245290495588,-6.93159695123397,-6.89419476204292,0.299187620613566,250
1894,-6.99778864802728,-7.0395276683918,-6.98861156444423,0.306371082308998,250
1895,-6.90684764885259,-6.93667763791512,-6.89848822807426,0.301438252751607,250
1896,-7.00218339191299,-7.0443918226328,-6.99290503046457,0.308658956659266,250
1897,-7.08216557389909,-7.12106977648407,-7.07375055254273,0.30254370025942,250
1898,-7.17750131697049,-7.22398201362619,-7.16816735494404,0.309696411266574,250
1899,-7.08656031670551,-7.12181128635468,-7.07804401752319,0.304824046541988,250
1900,-7.18189605977691,-7.22819091944499,-7.1724608199245,0.312012407414505,250
1901,-7.05741685478702,-7.08654907586241,-7.04915874271904,0.29918707808098,250
1902,-7.15275259785841,-7.19447978063439,-7.14357554512035,0.306370537865015,250
1903,-7.06181159868372,-7.09166198454306,-7.05345220875037,0.301437967802366,250
1904,-7.15714734174412,-7.19934396316725,-7.14786901114069,0.308658663991946,250
1905,-7.11170881577272,-7.1506239648955,-7.10329380030014,0.3025436034972,250
1906,-7.20704455884411,-7.2535230057656,-7.19771060270144,0.309696313981307,250
1907,-7.11610355857914,-7.15135651582283,-7.10758726528059,0.304823998470375,250
1908,-7.21143930165053,-7.25775347650704,-7.2020040676819,0.31201235772181,250
1909,-7.08696009666064,-7.11609006669156,-7.07870199047644,0.299186974853825,250
1910,-7.18229583973204,-7.22402077208283,-7.17311879287775,0.306370434275266,250
1911,-7.09135484055734,-7.12120912688573,-7.08299545650778,0.301437913682604,250
1912,-7.18669058361774,-7.2288849500525,-7.17741225889809,0.308658608402524,250
1913,-7.14194756561659,-7.18087393611882,-7.13353255613555,0.302543503404967,250
1914,-7.23728330868799,-7.28375943879952,-7.22794935853686,0.309696213376932,250
1915,-7.14634230842301,-7.18159729242325,-7.13782602111601,0.304823948219094,250
1916,-7.24167805149441,-7.28801199355764,-7.23224282351732,0.312012305834592,250
1917,-7.11719884650451,-7.14632650713126,-7.10894074631186,0.299186868121909,250
1918,-7.21253458957591,-7.25425722614696,-7.20335754871316,0.306370327195587,250
1919,-7.12159359040122,-7.1514417634708,-7.11323421234319,0.301437857218047,250
1920,-7.21692933346162,-7.25912136396043,-7.20765101473351,0.308658550457171,250
