centre,recipe_idx_per_centre,truncation,filter,gia_model,c20_treatment,c30_treatment,geocenter,spearman_rho_raw,n_aquifers,skill_score,abs_score,global_rank
CSR,608,96,DDK8,none,replaced,replaced,none,-0.704281493238369,31,0.704281493238369,0.704281493238369,1
CSR,610,96,DDK8,none,replaced,original,none,-0.704281493238369,31,0.704281493238369,0.704281493238369,2
CSR,256,60,DDK7,none,replaced,replaced,none,-0.693343558054339,31,0.693343558054339,0.693343558054339,3
CSR,258,60,DDK7,none,replaced,original,none,-0.693343558054339,31,0.693343558054339,0.693343558054339,4
CSR,576,96,DDK7,none,replaced,replaced,none,-0.6925333406333,31,0.6925333406333,0.6925333406333,5
CSR,578,96,DDK7,none,replaced,original,none,-0.6925333406333,31,0.6925333406333,0.6925333406333,6
CSR,288,60,DDK8,none,replaced,replaced,none,-0.689495025304403,31,0.689495025304403,0.689495025304403,7
CSR,290,60,DDK8,none,replaced,original,none,-0.689495025304403,31,0.689495025304403,0.689495025304403,8
GFZ,612,96,DDK8,none,original,replaced,none,-0.688279699172844,31,0.688279699172844,0.688279699172844,9
GFZ,614,96,DDK8,none,original,original,none,-0.688279699172844,31,0.688279699172844,0.688279699172844,10
CSR,614,96,DDK8,none,original,original,none,-0.687266927396545,31,0.687266927396545,0.687266927396545,11
CSR,612,96,DDK8,none,original,replaced,none,-0.685443938199207,31,0.685443938199207,0.685443938199207,12
CSR,292,60,DDK8,none,original,replaced,none,-0.684836275133427,31,0.684836275133427,0.684836275133427,13
CSR,294,60,DDK8,none,original,original,none,-0.684836275133427,31,0.684836275133427,0.684836275133427,14
GFZ,610,96,DDK8,none,replaced,original,none,-0.684836275133427,31,0.684836275133427,0.684836275133427,15
GFZ,576,96,DDK7,none,replaced,replaced,none,-0.684228612067648,31,0.684228612067648,0.684228612067648,16
CSR,580,96,DDK7,none,original,replaced,none,-0.683620949001868,31,0.683620949001868,0.683620949001868,17
CSR,582,96,DDK7,none,original,original,none,-0.683620949001868,31,0.683620949001868,0.683620949001868,18
GFZ,608,96,DDK8,none,replaced,replaced,none,-0.683013285936089,31,0.683013285936089,0.683013285936089,19
GFZ,578,96,DDK7,none,replaced,original,none,-0.68220306851505,31,0.68220306851505,0.68220306851505,20
CSR,261,60,DDK7,none,original,replaced,GravIS,-0.676531546567775,31,0.676531546567775,0.676531546567775,21
CSR,260,60,DDK7,none,original,replaced,none,-0.674911111725696,31,0.674911111725696,0.674911111725696,22
CSR,293,60,DDK8,none,original,replaced,GravIS,-0.674100894304657,31,0.674100894304657,0.674100894304657,23
CSR,295,60,DDK8,none,original,original,GravIS,-0.674100894304657,31,0.674100894304657,0.674100894304657,24
CSR,262,60,DDK7,none,original,original,none,-0.672885568173098,31,0.672885568173098,0.672885568173098,25
CSR,263,60,DDK7,none,original,original,GravIS,-0.672480459462579,31,0.672480459462579,0.672480459462579,26
CSR,289,60,DDK8,none,replaced,replaced,GravIS,-0.668226818002123,31,0.668226818002123,0.668226818002123,27
CSR,291,60,DDK8,none,replaced,original,GravIS,-0.668226818002123,31,0.668226818002123,0.668226818002123,28
GFZ,580,96,DDK7,none,original,replaced,none,-0.667011491870564,31,0.667011491870564,0.667011491870564,29
GFZ,582,96,DDK7,none,original,original,none,-0.667011491870564,31,0.667011491870564,0.667011491870564,30
CSR,577,96,DDK7,none,replaced,replaced,GravIS,-0.665796165739005,31,0.665796165739005,0.665796165739005,31
CSR,579,96,DDK7,none,replaced,original,GravIS,-0.665796165739005,31,0.665796165739005,0.665796165739005,32
GFZ,611,96,DDK8,none,replaced,original,GravIS,-0.664175730896926,31,0.664175730896926,0.664175730896926,33
CSR,257,60,DDK7,none,replaced,replaced,GravIS,-0.663365513475887,31,0.663365513475887,0.663365513475887,34
CSR,259,60,DDK7,none,replaced,original,GravIS,-0.663365513475887,31,0.663365513475887,0.663365513475887,35
GFZ,609,96,DDK8,none,replaced,replaced,GravIS,-0.662960404765367,31,0.662960404765367,0.662960404765367,36
CSR,581,96,DDK7,none,original,replaced,GravIS,-0.658706763304911,31,0.658706763304911,0.658706763304911,37
CSR,583,96,DDK7,none,original,original,GravIS,-0.658706763304911,31,0.658706763304911,0.658706763304911,38
CSR,609,96,DDK8,none,replaced,replaced,GravIS,-0.658099100239132,31,0.658099100239132,0.658099100239132,39
CSR,611,96,DDK8,none,replaced,original,GravIS,-0.658099100239132,31,0.658099100239132,0.658099100239132,40
CSR,613,96,DDK8,none,original,replaced,GravIS,-0.655668447976014,31,0.655668447976014,0.655668447976014,41
CSR,615,96,DDK8,none,original,original,GravIS,-0.655668447976014,31,0.655668447976014,0.655668447976014,42
JPL,582,96,DDK7,none,original,original,none,-0.651819915226078,31,0.651819915226078,0.651819915226078,43
GFZ,605,96,DDK7,Peltier_ICE6G_D,original,replaced,GravIS,-0.650199480383999,31,0.650199480383999,0.650199480383999,44
JPL,580,96,DDK7,none,original,replaced,none,-0.648173936831401,31,0.648173936831401,0.648173936831401,45
GFZ,639,96,DDK8,Peltier_ICE6G_D,original,original,GravIS,-0.646350947634063,31,0.646350947634063,0.646350947634063,46
GFZ,637,96,DDK8,Peltier_ICE6G_D,original,replaced,GravIS,-0.646148393278803,31,0.646148393278803,0.646148393278803,47
JPL,608,96,DDK8,none,replaced,replaced,none,-0.645338175857764,31,0.645338175857764,0.645338175857764,48
JPL,610,96,DDK8,none,replaced,original,none,-0.645338175857764,31,0.645338175857764,0.645338175857764,49
JPL,612,96,DDK8,none,original,replaced,none,-0.643920295370945,31,0.643920295370945,0.643920295370945,50
JPL,614,96,DDK8,none,original,original,none,-0.643920295370945,31,0.643920295370945,0.643920295370945,51
GFZ,617,96,DDK8,Geruo_ICE5G_VM2,replaced,replaced,GravIS,-0.643110077949906,31,0.643110077949906,0.643110077949906,52
GFZ,607,96,DDK7,Peltier_ICE6G_D,original,original,GravIS,-0.642502414884126,31,0.642502414884126,0.642502414884126,53
CSR,617,96,DDK8,Geruo_ICE5G_VM2,replaced,replaced,GravIS,-0.642299860528866,31,0.642299860528866,0.642299860528866,54
CSR,619,96,DDK8,Geruo_ICE5G_VM2,replaced,original,GravIS,-0.642299860528866,31,0.642299860528866,0.642299860528866,55
GFZ,613,96,DDK8,none,original,replaced,GravIS,-0.641894751818347,31,0.641894751818347,0.641894751818347,56
GFZ,615,96,DDK8,none,original,original,GravIS,-0.641894751818347,31,0.641894751818347,0.641894751818347,57
CSR,621,96,DDK8,Geruo_ICE5G_VM2,original,replaced,GravIS,-0.63845132777893,31,0.63845132777893,0.63845132777893,58
CSR,623,96,DDK8,Geruo_ICE5G_VM2,original,original,GravIS,-0.63845132777893,31,0.63845132777893,0.63845132777893,59
GFZ,601,96,DDK7,Peltier_ICE6G_D,replaced,replaced,GravIS,-0.637236001647371,31,0.637236001647371,0.637236001647371,60
GFZ,603,96,DDK7,Peltier_ICE6G_D,replaced,original,GravIS,-0.637236001647371,31,0.637236001647371,0.637236001647371,61
GFZ,621,96,DDK8,Geruo_ICE5G_VM2,original,replaced,GravIS,-0.637236001647371,31,0.637236001647371,0.637236001647371,62
GFZ,623,96,DDK8,Geruo_ICE5G_VM2,original,original,GravIS,-0.637236001647371,31,0.637236001647371,0.637236001647371,63
JPL,576,96,DDK7,none,replaced,replaced,none,-0.636223229871072,31,0.636223229871072,0.636223229871072,64
JPL,578,96,DDK7,none,replaced,original,none,-0.636223229871072,31,0.636223229871072,0.636223229871072,65
GFZ,619,96,DDK8,Geruo_ICE5G_VM2,replaced,original,GravIS,-0.635413012450033,31,0.635413012450033,0.635413012450033,66
JPL,609,96,DDK8,none,replaced,replaced,GravIS,-0.631564479700096,31,0.631564479700096,0.631564479700096,67
JPL,611,96,DDK8,none,replaced,original,GravIS,-0.631564479700096,31,0.631564479700096,0.631564479700096,68
GFZ,587,96,DDK7,Geruo_ICE5G_VM2,replaced,original,GravIS,-0.631159370989577,31,0.631159370989577,0.631159370989577,69
CSR,297,60,DDK8,Geruo_ICE5G_VM2,replaced,replaced,GravIS,-0.629944044858018,31,0.629944044858018,0.629944044858018,70
GFZ,589,96,DDK7,Geruo_ICE5G_VM2,original,replaced,GravIS,-0.628931273081719,31,0.628931273081719,0.628931273081719,71
GFZ,577,96,DDK7,none,replaced,replaced,GravIS,-0.628526164371199,31,0.628526164371199,0.628526164371199,72
GFZ,579,96,DDK7,none,replaced,original,GravIS,-0.628526164371199,31,0.628526164371199,0.628526164371199,73
CSR,299,60,DDK8,Geruo_ICE5G_VM2,replaced,original,GravIS,-0.628323610015939,31,0.628323610015939,0.628323610015939,74
CSR,303,60,DDK8,Geruo_ICE5G_VM2,original,original,GravIS,-0.628121055660679,31,0.628121055660679,0.628121055660679,75
JPL,613,96,DDK8,none,original,replaced,GravIS,-0.6275133925949,31,0.6275133925949,0.6275133925949,76
JPL,615,96,DDK8,none,original,original,GravIS,-0.6275133925949,31,0.6275133925949,0.6275133925949,77
JPL,621,96,DDK8,Geruo_ICE5G_VM2,original,replaced,GravIS,-0.62731083823964,31,0.62731083823964,0.62731083823964,78
JPL,623,96,DDK8,Geruo_ICE5G_VM2,original,original,GravIS,-0.62731083823964,31,0.62731083823964,0.62731083823964,79
CSR,301,60,DDK8,Geruo_ICE5G_VM2,original,replaced,GravIS,-0.627108283884381,31,0.627108283884381,0.627108283884381,80
JPL,585,96,DDK7,Geruo_ICE5G_VM2,replaced,replaced,GravIS,-0.627108283884381,31,0.627108283884381,0.627108283884381,81
JPL,587,96,DDK7,Geruo_ICE5G_VM2,replaced,original,GravIS,-0.627108283884381,31,0.627108283884381,0.627108283884381,82
GFZ,583,96,DDK7,none,original,original,GravIS,-0.626298066463341,31,0.626298066463341,0.626298066463341,83
CSR,0,60,G300,none,replaced,replaced,none,-0.625285294687042,31,0.625285294687042,0.625285294687042,84
CSR,4,60,G300,none,original,replaced,none,-0.625285294687042,31,0.625285294687042,0.625285294687042,85
CSR,6,60,G300,none,original,original,none,-0.625285294687042,31,0.625285294687042,0.625285294687042,86
JPL,617,96,DDK8,Geruo_ICE5G_VM2,replaced,replaced,GravIS,-0.624475077266003,31,0.624475077266003,0.624475077266003,87
JPL,619,96,DDK8,Geruo_ICE5G_VM2,replaced,original,GravIS,-0.624475077266003,31,0.624475077266003,0.624475077266003,88
GFZ,591,96,DDK7,Geruo_ICE5G_VM2,original,original,GravIS,-0.624475077266003,31,0.624475077266003,0.624475077266003,89
JPL,262,60,DDK7,none,original,original,none,-0.624069968555483,31,0.624069968555483,0.624069968555483,90
GFZ,633,96,DDK8,Peltier_ICE6G_D,replaced,replaced,GravIS,-0.623664859844964,31,0.623664859844964,0.623664859844964,91
GFZ,585,96,DDK7,Geruo_ICE5G_VM2,replaced,replaced,GravIS,-0.623462305489704,31,0.623462305489704,0.623462305489704,92
GFZ,581,96,DDK7,none,original,replaced,GravIS,-0.623259751134444,31,0.623259751134444,0.623259751134444,93
JPL,294,60,DDK8,none,original,original,none,-0.622854642423924,31,0.622854642423924,0.622854642423924,94
CSR,2,60,G300,none,replaced,original,none,-0.622652088068665,31,0.622652088068665,0.622652088068665,95
JPL,292,60,DDK8,none,original,replaced,none,-0.622246979358145,31,0.622246979358145,0.622246979358145,96
JPL,260,60,DDK7,none,original,replaced,none,-0.621841870647625,31,0.621841870647625,0.621841870647625,97
GFZ,635,96,DDK8,Peltier_ICE6G_D,replaced,original,GravIS,-0.621234207581846,31,0.621234207581846,0.621234207581846,98
JPL,591,96,DDK7,Geruo_ICE5G_VM2,original,original,GravIS,-0.620221435805547,31,0.620221435805547,0.620221435805547,99
JPL,256,60,DDK7,none,replaced,replaced,none,-0.620018881450287,31,0.620018881450287,0.620018881450287,100
CSR,281,60,DDK7,Peltier_ICE6G_D,replaced,replaced,GravIS,-0.618803555318728,31,0.618803555318728,0.618803555318728,101
CSR,283,60,DDK7,Peltier_ICE6G_D,replaced,original,GravIS,-0.618803555318728,31,0.618803555318728,0.618803555318728,102
GFZ,288,60,DDK8,none,replaced,replaced,none,-0.618398446608209,31,0.618398446608209,0.618398446608209,103
GFZ,290,60,DDK8,none,replaced,original,none,-0.618398446608209,31,0.618398446608209,0.618398446608209,104
CSR,285,60,DDK7,Peltier_ICE6G_D,original,replaced,GravIS,-0.618195892252949,31,0.618195892252949,0.618195892252949,105
CSR,287,60,DDK7,Peltier_ICE6G_D,original,original,GravIS,-0.618195892252949,31,0.618195892252949,0.618195892252949,106
JPL,577,96,DDK7,none,replaced,replaced,GravIS,-0.617993337897689,31,0.617993337897689,0.617993337897689,107
CSR,317,60,DDK8,Peltier_ICE6G_D,original,replaced,GravIS,-0.61677801176613,31,0.61677801176613,0.61677801176613,108
CSR,319,60,DDK8,Peltier_ICE6G_D,original,original,GravIS,-0.61677801176613,31,0.61677801176613,0.61677801176613,109
CSR,267,60,DDK7,Geruo_ICE5G_VM2,replaced,original,GravIS,-0.61657545741087,31,0.61657545741087,0.61657545741087,110
JPL,288,60,DDK8,none,replaced,replaced,none,-0.61657545741087,31,0.61657545741087,0.61657545741087,111
JPL,290,60,DDK8,none,replaced,original,none,-0.61657545741087,31,0.61657545741087,0.61657545741087,112
JPL,258,60,DDK7,none,replaced,original,none,-0.61637290305561,31,0.61637290305561,0.61637290305561,113
CSR,313,60,DDK8,Peltier_ICE6G_D,replaced,replaced,GravIS,-0.615967794345091,31,0.615967794345091,0.615967794345091,114
CSR,315,60,DDK8,Peltier_ICE6G_D,replaced,original,GravIS,-0.615967794345091,31,0.615967794345091,0.615967794345091,115
JPL,589,96,DDK7,Geruo_ICE5G_VM2,original,replaced,GravIS,-0.614549913858272,31,0.614549913858272,0.614549913858272,116
CSR,585,96,DDK7,Geruo_ICE5G_VM2,replaced,replaced,GravIS,-0.613739696437233,31,0.613739696437233,0.613739696437233,117
CSR,587,96,DDK7,Geruo_ICE5G_VM2,replaced,original,GravIS,-0.613739696437233,31,0.613739696437233,0.613739696437233,118
JPL,261,60,DDK7,none,original,replaced,GravIS,-0.613739696437233,31,0.613739696437233,0.613739696437233,119
JPL,263,60,DDK7,none,original,original,GravIS,-0.613739696437233,31,0.613739696437233,0.613739696437233,120
JPL,257,60,DDK7,none,replaced,replaced,GravIS,-0.613132033371453,31,0.613132033371453,0.613132033371453,121
JPL,259,60,DDK7,none,replaced,original,GravIS,-0.613132033371453,31,0.613132033371453,0.613132033371453,122
GFZ,292,60,DDK8,none,original,replaced,none,-0.611714152884635,31,0.611714152884635,0.611714152884635,123
GFZ,294,60,DDK8,none,original,original,none,-0.611714152884635,31,0.611714152884635,0.611714152884635,124
CSR,589,96,DDK7,Geruo_ICE5G_VM2,original,replaced,GravIS,-0.610701381108336,31,0.610701381108336,0.610701381108336,125
CSR,591,96,DDK7,Geruo_ICE5G_VM2,original,original,GravIS,-0.610701381108336,31,0.610701381108336,0.610701381108336,126
CSR,269,60,DDK7,Geruo_ICE5G_VM2,original,replaced,GravIS,-0.608068174489958,31,0.608068174489958,0.608068174489958,127
CSR,271,60,DDK7,Geruo_ICE5G_VM2,original,original,GravIS,-0.608068174489958,31,0.608068174489958,0.608068174489958,128
GFZ,620,96,DDK8,Geruo_ICE5G_VM2,original,replaced,none,-0.606650294003139,31,0.606650294003139,0.606650294003139,129
CSR,265,60,DDK7,Geruo_ICE5G_VM2,replaced,replaced,GravIS,-0.60644773964788,31,0.60644773964788,0.60644773964788,130
GFZ,265,60,DDK7,Geruo_ICE5G_VM2,replaced,replaced,GravIS,-0.60644773964788,31,0.60644773964788,0.60644773964788,131
GFZ,267,60,DDK7,Geruo_ICE5G_VM2,replaced,original,GravIS,-0.60644773964788,31,0.60644773964788,0.60644773964788,132
CSR,637,96,DDK8,Peltier_ICE6G_D,original,replaced,GravIS,-0.605434967871581,31,0.605434967871581,0.605434967871581,133
CSR,639,96,DDK8,Peltier_ICE6G_D,original,original,GravIS,-0.605434967871581,31,0.605434967871581,0.605434967871581,134
GFZ,289,60,DDK8,none,replaced,replaced,GravIS,-0.604827304805801,31,0.604827304805801,0.604827304805801,135
GFZ,291,60,DDK8,none,replaced,original,GravIS,-0.604827304805801,31,0.604827304805801,0.604827304805801,136
JPL,293,60,DDK8,none,original,replaced,GravIS,-0.604017087384762,31,0.604017087384762,0.604017087384762,137
JPL,295,60,DDK8,none,original,original,GravIS,-0.604017087384762,31,0.604017087384762,0.604017087384762,138
GFZ,256,60,DDK7,none,replaced,replaced,none,-0.604017087384762,31,0.604017087384762,0.604017087384762,139
GFZ,258,60,DDK7,none,replaced,original,none,-0.604017087384762,31,0.604017087384762,0.604017087384762,140
JPL,289,60,DDK8,none,replaced,replaced,GravIS,-0.603611978674242,31,0.603611978674242,0.603611978674242,141
JPL,291,60,DDK8,none,replaced,original,GravIS,-0.603611978674242,31,0.603611978674242,0.603611978674242,142
GFZ,622,96,DDK8,Geruo_ICE5G_VM2,original,original,none,-0.603611978674242,31,0.603611978674242,0.603611978674242,143
GFZ,631,96,DDK8,Caron_2018,original,original,GravIS,-0.602599206897943,31,0.602599206897943,0.602599206897943,144
JPL,579,96,DDK7,none,replaced,original,GravIS,-0.601991543832164,31,0.601991543832164,0.601991543832164,145
JPL,581,96,DDK7,none,original,replaced,GravIS,-0.601991543832164,31,0.601991543832164,0.601991543832164,146
GFZ,260,60,DDK7,none,original,replaced,none,-0.601991543832164,31,0.601991543832164,0.601991543832164,147
GFZ,262,60,DDK7,none,original,original,none,-0.601991543832164,31,0.601991543832164,0.601991543832164,148
CSR,1,60,G300,none,replaced,replaced,GravIS,-0.600168554634825,31,0.600168554634825,0.600168554634825,149
CSR,3,60,G300,none,replaced,original,GravIS,-0.600168554634825,31,0.600168554634825,0.600168554634825,150
CSR,633,96,DDK8,Peltier_ICE6G_D,replaced,replaced,GravIS,-0.599763445924306,31,0.599763445924306,0.599763445924306,151
GFZ,584,96,DDK7,Geruo_ICE5G_VM2,replaced,replaced,none,-0.599155782858526,31,0.599155782858526,0.599155782858526,152
GFZ,586,96,DDK7,Geruo_ICE5G_VM2,replaced,original,none,-0.599155782858526,31,0.599155782858526,0.599155782858526,153
JPL,297,60,DDK8,Geruo_ICE5G_VM2,replaced,replaced,GravIS,-0.597940456726967,31,0.597940456726967,0.597940456726967,154
CSR,635,96,DDK8,Peltier_ICE6G_D,replaced,original,GravIS,-0.597737902371708,31,0.597737902371708,0.597737902371708,155
JPL,299,60,DDK8,Geruo_ICE5G_VM2,replaced,original,GravIS,-0.597737902371708,31,0.597737902371708,0.597737902371708,156
GFZ,297,60,DDK8,Geruo_ICE5G_VM2,replaced,replaced,GravIS,-0.597535348016448,31,0.597535348016448,0.597535348016448,157
GFZ,299,60,DDK8,Geruo_ICE5G_VM2,replaced,original,GravIS,-0.597535348016448,31,0.597535348016448,0.597535348016448,158
JPL,303,60,DDK8,Geruo_ICE5G_VM2,original,original,GravIS,-0.596320021884889,31,0.596320021884889,0.596320021884889,159
CSR,601,96,DDK7,Peltier_ICE6G_D,replaced,replaced,GravIS,-0.594294478332291,31,0.594294478332291,0.594294478332291,160
CSR,603,96,DDK7,Peltier_ICE6G_D,replaced,original,GravIS,-0.594294478332291,31,0.594294478332291,0.594294478332291,161
JPL,583,96,DDK7,none,original,original,GravIS,-0.594294478332291,31,0.594294478332291,0.594294478332291,162
JPL,226,60,DDK5,none,replaced,original,none,-0.592066380424433,31,0.592066380424433,0.592066380424433,163
GFZ,629,96,DDK8,Caron_2018,original,replaced,GravIS,-0.592066380424433,31,0.592066380424433,0.592066380424433,164
JPL,225,60,DDK5,none,replaced,replaced,GravIS,-0.591661271713913,31,0.591661271713913,0.591661271713913,165
CSR,321,96,G300,none,replaced,replaced,GravIS,-0.590851054292874,31,0.590851054292874,0.590851054292874,166
CSR,323,96,G300,none,replaced,original,GravIS,-0.590851054292874,31,0.590851054292874,0.590851054292874,167
GFZ,296,60,DDK8,Geruo_ICE5G_VM2,replaced,replaced,none,-0.590851054292874,31,0.590851054292874,0.590851054292874,168
JPL,545,96,DDK5,none,replaced,replaced,GravIS,-0.590243391227095,31,0.590243391227095,0.590243391227095,169
JPL,547,96,DDK5,none,replaced,original,GravIS,-0.590243391227095,31,0.590243391227095,0.590243391227095,170
CSR,605,96,DDK7,Peltier_ICE6G_D,original,replaced,GravIS,-0.589028065095536,31,0.589028065095536,0.589028065095536,171
CSR,607,96,DDK7,Peltier_ICE6G_D,original,original,GravIS,-0.589028065095536,31,0.589028065095536,0.589028065095536,172
CSR,324,96,G300,none,original,replaced,none,-0.588825510740276,31,0.588825510740276,0.588825510740276,173
CSR,326,96,G300,none,original,original,none,-0.588825510740276,31,0.588825510740276,0.588825510740276,174
JPL,267,60,DDK7,Geruo_ICE5G_VM2,replaced,original,GravIS,-0.588825510740276,31,0.588825510740276,0.588825510740276,175
GFZ,298,60,DDK8,Geruo_ICE5G_VM2,replaced,original,none,-0.588825510740276,31,0.588825510740276,0.588825510740276,176
JPL,301,60,DDK8,Geruo_ICE5G_VM2,original,replaced,GravIS,-0.588622956385016,31,0.588622956385016,0.588622956385016,177
CSR,616,96,DDK8,Geruo_ICE5G_VM2,replaced,replaced,none,-0.588420402029756,31,0.588420402029756,0.588420402029756,178
CSR,618,96,DDK8,Geruo_ICE5G_VM2,replaced,original,none,-0.588420402029756,31,0.588420402029756,0.588420402029756,179
JPL,605,96,DDK7,Peltier_ICE6G_D,original,replaced,GravIS,-0.588420402029756,31,0.588420402029756,0.588420402029756,180
JPL,607,96,DDK7,Peltier_ICE6G_D,original,original,GravIS,-0.588420402029756,31,0.588420402029756,0.588420402029756,181
CSR,620,96,DDK8,Geruo_ICE5G_VM2,original,replaced,none,-0.588217847674496,31,0.588217847674496,0.588217847674496,182
CSR,622,96,DDK8,Geruo_ICE5G_VM2,original,original,none,-0.588217847674496,31,0.588217847674496,0.588217847674496,183
GFZ,313,60,DDK8,Peltier_ICE6G_D,replaced,replaced,GravIS,-0.588217847674496,31,0.588217847674496,0.588217847674496,184
GFZ,315,60,DDK8,Peltier_ICE6G_D,replaced,original,GravIS,-0.588217847674496,31,0.588217847674496,0.588217847674496,185
JPL,224,60,DDK5,none,replaced,replaced,none,-0.588015293319237,31,0.588015293319237,0.588015293319237,186
GFZ,283,60,DDK7,Peltier_ICE6G_D,replaced,original,GravIS,-0.587812738963977,31,0.587812738963977,0.587812738963977,187
GFZ,616,96,DDK8,Geruo_ICE5G_VM2,replaced,replaced,none,-0.587002521542937,31,0.587002521542937,0.587002521542937,188
GFZ,618,96,DDK8,Geruo_ICE5G_VM2,replaced,original,none,-0.587002521542937,31,0.587002521542937,0.587002521542937,189
JPL,549,96,DDK5,none,original,replaced,GravIS,-0.586597412832418,31,0.586597412832418,0.586597412832418,190
JPL,551,96,DDK5,none,original,original,GravIS,-0.586597412832418,31,0.586597412832418,0.586597412832418,191
JPL,601,96,DDK7,Peltier_ICE6G_D,replaced,replaced,GravIS,-0.586394858477158,31,0.586394858477158,0.586394858477158,192
JPL,603,96,DDK7,Peltier_ICE6G_D,replaced,original,GravIS,-0.586394858477158,31,0.586394858477158,0.586394858477158,193
GFZ,305,60,DDK8,Caron_2018,replaced,replaced,GravIS,-0.586394858477158,31,0.586394858477158,0.586394858477158,194
GFZ,307,60,DDK8,Caron_2018,replaced,original,GravIS,-0.586394858477158,31,0.586394858477158,0.586394858477158,195
JPL,269,60,DDK7,Geruo_ICE5G_VM2,original,replaced,GravIS,-0.586192304121898,31,0.586192304121898,0.586192304121898,196
GFZ,588,96,DDK7,Geruo_ICE5G_VM2,original,replaced,none,-0.586192304121898,31,0.586192304121898,0.586192304121898,197
GFZ,590,96,DDK7,Geruo_ICE5G_VM2,original,original,none,-0.586192304121898,31,0.586192304121898,0.586192304121898,198
JPL,637,96,DDK8,Peltier_ICE6G_D,original,replaced,GravIS,-0.585989749766639,31,0.585989749766639,0.585989749766639,199
JPL,639,96,DDK8,Peltier_ICE6G_D,original,original,GravIS,-0.585989749766639,31,0.585989749766639,0.585989749766639,200
CSR,5,60,G300,none,original,replaced,GravIS,-0.585584641056119,31,0.585584641056119,0.585584641056119,201
CSR,7,60,G300,none,original,original,GravIS,-0.585584641056119,31,0.585584641056119,0.585584641056119,202
JPL,265,60,DDK7,Geruo_ICE5G_VM2,replaced,replaced,GravIS,-0.585382086700859,31,0.585382086700859,0.585382086700859,203
JPL,271,60,DDK7,Geruo_ICE5G_VM2,original,original,GravIS,-0.585382086700859,31,0.585382086700859,0.585382086700859,204
JPL,323,96,G300,none,replaced,original,GravIS,-0.58436931492456,31,0.58436931492456,0.58436931492456,205
JPL,325,96,G300,none,original,replaced,GravIS,-0.58436931492456,31,0.58436931492456,0.58436931492456,206
JPL,327,96,G300,none,original,original,GravIS,-0.58436931492456,31,0.58436931492456,0.58436931492456,207
GFZ,281,60,DDK7,Peltier_ICE6G_D,replaced,replaced,GravIS,-0.5841667605693,31,0.5841667605693,0.5841667605693,208
JPL,227,60,DDK5,none,replaced,original,GravIS,-0.58396420621404,31,0.58396420621404,0.58396420621404,209
JPL,321,96,G300,none,replaced,replaced,GravIS,-0.58376165185878,31,0.58376165185878,0.58376165185878,210
JPL,228,60,DDK5,none,original,replaced,none,-0.583153988793001,31,0.583153988793001,0.583153988793001,211
JPL,230,60,DDK5,none,original,original,none,-0.583153988793001,31,0.583153988793001,0.583153988793001,212
CSR,296,60,DDK8,Geruo_ICE5G_VM2,replaced,replaced,none,-0.582951434437741,31,0.582951434437741,0.582951434437741,213
CSR,298,60,DDK8,Geruo_ICE5G_VM2,replaced,original,none,-0.582951434437741,31,0.582951434437741,0.582951434437741,214
CSR,320,96,G300,none,replaced,replaced,none,-0.582546325727222,31,0.582546325727222,0.582546325727222,215
CSR,322,96,G300,none,replaced,original,none,-0.582546325727222,31,0.582546325727222,0.582546325727222,216
GFZ,226,60,DDK5,none,replaced,original,none,-0.582546325727222,31,0.582546325727222,0.582546325727222,217
JPL,633,96,DDK8,Peltier_ICE6G_D,replaced,replaced,GravIS,-0.581736108306182,31,0.581736108306182,0.581736108306182,218
GFZ,257,60,DDK7,none,replaced,replaced,GravIS,-0.581736108306182,31,0.581736108306182,0.581736108306182,219
GFZ,259,60,DDK7,none,replaced,original,GravIS,-0.581736108306182,31,0.581736108306182,0.581736108306182,220
GFZ,287,60,DDK7,Peltier_ICE6G_D,original,original,GravIS,-0.581533553950923,31,0.581533553950923,0.581533553950923,221
JPL,557,96,DDK5,Geruo_ICE5G_VM2,original,replaced,GravIS,-0.581330999595663,31,0.581330999595663,0.581330999595663,222
JPL,559,96,DDK5,Geruo_ICE5G_VM2,original,original,GravIS,-0.581330999595663,31,0.581330999595663,0.581330999595663,223
JPL,231,60,DDK5,none,original,original,GravIS,-0.580925890885143,31,0.580925890885143,0.580925890885143,224
GFZ,224,60,DDK5,none,replaced,replaced,none,-0.580723336529883,31,0.580723336529883,0.580723336529883,225
GFZ,271,60,DDK7,Geruo_ICE5G_VM2,original,original,GravIS,-0.580723336529883,31,0.580723336529883,0.580723336529883,226
GFZ,264,60,DDK7,Geruo_ICE5G_VM2,replaced,replaced,none,-0.580520782174624,31,0.580520782174624,0.580520782174624,227
CSR,325,96,G300,none,original,replaced,GravIS,-0.580318227819364,31,0.580318227819364,0.580318227819364,228
CSR,327,96,G300,none,original,original,GravIS,-0.580318227819364,31,0.580318227819364,0.580318227819364,229
JPL,324,96,G300,none,original,replaced,none,-0.580115673464104,31,0.580115673464104,0.580115673464104,230
JPL,326,96,G300,none,original,original,none,-0.580115673464104,31,0.580115673464104,0.580115673464104,231
GFZ,317,60,DDK8,Peltier_ICE6G_D,original,replaced,GravIS,-0.580115673464104,31,0.580115673464104,0.580115673464104,232
GFZ,319,60,DDK8,Peltier_ICE6G_D,original,original,GravIS,-0.580115673464104,31,0.580115673464104,0.580115673464104,233
GFZ,625,96,DDK8,Caron_2018,replaced,replaced,GravIS,-0.579913119108844,31,0.579913119108844,0.579913119108844,234
GFZ,627,96,DDK8,Caron_2018,replaced,original,GravIS,-0.579913119108844,31,0.579913119108844,0.579913119108844,235
GFZ,285,60,DDK7,Peltier_ICE6G_D,original,replaced,GravIS,-0.579102901687805,31,0.579102901687805,0.579102901687805,236
GFZ,593,96,DDK7,Caron_2018,replaced,replaced,GravIS,-0.578495238622025,31,0.578495238622025,0.578495238622025,237
GFZ,595,96,DDK7,Caron_2018,replaced,original,GravIS,-0.578495238622025,31,0.578495238622025,0.578495238622025,238
JPL,550,96,DDK5,none,original,original,none,-0.578090129911506,31,0.578090129911506,0.578090129911506,239
JPL,553,96,DDK5,Geruo_ICE5G_VM2,replaced,replaced,GravIS,-0.578090129911506,31,0.578090129911506,0.578090129911506,240
JPL,555,96,DDK5,Geruo_ICE5G_VM2,replaced,original,GravIS,-0.578090129911506,31,0.578090129911506,0.578090129911506,241
GFZ,597,96,DDK7,Caron_2018,original,replaced,GravIS,-0.578090129911506,31,0.578090129911506,0.578090129911506,242
GFZ,599,96,DDK7,Caron_2018,original,original,GravIS,-0.578090129911506,31,0.578090129911506,0.578090129911506,243
JPL,548,96,DDK5,none,original,replaced,none,-0.577482466845726,31,0.577482466845726,0.577482466845726,244
GFZ,309,60,DDK8,Caron_2018,original,replaced,GravIS,-0.577279912490467,31,0.577279912490467,0.577279912490467,245
GFZ,311,60,DDK8,Caron_2018,original,original,GravIS,-0.577279912490467,31,0.577279912490467,0.577279912490467,246
CSR,231,60,DDK5,none,original,original,GravIS,-0.576874803779947,31,0.576874803779947,0.576874803779947,247
CSR,268,60,DDK7,Geruo_ICE5G_VM2,original,replaced,none,-0.576874803779947,31,0.576874803779947,0.576874803779947,248
CSR,270,60,DDK7,Geruo_ICE5G_VM2,original,original,none,-0.576874803779947,31,0.576874803779947,0.576874803779947,249
JPL,229,60,DDK5,none,original,replaced,GravIS,-0.576874803779947,31,0.576874803779947,0.576874803779947,250
GFZ,270,60,DDK7,Geruo_ICE5G_VM2,original,original,none,-0.576874803779947,31,0.576874803779947,0.576874803779947,251
GFZ,553,96,DDK5,Geruo_ICE5G_VM2,replaced,replaced,GravIS,-0.576874803779947,31,0.576874803779947,0.576874803779947,252
GFZ,555,96,DDK5,Geruo_ICE5G_VM2,replaced,original,GravIS,-0.576874803779947,31,0.576874803779947,0.576874803779947,253
GFZ,302,60,DDK8,Geruo_ICE5G_VM2,original,original,none,-0.576469695069427,31,0.576469695069427,0.576469695069427,254
CSR,629,96,DDK8,Caron_2018,original,replaced,GravIS,-0.575659477648388,31,0.575659477648388,0.575659477648388,255
CSR,631,96,DDK8,Caron_2018,original,original,GravIS,-0.575659477648388,31,0.575659477648388,0.575659477648388,256
GFZ,277,60,DDK7,Caron_2018,original,replaced,GravIS,-0.575456923293128,31,0.575456923293128,0.575456923293128,257
GFZ,279,60,DDK7,Caron_2018,original,original,GravIS,-0.575456923293128,31,0.575456923293128,0.575456923293128,258
CSR,229,60,DDK5,none,original,replaced,GravIS,-0.575254368937868,31,0.575254368937868,0.575254368937868,259
CSR,227,60,DDK5,none,replaced,original,GravIS,-0.574849260227349,31,0.574849260227349,0.574849260227349,260
CSR,300,60,DDK8,Geruo_ICE5G_VM2,original,replaced,none,-0.574849260227349,31,0.574849260227349,0.574849260227349,261
CSR,302,60,DDK8,Geruo_ICE5G_VM2,original,original,none,-0.574849260227349,31,0.574849260227349,0.574849260227349,262
CSR,625,96,DDK8,Caron_2018,replaced,replaced,GravIS,-0.574849260227349,31,0.574849260227349,0.574849260227349,263
CSR,627,96,DDK8,Caron_2018,replaced,original,GravIS,-0.574849260227349,31,0.574849260227349,0.574849260227349,264
GFZ,4,60,G300,none,original,replaced,none,-0.57403904280631,31,0.57403904280631,0.57403904280631,265
GFZ,266,60,DDK7,Geruo_ICE5G_VM2,replaced,original,none,-0.572823716674751,31,0.572823716674751,0.572823716674751,266
CSR,264,60,DDK7,Geruo_ICE5G_VM2,replaced,replaced,none,-0.572418607964231,31,0.572418607964231,0.572418607964231,267
CSR,266,60,DDK7,Geruo_ICE5G_VM2,replaced,original,none,-0.572418607964231,31,0.572418607964231,0.572418607964231,268
JPL,544,96,DDK5,none,replaced,replaced,none,-0.571608390543192,31,0.571608390543192,0.571608390543192,269
JPL,546,96,DDK5,none,replaced,original,none,-0.571608390543192,31,0.571608390543192,0.571608390543192,270
CSR,225,60,DDK5,none,replaced,replaced,GravIS,-0.571203281832672,31,0.571203281832672,0.571203281832672,271
JPL,635,96,DDK8,Peltier_ICE6G_D,replaced,original,GravIS,-0.571000727477412,31,0.571000727477412,0.571000727477412,272
JPL,571,96,DDK5,Peltier_ICE6G_D,replaced,original,GravIS,-0.570190510056373,31,0.570190510056373,0.570190510056373,273
CSR,584,96,DDK7,Geruo_ICE5G_VM2,replaced,replaced,none,-0.569987955701113,31,0.569987955701113,0.569987955701113,274
CSR,586,96,DDK7,Geruo_ICE5G_VM2,replaced,original,none,-0.569987955701113,31,0.569987955701113,0.569987955701113,275
GFZ,636,96,DDK8,Peltier_ICE6G_D,original,replaced,none,-0.569987955701113,31,0.569987955701113,0.569987955701113,276
GFZ,638,96,DDK8,Peltier_ICE6G_D,original,original,none,-0.569987955701113,31,0.569987955701113,0.569987955701113,277
CSR,309,60,DDK8,Caron_2018,original,replaced,GravIS,-0.569177738280074,31,0.569177738280074,0.569177738280074,278
CSR,311,60,DDK8,Caron_2018,original,original,GravIS,-0.569177738280074,31,0.569177738280074,0.569177738280074,279
JPL,573,96,DDK5,Peltier_ICE6G_D,original,replaced,GravIS,-0.568975183924814,31,0.568975183924814,0.568975183924814,280
CSR,588,96,DDK7,Geruo_ICE5G_VM2,original,replaced,none,-0.568367520859035,31,0.568367520859035,0.568367520859035,281
CSR,590,96,DDK7,Geruo_ICE5G_VM2,original,original,none,-0.568367520859035,31,0.568367520859035,0.568367520859035,282
GFZ,273,60,DDK7,Caron_2018,replaced,replaced,GravIS,-0.567557303437996,31,0.567557303437996,0.567557303437996,283
GFZ,275,60,DDK7,Caron_2018,replaced,original,GravIS,-0.567557303437996,31,0.567557303437996,0.567557303437996,284
JPL,631,96,DDK8,Caron_2018,original,original,GravIS,-0.567354749082736,31,0.567354749082736,0.567354749082736,285
GFZ,6,60,G300,none,original,original,none,-0.566949640372216,31,0.566949640372216,0.566949640372216,286
GFZ,269,60,DDK7,Geruo_ICE5G_VM2,original,replaced,GravIS,-0.566949640372216,31,0.566949640372216,0.566949640372216,287
GFZ,544,96,DDK5,none,replaced,replaced,none,-0.566747086016956,31,0.566747086016956,0.566747086016956,288
GFZ,546,96,DDK5,none,replaced,original,none,-0.566747086016956,31,0.566747086016956,0.566747086016956,289
CSR,228,60,DDK5,none,original,replaced,none,-0.566341977306437,31,0.566341977306437,0.566341977306437,290
CSR,230,60,DDK5,none,original,original,none,-0.566341977306437,31,0.566341977306437,0.566341977306437,291
GFZ,261,60,DDK7,none,original,replaced,GravIS,-0.565936868595917,31,0.565936868595917,0.565936868595917,292
GFZ,263,60,DDK7,none,original,original,GravIS,-0.565936868595917,31,0.565936868595917,0.565936868595917,293
CSR,318,60,DDK8,Peltier_ICE6G_D,original,original,none,-0.565734314240657,31,0.565734314240657,0.565734314240657,294
GFZ,268,60,DDK7,Geruo_ICE5G_VM2,original,replaced,none,-0.565734314240657,31,0.565734314240657,0.565734314240657,295
GFZ,300,60,DDK8,Geruo_ICE5G_VM2,original,replaced,none,-0.565531759885397,31,0.565531759885397,0.565531759885397,296
GFZ,545,96,DDK5,none,replaced,replaced,GravIS,-0.564316433753838,31,0.564316433753838,0.564316433753838,297
CSR,224,60,DDK5,none,replaced,replaced,none,-0.56310110762228,31,0.56310110762228,0.56310110762228,298
CSR,226,60,DDK5,none,replaced,original,none,-0.56310110762228,31,0.56310110762228,0.56310110762228,299
CSR,307,60,DDK8,Caron_2018,replaced,original,GravIS,-0.5624934445565,31,0.5624934445565,0.5624934445565,300
GFZ,225,60,DDK5,none,replaced,replaced,GravIS,-0.5624934445565,31,0.5624934445565,0.5624934445565,301
GFZ,227,60,DDK5,none,replaced,original,GravIS,-0.5624934445565,31,0.5624934445565,0.5624934445565,302
GFZ,549,96,DDK5,none,original,replaced,GravIS,-0.561885781490721,31,0.561885781490721,0.561885781490721,303
CSR,237,60,DDK5,Geruo_ICE5G_VM2,original,replaced,GravIS,-0.561683227135461,31,0.561683227135461,0.561683227135461,304
CSR,239,60,DDK5,Geruo_ICE5G_VM2,original,original,GravIS,-0.561683227135461,31,0.561683227135461,0.561683227135461,305
GFZ,604,96,DDK7,Peltier_ICE6G_D,original,replaced,none,-0.561480672780201,31,0.561480672780201,0.561480672780201,306
GFZ,606,96,DDK7,Peltier_ICE6G_D,original,original,none,-0.561480672780201,31,0.561480672780201,0.561480672780201,307
JPL,575,96,DDK5,Peltier_ICE6G_D,original,original,GravIS,-0.561278118424941,31,0.561278118424941,0.561278118424941,308
GFZ,301,60,DDK8,Geruo_ICE5G_VM2,original,replaced,GravIS,-0.561278118424941,31,0.561278118424941,0.561278118424941,309
GFZ,303,60,DDK8,Geruo_ICE5G_VM2,original,original,GravIS,-0.561278118424941,31,0.561278118424941,0.561278118424941,310
GFZ,548,96,DDK5,none,original,replaced,none,-0.561278118424941,31,0.561278118424941,0.561278118424941,311
JPL,287,60,DDK7,Peltier_ICE6G_D,original,original,GravIS,-0.561075564069681,31,0.561075564069681,0.561075564069681,312
JPL,320,96,G300,none,replaced,replaced,none,-0.561075564069681,31,0.561075564069681,0.561075564069681,313
CSR,305,60,DDK8,Caron_2018,replaced,replaced,GravIS,-0.560467901003902,31,0.560467901003902,0.560467901003902,314
JPL,569,96,DDK5,Peltier_ICE6G_D,replaced,replaced,GravIS,-0.560467901003902,31,0.560467901003902,0.560467901003902,315
JPL,636,96,DDK8,Peltier_ICE6G_D,original,replaced,none,-0.559455129227603,31,0.559455129227603,0.559455129227603,316
JPL,638,96,DDK8,Peltier_ICE6G_D,original,original,none,-0.559455129227603,31,0.559455129227603,0.559455129227603,317
GFZ,326,96,G300,none,original,original,none,-0.559252574872343,31,0.559252574872343,0.559252574872343,318
JPL,322,96,G300,none,replaced,original,none,-0.559050020517083,31,0.559050020517083,0.559050020517083,319
GFZ,293,60,DDK8,none,original,replaced,GravIS,-0.559050020517083,31,0.559050020517083,0.559050020517083,320
GFZ,295,60,DDK8,none,original,original,GravIS,-0.559050020517083,31,0.559050020517083,0.559050020517083,321
GFZ,551,96,DDK5,none,original,original,GravIS,-0.558847466161824,31,0.558847466161824,0.558847466161824,322
JPL,625,96,DDK8,Caron_2018,replaced,replaced,GravIS,-0.558442357451304,31,0.558442357451304,0.558442357451304,323
JPL,629,96,DDK8,Caron_2018,original,replaced,GravIS,-0.558442357451304,31,0.558442357451304,0.558442357451304,324
GFZ,320,96,G300,none,replaced,replaced,none,-0.558239803096044,31,0.558239803096044,0.558239803096044,325
JPL,235,60,DDK5,Geruo_ICE5G_VM2,replaced,original,GravIS,-0.557834694385524,31,0.557834694385524,0.557834694385524,326
CSR,335,96,G300,Geruo_ICE5G_VM2,original,original,GravIS,-0.557227031319745,31,0.557227031319745,0.557227031319745,327
JPL,1,60,G300,none,replaced,replaced,GravIS,-0.557227031319745,31,0.557227031319745,0.557227031319745,328
JPL,627,96,DDK8,Caron_2018,replaced,original,GravIS,-0.557024476964485,31,0.557024476964485,0.557024476964485,329
GFZ,233,60,DDK5,Geruo_ICE5G_VM2,replaced,replaced,GravIS,-0.557024476964485,31,0.557024476964485,0.557024476964485,330
GFZ,235,60,DDK5,Geruo_ICE5G_VM2,replaced,original,GravIS,-0.557024476964485,31,0.557024476964485,0.557024476964485,331
CSR,547,96,DDK5,none,replaced,original,GravIS,-0.556821922609226,31,0.556821922609226,0.556821922609226,332
GFZ,1,60,G300,none,replaced,replaced,GravIS,-0.556821922609226,31,0.556821922609226,0.556821922609226,333
GFZ,3,60,G300,none,replaced,original,GravIS,-0.556821922609226,31,0.556821922609226,0.556821922609226,334
GFZ,547,96,DDK5,none,replaced,original,GravIS,-0.556619368253966,31,0.556619368253966,0.556619368253966,335
GFZ,550,96,DDK5,none,original,original,none,-0.556619368253966,31,0.556619368253966,0.556619368253966,336
GFZ,5,60,G300,none,original,replaced,GravIS,-0.556011705188186,31,0.556011705188186,0.556011705188186,337
CSR,316,60,DDK8,Peltier_ICE6G_D,original,replaced,none,-0.555606596477667,31,0.555606596477667,0.555606596477667,338
GFZ,249,60,DDK5,Peltier_ICE6G_D,replaced,replaced,GravIS,-0.555606596477667,31,0.555606596477667,0.555606596477667,339
GFZ,251,60,DDK5,Peltier_ICE6G_D,replaced,original,GravIS,-0.555606596477667,31,0.555606596477667,0.555606596477667,340
GFZ,324,96,G300,none,original,replaced,none,-0.555606596477667,31,0.555606596477667,0.555606596477667,341
CSR,312,60,DDK8,Peltier_ICE6G_D,replaced,replaced,none,-0.555201487767147,31,0.555201487767147,0.555201487767147,342
CSR,314,60,DDK8,Peltier_ICE6G_D,replaced,original,none,-0.555201487767147,31,0.555201487767147,0.555201487767147,343
GFZ,322,96,G300,none,replaced,original,none,-0.554998933411887,31,0.554998933411887,0.554998933411887,344
CSR,273,60,DDK7,Caron_2018,replaced,replaced,GravIS,-0.554593824701367,31,0.554593824701367,0.554593824701367,345
CSR,275,60,DDK7,Caron_2018,replaced,original,GravIS,-0.554593824701367,31,0.554593824701367,0.554593824701367,346
GFZ,253,60,DDK5,Peltier_ICE6G_D,original,replaced,GravIS,-0.554391270346108,31,0.554391270346108,0.554391270346108,347
GFZ,255,60,DDK5,Peltier_ICE6G_D,original,original,GravIS,-0.554391270346108,31,0.554391270346108,0.554391270346108,348
CSR,277,60,DDK7,Caron_2018,original,replaced,GravIS,-0.553581052925068,31,0.553581052925068,0.553581052925068,349
CSR,279,60,DDK7,Caron_2018,original,original,GravIS,-0.553581052925068,31,0.553581052925068,0.553581052925068,350
GFZ,2,60,G300,none,replaced,original,none,-0.553581052925068,31,0.553581052925068,0.553581052925068,351
CSR,545,96,DDK5,none,replaced,replaced,GravIS,-0.553175944214549,31,0.553175944214549,0.553175944214549,352
GFZ,569,96,DDK5,Peltier_ICE6G_D,replaced,replaced,GravIS,-0.553175944214549,31,0.553175944214549,0.553175944214549,353
GFZ,571,96,DDK5,Peltier_ICE6G_D,replaced,original,GravIS,-0.553175944214549,31,0.553175944214549,0.553175944214549,354
GFZ,230,60,DDK5,none,original,original,none,-0.55216317243825,31,0.55216317243825,0.55216317243825,355
CSR,233,60,DDK5,Geruo_ICE5G_VM2,replaced,replaced,GravIS,-0.55196061808299,31,0.55196061808299,0.55196061808299,356
CSR,235,60,DDK5,Geruo_ICE5G_VM2,replaced,original,GravIS,-0.55196061808299,31,0.55196061808299,0.55196061808299,357
JPL,233,60,DDK5,Geruo_ICE5G_VM2,replaced,replaced,GravIS,-0.551352955017211,31,0.551352955017211,0.551352955017211,358
JPL,285,60,DDK7,Peltier_ICE6G_D,original,replaced,GravIS,-0.551352955017211,31,0.551352955017211,0.551352955017211,359
JPL,616,96,DDK8,Geruo_ICE5G_VM2,replaced,replaced,none,-0.551150400661951,31,0.551150400661951,0.551150400661951,360
JPL,618,96,DDK8,Geruo_ICE5G_VM2,replaced,original,none,-0.551150400661951,31,0.551150400661951,0.551150400661951,361
CSR,549,96,DDK5,none,original,replaced,GravIS,-0.550745291951431,31,0.550745291951431,0.550745291951431,362
CSR,551,96,DDK5,none,original,original,GravIS,-0.550745291951431,31,0.550745291951431,0.550745291951431,363
GFZ,573,96,DDK5,Peltier_ICE6G_D,original,replaced,GravIS,-0.550137628885652,31,0.550137628885652,0.550137628885652,364
GFZ,575,96,DDK5,Peltier_ICE6G_D,original,original,GravIS,-0.550137628885652,31,0.550137628885652,0.550137628885652,365
GFZ,7,60,G300,none,original,original,GravIS,-0.549732520175132,31,0.549732520175132,0.549732520175132,366
CSR,550,96,DDK5,none,original,original,none,-0.549529965819872,31,0.549529965819872,0.549529965819872,367
GFZ,229,60,DDK5,none,original,replaced,GravIS,-0.549529965819872,31,0.549529965819872,0.549529965819872,368
GFZ,321,96,G300,none,replaced,replaced,GravIS,-0.549327411464612,31,0.549327411464612,0.549327411464612,369
GFZ,323,96,G300,none,replaced,original,GravIS,-0.549327411464612,31,0.549327411464612,0.549327411464612,370
JPL,3,60,G300,none,replaced,original,GravIS,-0.548922302754093,31,0.548922302754093,0.548922302754093,371
GFZ,0,60,G300,none,replaced,replaced,none,-0.548719748398833,31,0.548719748398833,0.548719748398833,372
CSR,548,96,DDK5,none,original,replaced,none,-0.548517194043573,31,0.548517194043573,0.548517194043573,373
GFZ,228,60,DDK5,none,original,replaced,none,-0.548517194043573,31,0.548517194043573,0.548517194043573,374
CSR,284,60,DDK7,Peltier_ICE6G_D,original,replaced,none,-0.547099313556754,31,0.547099313556754,0.547099313556754,375
CSR,286,60,DDK7,Peltier_ICE6G_D,original,original,none,-0.547099313556754,31,0.547099313556754,0.547099313556754,376
GFZ,632,96,DDK8,Peltier_ICE6G_D,replaced,replaced,none,-0.547099313556754,31,0.547099313556754,0.547099313556754,377
GFZ,634,96,DDK8,Peltier_ICE6G_D,replaced,original,none,-0.547099313556754,31,0.547099313556754,0.547099313556754,378
JPL,584,96,DDK7,Geruo_ICE5G_VM2,replaced,replaced,none,-0.546694204846235,31,0.546694204846235,0.546694204846235,379
JPL,586,96,DDK7,Geruo_ICE5G_VM2,replaced,original,none,-0.546694204846235,31,0.546694204846235,0.546694204846235,380
JPL,597,96,DDK7,Caron_2018,original,replaced,GravIS,-0.546491650490975,31,0.546491650490975,0.546491650490975,381
JPL,599,96,DDK7,Caron_2018,original,original,GravIS,-0.546491650490975,31,0.546491650490975,0.546491650490975,382
CSR,333,96,G300,Geruo_ICE5G_VM2,original,replaced,GravIS,-0.546289096135715,31,0.546289096135715,0.546289096135715,383
JPL,620,96,DDK8,Geruo_ICE5G_VM2,original,replaced,none,-0.546289096135715,31,0.546289096135715,0.546289096135715,384
JPL,622,96,DDK8,Geruo_ICE5G_VM2,original,original,none,-0.546289096135715,31,0.546289096135715,0.546289096135715,385
JPL,357,96,G400,none,original,replaced,GravIS,-0.545681433069936,31,0.545681433069936,0.545681433069936,386
JPL,359,96,G400,none,original,original,GravIS,-0.545681433069936,31,0.545681433069936,0.545681433069936,387
JPL,5,60,G300,none,original,replaced,GravIS,-0.545276324359416,31,0.545276324359416,0.545276324359416,388
JPL,251,60,DDK5,Peltier_ICE6G_D,replaced,original,GravIS,-0.545276324359416,31,0.545276324359416,0.545276324359416,389
GFZ,602,96,DDK7,Peltier_ICE6G_D,replaced,original,none,-0.545073770004156,31,0.545073770004156,0.545073770004156,390
CSR,593,96,DDK7,Caron_2018,replaced,replaced,GravIS,-0.544871215648897,31,0.544871215648897,0.544871215648897,391
CSR,595,96,DDK7,Caron_2018,replaced,original,GravIS,-0.544871215648897,31,0.544871215648897,0.544871215648897,392
JPL,270,60,DDK7,Geruo_ICE5G_VM2,original,original,none,-0.544871215648897,31,0.544871215648897,0.544871215648897,393
JPL,7,60,G300,none,original,original,GravIS,-0.544668661293637,31,0.544668661293637,0.544668661293637,394
CSR,544,96,DDK5,none,replaced,replaced,none,-0.544263552583117,31,0.544263552583117,0.544263552583117,395
CSR,546,96,DDK5,none,replaced,original,none,-0.544263552583117,31,0.544263552583117,0.544263552583117,396
JPL,588,96,DDK7,Geruo_ICE5G_VM2,original,replaced,none,-0.544263552583117,31,0.544263552583117,0.544263552583117,397
JPL,590,96,DDK7,Geruo_ICE5G_VM2,original,original,none,-0.544263552583117,31,0.544263552583117,0.544263552583117,398
JPL,4,60,G300,none,original,replaced,none,-0.544060998227857,31,0.544060998227857,0.544060998227857,399
JPL,6,60,G300,none,original,original,none,-0.544060998227857,31,0.544060998227857,0.544060998227857,400
JPL,237,60,DDK5,Geruo_ICE5G_VM2,original,replaced,GravIS,-0.543858443872597,31,0.543858443872597,0.543858443872597,401
JPL,239,60,DDK5,Geruo_ICE5G_VM2,original,original,GravIS,-0.543858443872597,31,0.543858443872597,0.543858443872597,402
CSR,37,60,G400,none,original,replaced,GravIS,-0.543655889517338,31,0.543655889517338,0.543655889517338,403
JPL,266,60,DDK7,Geruo_ICE5G_VM2,replaced,original,none,-0.543655889517338,31,0.543655889517338,0.543655889517338,404
GFZ,600,96,DDK7,Peltier_ICE6G_D,replaced,replaced,none,-0.543655889517338,31,0.543655889517338,0.543655889517338,405
GFZ,557,96,DDK5,Geruo_ICE5G_VM2,original,replaced,GravIS,-0.543250780806818,31,0.543250780806818,0.543250780806818,406
GFZ,559,96,DDK5,Geruo_ICE5G_VM2,original,original,GravIS,-0.543250780806818,31,0.543250780806818,0.543250780806818,407
GFZ,231,60,DDK5,none,original,original,GravIS,-0.542845672096298,31,0.542845672096298,0.542845672096298,408
JPL,595,96,DDK7,Caron_2018,replaced,original,GravIS,-0.542440563385779,31,0.542440563385779,0.542440563385779,409
GFZ,312,60,DDK8,Peltier_ICE6G_D,replaced,replaced,none,-0.542238009030519,31,0.542238009030519,0.542238009030519,410
GFZ,314,60,DDK8,Peltier_ICE6G_D,replaced,original,none,-0.542238009030519,31,0.542238009030519,0.542238009030519,411
JPL,2,60,G300,none,replaced,original,none,-0.541832900319999,31,0.541832900319999,0.541832900319999,412
CSR,39,60,G400,none,original,original,GravIS,-0.54061757418844,31,0.54061757418844,0.54061757418844,413
JPL,317,60,DDK8,Peltier_ICE6G_D,original,replaced,GravIS,-0.54061757418844,31,0.54061757418844,0.54061757418844,414
JPL,319,60,DDK8,Peltier_ICE6G_D,original,original,GravIS,-0.54061757418844,31,0.54061757418844,0.54061757418844,415
CSR,597,96,DDK7,Caron_2018,original,replaced,GravIS,-0.540415019833181,31,0.540415019833181,0.540415019833181,416
CSR,599,96,DDK7,Caron_2018,original,original,GravIS,-0.540415019833181,31,0.540415019833181,0.540415019833181,417
GFZ,626,96,DDK8,Caron_2018,replaced,original,none,-0.540415019833181,31,0.540415019833181,0.540415019833181,418
GFZ,282,60,DDK7,Peltier_ICE6G_D,replaced,original,none,-0.539402248056882,31,0.539402248056882,0.539402248056882,419
JPL,514,96,DDK3,none,replaced,original,none,-0.538997139346362,31,0.538997139346362,0.538997139346362,420
JPL,264,60,DDK7,Geruo_ICE5G_VM2,replaced,replaced,none,-0.538794584991102,31,0.538794584991102,0.538794584991102,421
CSR,35,60,G400,none,replaced,original,GravIS,-0.538389476280582,31,0.538389476280582,0.538389476280582,422
JPL,309,60,DDK8,Caron_2018,original,replaced,GravIS,-0.538389476280582,31,0.538389476280582,0.538389476280582,423
JPL,311,60,DDK8,Caron_2018,original,original,GravIS,-0.538389476280582,31,0.538389476280582,0.538389476280582,424
JPL,249,60,DDK5,Peltier_ICE6G_D,replaced,replaced,GravIS,-0.537984367570063,31,0.537984367570063,0.537984367570063,425
JPL,296,60,DDK8,Geruo_ICE5G_VM2,replaced,replaced,none,-0.537984367570063,31,0.537984367570063,0.537984367570063,426
JPL,275,60,DDK7,Caron_2018,replaced,original,GravIS,-0.537579258859543,31,0.537579258859543,0.537579258859543,427
JPL,281,60,DDK7,Peltier_ICE6G_D,replaced,replaced,GravIS,-0.537376704504283,31,0.537376704504283,0.537376704504283,428
JPL,283,60,DDK7,Peltier_ICE6G_D,replaced,original,GravIS,-0.537376704504283,31,0.537376704504283,0.537376704504283,429
JPL,353,96,G400,none,replaced,replaced,GravIS,-0.537376704504283,31,0.537376704504283,0.537376704504283,430
JPL,355,96,G400,none,replaced,original,GravIS,-0.537376704504283,31,0.537376704504283,0.537376704504283,431
CSR,636,96,DDK8,Peltier_ICE6G_D,original,replaced,none,-0.536971595793764,31,0.536971595793764,0.536971595793764,432
CSR,638,96,DDK8,Peltier_ICE6G_D,original,original,none,-0.536971595793764,31,0.536971595793764,0.536971595793764,433
GFZ,284,60,DDK7,Peltier_ICE6G_D,original,replaced,none,-0.536971595793764,31,0.536971595793764,0.536971595793764,434
JPL,0,60,G300,none,replaced,replaced,none,-0.536566487083244,31,0.536566487083244,0.536566487083244,435
JPL,593,96,DDK7,Caron_2018,replaced,replaced,GravIS,-0.536363932727984,31,0.536363932727984,0.536363932727984,436
GFZ,325,96,G300,none,original,replaced,GravIS,-0.536161378372725,31,0.536161378372725,0.536161378372725,437
CSR,33,60,G400,none,replaced,replaced,GravIS,-0.535958824017465,31,0.535958824017465,0.535958824017465,438
CSR,353,96,G400,none,replaced,replaced,GravIS,-0.535958824017465,31,0.535958824017465,0.535958824017465,439
CSR,69,60,G500,none,original,replaced,GravIS,-0.535351160951685,31,0.535351160951685,0.535351160951685,440
CSR,71,60,G500,none,original,original,GravIS,-0.535351160951685,31,0.535351160951685,0.535351160951685,441
CSR,389,96,G500,none,original,replaced,GravIS,-0.535351160951685,31,0.535351160951685,0.535351160951685,442
CSR,391,96,G500,none,original,original,GravIS,-0.535351160951685,31,0.535351160951685,0.535351160951685,443
JPL,277,60,DDK7,Caron_2018,original,replaced,GravIS,-0.535351160951685,31,0.535351160951685,0.535351160951685,444
JPL,279,60,DDK7,Caron_2018,original,original,GravIS,-0.535351160951685,31,0.535351160951685,0.535351160951685,445
JPL,385,96,G500,none,replaced,replaced,GravIS,-0.535351160951685,31,0.535351160951685,0.535351160951685,446
JPL,387,96,G500,none,replaced,original,GravIS,-0.535351160951685,31,0.535351160951685,0.535351160951685,447
JPL,634,96,DDK8,Peltier_ICE6G_D,replaced,original,none,-0.535351160951685,31,0.535351160951685,0.535351160951685,448
JPL,268,60,DDK7,Geruo_ICE5G_VM2,original,replaced,none,-0.535148606596425,31,0.535148606596425,0.535148606596425,449
JPL,298,60,DDK8,Geruo_ICE5G_VM2,replaced,original,none,-0.534946052241166,31,0.534946052241166,0.534946052241166,450
JPL,300,60,DDK8,Geruo_ICE5G_VM2,original,replaced,none,-0.534946052241166,31,0.534946052241166,0.534946052241166,451
JPL,302,60,DDK8,Geruo_ICE5G_VM2,original,original,none,-0.534946052241166,31,0.534946052241166,0.534946052241166,452
JPL,305,60,DDK8,Caron_2018,replaced,replaced,GravIS,-0.534743497885906,31,0.534743497885906,0.534743497885906,453
JPL,307,60,DDK8,Caron_2018,replaced,original,GravIS,-0.534743497885906,31,0.534743497885906,0.534743497885906,454
JPL,253,60,DDK5,Peltier_ICE6G_D,original,replaced,GravIS,-0.533528171754347,31,0.533528171754347,0.533528171754347,455
JPL,255,60,DDK5,Peltier_ICE6G_D,original,original,GravIS,-0.533528171754347,31,0.533528171754347,0.533528171754347,456
GFZ,198,60,DDK3,none,original,original,none,-0.533325617399087,31,0.533325617399087,0.533325617399087,457
CSR,357,96,G400,none,original,replaced,GravIS,-0.532920508688568,31,0.532920508688568,0.532920508688568,458
CSR,359,96,G400,none,original,original,GravIS,-0.532920508688568,31,0.532920508688568,0.532920508688568,459
GFZ,239,60,DDK5,Geruo_ICE5G_VM2,original,original,GravIS,-0.532515399978048,31,0.532515399978048,0.532515399978048,460
GFZ,327,96,G300,none,original,original,GravIS,-0.532515399978048,31,0.532515399978048,0.532515399978048,461
CSR,193,60,DDK3,none,replaced,replaced,GravIS,-0.531907736912268,31,0.531907736912268,0.531907736912268,462
CSR,195,60,DDK3,none,replaced,original,GravIS,-0.531907736912268,31,0.531907736912268,0.531907736912268,463
JPL,69,60,G500,none,original,replaced,GravIS,-0.531705182557009,31,0.531705182557009,0.531705182557009,464
JPL,71,60,G500,none,original,original,GravIS,-0.531705182557009,31,0.531705182557009,0.531705182557009,465
JPL,391,96,G500,none,original,original,GravIS,-0.531705182557009,31,0.531705182557009,0.531705182557009,466
CSR,13,60,G300,Geruo_ICE5G_VM2,original,replaced,GravIS,-0.531502628201749,31,0.531502628201749,0.531502628201749,467
CSR,15,60,G300,Geruo_ICE5G_VM2,original,original,GravIS,-0.531502628201749,31,0.531502628201749,0.531502628201749,468
CSR,280,60,DDK7,Peltier_ICE6G_D,replaced,replaced,none,-0.531502628201749,31,0.531502628201749,0.531502628201749,469
CSR,282,60,DDK7,Peltier_ICE6G_D,replaced,original,none,-0.531502628201749,31,0.531502628201749,0.531502628201749,470
JPL,512,96,DDK3,none,replaced,replaced,none,-0.531300073846489,31,0.531300073846489,0.531300073846489,471
JPL,606,96,DDK7,Peltier_ICE6G_D,original,original,none,-0.531300073846489,31,0.531300073846489,0.531300073846489,472
GFZ,316,60,DDK8,Peltier_ICE6G_D,original,replaced,none,-0.53008474771493,31,0.53008474771493,0.53008474771493,473
GFZ,318,60,DDK8,Peltier_ICE6G_D,original,original,none,-0.53008474771493,31,0.53008474771493,0.53008474771493,474
JPL,389,96,G500,none,original,replaced,GravIS,-0.52988219335967,31,0.52988219335967,0.52988219335967,475
GFZ,196,60,DDK3,none,original,replaced,none,-0.52988219335967,31,0.52988219335967,0.52988219335967,476
GFZ,624,96,DDK8,Caron_2018,replaced,replaced,none,-0.529477084649151,31,0.529477084649151,0.529477084649151,477
GFZ,286,60,DDK7,Peltier_ICE6G_D,original,original,none,-0.529274530293891,31,0.529274530293891,0.529274530293891,478
CSR,387,96,G500,none,replaced,original,GravIS,-0.529071975938631,31,0.529071975938631,0.529071975938631,479
JPL,273,60,DDK7,Caron_2018,replaced,replaced,GravIS,-0.529071975938631,31,0.529071975938631,0.529071975938631,480
JPL,67,60,G500,none,replaced,original,GravIS,-0.528666867228111,31,0.528666867228111,0.528666867228111,481
GFZ,280,60,DDK7,Peltier_ICE6G_D,replaced,replaced,none,-0.528464312872852,31,0.528464312872852,0.528464312872852,482
GFZ,514,96,DDK3,none,replaced,original,none,-0.528059204162332,31,0.528059204162332,0.528059204162332,483
CSR,192,60,DDK3,none,replaced,replaced,none,-0.527654095451812,31,0.527654095451812,0.527654095451812,484
CSR,194,60,DDK3,none,replaced,original,none,-0.527654095451812,31,0.527654095451812,0.527654095451812,485
CSR,355,96,G400,none,replaced,original,GravIS,-0.527654095451812,31,0.527654095451812,0.527654095451812,486
GFZ,237,60,DDK5,Geruo_ICE5G_VM2,original,replaced,GravIS,-0.525628551899214,31,0.525628551899214,0.525628551899214,487
GFZ,556,96,DDK5,Geruo_ICE5G_VM2,original,replaced,none,-0.525628551899214,31,0.525628551899214,0.525628551899214,488
GFZ,558,96,DDK5,Geruo_ICE5G_VM2,original,original,none,-0.525628551899214,31,0.525628551899214,0.525628551899214,489
GFZ,561,96,DDK5,Caron_2018,replaced,replaced,GravIS,-0.525628551899214,31,0.525628551899214,0.525628551899214,490
GFZ,563,96,DDK5,Caron_2018,replaced,original,GravIS,-0.525628551899214,31,0.525628551899214,0.525628551899214,491
JPL,516,96,DDK3,none,original,replaced,none,-0.525223443188695,31,0.525223443188695,0.525223443188695,492
JPL,518,96,DDK3,none,original,original,none,-0.525223443188695,31,0.525223443188695,0.525223443188695,493
JPL,11,60,G300,Geruo_ICE5G_VM2,replaced,original,GravIS,-0.524818334478175,31,0.524818334478175,0.524818334478175,494
GFZ,516,96,DDK3,none,original,replaced,none,-0.524615780122915,31,0.524615780122915,0.524615780122915,495
JPL,632,96,DDK8,Peltier_ICE6G_D,replaced,replaced,none,-0.524413225767655,31,0.524413225767655,0.524413225767655,496
CSR,385,96,G500,none,replaced,replaced,GravIS,-0.523805562701876,31,0.523805562701876,0.523805562701876,497
JPL,34,60,G400,none,replaced,original,none,-0.523603008346616,31,0.523603008346616,0.523603008346616,498
JPL,65,60,G500,none,replaced,replaced,GravIS,-0.523400453991356,31,0.523400453991356,0.523400453991356,499
JPL,517,96,DDK3,none,original,replaced,GravIS,-0.522995345280837,31,0.522995345280837,0.522995345280837,500
JPL,519,96,DDK3,none,original,original,GravIS,-0.522995345280837,31,0.522995345280837,0.522995345280837,501
GFZ,554,96,DDK5,Geruo_ICE5G_VM2,replaced,original,none,-0.522995345280837,31,0.522995345280837,0.522995345280837,502
GFZ,552,96,DDK5,Geruo_ICE5G_VM2,replaced,replaced,none,-0.522185127859797,31,0.522185127859797,0.522185127859797,503
JPL,35,60,G400,none,replaced,original,GravIS,-0.521982573504538,31,0.521982573504538,0.521982573504538,504
GFZ,518,96,DDK3,none,original,original,none,-0.521982573504538,31,0.521982573504538,0.521982573504538,505
CSR,65,60,G500,none,replaced,replaced,GravIS,-0.521780019149278,31,0.521780019149278,0.521780019149278,506
CSR,67,60,G500,none,replaced,original,GravIS,-0.521780019149278,31,0.521780019149278,0.521780019149278,507
GFZ,574,96,DDK5,Peltier_ICE6G_D,original,original,none,-0.521780019149278,31,0.521780019149278,0.521780019149278,508
JPL,13,60,G300,Geruo_ICE5G_VM2,original,replaced,GravIS,-0.521577464794018,31,0.521577464794018,0.521577464794018,509
JPL,315,60,DDK8,Peltier_ICE6G_D,replaced,original,GravIS,-0.521577464794018,31,0.521577464794018,0.521577464794018,510
GFZ,512,96,DDK3,none,replaced,replaced,none,-0.521172356083498,31,0.521172356083498,0.521172356083498,511
GFZ,572,96,DDK5,Peltier_ICE6G_D,original,replaced,none,-0.520767247372979,31,0.520767247372979,0.520767247372979,512
JPL,313,60,DDK8,Peltier_ICE6G_D,replaced,replaced,GravIS,-0.520564693017719,31,0.520564693017719,0.520564693017719,513
CSR,197,60,DDK3,none,original,replaced,GravIS,-0.520362138662459,31,0.520362138662459,0.520362138662459,514
JPL,604,96,DDK7,Peltier_ICE6G_D,original,replaced,none,-0.520362138662459,31,0.520362138662459,0.520362138662459,515
JPL,33,60,G400,none,replaced,replaced,GravIS,-0.520159584307199,31,0.520159584307199,0.520159584307199,516
JPL,196,60,DDK3,none,original,replaced,none,-0.51995702995194,31,0.51995702995194,0.51995702995194,517
CSR,573,96,DDK5,Peltier_ICE6G_D,original,replaced,GravIS,-0.51955192124142,31,0.51955192124142,0.51955192124142,518
CSR,575,96,DDK5,Peltier_ICE6G_D,original,original,GravIS,-0.51955192124142,31,0.51955192124142,0.51955192124142,519
JPL,598,96,DDK7,Caron_2018,original,original,none,-0.5191468125309,31,0.5191468125309,0.5191468125309,520
GFZ,11,60,G300,Geruo_ICE5G_VM2,replaced,original,GravIS,-0.51894425817564,31,0.51894425817564,0.51894425817564,521
GFZ,628,96,DDK8,Caron_2018,original,replaced,none,-0.518741703820381,31,0.518741703820381,0.518741703820381,522
GFZ,630,96,DDK8,Caron_2018,original,original,none,-0.518741703820381,31,0.518741703820381,0.518741703820381,523
JPL,193,60,DDK3,none,replaced,replaced,GravIS,-0.518336595109861,31,0.518336595109861,0.518336595109861,524
JPL,195,60,DDK3,none,replaced,original,GravIS,-0.518336595109861,31,0.518336595109861,0.518336595109861,525
CSR,11,60,G300,Geruo_ICE5G_VM2,replaced,original,GravIS,-0.517931486399341,31,0.517931486399341,0.517931486399341,526
JPL,197,60,DDK3,none,original,replaced,GravIS,-0.517323823333562,31,0.517323823333562,0.517323823333562,527
JPL,198,60,DDK3,none,original,original,none,-0.517323823333562,31,0.517323823333562,0.517323823333562,528
JPL,558,96,DDK5,Geruo_ICE5G_VM2,original,original,none,-0.517121268978302,31,0.517121268978302,0.517121268978302,529
GFZ,308,60,DDK8,Caron_2018,original,replaced,none,-0.517121268978302,31,0.517121268978302,0.517121268978302,530
GFZ,310,60,DDK8,Caron_2018,original,original,none,-0.517121268978302,31,0.517121268978302,0.517121268978302,531
GFZ,238,60,DDK5,Geruo_ICE5G_VM2,original,original,none,-0.516918714623042,31,0.516918714623042,0.516918714623042,532
CSR,604,96,DDK7,Peltier_ICE6G_D,original,replaced,none,-0.516716160267782,31,0.516716160267782,0.516716160267782,533
CSR,606,96,DDK7,Peltier_ICE6G_D,original,original,none,-0.516716160267782,31,0.516716160267782,0.516716160267782,534
CSR,199,60,DDK3,none,original,original,GravIS,-0.516311051557263,31,0.516311051557263,0.516311051557263,535
JPL,64,60,G500,none,replaced,replaced,none,-0.516311051557263,31,0.516311051557263,0.516311051557263,536
JPL,66,60,G500,none,replaced,original,none,-0.516311051557263,31,0.516311051557263,0.516311051557263,537
GFZ,596,96,DDK7,Caron_2018,original,replaced,none,-0.516311051557263,31,0.516311051557263,0.516311051557263,538
GFZ,598,96,DDK7,Caron_2018,original,original,none,-0.516311051557263,31,0.516311051557263,0.516311051557263,539
JPL,192,60,DDK3,none,replaced,replaced,none,-0.516108497202003,31,0.516108497202003,0.516108497202003,540
JPL,194,60,DDK3,none,replaced,original,none,-0.516108497202003,31,0.516108497202003,0.516108497202003,541
JPL,68,60,G500,none,original,replaced,none,-0.515905942846743,31,0.515905942846743,0.515905942846743,542
JPL,70,60,G500,none,original,original,none,-0.515905942846743,31,0.515905942846743,0.515905942846743,543
JPL,199,60,DDK3,none,original,original,GravIS,-0.515905942846743,31,0.515905942846743,0.515905942846743,544
CSR,196,60,DDK3,none,original,replaced,none,-0.515500834136224,31,0.515500834136224,0.515500834136224,545
CSR,198,60,DDK3,none,original,original,none,-0.515500834136224,31,0.515500834136224,0.515500834136224,546
JPL,9,60,G300,Geruo_ICE5G_VM2,replaced,replaced,GravIS,-0.515500834136224,31,0.515500834136224,0.515500834136224,547
CSR,388,96,G500,none,original,replaced,none,-0.515095725425704,31,0.515095725425704,0.515095725425704,548
CSR,632,96,DDK8,Peltier_ICE6G_D,replaced,replaced,none,-0.514893171070444,31,0.514893171070444,0.514893171070444,549
CSR,634,96,DDK8,Peltier_ICE6G_D,replaced,original,none,-0.514893171070444,31,0.514893171070444,0.514893171070444,550
JPL,15,60,G300,Geruo_ICE5G_VM2,original,original,GravIS,-0.514893171070444,31,0.514893171070444,0.514893171070444,551
CSR,9,60,G300,Geruo_ICE5G_VM2,replaced,replaced,GravIS,-0.514690616715184,31,0.514690616715184,0.514690616715184,552
CSR,602,96,DDK7,Peltier_ICE6G_D,replaced,original,none,-0.514285508004665,31,0.514285508004665,0.514285508004665,553
GFZ,568,96,DDK5,Peltier_ICE6G_D,replaced,replaced,none,-0.513880399294145,31,0.513880399294145,0.513880399294145,554
GFZ,570,96,DDK5,Peltier_ICE6G_D,replaced,original,none,-0.513880399294145,31,0.513880399294145,0.513880399294145,555
JPL,513,96,DDK3,none,replaced,replaced,GravIS,-0.513677844938885,31,0.513677844938885,0.513677844938885,556
JPL,515,96,DDK3,none,replaced,original,GravIS,-0.513677844938885,31,0.513677844938885,0.513677844938885,557
JPL,556,96,DDK5,Geruo_ICE5G_VM2,original,replaced,none,-0.513677844938885,31,0.513677844938885,0.513677844938885,558
JPL,596,96,DDK7,Caron_2018,original,replaced,none,-0.513272736228366,31,0.513272736228366,0.513272736228366,559
CSR,68,60,G500,none,original,replaced,none,-0.513070181873106,31,0.513070181873106,0.513070181873106,560
CSR,514,96,DDK3,none,replaced,original,none,-0.513070181873106,31,0.513070181873106,0.513070181873106,561
JPL,352,96,G400,none,replaced,replaced,none,-0.513070181873106,31,0.513070181873106,0.513070181873106,562
JPL,354,96,G400,none,replaced,original,none,-0.513070181873106,31,0.513070181873106,0.513070181873106,563
CSR,32,60,G400,none,replaced,replaced,none,-0.512867627517846,31,0.512867627517846,0.512867627517846,564
CSR,34,60,G400,none,replaced,original,none,-0.512867627517846,31,0.512867627517846,0.512867627517846,565
CSR,352,96,G400,none,replaced,replaced,none,-0.512867627517846,31,0.512867627517846,0.512867627517846,566
CSR,354,96,G400,none,replaced,original,none,-0.512867627517846,31,0.512867627517846,0.512867627517846,567
JPL,384,96,G500,none,replaced,replaced,none,-0.512259964452067,31,0.512259964452067,0.512259964452067,568
JPL,386,96,G500,none,replaced,original,none,-0.512259964452067,31,0.512259964452067,0.512259964452067,569
GFZ,331,96,G300,Geruo_ICE5G_VM2,replaced,original,GravIS,-0.511449747031027,31,0.511449747031027,0.511449747031027,570
CSR,36,60,G400,none,original,replaced,none,-0.511044638320508,31,0.511044638320508,0.511044638320508,571
CSR,38,60,G400,none,original,original,none,-0.511044638320508,31,0.511044638320508,0.511044638320508,572
GFZ,9,60,G300,Geruo_ICE5G_VM2,replaced,replaced,GravIS,-0.510842083965248,31,0.510842083965248,0.510842083965248,573
CSR,386,96,G500,none,replaced,original,none,-0.510234420899469,31,0.510234420899469,0.510234420899469,574
CSR,251,60,DDK5,Peltier_ICE6G_D,replaced,original,GravIS,-0.510031866544209,31,0.510031866544209,0.510031866544209,575
GFZ,329,96,G300,Geruo_ICE5G_VM2,replaced,replaced,GravIS,-0.509829312188949,31,0.509829312188949,0.509829312188949,576
CSR,64,60,G500,none,replaced,replaced,none,-0.509626757833689,31,0.509626757833689,0.509626757833689,577
CSR,66,60,G500,none,replaced,original,none,-0.509626757833689,31,0.509626757833689,0.509626757833689,578
JPL,37,60,G400,none,original,replaced,GravIS,-0.509424203478429,31,0.509424203478429,0.509424203478429,579
JPL,39,60,G400,none,original,original,GravIS,-0.509424203478429,31,0.509424203478429,0.509424203478429,580
GFZ,236,60,DDK5,Geruo_ICE5G_VM2,original,replaced,none,-0.509221649123169,31,0.509221649123169,0.509221649123169,581
GFZ,592,96,DDK7,Caron_2018,replaced,replaced,none,-0.509221649123169,31,0.509221649123169,0.509221649123169,582
GFZ,594,96,DDK7,Caron_2018,replaced,original,none,-0.509221649123169,31,0.509221649123169,0.509221649123169,583
GFZ,192,60,DDK3,none,replaced,replaced,none,-0.50901909476791,31,0.50901909476791,0.50901909476791,584
CSR,253,60,DDK5,Peltier_ICE6G_D,original,replaced,GravIS,-0.50881654041265,31,0.50881654041265,0.50881654041265,585
CSR,255,60,DDK5,Peltier_ICE6G_D,original,original,GravIS,-0.50881654041265,31,0.50881654041265,0.50881654041265,586
CSR,358,96,G400,none,original,original,none,-0.50881654041265,31,0.50881654041265,0.50881654041265,587
JPL,36,60,G400,none,original,replaced,none,-0.50861398605739,31,0.50861398605739,0.50861398605739,588
JPL,38,60,G400,none,original,original,none,-0.50861398605739,31,0.50861398605739,0.50861398605739,589
JPL,32,60,G400,none,replaced,replaced,none,-0.50841143170213,31,0.50841143170213,0.50841143170213,590
JPL,554,96,DDK5,Geruo_ICE5G_VM2,replaced,original,none,-0.508006322991611,31,0.508006322991611,0.508006322991611,591
GFZ,232,60,DDK5,Geruo_ICE5G_VM2,replaced,replaced,none,-0.508006322991611,31,0.508006322991611,0.508006322991611,592
GFZ,234,60,DDK5,Geruo_ICE5G_VM2,replaced,original,none,-0.508006322991611,31,0.508006322991611,0.508006322991611,593
CSR,512,96,DDK3,none,replaced,replaced,none,-0.507803768636351,31,0.507803768636351,0.507803768636351,594
CSR,553,96,DDK5,Geruo_ICE5G_VM2,replaced,replaced,GravIS,-0.507803768636351,31,0.507803768636351,0.507803768636351,595
CSR,555,96,DDK5,Geruo_ICE5G_VM2,replaced,original,GravIS,-0.507803768636351,31,0.507803768636351,0.507803768636351,596
JPL,388,96,G500,none,original,replaced,none,-0.507601214281091,31,0.507601214281091,0.507601214281091,597
JPL,390,96,G500,none,original,original,none,-0.507601214281091,31,0.507601214281091,0.507601214281091,598
CSR,384,96,G500,none,replaced,replaced,none,-0.507398659925831,31,0.507398659925831,0.507398659925831,599
JPL,594,96,DDK7,Caron_2018,replaced,original,none,-0.506993551215311,31,0.506993551215311,0.506993551215311,600
GFZ,304,60,DDK8,Caron_2018,replaced,replaced,none,-0.506993551215311,31,0.506993551215311,0.506993551215311,601
CSR,518,96,DDK3,none,original,original,none,-0.506790996860052,31,0.506790996860052,0.506790996860052,602
GFZ,306,60,DDK8,Caron_2018,replaced,original,none,-0.506588442504792,31,0.506588442504792,0.506588442504792,603
JPL,552,96,DDK5,Geruo_ICE5G_VM2,replaced,replaced,none,-0.505980779439012,31,0.505980779439012,0.505980779439012,604
JPL,602,96,DDK7,Peltier_ICE6G_D,replaced,original,none,-0.505373116373233,31,0.505373116373233,0.505373116373233,605
CSR,356,96,G400,none,original,replaced,none,-0.505170562017973,31,0.505170562017973,0.505170562017973,606
GFZ,193,60,DDK3,none,replaced,replaced,GravIS,-0.504968007662713,31,0.504968007662713,0.504968007662713,607
JPL,314,60,DDK8,Peltier_ICE6G_D,replaced,original,none,-0.504765453307454,31,0.504765453307454,0.504765453307454,608
GFZ,352,96,G400,none,replaced,replaced,none,-0.504765453307454,31,0.504765453307454,0.504765453307454,609
JPL,356,96,G400,none,original,replaced,none,-0.504157790241674,31,0.504157790241674,0.504157790241674,610
JPL,358,96,G400,none,original,original,none,-0.504157790241674,31,0.504157790241674,0.504157790241674,611
CSR,600,96,DDK7,Peltier_ICE6G_D,replaced,replaced,none,-0.503752681531155,31,0.503752681531155,0.503752681531155,612
GFZ,241,60,DDK5,Caron_2018,replaced,replaced,GravIS,-0.503347572820635,31,0.503347572820635,0.503347572820635,613
GFZ,243,60,DDK5,Caron_2018,replaced,original,GravIS,-0.503347572820635,31,0.503347572820635,0.503347572820635,614
CSR,513,96,DDK3,none,replaced,replaced,GravIS,-0.503145018465375,31,0.503145018465375,0.503145018465375,615
GFZ,513,96,DDK3,none,replaced,replaced,GravIS,-0.503145018465375,31,0.503145018465375,0.503145018465375,616
CSR,249,60,DDK5,Peltier_ICE6G_D,replaced,replaced,GravIS,-0.502334801044336,31,0.502334801044336,0.502334801044336,617
CSR,516,96,DDK3,none,original,replaced,none,-0.502334801044336,31,0.502334801044336,0.502334801044336,618
CSR,390,96,G500,none,original,original,none,-0.501727137978556,31,0.501727137978556,0.501727137978556,619
CSR,517,96,DDK3,none,original,replaced,GravIS,-0.501727137978556,31,0.501727137978556,0.501727137978556,620
CSR,519,96,DDK3,none,original,original,GravIS,-0.501727137978556,31,0.501727137978556,0.501727137978556,621
JPL,628,96,DDK8,Caron_2018,original,replaced,none,-0.501727137978556,31,0.501727137978556,0.501727137978556,622
JPL,630,96,DDK8,Caron_2018,original,original,none,-0.501727137978556,31,0.501727137978556,0.501727137978556,623
GFZ,254,60,DDK5,Peltier_ICE6G_D,original,original,none,-0.501727137978556,31,0.501727137978556,0.501727137978556,624
JPL,600,96,DDK7,Peltier_ICE6G_D,replaced,replaced,none,-0.501322029268037,31,0.501322029268037,0.501322029268037,625
GFZ,195,60,DDK3,none,replaced,original,GravIS,-0.501119474912777,31,0.501119474912777,0.501119474912777,626
JPL,312,60,DDK8,Peltier_ICE6G_D,replaced,replaced,none,-0.500714366202257,31,0.500714366202257,0.500714366202257,627
JPL,284,60,DDK7,Peltier_ICE6G_D,original,replaced,none,-0.500106703136478,31,0.500106703136478,0.500106703136478,628
JPL,286,60,DDK7,Peltier_ICE6G_D,original,original,none,-0.500106703136478,31,0.500106703136478,0.500106703136478,629
GFZ,194,60,DDK3,none,replaced,original,none,-0.500106703136478,31,0.500106703136478,0.500106703136478,630
JPL,238,60,DDK5,Geruo_ICE5G_VM2,original,original,none,-0.499904148781218,31,0.499904148781218,0.499904148781218,631
GFZ,276,60,DDK7,Caron_2018,original,replaced,none,-0.499904148781218,31,0.499904148781218,0.499904148781218,632
GFZ,278,60,DDK7,Caron_2018,original,original,none,-0.499904148781218,31,0.499904148781218,0.499904148781218,633
GFZ,354,96,G400,none,replaced,original,none,-0.499701594425958,31,0.499701594425958,0.499701594425958,634
GFZ,353,96,G400,none,replaced,replaced,GravIS,-0.499499040070698,31,0.499499040070698,0.499499040070698,635
GFZ,355,96,G400,none,replaced,original,GravIS,-0.499499040070698,31,0.499499040070698,0.499499040070698,636
GFZ,252,60,DDK5,Peltier_ICE6G_D,original,replaced,none,-0.498486268294399,31,0.498486268294399,0.498486268294399,637
JPL,280,60,DDK7,Peltier_ICE6G_D,replaced,replaced,none,-0.49828371393914,31,0.49828371393914,0.49828371393914,638
JPL,282,60,DDK7,Peltier_ICE6G_D,replaced,original,none,-0.49828371393914,31,0.49828371393914,0.49828371393914,639
GFZ,515,96,DDK3,none,replaced,original,GravIS,-0.49828371393914,31,0.49828371393914,0.49828371393914,640
JPL,624,96,DDK8,Caron_2018,replaced,replaced,none,-0.49808115958388,31,0.49808115958388,0.49808115958388,641
JPL,626,96,DDK8,Caron_2018,replaced,original,none,-0.49808115958388,31,0.49808115958388,0.49808115958388,642
GFZ,385,96,G500,none,replaced,replaced,GravIS,-0.49787860522862,31,0.49787860522862,0.49787860522862,643
JPL,316,60,DDK8,Peltier_ICE6G_D,original,replaced,none,-0.497068387807581,31,0.497068387807581,0.497068387807581,644
JPL,318,60,DDK8,Peltier_ICE6G_D,original,original,none,-0.497068387807581,31,0.497068387807581,0.497068387807581,645
GFZ,272,60,DDK7,Caron_2018,replaced,replaced,none,-0.497068387807581,31,0.497068387807581,0.497068387807581,646
GFZ,274,60,DDK7,Caron_2018,replaced,original,none,-0.497068387807581,31,0.497068387807581,0.497068387807581,647
JPL,245,60,DDK5,Caron_2018,original,replaced,GravIS,-0.496663279097061,31,0.496663279097061,0.496663279097061,648
CSR,515,96,DDK3,none,replaced,original,GravIS,-0.496460724741801,31,0.496460724741801,0.496460724741801,649
JPL,592,96,DDK7,Caron_2018,replaced,replaced,none,-0.496460724741801,31,0.496460724741801,0.496460724741801,650
CSR,310,60,DDK8,Caron_2018,original,original,none,-0.496258170386541,31,0.496258170386541,0.496258170386541,651
GFZ,15,60,G300,Geruo_ICE5G_VM2,original,original,GravIS,-0.494840289899723,31,0.494840289899723,0.494840289899723,652
JPL,247,60,DDK5,Caron_2018,original,original,GravIS,-0.494637735544463,31,0.494637735544463,0.494637735544463,653
CSR,308,60,DDK8,Caron_2018,original,replaced,none,-0.494030072478683,31,0.494030072478683,0.494030072478683,654
CSR,559,96,DDK5,Geruo_ICE5G_VM2,original,original,GravIS,-0.493827518123424,31,0.493827518123424,0.493827518123424,655
GFZ,160,60,DDK2,none,replaced,replaced,none,-0.493827518123424,31,0.493827518123424,0.493827518123424,656
GFZ,248,60,DDK5,Peltier_ICE6G_D,replaced,replaced,none,-0.493827518123424,31,0.493827518123424,0.493827518123424,657
GFZ,250,60,DDK5,Peltier_ICE6G_D,replaced,original,none,-0.493827518123424,31,0.493827518123424,0.493827518123424,658
CSR,160,60,DDK2,none,replaced,replaced,none,-0.492612191991865,31,0.492612191991865,0.492612191991865,659
CSR,162,60,DDK2,none,replaced,original,none,-0.492612191991865,31,0.492612191991865,0.492612191991865,660
CSR,164,60,DDK2,none,original,replaced,none,-0.492612191991865,31,0.492612191991865,0.492612191991865,661
CSR,166,60,DDK2,none,original,original,none,-0.492612191991865,31,0.492612191991865,0.492612191991865,662
CSR,480,96,DDK2,none,replaced,replaced,none,-0.492612191991865,31,0.492612191991865,0.492612191991865,663
CSR,482,96,DDK2,none,replaced,original,none,-0.492612191991865,31,0.492612191991865,0.492612191991865,664
CSR,484,96,DDK2,none,original,replaced,none,-0.492612191991865,31,0.492612191991865,0.492612191991865,665
CSR,486,96,DDK2,none,original,original,none,-0.492612191991865,31,0.492612191991865,0.492612191991865,666
JPL,160,60,DDK2,none,replaced,replaced,none,-0.492612191991865,31,0.492612191991865,0.492612191991865,667
JPL,162,60,DDK2,none,replaced,original,none,-0.492612191991865,31,0.492612191991865,0.492612191991865,668
GFZ,387,96,G500,none,replaced,original,GravIS,-0.492612191991865,31,0.492612191991865,0.492612191991865,669
CSR,557,96,DDK5,Geruo_ICE5G_VM2,original,replaced,GravIS,-0.492409637636605,31,0.492409637636605,0.492409637636605,670
GFZ,335,96,G300,Geruo_ICE5G_VM2,original,original,GravIS,-0.492409637636605,31,0.492409637636605,0.492409637636605,671
GFZ,480,96,DDK2,none,replaced,replaced,none,-0.492409637636605,31,0.492409637636605,0.492409637636605,672
GFZ,482,96,DDK2,none,replaced,original,none,-0.492409637636605,31,0.492409637636605,0.492409637636605,673
JPL,565,96,DDK5,Caron_2018,original,replaced,GravIS,-0.491599420215566,31,0.491599420215566,0.491599420215566,674
JPL,567,96,DDK5,Caron_2018,original,original,GravIS,-0.491599420215566,31,0.491599420215566,0.491599420215566,675
GFZ,519,96,DDK3,none,original,original,GravIS,-0.491396865860306,31,0.491396865860306,0.491396865860306,676
JPL,234,60,DDK5,Geruo_ICE5G_VM2,replaced,original,none,-0.490586648439267,31,0.490586648439267,0.490586648439267,677
CSR,306,60,DDK8,Caron_2018,replaced,original,none,-0.490384094084007,31,0.490384094084007,0.490384094084007,678
JPL,236,60,DDK5,Geruo_ICE5G_VM2,original,replaced,none,-0.490181539728747,31,0.490181539728747,0.490181539728747,679
CSR,70,60,G500,none,original,original,none,-0.489776431018227,31,0.489776431018227,0.489776431018227,680
GFZ,13,60,G300,Geruo_ICE5G_VM2,original,replaced,GravIS,-0.489168767952448,31,0.489168767952448,0.489168767952448,681
JPL,164,60,DDK2,none,original,replaced,none,-0.488966213597188,31,0.488966213597188,0.488966213597188,682
JPL,166,60,DDK2,none,original,original,none,-0.488966213597188,31,0.488966213597188,0.488966213597188,683
JPL,241,60,DDK5,Caron_2018,replaced,replaced,GravIS,-0.488966213597188,31,0.488966213597188,0.488966213597188,684
JPL,243,60,DDK5,Caron_2018,replaced,original,GravIS,-0.488966213597188,31,0.488966213597188,0.488966213597188,685
GFZ,356,96,G400,none,original,replaced,none,-0.488966213597188,31,0.488966213597188,0.488966213597188,686
GFZ,358,96,G400,none,original,original,none,-0.488966213597188,31,0.488966213597188,0.488966213597188,687
JPL,481,96,DDK2,none,replaced,replaced,GravIS,-0.488763659241928,31,0.488763659241928,0.488763659241928,688
JPL,483,96,DDK2,none,replaced,original,GravIS,-0.488763659241928,31,0.488763659241928,0.488763659241928,689
CSR,304,60,DDK8,Caron_2018,replaced,replaced,none,-0.488358550531409,31,0.488358550531409,0.488358550531409,690
JPL,484,96,DDK2,none,original,replaced,none,-0.488358550531409,31,0.488358550531409,0.488358550531409,691
JPL,486,96,DDK2,none,original,original,none,-0.488358550531409,31,0.488358550531409,0.488358550531409,692
GFZ,389,96,G500,none,original,replaced,GravIS,-0.487953441820889,31,0.487953441820889,0.487953441820889,693
CSR,569,96,DDK5,Peltier_ICE6G_D,replaced,replaced,GravIS,-0.487750887465629,31,0.487750887465629,0.487750887465629,694
CSR,571,96,DDK5,Peltier_ICE6G_D,replaced,original,GravIS,-0.487750887465629,31,0.487750887465629,0.487750887465629,695
GFZ,37,60,G400,none,original,replaced,GravIS,-0.487750887465629,31,0.487750887465629,0.487750887465629,696
GFZ,39,60,G400,none,original,original,GravIS,-0.487750887465629,31,0.487750887465629,0.487750887465629,697
GFZ,517,96,DDK3,none,original,replaced,GravIS,-0.48694067004459,31,0.48694067004459,0.48694067004459,698
GFZ,162,60,DDK2,none,replaced,original,none,-0.486130452623551,31,0.486130452623551,0.486130452623551,699
GFZ,359,96,G400,none,original,original,GravIS,-0.486130452623551,31,0.486130452623551,0.486130452623551,700
JPL,480,96,DDK2,none,replaced,replaced,none,-0.485927898268291,31,0.485927898268291,0.485927898268291,701
JPL,482,96,DDK2,none,replaced,original,none,-0.485927898268291,31,0.485927898268291,0.485927898268291,702
GFZ,245,60,DDK5,Caron_2018,original,replaced,GravIS,-0.485927898268291,31,0.485927898268291,0.485927898268291,703
GFZ,565,96,DDK5,Caron_2018,original,replaced,GravIS,-0.485927898268291,31,0.485927898268291,0.485927898268291,704
GFZ,65,60,G500,none,replaced,replaced,GravIS,-0.485117680847252,31,0.485117680847252,0.485117680847252,705
GFZ,391,96,G500,none,original,original,GravIS,-0.485117680847252,31,0.485117680847252,0.485117680847252,706
CSR,331,96,G300,Geruo_ICE5G_VM2,replaced,original,GravIS,-0.483902354715693,31,0.483902354715693,0.483902354715693,707
JPL,232,60,DDK5,Geruo_ICE5G_VM2,replaced,replaced,none,-0.483294691649913,31,0.483294691649913,0.483294691649913,708
GFZ,33,60,G400,none,replaced,replaced,GravIS,-0.483092137294654,31,0.483092137294654,0.483092137294654,709
GFZ,333,96,G300,Geruo_ICE5G_VM2,original,replaced,GravIS,-0.483092137294654,31,0.483092137294654,0.483092137294654,710
JPL,485,96,DDK2,none,original,replaced,GravIS,-0.482484474228874,31,0.482484474228874,0.482484474228874,711
JPL,487,96,DDK2,none,original,original,GravIS,-0.482484474228874,31,0.482484474228874,0.482484474228874,712
GFZ,384,96,G500,none,replaced,replaced,none,-0.482079365518355,31,0.482079365518355,0.482079365518355,713
GFZ,386,96,G500,none,replaced,original,none,-0.482079365518355,31,0.482079365518355,0.482079365518355,714
CSR,161,60,DDK2,none,replaced,replaced,GravIS,-0.481269148097315,31,0.481269148097315,0.481269148097315,715
CSR,163,60,DDK2,none,replaced,original,GravIS,-0.481269148097315,31,0.481269148097315,0.481269148097315,716
CSR,481,96,DDK2,none,replaced,replaced,GravIS,-0.481269148097315,31,0.481269148097315,0.481269148097315,717
CSR,483,96,DDK2,none,replaced,original,GravIS,-0.481269148097315,31,0.481269148097315,0.481269148097315,718
GFZ,357,96,G400,none,original,replaced,GravIS,-0.481269148097315,31,0.481269148097315,0.481269148097315,719
JPL,337,96,G300,Caron_2018,replaced,replaced,GravIS,-0.481066593742056,31,0.481066593742056,0.481066593742056,720
JPL,339,96,G300,Caron_2018,replaced,original,GravIS,-0.481066593742056,31,0.481066593742056,0.481066593742056,721
GFZ,34,60,G400,none,replaced,original,none,-0.481066593742056,31,0.481066593742056,0.481066593742056,722
GFZ,35,60,G400,none,replaced,original,GravIS,-0.481066593742056,31,0.481066593742056,0.481066593742056,723
GFZ,197,60,DDK3,none,original,replaced,GravIS,-0.481066593742056,31,0.481066593742056,0.481066593742056,724
GFZ,199,60,DDK3,none,original,original,GravIS,-0.481066593742056,31,0.481066593742056,0.481066593742056,725
JPL,561,96,DDK5,Caron_2018,replaced,replaced,GravIS,-0.480864039386796,31,0.480864039386796,0.480864039386796,726
CSR,329,96,G300,Geruo_ICE5G_VM2,replaced,replaced,GravIS,-0.480661485031536,31,0.480661485031536,0.480661485031536,727
JPL,161,60,DDK2,none,replaced,replaced,GravIS,-0.480661485031536,31,0.480661485031536,0.480661485031536,728
GFZ,32,60,G400,none,replaced,replaced,none,-0.480256376321016,31,0.480256376321016,0.480256376321016,729
GFZ,201,60,DDK3,Geruo_ICE5G_VM2,replaced,replaced,GravIS,-0.480256376321016,31,0.480256376321016,0.480256376321016,730
GFZ,25,60,G300,Peltier_ICE6G_D,replaced,replaced,GravIS,-0.479648713255237,31,0.479648713255237,0.479648713255237,731
GFZ,27,60,G300,Peltier_ICE6G_D,replaced,original,GravIS,-0.479648713255237,31,0.479648713255237,0.479648713255237,732
CSR,236,60,DDK5,Geruo_ICE5G_VM2,original,replaced,none,-0.479446158899977,31,0.479446158899977,0.479446158899977,733
CSR,238,60,DDK5,Geruo_ICE5G_VM2,original,original,none,-0.479446158899977,31,0.479446158899977,0.479446158899977,734
GFZ,67,60,G500,none,replaced,original,GravIS,-0.479446158899977,31,0.479446158899977,0.479446158899977,735
JPL,563,96,DDK5,Caron_2018,replaced,original,GravIS,-0.479243604544717,31,0.479243604544717,0.479243604544717,736
GFZ,203,60,DDK3,Geruo_ICE5G_VM2,replaced,original,GravIS,-0.479041050189457,31,0.479041050189457,0.479041050189457,737
GFZ,484,96,DDK2,none,original,replaced,none,-0.478635941478938,31,0.478635941478938,0.478635941478938,738
GFZ,69,60,G500,none,original,replaced,GravIS,-0.477015506636859,31,0.477015506636859,0.477015506636859,739
GFZ,71,60,G500,none,original,original,GravIS,-0.477015506636859,31,0.477015506636859,0.477015506636859,740
CSR,628,96,DDK8,Caron_2018,original,replaced,none,-0.476812952281599,31,0.476812952281599,0.476812952281599,741
CSR,630,96,DDK8,Caron_2018,original,original,none,-0.476812952281599,31,0.476812952281599,0.476812952281599,742
CSR,165,60,DDK2,none,original,replaced,GravIS,-0.47620528921582,31,0.47620528921582,0.47620528921582,743
CSR,167,60,DDK2,none,original,original,GravIS,-0.47620528921582,31,0.47620528921582,0.47620528921582,744
JPL,568,96,DDK5,Peltier_ICE6G_D,replaced,replaced,none,-0.47620528921582,31,0.47620528921582,0.47620528921582,745
JPL,570,96,DDK5,Peltier_ICE6G_D,replaced,original,none,-0.47620528921582,31,0.47620528921582,0.47620528921582,746
GFZ,247,60,DDK5,Caron_2018,original,original,GravIS,-0.47620528921582,31,0.47620528921582,0.47620528921582,747
JPL,163,60,DDK2,none,replaced,original,GravIS,-0.475395071794781,31,0.475395071794781,0.475395071794781,748
GFZ,68,60,G500,none,original,replaced,none,-0.474787408729001,31,0.474787408729001,0.474787408729001,749
GFZ,70,60,G500,none,original,original,none,-0.474787408729001,31,0.474787408729001,0.474787408729001,750
GFZ,388,96,G500,none,original,replaced,none,-0.474787408729001,31,0.474787408729001,0.474787408729001,751
GFZ,390,96,G500,none,original,original,none,-0.474787408729001,31,0.474787408729001,0.474787408729001,752
CSR,272,60,DDK7,Caron_2018,replaced,replaced,none,-0.474179745663222,31,0.474179745663222,0.474179745663222,753
CSR,274,60,DDK7,Caron_2018,replaced,original,none,-0.474179745663222,31,0.474179745663222,0.474179745663222,754
JPL,165,60,DDK2,none,original,replaced,GravIS,-0.473774636952702,31,0.473774636952702,0.473774636952702,755
JPL,167,60,DDK2,none,original,original,GravIS,-0.473774636952702,31,0.473774636952702,0.473774636952702,756
JPL,341,96,G300,Caron_2018,original,replaced,GravIS,-0.473774636952702,31,0.473774636952702,0.473774636952702,757
JPL,343,96,G300,Caron_2018,original,original,GravIS,-0.473774636952702,31,0.473774636952702,0.473774636952702,758
GFZ,64,60,G500,none,replaced,replaced,none,-0.473774636952702,31,0.473774636952702,0.473774636952702,759
JPL,572,96,DDK5,Peltier_ICE6G_D,original,replaced,none,-0.472761865176403,31,0.472761865176403,0.472761865176403,760
JPL,574,96,DDK5,Peltier_ICE6G_D,original,original,none,-0.472761865176403,31,0.472761865176403,0.472761865176403,761
CSR,485,96,DDK2,none,original,replaced,GravIS,-0.472559310821143,31,0.472559310821143,0.472559310821143,762
CSR,487,96,DDK2,none,original,original,GravIS,-0.472559310821143,31,0.472559310821143,0.472559310821143,763
GFZ,345,96,G300,Peltier_ICE6G_D,replaced,replaced,GravIS,-0.472154202110624,31,0.472154202110624,0.472154202110624,764
GFZ,164,60,DDK2,none,original,replaced,none,-0.471951647755364,31,0.471951647755364,0.471951647755364,765
GFZ,166,60,DDK2,none,original,original,none,-0.471951647755364,31,0.471951647755364,0.471951647755364,766
GFZ,486,96,DDK2,none,original,original,none,-0.471951647755364,31,0.471951647755364,0.471951647755364,767
CSR,278,60,DDK7,Caron_2018,original,original,none,-0.471343984689584,31,0.471343984689584,0.471343984689584,768
GFZ,41,60,G400,Geruo_ICE5G_VM2,replaced,replaced,GravIS,-0.471141430334325,31,0.471141430334325,0.471141430334325,769
GFZ,43,60,G400,Geruo_ICE5G_VM2,replaced,original,GravIS,-0.471141430334325,31,0.471141430334325,0.471141430334325,770
GFZ,567,96,DDK5,Caron_2018,original,original,GravIS,-0.471141430334325,31,0.471141430334325,0.471141430334325,771
CSR,232,60,DDK5,Geruo_ICE5G_VM2,replaced,replaced,none,-0.470938875979065,31,0.470938875979065,0.470938875979065,772
CSR,234,60,DDK5,Geruo_ICE5G_VM2,replaced,original,none,-0.470938875979065,31,0.470938875979065,0.470938875979065,773
JPL,31,60,G300,Peltier_ICE6G_D,original,original,GravIS,-0.470938875979065,31,0.470938875979065,0.470938875979065,774
CSR,17,60,G300,Caron_2018,replaced,replaced,GravIS,-0.469318441136986,31,0.469318441136986,0.469318441136986,775
CSR,19,60,G300,Caron_2018,replaced,original,GravIS,-0.469318441136986,31,0.469318441136986,0.469318441136986,776
GFZ,347,96,G300,Peltier_ICE6G_D,replaced,original,GravIS,-0.468913332426467,31,0.468913332426467,0.468913332426467,777
GFZ,66,60,G500,none,replaced,original,none,-0.468710778071207,31,0.468710778071207,0.468710778071207,778
JPL,205,60,DDK3,Geruo_ICE5G_VM2,original,replaced,GravIS,-0.467495451939648,31,0.467495451939648,0.467495451939648,779
JPL,207,60,DDK3,Geruo_ICE5G_VM2,original,original,GravIS,-0.467495451939648,31,0.467495451939648,0.467495451939648,780
GFZ,541,96,DDK3,Peltier_ICE6G_D,original,replaced,GravIS,-0.467495451939648,31,0.467495451939648,0.467495451939648,781
GFZ,543,96,DDK3,Peltier_ICE6G_D,original,original,GravIS,-0.467495451939648,31,0.467495451939648,0.467495451939648,782
GFZ,393,96,G500,Geruo_ICE5G_VM2,replaced,replaced,GravIS,-0.467292897584388,31,0.467292897584388,0.467292897584388,783
GFZ,395,96,G500,Geruo_ICE5G_VM2,replaced,original,GravIS,-0.467292897584388,31,0.467292897584388,0.467292897584388,784
GFZ,521,96,DDK3,Geruo_ICE5G_VM2,replaced,replaced,GravIS,-0.467090343229128,31,0.467090343229128,0.467090343229128,785
GFZ,523,96,DDK3,Geruo_ICE5G_VM2,replaced,original,GravIS,-0.467090343229128,31,0.467090343229128,0.467090343229128,786
GFZ,564,96,DDK5,Caron_2018,original,replaced,none,-0.466280125808089,31,0.466280125808089,0.466280125808089,787
GFZ,566,96,DDK5,Caron_2018,original,original,none,-0.466280125808089,31,0.466280125808089,0.466280125808089,788
CSR,14,60,G300,Geruo_ICE5G_VM2,original,original,none,-0.466077571452829,31,0.466077571452829,0.466077571452829,789
JPL,308,60,DDK8,Caron_2018,original,replaced,none,-0.46546990838705,31,0.46546990838705,0.46546990838705,790
JPL,310,60,DDK8,Caron_2018,original,original,none,-0.46546990838705,31,0.46546990838705,0.46546990838705,791
CSR,21,60,G300,Caron_2018,original,replaced,GravIS,-0.46526735403179,31,0.46526735403179,0.46526735403179,792
CSR,23,60,G300,Caron_2018,original,original,GravIS,-0.46526735403179,31,0.46526735403179,0.46526735403179,793
JPL,25,60,G300,Peltier_ICE6G_D,replaced,replaced,GravIS,-0.46526735403179,31,0.46526735403179,0.46526735403179,794
GFZ,73,60,G500,Geruo_ICE5G_VM2,replaced,replaced,GravIS,-0.46526735403179,31,0.46526735403179,0.46526735403179,795
GFZ,75,60,G500,Geruo_ICE5G_VM2,replaced,original,GravIS,-0.46526735403179,31,0.46526735403179,0.46526735403179,796
GFZ,481,96,DDK2,none,replaced,replaced,GravIS,-0.46506479967653,31,0.46506479967653,0.46506479967653,797
GFZ,367,96,G400,Geruo_ICE5G_VM2,original,original,GravIS,-0.464052027900231,31,0.464052027900231,0.464052027900231,798
JPL,201,60,DDK3,Geruo_ICE5G_VM2,replaced,replaced,GravIS,-0.463849473544971,31,0.463849473544971,0.463849473544971,799
JPL,203,60,DDK3,Geruo_ICE5G_VM2,replaced,original,GravIS,-0.463849473544971,31,0.463849473544971,0.463849473544971,800
CSR,276,60,DDK7,Caron_2018,original,replaced,none,-0.463646919189712,31,0.463646919189712,0.463646919189712,801
GFZ,38,60,G400,none,original,original,none,-0.463646919189712,31,0.463646919189712,0.463646919189712,802
GFZ,31,60,G300,Peltier_ICE6G_D,original,original,GravIS,-0.463444364834452,31,0.463444364834452,0.463444364834452,803
GFZ,539,96,DDK3,Peltier_ICE6G_D,replaced,original,GravIS,-0.463444364834452,31,0.463444364834452,0.463444364834452,804
JPL,29,60,G300,Peltier_ICE6G_D,original,replaced,GravIS,-0.463241810479192,31,0.463241810479192,0.463241810479192,805
JPL,335,96,G300,Geruo_ICE5G_VM2,original,original,GravIS,-0.463241810479192,31,0.463241810479192,0.463241810479192,806
CSR,12,60,G300,Geruo_ICE5G_VM2,original,replaced,none,-0.462836701768672,31,0.462836701768672,0.462836701768672,807
JPL,276,60,DDK7,Caron_2018,original,replaced,none,-0.462836701768672,31,0.462836701768672,0.462836701768672,808
JPL,278,60,DDK7,Caron_2018,original,original,none,-0.462836701768672,31,0.462836701768672,0.462836701768672,809
GFZ,217,60,DDK3,Peltier_ICE6G_D,replaced,replaced,GravIS,-0.462431593058153,31,0.462431593058153,0.462431593058153,810
GFZ,219,60,DDK3,Peltier_ICE6G_D,replaced,original,GravIS,-0.462431593058153,31,0.462431593058153,0.462431593058153,811
GFZ,161,60,DDK2,none,replaced,replaced,GravIS,-0.462229038702893,31,0.462229038702893,0.462229038702893,812
GFZ,242,60,DDK5,Caron_2018,replaced,original,none,-0.462229038702893,31,0.462229038702893,0.462229038702893,813
GFZ,361,96,G400,Geruo_ICE5G_VM2,replaced,replaced,GravIS,-0.462229038702893,31,0.462229038702893,0.462229038702893,814
GFZ,363,96,G400,Geruo_ICE5G_VM2,replaced,original,GravIS,-0.462229038702893,31,0.462229038702893,0.462229038702893,815
GFZ,525,96,DDK3,Geruo_ICE5G_VM2,original,replaced,GravIS,-0.462229038702893,31,0.462229038702893,0.462229038702893,816
GFZ,527,96,DDK3,Geruo_ICE5G_VM2,original,original,GravIS,-0.462229038702893,31,0.462229038702893,0.462229038702893,817
JPL,304,60,DDK8,Caron_2018,replaced,replaced,none,-0.461823929992373,31,0.461823929992373,0.461823929992373,818
JPL,306,60,DDK8,Caron_2018,replaced,original,none,-0.461823929992373,31,0.461823929992373,0.461823929992373,819
GFZ,36,60,G400,none,original,replaced,none,-0.461823929992373,31,0.461823929992373,0.461823929992373,820
JPL,333,96,G300,Geruo_ICE5G_VM2,original,replaced,GravIS,-0.461621375637113,31,0.461621375637113,0.461621375637113,821
GFZ,29,60,G300,Peltier_ICE6G_D,original,replaced,GravIS,-0.461216266926594,31,0.461216266926594,0.461216266926594,822
JPL,329,96,G300,Geruo_ICE5G_VM2,replaced,replaced,GravIS,-0.461013712571334,31,0.461013712571334,0.461013712571334,823
JPL,331,96,G300,Geruo_ICE5G_VM2,replaced,original,GravIS,-0.461013712571334,31,0.461013712571334,0.461013712571334,824
GFZ,163,60,DDK2,none,replaced,original,GravIS,-0.461013712571334,31,0.461013712571334,0.461013712571334,825
JPL,525,96,DDK3,Geruo_ICE5G_VM2,original,replaced,GravIS,-0.460608603860814,31,0.460608603860814,0.460608603860814,826
JPL,527,96,DDK3,Geruo_ICE5G_VM2,original,original,GravIS,-0.460608603860814,31,0.460608603860814,0.460608603860814,827
GFZ,483,96,DDK2,none,replaced,original,GravIS,-0.460406049505555,31,0.460406049505555,0.460406049505555,828
CSR,563,96,DDK5,Caron_2018,replaced,original,GravIS,-0.459595832084515,31,0.459595832084515,0.459595832084515,829
GFZ,562,96,DDK5,Caron_2018,replaced,original,none,-0.459595832084515,31,0.459595832084515,0.459595832084515,830
CSR,248,60,DDK5,Peltier_ICE6G_D,replaced,replaced,none,-0.459190723373996,31,0.459190723373996,0.459190723373996,831
CSR,250,60,DDK5,Peltier_ICE6G_D,replaced,original,none,-0.459190723373996,31,0.459190723373996,0.459190723373996,832
JPL,521,96,DDK3,Geruo_ICE5G_VM2,replaced,replaced,GravIS,-0.458988169018736,31,0.458988169018736,0.458988169018736,833
JPL,523,96,DDK3,Geruo_ICE5G_VM2,replaced,original,GravIS,-0.458988169018736,31,0.458988169018736,0.458988169018736,834
GFZ,365,96,G400,Geruo_ICE5G_VM2,original,replaced,GravIS,-0.458785614663476,31,0.458785614663476,0.458785614663476,835
CSR,624,96,DDK8,Caron_2018,replaced,replaced,none,-0.458380505952956,31,0.458380505952956,0.458380505952956,836
CSR,626,96,DDK8,Caron_2018,replaced,original,none,-0.458380505952956,31,0.458380505952956,0.458380505952956,837
JPL,345,96,G300,Peltier_ICE6G_D,replaced,replaced,GravIS,-0.457772842887177,31,0.457772842887177,0.457772842887177,838
GFZ,221,60,DDK3,Peltier_ICE6G_D,original,replaced,GravIS,-0.457772842887177,31,0.457772842887177,0.457772842887177,839
GFZ,223,60,DDK3,Peltier_ICE6G_D,original,original,GravIS,-0.457772842887177,31,0.457772842887177,0.457772842887177,840
CSR,25,60,G300,Peltier_ICE6G_D,replaced,replaced,GravIS,-0.457570288531917,31,0.457570288531917,0.457570288531917,841
JPL,332,96,G300,Geruo_ICE5G_VM2,original,replaced,none,-0.457570288531917,31,0.457570288531917,0.457570288531917,842
JPL,334,96,G300,Geruo_ICE5G_VM2,original,original,none,-0.457570288531917,31,0.457570288531917,0.457570288531917,843
CSR,561,96,DDK5,Caron_2018,replaced,replaced,GravIS,-0.457165179821398,31,0.457165179821398,0.457165179821398,844
GFZ,560,96,DDK5,Caron_2018,replaced,replaced,none,-0.456354962400358,31,0.456354962400358,0.456354962400358,845
GFZ,45,60,G400,Geruo_ICE5G_VM2,original,replaced,GravIS,-0.455949853689839,31,0.455949853689839,0.455949853689839,846
GFZ,47,60,G400,Geruo_ICE5G_VM2,original,original,GravIS,-0.455949853689839,31,0.455949853689839,0.455949853689839,847
CSR,8,60,G300,Geruo_ICE5G_VM2,replaced,replaced,none,-0.455747299334579,31,0.455747299334579,0.455747299334579,848
CSR,10,60,G300,Geruo_ICE5G_VM2,replaced,original,none,-0.455747299334579,31,0.455747299334579,0.455747299334579,849
CSR,243,60,DDK5,Caron_2018,replaced,original,GravIS,-0.455747299334579,31,0.455747299334579,0.455747299334579,850
CSR,552,96,DDK5,Geruo_ICE5G_VM2,replaced,replaced,none,-0.455544744979319,31,0.455544744979319,0.455544744979319,851
CSR,554,96,DDK5,Geruo_ICE5G_VM2,replaced,original,none,-0.455544744979319,31,0.455544744979319,0.455544744979319,852
JPL,272,60,DDK7,Caron_2018,replaced,replaced,none,-0.455544744979319,31,0.455544744979319,0.455544744979319,853
JPL,274,60,DDK7,Caron_2018,replaced,original,none,-0.455544744979319,31,0.455544744979319,0.455544744979319,854
GFZ,246,60,DDK5,Caron_2018,original,original,none,-0.455544744979319,31,0.455544744979319,0.455544744979319,855
GFZ,537,96,DDK3,Peltier_ICE6G_D,replaced,replaced,GravIS,-0.45493708191354,31,0.45493708191354,0.45493708191354,856
GFZ,240,60,DDK5,Caron_2018,replaced,replaced,none,-0.4541268644925,31,0.4541268644925,0.4541268644925,857
GFZ,244,60,DDK5,Caron_2018,original,replaced,none,-0.453924310137241,31,0.453924310137241,0.453924310137241,858
CSR,328,96,G300,Geruo_ICE5G_VM2,replaced,replaced,none,-0.453721755781981,31,0.453721755781981,0.453721755781981,859
CSR,27,60,G300,Peltier_ICE6G_D,replaced,original,GravIS,-0.453519201426721,31,0.453519201426721,0.453519201426721,860
JPL,27,60,G300,Peltier_ICE6G_D,replaced,original,GravIS,-0.453519201426721,31,0.453519201426721,0.453519201426721,861
JPL,12,60,G300,Geruo_ICE5G_VM2,original,replaced,none,-0.452911538360941,31,0.452911538360941,0.452911538360941,862
JPL,14,60,G300,Geruo_ICE5G_VM2,original,original,none,-0.452911538360941,31,0.452911538360941,0.452911538360941,863
CSR,241,60,DDK5,Caron_2018,replaced,replaced,GravIS,-0.452101320939902,31,0.452101320939902,0.452101320939902,864
CSR,556,96,DDK5,Geruo_ICE5G_VM2,original,replaced,none,-0.451696212229383,31,0.451696212229383,0.451696212229383,865
CSR,558,96,DDK5,Geruo_ICE5G_VM2,original,original,none,-0.451696212229383,31,0.451696212229383,0.451696212229383,866
CSR,245,60,DDK5,Caron_2018,original,replaced,GravIS,-0.451291103518863,31,0.451291103518863,0.451291103518863,867
CSR,565,96,DDK5,Caron_2018,original,replaced,GravIS,-0.451291103518863,31,0.451291103518863,0.451291103518863,868
CSR,567,96,DDK5,Caron_2018,original,original,GravIS,-0.451291103518863,31,0.451291103518863,0.451291103518863,869
JPL,349,96,G300,Peltier_ICE6G_D,original,replaced,GravIS,-0.451291103518863,31,0.451291103518863,0.451291103518863,870
JPL,351,96,G300,Peltier_ICE6G_D,original,original,GravIS,-0.451291103518863,31,0.451291103518863,0.451291103518863,871
CSR,205,60,DDK3,Geruo_ICE5G_VM2,original,replaced,GravIS,-0.450075777387304,31,0.450075777387304,0.450075777387304,872
CSR,207,60,DDK3,Geruo_ICE5G_VM2,original,original,GravIS,-0.450075777387304,31,0.450075777387304,0.450075777387304,873
CSR,29,60,G300,Peltier_ICE6G_D,original,replaced,GravIS,-0.449670668676784,31,0.449670668676784,0.449670668676784,874
CSR,31,60,G300,Peltier_ICE6G_D,original,original,GravIS,-0.449670668676784,31,0.449670668676784,0.449670668676784,875
JPL,10,60,G300,Geruo_ICE5G_VM2,replaced,original,none,-0.449670668676784,31,0.449670668676784,0.449670668676784,876
CSR,339,96,G300,Caron_2018,replaced,original,GravIS,-0.449468114321525,31,0.449468114321525,0.449468114321525,877
CSR,247,60,DDK5,Caron_2018,original,original,GravIS,-0.449265559966265,31,0.449265559966265,0.449265559966265,878
GFZ,397,96,G500,Geruo_ICE5G_VM2,original,replaced,GravIS,-0.448657896900485,31,0.448657896900485,0.448657896900485,879
GFZ,399,96,G500,Geruo_ICE5G_VM2,original,original,GravIS,-0.448657896900485,31,0.448657896900485,0.448657896900485,880
JPL,328,96,G300,Geruo_ICE5G_VM2,replaced,replaced,none,-0.448252788189966,31,0.448252788189966,0.448252788189966,881
JPL,330,96,G300,Geruo_ICE5G_VM2,replaced,original,none,-0.448252788189966,31,0.448252788189966,0.448252788189966,882
JPL,347,96,G300,Peltier_ICE6G_D,replaced,original,GravIS,-0.448050233834706,31,0.448050233834706,0.448050233834706,883
GFZ,207,60,DDK3,Geruo_ICE5G_VM2,original,original,GravIS,-0.445619581571588,31,0.445619581571588,0.445619581571588,884
CSR,252,60,DDK5,Peltier_ICE6G_D,original,replaced,none,-0.445214472861069,31,0.445214472861069,0.445214472861069,885
CSR,254,60,DDK5,Peltier_ICE6G_D,original,original,none,-0.445214472861069,31,0.445214472861069,0.445214472861069,886
GFZ,487,96,DDK2,none,original,original,GravIS,-0.445214472861069,31,0.445214472861069,0.445214472861069,887
GFZ,351,96,G300,Peltier_ICE6G_D,original,original,GravIS,-0.445011918505809,31,0.445011918505809,0.445011918505809,888
CSR,596,96,DDK7,Caron_2018,original,replaced,none,-0.444404255440029,31,0.444404255440029,0.444404255440029,889
CSR,598,96,DDK7,Caron_2018,original,original,none,-0.444404255440029,31,0.444404255440029,0.444404255440029,890
JPL,8,60,G300,Geruo_ICE5G_VM2,replaced,replaced,none,-0.444404255440029,31,0.444404255440029,0.444404255440029,891
JPL,350,96,G300,Peltier_ICE6G_D,original,original,none,-0.44399914672951,31,0.44399914672951,0.44399914672951,892
CSR,594,96,DDK7,Caron_2018,replaced,original,none,-0.44379659237425,31,0.44379659237425,0.44379659237425,893
CSR,28,60,G300,Peltier_ICE6G_D,original,replaced,none,-0.44339148366373,31,0.44339148366373,0.44339148366373,894
CSR,30,60,G300,Peltier_ICE6G_D,original,original,none,-0.44339148366373,31,0.44339148366373,0.44339148366373,895
CSR,568,96,DDK5,Peltier_ICE6G_D,replaced,replaced,none,-0.442986374953211,31,0.442986374953211,0.442986374953211,896
CSR,570,96,DDK5,Peltier_ICE6G_D,replaced,original,none,-0.442986374953211,31,0.442986374953211,0.442986374953211,897
GFZ,77,60,G500,Geruo_ICE5G_VM2,original,replaced,GravIS,-0.442783820597951,31,0.442783820597951,0.442783820597951,898
JPL,21,60,G300,Caron_2018,original,replaced,GravIS,-0.442581266242691,31,0.442581266242691,0.442581266242691,899
JPL,23,60,G300,Caron_2018,original,original,GravIS,-0.442581266242691,31,0.442581266242691,0.442581266242691,900
GFZ,485,96,DDK2,none,original,replaced,GravIS,-0.441973603176912,31,0.441973603176912,0.441973603176912,901
JPL,252,60,DDK5,Peltier_ICE6G_D,original,replaced,none,-0.441771048821652,31,0.441771048821652,0.441771048821652,902
JPL,254,60,DDK5,Peltier_ICE6G_D,original,original,none,-0.441771048821652,31,0.441771048821652,0.441771048821652,903
GFZ,165,60,DDK2,none,original,replaced,GravIS,-0.441365940111132,31,0.441365940111132,0.441365940111132,904
CSR,525,96,DDK3,Geruo_ICE5G_VM2,original,replaced,GravIS,-0.441163385755872,31,0.441163385755872,0.441163385755872,905
CSR,527,96,DDK3,Geruo_ICE5G_VM2,original,original,GravIS,-0.441163385755872,31,0.441163385755872,0.441163385755872,906
GFZ,349,96,G300,Peltier_ICE6G_D,original,replaced,GravIS,-0.440960831400612,31,0.440960831400612,0.440960831400612,907
CSR,592,96,DDK7,Caron_2018,replaced,replaced,none,-0.440758277045353,31,0.440758277045353,0.440758277045353,908
CSR,330,96,G300,Geruo_ICE5G_VM2,replaced,original,none,-0.439948059624313,31,0.439948059624313,0.439948059624313,909
JPL,564,96,DDK5,Caron_2018,original,replaced,none,-0.439948059624313,31,0.439948059624313,0.439948059624313,910
JPL,566,96,DDK5,Caron_2018,original,original,none,-0.439948059624313,31,0.439948059624313,0.439948059624313,911
JPL,30,60,G300,Peltier_ICE6G_D,original,original,none,-0.439542950913794,31,0.439542950913794,0.439542950913794,912
CSR,572,96,DDK5,Peltier_ICE6G_D,original,replaced,none,-0.439340396558534,31,0.439340396558534,0.439340396558534,913
CSR,574,96,DDK5,Peltier_ICE6G_D,original,original,none,-0.439340396558534,31,0.439340396558534,0.439340396558534,914
GFZ,28,60,G300,Peltier_ICE6G_D,original,replaced,none,-0.438935287848014,31,0.438935287848014,0.438935287848014,915
GFZ,30,60,G300,Peltier_ICE6G_D,original,original,none,-0.438935287848014,31,0.438935287848014,0.438935287848014,916
CSR,337,96,G300,Caron_2018,replaced,replaced,GravIS,-0.438530179137495,31,0.438530179137495,0.438530179137495,917
JPL,87,60,G500,Caron_2018,original,original,GravIS,-0.438327624782235,31,0.438327624782235,0.438327624782235,918
GFZ,167,60,DDK2,none,original,original,GravIS,-0.438327624782235,31,0.438327624782235,0.438327624782235,919
JPL,85,60,G500,Caron_2018,original,replaced,GravIS,-0.437922516071715,31,0.437922516071715,0.437922516071715,920
GFZ,79,60,G500,Geruo_ICE5G_VM2,original,original,GravIS,-0.437719961716455,31,0.437719961716455,0.437719961716455,921
GFZ,205,60,DDK3,Geruo_ICE5G_VM2,original,replaced,GravIS,-0.436707189940156,31,0.436707189940156,0.436707189940156,922
CSR,24,60,G300,Peltier_ICE6G_D,replaced,replaced,none,-0.436302081229637,31,0.436302081229637,0.436302081229637,923
CSR,26,60,G300,Peltier_ICE6G_D,replaced,original,none,-0.436302081229637,31,0.436302081229637,0.436302081229637,924
JPL,248,60,DDK5,Peltier_ICE6G_D,replaced,replaced,none,-0.434681646387558,31,0.434681646387558,0.434681646387558,925
JPL,250,60,DDK5,Peltier_ICE6G_D,replaced,original,none,-0.434681646387558,31,0.434681646387558,0.434681646387558,926
JPL,344,96,G300,Peltier_ICE6G_D,replaced,replaced,none,-0.434276537677039,31,0.434276537677039,0.434276537677039,927
JPL,346,96,G300,Peltier_ICE6G_D,replaced,original,none,-0.434276537677039,31,0.434276537677039,0.434276537677039,928
JPL,348,96,G300,Peltier_ICE6G_D,original,replaced,none,-0.434276537677039,31,0.434276537677039,0.434276537677039,929
CSR,523,96,DDK3,Geruo_ICE5G_VM2,replaced,original,GravIS,-0.43326376590074,31,0.43326376590074,0.43326376590074,930
JPL,537,96,DDK3,Peltier_ICE6G_D,replaced,replaced,GravIS,-0.43326376590074,31,0.43326376590074,0.43326376590074,931
JPL,539,96,DDK3,Peltier_ICE6G_D,replaced,original,GravIS,-0.43326376590074,31,0.43326376590074,0.43326376590074,932
JPL,26,60,G300,Peltier_ICE6G_D,replaced,original,none,-0.43306121154548,31,0.43306121154548,0.43306121154548,933
JPL,221,60,DDK3,Peltier_ICE6G_D,original,replaced,GravIS,-0.43306121154548,31,0.43306121154548,0.43306121154548,934
GFZ,63,60,G400,Peltier_ICE6G_D,original,original,GravIS,-0.432048439769181,31,0.432048439769181,0.432048439769181,935
JPL,217,60,DDK3,Peltier_ICE6G_D,replaced,replaced,GravIS,-0.431238222348141,31,0.431238222348141,0.431238222348141,936
GFZ,401,96,G500,Caron_2018,replaced,replaced,GravIS,-0.431238222348141,31,0.431238222348141,0.431238222348141,937
GFZ,403,96,G500,Caron_2018,replaced,original,GravIS,-0.431238222348141,31,0.431238222348141,0.431238222348141,938
GFZ,520,96,DDK3,Geruo_ICE5G_VM2,replaced,replaced,none,-0.431238222348141,31,0.431238222348141,0.431238222348141,939
GFZ,522,96,DDK3,Geruo_ICE5G_VM2,replaced,original,none,-0.431238222348141,31,0.431238222348141,0.431238222348141,940
CSR,203,60,DDK3,Geruo_ICE5G_VM2,replaced,original,GravIS,-0.431035667992882,31,0.431035667992882,0.431035667992882,941
JPL,223,60,DDK3,Peltier_ICE6G_D,original,original,GravIS,-0.431035667992882,31,0.431035667992882,0.431035667992882,942
JPL,219,60,DDK3,Peltier_ICE6G_D,replaced,original,GravIS,-0.430428004927102,31,0.430428004927102,0.430428004927102,943
CSR,332,96,G300,Geruo_ICE5G_VM2,original,replaced,none,-0.430022896216583,31,0.430022896216583,0.430022896216583,944
CSR,334,96,G300,Geruo_ICE5G_VM2,original,original,none,-0.430022896216583,31,0.430022896216583,0.430022896216583,945
JPL,59,60,G400,Peltier_ICE6G_D,replaced,original,GravIS,-0.430022896216583,31,0.430022896216583,0.430022896216583,946
JPL,61,60,G400,Peltier_ICE6G_D,original,replaced,GravIS,-0.430022896216583,31,0.430022896216583,0.430022896216583,947
GFZ,81,60,G500,Caron_2018,replaced,replaced,GravIS,-0.430022896216583,31,0.430022896216583,0.430022896216583,948
GFZ,330,96,G300,Geruo_ICE5G_VM2,replaced,original,none,-0.429820341861323,31,0.429820341861323,0.429820341861323,949
JPL,377,96,G400,Peltier_ICE6G_D,replaced,replaced,GravIS,-0.429617787506063,31,0.429617787506063,0.429617787506063,950
JPL,381,96,G400,Peltier_ICE6G_D,original,replaced,GravIS,-0.429617787506063,31,0.429617787506063,0.429617787506063,951
JPL,383,96,G400,Peltier_ICE6G_D,original,original,GravIS,-0.429617787506063,31,0.429617787506063,0.429617787506063,952
GFZ,10,60,G300,Geruo_ICE5G_VM2,replaced,original,none,-0.429010124440284,31,0.429010124440284,0.429010124440284,953
CSR,201,60,DDK3,Geruo_ICE5G_VM2,replaced,replaced,GravIS,-0.428199907019244,31,0.428199907019244,0.428199907019244,954
CSR,221,60,DDK3,Peltier_ICE6G_D,original,replaced,GravIS,-0.428199907019244,31,0.428199907019244,0.428199907019244,955
CSR,223,60,DDK3,Peltier_ICE6G_D,original,original,GravIS,-0.428199907019244,31,0.428199907019244,0.428199907019244,956
GFZ,348,96,G300,Peltier_ICE6G_D,original,replaced,none,-0.428199907019244,31,0.428199907019244,0.428199907019244,957
GFZ,350,96,G300,Peltier_ICE6G_D,original,original,none,-0.428199907019244,31,0.428199907019244,0.428199907019244,958
CSR,219,60,DDK3,Peltier_ICE6G_D,replaced,original,GravIS,-0.427997352663984,31,0.427997352663984,0.427997352663984,959
CSR,521,96,DDK3,Geruo_ICE5G_VM2,replaced,replaced,GravIS,-0.427997352663984,31,0.427997352663984,0.427997352663984,960
GFZ,8,60,G300,Geruo_ICE5G_VM2,replaced,replaced,none,-0.427997352663984,31,0.427997352663984,0.427997352663984,961
GFZ,344,96,G300,Peltier_ICE6G_D,replaced,replaced,none,-0.427997352663984,31,0.427997352663984,0.427997352663984,962
JPL,17,60,G300,Caron_2018,replaced,replaced,GravIS,-0.427794798308725,31,0.427794798308725,0.427794798308725,963
JPL,19,60,G300,Caron_2018,replaced,original,GravIS,-0.427794798308725,31,0.427794798308725,0.427794798308725,964
CSR,382,96,G400,Peltier_ICE6G_D,original,original,none,-0.426984580887685,31,0.426984580887685,0.426984580887685,965
GFZ,381,96,G400,Peltier_ICE6G_D,original,replaced,GravIS,-0.426782026532426,31,0.426782026532426,0.426782026532426,966
GFZ,383,96,G400,Peltier_ICE6G_D,original,original,GravIS,-0.426782026532426,31,0.426782026532426,0.426782026532426,967
JPL,371,96,G400,Caron_2018,replaced,original,GravIS,-0.426579472177166,31,0.426579472177166,0.426579472177166,968
JPL,560,96,DDK5,Caron_2018,replaced,replaced,none,-0.426174363466646,31,0.426174363466646,0.426174363466646,969
JPL,562,96,DDK5,Caron_2018,replaced,original,none,-0.426174363466646,31,0.426174363466646,0.426174363466646,970
GFZ,61,60,G400,Peltier_ICE6G_D,original,replaced,GravIS,-0.425971809111386,31,0.425971809111386,0.425971809111386,971
JPL,240,60,DDK5,Caron_2018,replaced,replaced,none,-0.425769254756126,31,0.425769254756126,0.425769254756126,972
JPL,242,60,DDK5,Caron_2018,replaced,original,none,-0.425769254756126,31,0.425769254756126,0.425769254756126,973
GFZ,328,96,G300,Geruo_ICE5G_VM2,replaced,replaced,none,-0.425769254756126,31,0.425769254756126,0.425769254756126,974
GFZ,24,60,G300,Peltier_ICE6G_D,replaced,replaced,none,-0.425566700400867,31,0.425566700400867,0.425566700400867,975
GFZ,26,60,G300,Peltier_ICE6G_D,replaced,original,none,-0.425566700400867,31,0.425566700400867,0.425566700400867,976
CSR,22,60,G300,Caron_2018,original,original,none,-0.425364146045607,31,0.425364146045607,0.425364146045607,977
JPL,95,60,G500,Peltier_ICE6G_D,original,original,GravIS,-0.425364146045607,31,0.425364146045607,0.425364146045607,978
JPL,369,96,G400,Caron_2018,replaced,replaced,GravIS,-0.425364146045607,31,0.425364146045607,0.425364146045607,979
JPL,379,96,G400,Peltier_ICE6G_D,replaced,original,GravIS,-0.424959037335087,31,0.424959037335087,0.424959037335087,980
CSR,348,96,G300,Peltier_ICE6G_D,original,replaced,none,-0.424351374269308,31,0.424351374269308,0.424351374269308,981
CSR,350,96,G300,Peltier_ICE6G_D,original,original,none,-0.424351374269308,31,0.424351374269308,0.424351374269308,982
CSR,60,60,G400,Peltier_ICE6G_D,original,replaced,none,-0.423743711203528,31,0.423743711203528,0.423743711203528,983
CSR,62,60,G400,Peltier_ICE6G_D,original,original,none,-0.423743711203528,31,0.423743711203528,0.423743711203528,984
CSR,367,96,G400,Geruo_ICE5G_VM2,original,original,GravIS,-0.423743711203528,31,0.423743711203528,0.423743711203528,985
CSR,539,96,DDK3,Peltier_ICE6G_D,replaced,original,GravIS,-0.423743711203528,31,0.423743711203528,0.423743711203528,986
JPL,24,60,G300,Peltier_ICE6G_D,replaced,replaced,none,-0.423743711203528,31,0.423743711203528,0.423743711203528,987
GFZ,413,96,G500,Peltier_ICE6G_D,original,replaced,GravIS,-0.423541156848269,31,0.423541156848269,0.423541156848269,988
GFZ,415,96,G500,Peltier_ICE6G_D,original,original,GravIS,-0.423541156848269,31,0.423541156848269,0.423541156848269,989
JPL,244,60,DDK5,Caron_2018,original,replaced,none,-0.423136048137749,31,0.423136048137749,0.423136048137749,990
JPL,246,60,DDK5,Caron_2018,original,original,none,-0.423136048137749,31,0.423136048137749,0.423136048137749,991
GFZ,524,96,DDK3,Geruo_ICE5G_VM2,original,replaced,none,-0.422933493782489,31,0.422933493782489,0.422933493782489,992
GFZ,526,96,DDK3,Geruo_ICE5G_VM2,original,original,none,-0.422933493782489,31,0.422933493782489,0.422933493782489,993
CSR,365,96,G400,Geruo_ICE5G_VM2,original,replaced,GravIS,-0.42252838507197,31,0.42252838507197,0.42252838507197,994
JPL,57,60,G400,Peltier_ICE6G_D,replaced,replaced,GravIS,-0.42232583071671,31,0.42232583071671,0.42232583071671,995
JPL,63,60,G400,Peltier_ICE6G_D,original,original,GravIS,-0.42232583071671,31,0.42232583071671,0.42232583071671,996
JPL,401,96,G500,Caron_2018,replaced,replaced,GravIS,-0.42192072200619,31,0.42192072200619,0.42192072200619,997
JPL,89,60,G500,Peltier_ICE6G_D,replaced,replaced,GravIS,-0.42171816765093,31,0.42171816765093,0.42171816765093,998
JPL,91,60,G500,Peltier_ICE6G_D,replaced,original,GravIS,-0.42171816765093,31,0.42171816765093,0.42171816765093,999
JPL,342,96,G300,Caron_2018,original,original,none,-0.42171816765093,31,0.42171816765093,0.42171816765093,1000
GFZ,83,60,G500,Caron_2018,replaced,original,GravIS,-0.42171816765093,31,0.42171816765093,0.42171816765093,1001
CSR,20,60,G300,Caron_2018,original,replaced,none,-0.420907950229891,31,0.420907950229891,0.420907950229891,1002
CSR,41,60,G400,Geruo_ICE5G_VM2,replaced,replaced,GravIS,-0.420502841519371,31,0.420502841519371,0.420502841519371,1003
CSR,43,60,G400,Geruo_ICE5G_VM2,replaced,original,GravIS,-0.420502841519371,31,0.420502841519371,0.420502841519371,1004
JPL,28,60,G300,Peltier_ICE6G_D,original,replaced,none,-0.420502841519371,31,0.420502841519371,0.420502841519371,1005
CSR,411,96,G500,Peltier_ICE6G_D,replaced,original,GravIS,-0.420300287164112,31,0.420300287164112,0.420300287164112,1006
GFZ,346,96,G300,Peltier_ICE6G_D,replaced,original,none,-0.420300287164112,31,0.420300287164112,0.420300287164112,1007
CSR,361,96,G400,Geruo_ICE5G_VM2,replaced,replaced,GravIS,-0.419692624098332,31,0.419692624098332,0.419692624098332,1008
CSR,363,96,G400,Geruo_ICE5G_VM2,replaced,original,GravIS,-0.419692624098332,31,0.419692624098332,0.419692624098332,1009
GFZ,93,60,G500,Peltier_ICE6G_D,original,replaced,GravIS,-0.419490069743072,31,0.419490069743072,0.419490069743072,1010
GFZ,95,60,G500,Peltier_ICE6G_D,original,original,GravIS,-0.419490069743072,31,0.419490069743072,0.419490069743072,1011
GFZ,538,96,DDK3,Peltier_ICE6G_D,replaced,original,none,-0.419490069743072,31,0.419490069743072,0.419490069743072,1012
JPL,403,96,G500,Caron_2018,replaced,original,GravIS,-0.419287515387813,31,0.419287515387813,0.419287515387813,1013
JPL,405,96,G500,Caron_2018,original,replaced,GravIS,-0.418882406677293,31,0.418882406677293,0.418882406677293,1014
JPL,407,96,G500,Caron_2018,original,original,GravIS,-0.418882406677293,31,0.418882406677293,0.418882406677293,1015
JPL,541,96,DDK3,Peltier_ICE6G_D,original,replaced,GravIS,-0.418679852322033,31,0.418679852322033,0.418679852322033,1016
CSR,217,60,DDK3,Peltier_ICE6G_D,replaced,replaced,GravIS,-0.418274743611513,31,0.418274743611513,0.418274743611513,1017
GFZ,91,60,G500,Peltier_ICE6G_D,replaced,original,GravIS,-0.418072189256254,31,0.418072189256254,0.418072189256254,1018
JPL,93,60,G500,Peltier_ICE6G_D,original,replaced,GravIS,-0.417667080545734,31,0.417667080545734,0.417667080545734,1019
CSR,380,96,G400,Peltier_ICE6G_D,original,replaced,none,-0.417464526190474,31,0.417464526190474,0.417464526190474,1020
JPL,393,96,G500,Geruo_ICE5G_VM2,replaced,replaced,GravIS,-0.417261971835214,31,0.417261971835214,0.417261971835214,1021
CSR,47,60,G400,Geruo_ICE5G_VM2,original,original,GravIS,-0.417059417479955,31,0.417059417479955,0.417059417479955,1022
GFZ,336,96,G300,Caron_2018,replaced,replaced,none,-0.416856863124695,31,0.416856863124695,0.416856863124695,1023
GFZ,338,96,G300,Caron_2018,replaced,original,none,-0.416856863124695,31,0.416856863124695,0.416856863124695,1024
CSR,45,60,G400,Geruo_ICE5G_VM2,original,replaced,GravIS,-0.416451754414175,31,0.416451754414175,0.416451754414175,1025
JPL,45,60,G400,Geruo_ICE5G_VM2,original,replaced,GravIS,-0.416451754414175,31,0.416451754414175,0.416451754414175,1026
JPL,47,60,G400,Geruo_ICE5G_VM2,original,original,GravIS,-0.416451754414175,31,0.416451754414175,0.416451754414175,1027
GFZ,377,96,G400,Peltier_ICE6G_D,replaced,replaced,GravIS,-0.416249200058915,31,0.416249200058915,0.416249200058915,1028
GFZ,379,96,G400,Peltier_ICE6G_D,replaced,original,GravIS,-0.416249200058915,31,0.416249200058915,0.416249200058915,1029
CSR,129,60,Swenson_G500,none,replaced,replaced,GravIS,-0.415844091348396,31,0.415844091348396,0.415844091348396,1030
CSR,131,60,Swenson_G500,none,replaced,original,GravIS,-0.415844091348396,31,0.415844091348396,0.415844091348396,1031
CSR,449,96,Swenson_G500,none,replaced,replaced,GravIS,-0.415844091348396,31,0.415844091348396,0.415844091348396,1032
CSR,451,96,Swenson_G500,none,replaced,original,GravIS,-0.415844091348396,31,0.415844091348396,0.415844091348396,1033
GFZ,21,60,G300,Caron_2018,original,replaced,GravIS,-0.415844091348396,31,0.415844091348396,0.415844091348396,1034
GFZ,23,60,G300,Caron_2018,original,original,GravIS,-0.415844091348396,31,0.415844091348396,0.415844091348396,1035
CSR,58,60,G400,Peltier_ICE6G_D,replaced,original,none,-0.415641536993136,31,0.415641536993136,0.415641536993136,1036
CSR,135,60,Swenson_G500,none,original,original,GravIS,-0.415641536993136,31,0.415641536993136,0.415641536993136,1037
CSR,453,96,Swenson_G500,none,original,replaced,GravIS,-0.415641536993136,31,0.415641536993136,0.415641536993136,1038
CSR,455,96,Swenson_G500,none,original,original,GravIS,-0.415641536993136,31,0.415641536993136,0.415641536993136,1039
JPL,72,60,G500,Geruo_ICE5G_VM2,replaced,replaced,none,-0.415641536993136,31,0.415641536993136,0.415641536993136,1040
JPL,74,60,G500,Geruo_ICE5G_VM2,replaced,original,none,-0.415641536993136,31,0.415641536993136,0.415641536993136,1041
CSR,376,96,G400,Peltier_ICE6G_D,replaced,replaced,none,-0.415438982637876,31,0.415438982637876,0.415438982637876,1042
GFZ,57,60,G400,Peltier_ICE6G_D,replaced,replaced,GravIS,-0.415438982637876,31,0.415438982637876,0.415438982637876,1043
GFZ,59,60,G400,Peltier_ICE6G_D,replaced,original,GravIS,-0.415438982637876,31,0.415438982637876,0.415438982637876,1044
GFZ,411,96,G500,Peltier_ICE6G_D,replaced,original,GravIS,-0.415438982637876,31,0.415438982637876,0.415438982637876,1045
CSR,341,96,G300,Caron_2018,original,replaced,GravIS,-0.414831319572097,31,0.414831319572097,0.414831319572097,1046
CSR,343,96,G300,Caron_2018,original,original,GravIS,-0.414831319572097,31,0.414831319572097,0.414831319572097,1047
CSR,242,60,DDK5,Caron_2018,replaced,original,none,-0.414426210861577,31,0.414426210861577,0.414426210861577,1048
GFZ,409,96,G500,Peltier_ICE6G_D,replaced,replaced,GravIS,-0.414426210861577,31,0.414426210861577,0.414426210861577,1049
GFZ,200,60,DDK3,Geruo_ICE5G_VM2,replaced,replaced,none,-0.414223656506317,31,0.414223656506317,0.414223656506317,1050
GFZ,202,60,DDK3,Geruo_ICE5G_VM2,replaced,original,none,-0.414223656506317,31,0.414223656506317,0.414223656506317,1051
CSR,133,60,Swenson_G500,none,original,replaced,GravIS,-0.414021102151057,31,0.414021102151057,0.414021102151057,1052
CSR,537,96,DDK3,Peltier_ICE6G_D,replaced,replaced,GravIS,-0.414021102151057,31,0.414021102151057,0.414021102151057,1053
JPL,62,60,G400,Peltier_ICE6G_D,original,original,none,-0.414021102151057,31,0.414021102151057,0.414021102151057,1054
JPL,543,96,DDK3,Peltier_ICE6G_D,original,original,GravIS,-0.414021102151057,31,0.414021102151057,0.414021102151057,1055
JPL,340,96,G300,Caron_2018,original,replaced,none,-0.413615993440538,31,0.413615993440538,0.413615993440538,1056
JPL,73,60,G500,Geruo_ICE5G_VM2,replaced,replaced,GravIS,-0.412805776019499,31,0.412805776019499,0.412805776019499,1057
JPL,75,60,G500,Geruo_ICE5G_VM2,replaced,original,GravIS,-0.412805776019499,31,0.412805776019499,0.412805776019499,1058
JPL,409,96,G500,Peltier_ICE6G_D,replaced,replaced,GravIS,-0.412805776019499,31,0.412805776019499,0.412805776019499,1059
JPL,411,96,G500,Peltier_ICE6G_D,replaced,original,GravIS,-0.412805776019499,31,0.412805776019499,0.412805776019499,1060
CSR,89,60,G500,Peltier_ICE6G_D,replaced,replaced,GravIS,-0.412603221664239,31,0.412603221664239,0.412603221664239,1061
CSR,409,96,G500,Peltier_ICE6G_D,replaced,replaced,GravIS,-0.412603221664239,31,0.412603221664239,0.412603221664239,1062
JPL,373,96,G400,Caron_2018,original,replaced,GravIS,-0.412603221664239,31,0.412603221664239,0.412603221664239,1063
GFZ,20,60,G300,Caron_2018,original,replaced,none,-0.412603221664239,31,0.412603221664239,0.412603221664239,1064
GFZ,414,96,G500,Peltier_ICE6G_D,original,original,none,-0.412603221664239,31,0.412603221664239,0.412603221664239,1065
GFZ,493,96,DDK2,Geruo_ICE5G_VM2,original,replaced,GravIS,-0.412603221664239,31,0.412603221664239,0.412603221664239,1066
GFZ,495,96,DDK2,Geruo_ICE5G_VM2,original,original,GravIS,-0.412603221664239,31,0.412603221664239,0.412603221664239,1067
CSR,57,60,G400,Peltier_ICE6G_D,replaced,replaced,GravIS,-0.412198112953719,31,0.412198112953719,0.412198112953719,1068
JPL,129,60,Swenson_G500,none,replaced,replaced,GravIS,-0.412198112953719,31,0.412198112953719,0.412198112953719,1069
JPL,131,60,Swenson_G500,none,replaced,original,GravIS,-0.412198112953719,31,0.412198112953719,0.412198112953719,1070
JPL,43,60,G400,Geruo_ICE5G_VM2,replaced,original,GravIS,-0.411793004243199,31,0.411793004243199,0.411793004243199,1071
CSR,344,96,G300,Peltier_ICE6G_D,replaced,replaced,none,-0.41159044988794,31,0.41159044988794,0.41159044988794,1072
CSR,346,96,G300,Peltier_ICE6G_D,replaced,original,none,-0.41159044988794,31,0.41159044988794,0.41159044988794,1073
CSR,397,96,G500,Geruo_ICE5G_VM2,original,replaced,GravIS,-0.41159044988794,31,0.41159044988794,0.41159044988794,1074
CSR,399,96,G500,Geruo_ICE5G_VM2,original,original,GravIS,-0.41159044988794,31,0.41159044988794,0.41159044988794,1075
GFZ,17,60,G300,Caron_2018,replaced,replaced,GravIS,-0.41159044988794,31,0.41159044988794,0.41159044988794,1076
JPL,81,60,G500,Caron_2018,replaced,replaced,GravIS,-0.41138789553268,31,0.41138789553268,0.41138789553268,1077
JPL,83,60,G500,Caron_2018,replaced,original,GravIS,-0.41138789553268,31,0.41138789553268,0.41138789553268,1078
JPL,413,96,G500,Peltier_ICE6G_D,original,replaced,GravIS,-0.41138789553268,31,0.41138789553268,0.41138789553268,1079
JPL,415,96,G500,Peltier_ICE6G_D,original,original,GravIS,-0.41138789553268,31,0.41138789553268,0.41138789553268,1080
JPL,453,96,Swenson_G500,none,original,replaced,GravIS,-0.41138789553268,31,0.41138789553268,0.41138789553268,1081
JPL,455,96,Swenson_G500,none,original,original,GravIS,-0.41138789553268,31,0.41138789553268,0.41138789553268,1082
JPL,133,60,Swenson_G500,none,original,replaced,GravIS,-0.41118534117742,31,0.41118534117742,0.41118534117742,1083
JPL,135,60,Swenson_G500,none,original,original,GravIS,-0.41118534117742,31,0.41118534117742,0.41118534117742,1084
JPL,449,96,Swenson_G500,none,replaced,replaced,GravIS,-0.41118534117742,31,0.41118534117742,0.41118534117742,1085
JPL,451,96,Swenson_G500,none,replaced,original,GravIS,-0.41118534117742,31,0.41118534117742,0.41118534117742,1086
GFZ,540,96,DDK3,Peltier_ICE6G_D,original,replaced,none,-0.41118534117742,31,0.41118534117742,0.41118534117742,1087
CSR,59,60,G400,Peltier_ICE6G_D,replaced,original,GravIS,-0.410577678111641,31,0.410577678111641,0.410577678111641,1088
CSR,63,60,G400,Peltier_ICE6G_D,original,original,GravIS,-0.410577678111641,31,0.410577678111641,0.410577678111641,1089
GFZ,218,60,DDK3,Peltier_ICE6G_D,replaced,original,none,-0.410577678111641,31,0.410577678111641,0.410577678111641,1090
CSR,16,60,G300,Caron_2018,replaced,replaced,none,-0.410375123756381,31,0.410375123756381,0.410375123756381,1091
CSR,18,60,G300,Caron_2018,replaced,original,none,-0.410375123756381,31,0.410375123756381,0.410375123756381,1092
CSR,240,60,DDK5,Caron_2018,replaced,replaced,none,-0.410375123756381,31,0.410375123756381,0.410375123756381,1093
GFZ,89,60,G500,Peltier_ICE6G_D,replaced,replaced,GravIS,-0.410375123756381,31,0.410375123756381,0.410375123756381,1094
GFZ,204,60,DDK3,Geruo_ICE5G_VM2,original,replaced,none,-0.410172569401121,31,0.410172569401121,0.410172569401121,1095
GFZ,542,96,DDK3,Peltier_ICE6G_D,original,original,none,-0.410172569401121,31,0.410172569401121,0.410172569401121,1096
CSR,61,60,G400,Peltier_ICE6G_D,original,replaced,GravIS,-0.409970015045861,31,0.409970015045861,0.409970015045861,1097
CSR,91,60,G500,Peltier_ICE6G_D,replaced,original,GravIS,-0.409970015045861,31,0.409970015045861,0.409970015045861,1098
CSR,413,96,G500,Peltier_ICE6G_D,original,replaced,GravIS,-0.409970015045861,31,0.409970015045861,0.409970015045861,1099
CSR,378,96,G400,Peltier_ICE6G_D,replaced,original,none,-0.409767460690601,31,0.409767460690601,0.409767460690601,1100
CSR,405,96,G500,Caron_2018,original,replaced,GravIS,-0.409767460690601,31,0.409767460690601,0.409767460690601,1101
CSR,407,96,G500,Caron_2018,original,original,GravIS,-0.409767460690601,31,0.409767460690601,0.409767460690601,1102
CSR,541,96,DDK3,Peltier_ICE6G_D,original,replaced,GravIS,-0.409564906335342,31,0.409564906335342,0.409564906335342,1103
CSR,543,96,DDK3,Peltier_ICE6G_D,original,original,GravIS,-0.409564906335342,31,0.409564906335342,0.409564906335342,1104
GFZ,536,96,DDK3,Peltier_ICE6G_D,replaced,replaced,none,-0.409362351980082,31,0.409362351980082,0.409362351980082,1105
JPL,361,96,G400,Geruo_ICE5G_VM2,replaced,replaced,GravIS,-0.409159797624822,31,0.409159797624822,0.409159797624822,1106
JPL,363,96,G400,Geruo_ICE5G_VM2,replaced,original,GravIS,-0.409159797624822,31,0.409159797624822,0.409159797624822,1107
CSR,383,96,G400,Peltier_ICE6G_D,original,original,GravIS,-0.408957243269562,31,0.408957243269562,0.408957243269562,1108
GFZ,22,60,G300,Caron_2018,original,original,none,-0.408957243269562,31,0.408957243269562,0.408957243269562,1109
GFZ,173,60,DDK2,Geruo_ICE5G_VM2,original,replaced,GravIS,-0.408957243269562,31,0.408957243269562,0.408957243269562,1110
GFZ,175,60,DDK2,Geruo_ICE5G_VM2,original,original,GravIS,-0.408957243269562,31,0.408957243269562,0.408957243269562,1111
JPL,41,60,G400,Geruo_ICE5G_VM2,replaced,replaced,GravIS,-0.408552134559042,31,0.408552134559042,0.408552134559042,1112
CSR,369,96,G400,Caron_2018,replaced,replaced,GravIS,-0.408349580203783,31,0.408349580203783,0.408349580203783,1113
CSR,371,96,G400,Caron_2018,replaced,original,GravIS,-0.408349580203783,31,0.408349580203783,0.408349580203783,1114
GFZ,206,60,DDK3,Geruo_ICE5G_VM2,original,original,none,-0.408147025848523,31,0.408147025848523,0.408147025848523,1115
GFZ,216,60,DDK3,Peltier_ICE6G_D,replaced,replaced,none,-0.408147025848523,31,0.408147025848523,0.408147025848523,1116
GFZ,380,96,G400,Peltier_ICE6G_D,original,replaced,none,-0.408147025848523,31,0.408147025848523,0.408147025848523,1117
GFZ,382,96,G400,Peltier_ICE6G_D,original,original,none,-0.408147025848523,31,0.408147025848523,0.408147025848523,1118
JPL,76,60,G500,Geruo_ICE5G_VM2,original,replaced,none,-0.407944471493263,31,0.407944471493263,0.407944471493263,1119
JPL,78,60,G500,Geruo_ICE5G_VM2,original,original,none,-0.407944471493263,31,0.407944471493263,0.407944471493263,1120
JPL,392,96,G500,Geruo_ICE5G_VM2,replaced,replaced,none,-0.407944471493263,31,0.407944471493263,0.407944471493263,1121
JPL,394,96,G500,Geruo_ICE5G_VM2,replaced,original,none,-0.407944471493263,31,0.407944471493263,0.407944471493263,1122
CSR,345,96,G300,Peltier_ICE6G_D,replaced,replaced,GravIS,-0.407741917138003,31,0.407741917138003,0.407741917138003,1123
CSR,347,96,G300,Peltier_ICE6G_D,replaced,original,GravIS,-0.407741917138003,31,0.407741917138003,0.407741917138003,1124
CSR,85,60,G500,Caron_2018,original,replaced,GravIS,-0.407539362782743,31,0.407539362782743,0.407539362782743,1125
CSR,87,60,G500,Caron_2018,original,original,GravIS,-0.407539362782743,31,0.407539362782743,0.407539362782743,1126
JPL,49,60,G400,Caron_2018,replaced,replaced,GravIS,-0.407539362782743,31,0.407539362782743,0.407539362782743,1127
JPL,51,60,G400,Caron_2018,replaced,original,GravIS,-0.407539362782743,31,0.407539362782743,0.407539362782743,1128
JPL,395,96,G500,Geruo_ICE5G_VM2,replaced,original,GravIS,-0.407539362782743,31,0.407539362782743,0.407539362782743,1129
JPL,53,60,G400,Caron_2018,original,replaced,GravIS,-0.407336808427484,31,0.407336808427484,0.407336808427484,1130
GFZ,334,96,G300,Geruo_ICE5G_VM2,original,original,none,-0.407134254072224,31,0.407134254072224,0.407134254072224,1131
GFZ,491,96,DDK2,Geruo_ICE5G_VM2,replaced,original,GravIS,-0.406729145361704,31,0.406729145361704,0.406729145361704,1132
GFZ,187,60,DDK2,Peltier_ICE6G_D,replaced,original,GravIS,-0.406526591006444,31,0.406526591006444,0.406526591006444,1133
CSR,77,60,G500,Geruo_ICE5G_VM2,original,replaced,GravIS,-0.406324036651184,31,0.406324036651184,0.406324036651184,1134
CSR,79,60,G500,Geruo_ICE5G_VM2,original,original,GravIS,-0.406324036651184,31,0.406324036651184,0.406324036651184,1135
GFZ,14,60,G300,Geruo_ICE5G_VM2,original,original,none,-0.406121482295925,31,0.406121482295925,0.406121482295925,1136
CSR,40,60,G400,Geruo_ICE5G_VM2,replaced,replaced,none,-0.405918927940665,31,0.405918927940665,0.405918927940665,1137
CSR,42,60,G400,Geruo_ICE5G_VM2,replaced,original,none,-0.405918927940665,31,0.405918927940665,0.405918927940665,1138
GFZ,92,60,G500,Peltier_ICE6G_D,original,replaced,none,-0.405918927940665,31,0.405918927940665,0.405918927940665,1139
GFZ,94,60,G500,Peltier_ICE6G_D,original,original,none,-0.405918927940665,31,0.405918927940665,0.405918927940665,1140
GFZ,171,60,DDK2,Geruo_ICE5G_VM2,replaced,original,GravIS,-0.405918927940665,31,0.405918927940665,0.405918927940665,1141
CSR,56,60,G400,Peltier_ICE6G_D,replaced,replaced,none,-0.405513819230145,31,0.405513819230145,0.405513819230145,1142
CSR,73,60,G500,Geruo_ICE5G_VM2,replaced,replaced,GravIS,-0.405513819230145,31,0.405513819230145,0.405513819230145,1143
CSR,49,60,G400,Caron_2018,replaced,replaced,GravIS,-0.405311264874885,31,0.405311264874885,0.405311264874885,1144
CSR,381,96,G400,Peltier_ICE6G_D,original,replaced,GravIS,-0.405311264874885,31,0.405311264874885,0.405311264874885,1145
GFZ,489,96,DDK2,Geruo_ICE5G_VM2,replaced,replaced,GravIS,-0.405311264874885,31,0.405311264874885,0.405311264874885,1146
JPL,396,96,G500,Geruo_ICE5G_VM2,original,replaced,none,-0.404906156164366,31,0.404906156164366,0.404906156164366,1147
JPL,398,96,G500,Geruo_ICE5G_VM2,original,original,none,-0.404906156164366,31,0.404906156164366,0.404906156164366,1148
GFZ,449,96,Swenson_G500,none,replaced,replaced,GravIS,-0.404906156164366,31,0.404906156164366,0.404906156164366,1149
CSR,393,96,G500,Geruo_ICE5G_VM2,replaced,replaced,GravIS,-0.404298493098586,31,0.404298493098586,0.404298493098586,1150
CSR,395,96,G500,Geruo_ICE5G_VM2,replaced,original,GravIS,-0.404298493098586,31,0.404298493098586,0.404298493098586,1151
GFZ,16,60,G300,Caron_2018,replaced,replaced,none,-0.404298493098586,31,0.404298493098586,0.404298493098586,1152
GFZ,18,60,G300,Caron_2018,replaced,original,none,-0.404298493098586,31,0.404298493098586,0.404298493098586,1153
GFZ,368,96,G400,Caron_2018,replaced,replaced,none,-0.404298493098586,31,0.404298493098586,0.404298493098586,1154
GFZ,370,96,G400,Caron_2018,replaced,original,none,-0.404298493098586,31,0.404298493098586,0.404298493098586,1155
JPL,60,60,G400,Peltier_ICE6G_D,original,replaced,none,-0.403690830032807,31,0.403690830032807,0.403690830032807,1156
JPL,524,96,DDK3,Geruo_ICE5G_VM2,original,replaced,none,-0.403690830032807,31,0.403690830032807,0.403690830032807,1157
JPL,526,96,DDK3,Geruo_ICE5G_VM2,original,original,none,-0.403690830032807,31,0.403690830032807,0.403690830032807,1158
CSR,373,96,G400,Caron_2018,original,replaced,GravIS,-0.403285721322287,31,0.403285721322287,0.403285721322287,1159
CSR,375,96,G400,Caron_2018,original,original,GravIS,-0.403285721322287,31,0.403285721322287,0.403285721322287,1160
JPL,375,96,G400,Caron_2018,original,original,GravIS,-0.403285721322287,31,0.403285721322287,0.403285721322287,1161
GFZ,19,60,G300,Caron_2018,replaced,original,GravIS,-0.403285721322287,31,0.403285721322287,0.403285721322287,1162
GFZ,332,96,G300,Geruo_ICE5G_VM2,original,replaced,none,-0.403083166967028,31,0.403083166967028,0.403083166967028,1163
CSR,244,60,DDK5,Caron_2018,original,replaced,none,-0.402880612611768,31,0.402880612611768,0.402880612611768,1164
CSR,246,60,DDK5,Caron_2018,original,original,none,-0.402880612611768,31,0.402880612611768,0.402880612611768,1165
GFZ,412,96,G500,Peltier_ICE6G_D,original,replaced,none,-0.402880612611768,31,0.402880612611768,0.402880612611768,1166
CSR,51,60,G400,Caron_2018,replaced,original,GravIS,-0.402678058256508,31,0.402678058256508,0.402678058256508,1167
JPL,397,96,G500,Geruo_ICE5G_VM2,original,replaced,GravIS,-0.402070395190728,31,0.402070395190728,0.402070395190728,1168
JPL,399,96,G500,Geruo_ICE5G_VM2,original,original,GravIS,-0.402070395190728,31,0.402070395190728,0.402070395190728,1169
GFZ,376,96,G400,Peltier_ICE6G_D,replaced,replaced,none,-0.401867840835469,31,0.401867840835469,0.401867840835469,1170
GFZ,169,60,DDK2,Geruo_ICE5G_VM2,replaced,replaced,GravIS,-0.401462732124949,31,0.401462732124949,0.401462732124949,1171
CSR,360,96,G400,Geruo_ICE5G_VM2,replaced,replaced,none,-0.401260177769689,31,0.401260177769689,0.401260177769689,1172
CSR,362,96,G400,Geruo_ICE5G_VM2,replaced,original,none,-0.401260177769689,31,0.401260177769689,0.401260177769689,1173
JPL,365,96,G400,Geruo_ICE5G_VM2,original,replaced,GravIS,-0.40044996034865,31,0.40044996034865,0.40044996034865,1174
JPL,367,96,G400,Geruo_ICE5G_VM2,original,original,GravIS,-0.40044996034865,31,0.40044996034865,0.40044996034865,1175
CSR,93,60,G500,Peltier_ICE6G_D,original,replaced,GravIS,-0.40024740599339,31,0.40024740599339,0.40024740599339,1176
CSR,95,60,G500,Peltier_ICE6G_D,original,original,GravIS,-0.40024740599339,31,0.40024740599339,0.40024740599339,1177
CSR,377,96,G400,Peltier_ICE6G_D,replaced,replaced,GravIS,-0.40024740599339,31,0.40024740599339,0.40024740599339,1178
CSR,379,96,G400,Peltier_ICE6G_D,replaced,original,GravIS,-0.40024740599339,31,0.40024740599339,0.40024740599339,1179
CSR,415,96,G500,Peltier_ICE6G_D,original,original,GravIS,-0.40024740599339,31,0.40024740599339,0.40024740599339,1180
GFZ,48,60,G400,Caron_2018,replaced,replaced,none,-0.40024740599339,31,0.40024740599339,0.40024740599339,1181
CSR,349,96,G300,Peltier_ICE6G_D,original,replaced,GravIS,-0.40004485163813,31,0.40004485163813,0.40004485163813,1182
CSR,351,96,G300,Peltier_ICE6G_D,original,original,GravIS,-0.40004485163813,31,0.40004485163813,0.40004485163813,1183
CSR,403,96,G500,Caron_2018,replaced,original,GravIS,-0.40004485163813,31,0.40004485163813,0.40004485163813,1184
GFZ,129,60,Swenson_G500,none,replaced,replaced,GravIS,-0.40004485163813,31,0.40004485163813,0.40004485163813,1185
JPL,77,60,G500,Geruo_ICE5G_VM2,original,replaced,GravIS,-0.39984229728287,31,0.39984229728287,0.39984229728287,1186
CSR,75,60,G500,Geruo_ICE5G_VM2,replaced,original,GravIS,-0.399234634217091,31,0.399234634217091,0.399234634217091,1187
GFZ,340,96,G300,Caron_2018,original,replaced,none,-0.398829525506571,31,0.398829525506571,0.398829525506571,1188
GFZ,342,96,G300,Caron_2018,original,original,none,-0.398829525506571,31,0.398829525506571,0.398829525506571,1189
GFZ,12,60,G300,Geruo_ICE5G_VM2,original,replaced,none,-0.398424416796052,31,0.398424416796052,0.398424416796052,1190
GFZ,220,60,DDK3,Peltier_ICE6G_D,original,replaced,none,-0.398424416796052,31,0.398424416796052,0.398424416796052,1191
GFZ,222,60,DDK3,Peltier_ICE6G_D,original,original,none,-0.398424416796052,31,0.398424416796052,0.398424416796052,1192
CSR,72,60,G500,Geruo_ICE5G_VM2,replaced,replaced,none,-0.397816753730272,31,0.397816753730272,0.397816753730272,1193
CSR,74,60,G500,Geruo_ICE5G_VM2,replaced,original,none,-0.397816753730272,31,0.397816753730272,0.397816753730272,1194
CSR,392,96,G500,Geruo_ICE5G_VM2,replaced,replaced,none,-0.397816753730272,31,0.397816753730272,0.397816753730272,1195
CSR,394,96,G500,Geruo_ICE5G_VM2,replaced,original,none,-0.397816753730272,31,0.397816753730272,0.397816753730272,1196
GFZ,50,60,G400,Caron_2018,replaced,original,none,-0.397614199375013,31,0.397614199375013,0.397614199375013,1197
GFZ,533,96,DDK3,Caron_2018,original,replaced,GravIS,-0.397614199375013,31,0.397614199375013,0.397614199375013,1198
GFZ,511,96,DDK2,Peltier_ICE6G_D,original,original,GravIS,-0.397411645019753,31,0.397411645019753,0.397411645019753,1199
GFZ,341,96,G300,Caron_2018,original,replaced,GravIS,-0.397209090664493,31,0.397209090664493,0.397209090664493,1200
GFZ,343,96,G300,Caron_2018,original,original,GravIS,-0.397209090664493,31,0.397209090664493,0.397209090664493,1201
GFZ,451,96,Swenson_G500,none,replaced,original,GravIS,-0.397006536309233,31,0.397006536309233,0.397006536309233,1202
CSR,564,96,DDK5,Caron_2018,original,replaced,none,-0.396601427598714,31,0.396601427598714,0.396601427598714,1203
CSR,566,96,DDK5,Caron_2018,original,original,none,-0.396601427598714,31,0.396601427598714,0.396601427598714,1204
JPL,202,60,DDK3,Geruo_ICE5G_VM2,replaced,original,none,-0.396601427598714,31,0.396601427598714,0.396601427598714,1205
GFZ,378,96,G400,Peltier_ICE6G_D,replaced,original,none,-0.396601427598714,31,0.396601427598714,0.396601427598714,1206
CSR,401,96,G500,Caron_2018,replaced,replaced,GravIS,-0.396398873243454,31,0.396398873243454,0.396398873243454,1207
GFZ,339,96,G300,Caron_2018,replaced,original,GravIS,-0.396196318888194,31,0.396196318888194,0.396196318888194,1208
CSR,53,60,G400,Caron_2018,original,replaced,GravIS,-0.395993764532934,31,0.395993764532934,0.395993764532934,1209
GFZ,509,96,DDK2,Peltier_ICE6G_D,original,replaced,GravIS,-0.395791210177674,31,0.395791210177674,0.395791210177674,1210
JPL,522,96,DDK3,Geruo_ICE5G_VM2,replaced,original,none,-0.395588655822414,31,0.395588655822414,0.395588655822414,1211
GFZ,185,60,DDK2,Peltier_ICE6G_D,replaced,replaced,GravIS,-0.395588655822414,31,0.395588655822414,0.395588655822414,1212
GFZ,88,60,G500,Peltier_ICE6G_D,replaced,replaced,none,-0.395386101467155,31,0.395386101467155,0.395386101467155,1213
GFZ,90,60,G500,Peltier_ICE6G_D,replaced,original,none,-0.395386101467155,31,0.395386101467155,0.395386101467155,1214
GFZ,408,96,G500,Peltier_ICE6G_D,replaced,replaced,none,-0.395386101467155,31,0.395386101467155,0.395386101467155,1215
GFZ,410,96,G500,Peltier_ICE6G_D,replaced,original,none,-0.395386101467155,31,0.395386101467155,0.395386101467155,1216
GFZ,337,96,G300,Caron_2018,replaced,replaced,GravIS,-0.395183547111895,31,0.395183547111895,0.395183547111895,1217
GFZ,131,60,Swenson_G500,none,replaced,original,GravIS,-0.394778438401375,31,0.394778438401375,0.394778438401375,1218
GFZ,505,96,DDK2,Peltier_ICE6G_D,replaced,replaced,GravIS,-0.394778438401375,31,0.394778438401375,0.394778438401375,1219
GFZ,507,96,DDK2,Peltier_ICE6G_D,replaced,original,GravIS,-0.394778438401375,31,0.394778438401375,0.394778438401375,1220
CSR,44,60,G400,Geruo_ICE5G_VM2,original,replaced,none,-0.394575884046115,31,0.394575884046115,0.394575884046115,1221
JPL,200,60,DDK3,Geruo_ICE5G_VM2,replaced,replaced,none,-0.394575884046115,31,0.394575884046115,0.394575884046115,1222
GFZ,56,60,G400,Peltier_ICE6G_D,replaced,replaced,none,-0.394575884046115,31,0.394575884046115,0.394575884046115,1223
GFZ,58,60,G400,Peltier_ICE6G_D,replaced,original,none,-0.394575884046115,31,0.394575884046115,0.394575884046115,1224
CSR,81,60,G500,Caron_2018,replaced,replaced,GravIS,-0.394373329690856,31,0.394373329690856,0.394373329690856,1225
CSR,83,60,G500,Caron_2018,replaced,original,GravIS,-0.394373329690856,31,0.394373329690856,0.394373329690856,1226
GFZ,529,96,DDK3,Caron_2018,replaced,replaced,GravIS,-0.393968220980336,31,0.393968220980336,0.393968220980336,1227
GFZ,531,96,DDK3,Caron_2018,replaced,original,GravIS,-0.393968220980336,31,0.393968220980336,0.393968220980336,1228
JPL,336,96,G300,Caron_2018,replaced,replaced,none,-0.393765666625076,31,0.393765666625076,0.393765666625076,1229
JPL,338,96,G300,Caron_2018,replaced,original,none,-0.393765666625076,31,0.393765666625076,0.393765666625076,1230
GFZ,191,60,DDK2,Peltier_ICE6G_D,original,original,GravIS,-0.393765666625076,31,0.393765666625076,0.393765666625076,1231
GFZ,74,60,G500,Geruo_ICE5G_VM2,replaced,original,none,-0.393158003559297,31,0.393158003559297,0.393158003559297,1232
JPL,417,96,Swenson_G300,none,replaced,replaced,GravIS,-0.392955449204037,31,0.392955449204037,0.392955449204037,1233
JPL,419,96,Swenson_G300,none,replaced,original,GravIS,-0.392955449204037,31,0.392955449204037,0.392955449204037,1234
JPL,531,96,DDK3,Caron_2018,replaced,original,GravIS,-0.392752894848777,31,0.392752894848777,0.392752894848777,1235
JPL,55,60,G400,Caron_2018,original,original,GravIS,-0.392347786138257,31,0.392347786138257,0.392347786138257,1236
JPL,79,60,G500,Geruo_ICE5G_VM2,original,original,GravIS,-0.391942677427738,31,0.391942677427738,0.391942677427738,1237
JPL,58,60,G400,Peltier_ICE6G_D,replaced,original,none,-0.391740123072478,31,0.391740123072478,0.391740123072478,1238
JPL,421,96,Swenson_G300,none,original,replaced,GravIS,-0.391132460006699,31,0.391132460006699,0.391132460006699,1239
JPL,423,96,Swenson_G300,none,original,original,GravIS,-0.391132460006699,31,0.391132460006699,0.391132460006699,1240
CSR,396,96,G500,Geruo_ICE5G_VM2,original,replaced,none,-0.390727351296179,31,0.390727351296179,0.390727351296179,1241
CSR,562,96,DDK5,Caron_2018,replaced,original,none,-0.390727351296179,31,0.390727351296179,0.390727351296179,1242
GFZ,535,96,DDK3,Caron_2018,original,original,GravIS,-0.390727351296179,31,0.390727351296179,0.390727351296179,1243
GFZ,360,96,G400,Geruo_ICE5G_VM2,replaced,replaced,none,-0.38991713387514,31,0.38991713387514,0.38991713387514,1244
JPL,211,60,DDK3,Caron_2018,replaced,original,GravIS,-0.38930947080936,31,0.38930947080936,0.38930947080936,1245
JPL,204,60,DDK3,Geruo_ICE5G_VM2,original,replaced,none,-0.3891069164541,31,0.3891069164541,0.3891069164541,1246
JPL,206,60,DDK3,Geruo_ICE5G_VM2,original,original,none,-0.3891069164541,31,0.3891069164541,0.3891069164541,1247
GFZ,128,60,Swenson_G500,none,replaced,replaced,none,-0.3891069164541,31,0.3891069164541,0.3891069164541,1248
GFZ,130,60,Swenson_G500,none,replaced,original,none,-0.3891069164541,31,0.3891069164541,0.3891069164541,1249
CSR,340,96,G300,Caron_2018,original,replaced,none,-0.388701807743581,31,0.388701807743581,0.388701807743581,1250
CSR,342,96,G300,Caron_2018,original,original,none,-0.388701807743581,31,0.388701807743581,0.388701807743581,1251
JPL,495,96,DDK2,Geruo_ICE5G_VM2,original,original,GravIS,-0.388701807743581,31,0.388701807743581,0.388701807743581,1252
JPL,40,60,G400,Geruo_ICE5G_VM2,replaced,replaced,none,-0.388499253388321,31,0.388499253388321,0.388499253388321,1253
JPL,42,60,G400,Geruo_ICE5G_VM2,replaced,original,none,-0.388499253388321,31,0.388499253388321,0.388499253388321,1254
CSR,55,60,G400,Caron_2018,original,original,GravIS,-0.388296699033061,31,0.388296699033061,0.388296699033061,1255
GFZ,400,96,G500,Caron_2018,replaced,replaced,none,-0.388296699033061,31,0.388296699033061,0.388296699033061,1256
GFZ,189,60,DDK2,Peltier_ICE6G_D,original,replaced,GravIS,-0.388094144677801,31,0.388094144677801,0.388094144677801,1257
GFZ,60,60,G400,Peltier_ICE6G_D,original,replaced,none,-0.387486481612022,31,0.387486481612022,0.387486481612022,1258
JPL,382,96,G400,Peltier_ICE6G_D,original,original,none,-0.387283927256762,31,0.387283927256762,0.387283927256762,1259
GFZ,80,60,G500,Caron_2018,replaced,replaced,none,-0.387283927256762,31,0.387283927256762,0.387283927256762,1260
CSR,448,96,Swenson_G500,none,replaced,replaced,none,-0.386878818546242,31,0.386878818546242,0.386878818546242,1261
CSR,450,96,Swenson_G500,none,replaced,original,none,-0.386878818546242,31,0.386878818546242,0.386878818546242,1262
JPL,22,60,G300,Caron_2018,original,original,none,-0.386676264190983,31,0.386676264190983,0.386676264190983,1263
CSR,366,96,G400,Geruo_ICE5G_VM2,original,original,none,-0.386271155480463,31,0.386271155480463,0.386271155480463,1264
JPL,380,96,G400,Peltier_ICE6G_D,original,replaced,none,-0.385663492414684,31,0.385663492414684,0.385663492414684,1265
JPL,101,60,Swenson_G300,none,original,replaced,GravIS,-0.385460938059424,31,0.385460938059424,0.385460938059424,1266
GFZ,76,60,G500,Geruo_ICE5G_VM2,original,replaced,none,-0.385460938059424,31,0.385460938059424,0.385460938059424,1267
GFZ,78,60,G500,Geruo_ICE5G_VM2,original,original,none,-0.385460938059424,31,0.385460938059424,0.385460938059424,1268
GFZ,396,96,G500,Geruo_ICE5G_VM2,original,replaced,none,-0.385460938059424,31,0.385460938059424,0.385460938059424,1269
GFZ,398,96,G500,Geruo_ICE5G_VM2,original,original,none,-0.385460938059424,31,0.385460938059424,0.385460938059424,1270
CSR,46,60,G400,Geruo_ICE5G_VM2,original,original,none,-0.385258383704164,31,0.385258383704164,0.385258383704164,1271
CSR,76,60,G500,Geruo_ICE5G_VM2,original,replaced,none,-0.385055829348904,31,0.385055829348904,0.385055829348904,1272
CSR,78,60,G500,Geruo_ICE5G_VM2,original,original,none,-0.385055829348904,31,0.385055829348904,0.385055829348904,1273
JPL,360,96,G400,Geruo_ICE5G_VM2,replaced,replaced,none,-0.385055829348904,31,0.385055829348904,0.385055829348904,1274
JPL,362,96,G400,Geruo_ICE5G_VM2,replaced,original,none,-0.385055829348904,31,0.385055829348904,0.385055829348904,1275
JPL,364,96,G400,Geruo_ICE5G_VM2,original,replaced,none,-0.385055829348904,31,0.385055829348904,0.385055829348904,1276
JPL,366,96,G400,Geruo_ICE5G_VM2,original,original,none,-0.385055829348904,31,0.385055829348904,0.385055829348904,1277
GFZ,366,96,G400,Geruo_ICE5G_VM2,original,original,none,-0.384853274993644,31,0.384853274993644,0.384853274993644,1278
JPL,529,96,DDK3,Caron_2018,replaced,replaced,GravIS,-0.384650720638385,31,0.384650720638385,0.384650720638385,1279
GFZ,394,96,G500,Geruo_ICE5G_VM2,replaced,original,none,-0.384650720638385,31,0.384650720638385,0.384650720638385,1280
JPL,520,96,DDK3,Geruo_ICE5G_VM2,replaced,replaced,none,-0.384245611927865,31,0.384245611927865,0.384245611927865,1281
JPL,44,60,G400,Geruo_ICE5G_VM2,original,replaced,none,-0.384043057572605,31,0.384043057572605,0.384043057572605,1282
JPL,46,60,G400,Geruo_ICE5G_VM2,original,original,none,-0.384043057572605,31,0.384043057572605,0.384043057572605,1283
JPL,128,60,Swenson_G500,none,replaced,replaced,none,-0.384043057572605,31,0.384043057572605,0.384043057572605,1284
JPL,130,60,Swenson_G500,none,replaced,original,none,-0.384043057572605,31,0.384043057572605,0.384043057572605,1285
JPL,448,96,Swenson_G500,none,replaced,replaced,none,-0.384043057572605,31,0.384043057572605,0.384043057572605,1286
JPL,450,96,Swenson_G500,none,replaced,original,none,-0.384043057572605,31,0.384043057572605,0.384043057572605,1287
GFZ,402,96,G500,Caron_2018,replaced,original,none,-0.383637948862086,31,0.383637948862086,0.383637948862086,1288
JPL,103,60,Swenson_G300,none,original,original,GravIS,-0.383435394506826,31,0.383435394506826,0.383435394506826,1289
GFZ,86,60,G500,Caron_2018,original,original,none,-0.383232840151566,31,0.383232840151566,0.383232840151566,1290
JPL,533,96,DDK3,Caron_2018,original,replaced,GravIS,-0.383030285796306,31,0.383030285796306,0.383030285796306,1291
JPL,535,96,DDK3,Caron_2018,original,original,GravIS,-0.383030285796306,31,0.383030285796306,0.383030285796306,1292
GFZ,448,96,Swenson_G500,none,replaced,replaced,none,-0.383030285796306,31,0.383030285796306,0.383030285796306,1293
GFZ,450,96,Swenson_G500,none,replaced,original,none,-0.383030285796306,31,0.383030285796306,0.383030285796306,1294
CSR,560,96,DDK5,Caron_2018,replaced,replaced,none,-0.382625177085786,31,0.382625177085786,0.382625177085786,1295
JPL,97,60,Swenson_G300,none,replaced,replaced,GravIS,-0.382625177085786,31,0.382625177085786,0.382625177085786,1296
JPL,99,60,Swenson_G300,none,replaced,original,GravIS,-0.382625177085786,31,0.382625177085786,0.382625177085786,1297
JPL,56,60,G400,Peltier_ICE6G_D,replaced,replaced,none,-0.382422622730527,31,0.382422622730527,0.382422622730527,1298
CSR,364,96,G400,Geruo_ICE5G_VM2,original,replaced,none,-0.381612405309487,31,0.381612405309487,0.381612405309487,1299
GFZ,44,60,G400,Geruo_ICE5G_VM2,original,replaced,none,-0.381612405309487,31,0.381612405309487,0.381612405309487,1300
GFZ,46,60,G400,Geruo_ICE5G_VM2,original,original,none,-0.381612405309487,31,0.381612405309487,0.381612405309487,1301
GFZ,72,60,G500,Geruo_ICE5G_VM2,replaced,replaced,none,-0.381409850954228,31,0.381409850954228,0.381409850954228,1302
GFZ,42,60,G400,Geruo_ICE5G_VM2,replaced,original,none,-0.381207296598968,31,0.381207296598968,0.381207296598968,1303
JPL,171,60,DDK2,Geruo_ICE5G_VM2,replaced,original,GravIS,-0.381004742243708,31,0.381004742243708,0.381004742243708,1304
GFZ,62,60,G400,Peltier_ICE6G_D,original,original,none,-0.381004742243708,31,0.381004742243708,0.381004742243708,1305
CSR,128,60,Swenson_G500,none,replaced,replaced,none,-0.380802187888448,31,0.380802187888448,0.380802187888448,1306
CSR,130,60,Swenson_G500,none,replaced,original,none,-0.380802187888448,31,0.380802187888448,0.380802187888448,1307
GFZ,215,60,DDK3,Caron_2018,original,original,GravIS,-0.380802187888448,31,0.380802187888448,0.380802187888448,1308
CSR,398,96,G500,Geruo_ICE5G_VM2,original,original,none,-0.380397079177929,31,0.380397079177929,0.380397079177929,1309
GFZ,209,60,DDK3,Caron_2018,replaced,replaced,GravIS,-0.380194524822669,31,0.380194524822669,0.380194524822669,1310
JPL,88,60,G500,Peltier_ICE6G_D,replaced,replaced,none,-0.379586861756889,31,0.379586861756889,0.379586861756889,1311
JPL,90,60,G500,Peltier_ICE6G_D,replaced,original,none,-0.379586861756889,31,0.379586861756889,0.379586861756889,1312
GFZ,84,60,G500,Caron_2018,original,replaced,none,-0.379586861756889,31,0.379586861756889,0.379586861756889,1313
GFZ,362,96,G400,Geruo_ICE5G_VM2,replaced,original,none,-0.379586861756889,31,0.379586861756889,0.379586861756889,1314
GFZ,406,96,G500,Caron_2018,original,original,none,-0.37897919869111,31,0.37897919869111,0.37897919869111,1315
GFZ,364,96,G400,Geruo_ICE5G_VM2,original,replaced,none,-0.37877664433585,31,0.37877664433585,0.37877664433585,1316
GFZ,416,96,Swenson_G300,none,replaced,replaced,none,-0.37877664433585,31,0.37877664433585,0.37877664433585,1317
GFZ,417,96,Swenson_G300,none,replaced,replaced,GravIS,-0.37877664433585,31,0.37877664433585,0.37877664433585,1318
GFZ,418,96,Swenson_G300,none,replaced,original,none,-0.37877664433585,31,0.37877664433585,0.37877664433585,1319
GFZ,419,96,Swenson_G300,none,replaced,original,GravIS,-0.37877664433585,31,0.37877664433585,0.37877664433585,1320
CSR,94,60,G500,Peltier_ICE6G_D,original,original,none,-0.37857408998059,31,0.37857408998059,0.37857408998059,1321
CSR,412,96,G500,Peltier_ICE6G_D,original,replaced,none,-0.37857408998059,31,0.37857408998059,0.37857408998059,1322
CSR,414,96,G500,Peltier_ICE6G_D,original,original,none,-0.37857408998059,31,0.37857408998059,0.37857408998059,1323
JPL,173,60,DDK2,Geruo_ICE5G_VM2,original,replaced,GravIS,-0.377966426914811,31,0.377966426914811,0.377966426914811,1324
JPL,175,60,DDK2,Geruo_ICE5G_VM2,original,original,GravIS,-0.377966426914811,31,0.377966426914811,0.377966426914811,1325
JPL,452,96,Swenson_G500,none,original,replaced,none,-0.377966426914811,31,0.377966426914811,0.377966426914811,1326
JPL,454,96,Swenson_G500,none,original,original,none,-0.377966426914811,31,0.377966426914811,0.377966426914811,1327
GFZ,82,60,G500,Caron_2018,replaced,original,none,-0.377966426914811,31,0.377966426914811,0.377966426914811,1328
JPL,489,96,DDK2,Geruo_ICE5G_VM2,replaced,replaced,GravIS,-0.377763872559551,31,0.377763872559551,0.377763872559551,1329
JPL,491,96,DDK2,Geruo_ICE5G_VM2,replaced,original,GravIS,-0.377763872559551,31,0.377763872559551,0.377763872559551,1330
JPL,493,96,DDK2,Geruo_ICE5G_VM2,original,replaced,GravIS,-0.377763872559551,31,0.377763872559551,0.377763872559551,1331
GFZ,392,96,G500,Geruo_ICE5G_VM2,replaced,replaced,none,-0.377763872559551,31,0.377763872559551,0.377763872559551,1332
JPL,92,60,G500,Peltier_ICE6G_D,original,replaced,none,-0.377561318204291,31,0.377561318204291,0.377561318204291,1333
JPL,94,60,G500,Peltier_ICE6G_D,original,original,none,-0.377561318204291,31,0.377561318204291,0.377561318204291,1334
JPL,215,60,DDK3,Caron_2018,original,original,GravIS,-0.377156209493771,31,0.377156209493771,0.377156209493771,1335
GFZ,97,60,Swenson_G300,none,replaced,replaced,GravIS,-0.376953655138512,31,0.376953655138512,0.376953655138512,1336
GFZ,99,60,Swenson_G300,none,replaced,original,GravIS,-0.376953655138512,31,0.376953655138512,0.376953655138512,1337
GFZ,404,96,G500,Caron_2018,original,replaced,none,-0.376953655138512,31,0.376953655138512,0.376953655138512,1338
JPL,378,96,G400,Peltier_ICE6G_D,replaced,original,none,-0.375333220296433,31,0.375333220296433,0.375333220296433,1339
GFZ,372,96,G400,Caron_2018,original,replaced,none,-0.375333220296433,31,0.375333220296433,0.375333220296433,1340
GFZ,374,96,G400,Caron_2018,original,original,none,-0.375333220296433,31,0.375333220296433,0.375333220296433,1341
JPL,209,60,DDK3,Caron_2018,replaced,replaced,GravIS,-0.374725557230654,31,0.374725557230654,0.374725557230654,1342
CSR,92,60,G500,Peltier_ICE6G_D,original,replaced,none,-0.374523002875394,31,0.374523002875394,0.374523002875394,1343
JPL,132,60,Swenson_G500,none,original,replaced,none,-0.374320448520134,31,0.374320448520134,0.374320448520134,1344
JPL,134,60,Swenson_G500,none,original,original,none,-0.374320448520134,31,0.374320448520134,0.374320448520134,1345
JPL,376,96,G400,Peltier_ICE6G_D,replaced,replaced,none,-0.374320448520134,31,0.374320448520134,0.374320448520134,1346
GFZ,52,60,G400,Caron_2018,original,replaced,none,-0.374117894164874,31,0.374117894164874,0.374117894164874,1347
GFZ,54,60,G400,Caron_2018,original,original,none,-0.374117894164874,31,0.374117894164874,0.374117894164874,1348
GFZ,40,60,G400,Geruo_ICE5G_VM2,replaced,replaced,none,-0.373510231099095,31,0.373510231099095,0.373510231099095,1349
GFZ,211,60,DDK3,Caron_2018,replaced,original,GravIS,-0.373510231099095,31,0.373510231099095,0.373510231099095,1350
GFZ,213,60,DDK3,Caron_2018,original,replaced,GravIS,-0.373105122388575,31,0.373105122388575,0.373105122388575,1351
GFZ,369,96,G400,Caron_2018,replaced,replaced,GravIS,-0.372294904967536,31,0.372294904967536,0.372294904967536,1352
GFZ,371,96,G400,Caron_2018,replaced,original,GravIS,-0.372294904967536,31,0.372294904967536,0.372294904967536,1353
CSR,489,96,DDK2,Geruo_ICE5G_VM2,replaced,replaced,GravIS,-0.371484687546497,31,0.371484687546497,0.371484687546497,1354
CSR,491,96,DDK2,Geruo_ICE5G_VM2,replaced,original,GravIS,-0.371484687546497,31,0.371484687546497,0.371484687546497,1355
CSR,493,96,DDK2,Geruo_ICE5G_VM2,original,replaced,GravIS,-0.371484687546497,31,0.371484687546497,0.371484687546497,1356
CSR,495,96,DDK2,Geruo_ICE5G_VM2,original,original,GravIS,-0.371484687546497,31,0.371484687546497,0.371484687546497,1357
CSR,200,60,DDK3,Geruo_ICE5G_VM2,replaced,replaced,none,-0.371282133191237,31,0.371282133191237,0.371282133191237,1358
CSR,202,60,DDK3,Geruo_ICE5G_VM2,replaced,original,none,-0.371282133191237,31,0.371282133191237,0.371282133191237,1359
CSR,336,96,G300,Caron_2018,replaced,replaced,none,-0.370877024480717,31,0.370877024480717,0.370877024480717,1360
CSR,338,96,G300,Caron_2018,replaced,original,none,-0.370877024480717,31,0.370877024480717,0.370877024480717,1361
CSR,454,96,Swenson_G500,none,original,original,none,-0.370269361414938,31,0.370269361414938,0.370269361414938,1362
JPL,52,60,G400,Caron_2018,original,replaced,none,-0.370269361414938,31,0.370269361414938,0.370269361414938,1363
JPL,540,96,DDK3,Peltier_ICE6G_D,original,replaced,none,-0.370269361414938,31,0.370269361414938,0.370269361414938,1364
JPL,542,96,DDK3,Peltier_ICE6G_D,original,original,none,-0.370269361414938,31,0.370269361414938,0.370269361414938,1365
CSR,132,60,Swenson_G500,none,original,replaced,none,-0.370066807059678,31,0.370066807059678,0.370066807059678,1366
CSR,97,60,Swenson_G300,none,replaced,replaced,GravIS,-0.369256589638639,31,0.369256589638639,0.369256589638639,1367
JPL,213,60,DDK3,Caron_2018,original,replaced,GravIS,-0.369054035283379,31,0.369054035283379,0.369054035283379,1368
CSR,134,60,Swenson_G500,none,original,original,none,-0.368648926572859,31,0.368648926572859,0.368648926572859,1369
JPL,412,96,G500,Peltier_ICE6G_D,original,replaced,none,-0.368648926572859,31,0.368648926572859,0.368648926572859,1370
JPL,414,96,G500,Peltier_ICE6G_D,original,original,none,-0.368648926572859,31,0.368648926572859,0.368648926572859,1371
CSR,173,60,DDK2,Geruo_ICE5G_VM2,original,replaced,GravIS,-0.368446372217599,31,0.368446372217599,0.368446372217599,1372
CSR,204,60,DDK3,Geruo_ICE5G_VM2,original,replaced,none,-0.368446372217599,31,0.368446372217599,0.368446372217599,1373
CSR,206,60,DDK3,Geruo_ICE5G_VM2,original,original,none,-0.368446372217599,31,0.368446372217599,0.368446372217599,1374
CSR,211,60,DDK3,Caron_2018,replaced,original,GravIS,-0.368446372217599,31,0.368446372217599,0.368446372217599,1375
CSR,452,96,Swenson_G500,none,original,replaced,none,-0.366623383020261,31,0.366623383020261,0.366623383020261,1376
CSR,88,60,G500,Peltier_ICE6G_D,replaced,replaced,none,-0.366015719954482,31,0.366015719954482,0.366015719954482,1377
CSR,90,60,G500,Peltier_ICE6G_D,replaced,original,none,-0.366015719954482,31,0.366015719954482,0.366015719954482,1378
JPL,20,60,G300,Caron_2018,original,replaced,none,-0.365610611243962,31,0.365610611243962,0.365610611243962,1379
JPL,54,60,G400,Caron_2018,original,original,none,-0.365610611243962,31,0.365610611243962,0.365610611243962,1380
CSR,220,60,DDK3,Peltier_ICE6G_D,original,replaced,none,-0.365205502533442,31,0.365205502533442,0.365205502533442,1381
CSR,222,60,DDK3,Peltier_ICE6G_D,original,original,none,-0.365205502533442,31,0.365205502533442,0.365205502533442,1382
CSR,408,96,G500,Peltier_ICE6G_D,replaced,replaced,none,-0.365205502533442,31,0.365205502533442,0.365205502533442,1383
CSR,410,96,G500,Peltier_ICE6G_D,replaced,original,none,-0.365205502533442,31,0.365205502533442,0.365205502533442,1384
GFZ,102,60,Swenson_G300,none,original,original,none,-0.365002948178183,31,0.365002948178183,0.365002948178183,1385
GFZ,103,60,Swenson_G300,none,original,original,GravIS,-0.364597839467663,31,0.364597839467663,0.364597839467663,1386
CSR,209,60,DDK3,Caron_2018,replaced,replaced,GravIS,-0.364395285112403,31,0.364395285112403,0.364395285112403,1387
JPL,169,60,DDK2,Geruo_ICE5G_VM2,replaced,replaced,GravIS,-0.364395285112403,31,0.364395285112403,0.364395285112403,1388
JPL,528,96,DDK3,Caron_2018,replaced,replaced,none,-0.364192730757143,31,0.364192730757143,0.364192730757143,1389
JPL,530,96,DDK3,Caron_2018,replaced,original,none,-0.364192730757143,31,0.364192730757143,0.364192730757143,1390
GFZ,101,60,Swenson_G300,none,original,replaced,GravIS,-0.364192730757143,31,0.364192730757143,0.364192730757143,1391
GFZ,421,96,Swenson_G300,none,original,replaced,GravIS,-0.363990176401884,31,0.363990176401884,0.363990176401884,1392
GFZ,423,96,Swenson_G300,none,original,original,GravIS,-0.363990176401884,31,0.363990176401884,0.363990176401884,1393
CSR,169,60,DDK2,Geruo_ICE5G_VM2,replaced,replaced,GravIS,-0.363585067691364,31,0.363585067691364,0.363585067691364,1394
CSR,171,60,DDK2,Geruo_ICE5G_VM2,replaced,original,GravIS,-0.363585067691364,31,0.363585067691364,0.363585067691364,1395
CSR,175,60,DDK2,Geruo_ICE5G_VM2,original,original,GravIS,-0.363179958980844,31,0.363179958980844,0.363179958980844,1396
GFZ,96,60,Swenson_G300,none,replaced,replaced,none,-0.362977404625585,31,0.362977404625585,0.362977404625585,1397
GFZ,98,60,Swenson_G300,none,replaced,original,none,-0.362977404625585,31,0.362977404625585,0.362977404625585,1398
CSR,99,60,Swenson_G300,none,replaced,original,GravIS,-0.362572295915065,31,0.362572295915065,0.362572295915065,1399
GFZ,139,60,Swenson_G500,Geruo_ICE5G_VM2,replaced,original,GravIS,-0.362572295915065,31,0.362572295915065,0.362572295915065,1400
JPL,420,96,Swenson_G300,none,original,replaced,none,-0.362167187204545,31,0.362167187204545,0.362167187204545,1401
JPL,422,96,Swenson_G300,none,original,original,none,-0.362167187204545,31,0.362167187204545,0.362167187204545,1402
GFZ,459,96,Swenson_G500,Geruo_ICE5G_VM2,replaced,original,GravIS,-0.361154415428246,31,0.361154415428246,0.361154415428246,1403
GFZ,133,60,Swenson_G500,none,original,replaced,GravIS,-0.360951861072986,31,0.360951861072986,0.360951861072986,1404
GFZ,135,60,Swenson_G500,none,original,original,GravIS,-0.360951861072986,31,0.360951861072986,0.360951861072986,1405
JPL,505,96,DDK2,Peltier_ICE6G_D,replaced,replaced,GravIS,-0.359939089296687,31,0.359939089296687,0.359939089296687,1406
JPL,507,96,DDK2,Peltier_ICE6G_D,replaced,original,GravIS,-0.359939089296687,31,0.359939089296687,0.359939089296687,1407
JPL,16,60,G300,Caron_2018,replaced,replaced,none,-0.359736534941428,31,0.359736534941428,0.359736534941428,1408
JPL,18,60,G300,Caron_2018,replaced,original,none,-0.359736534941428,31,0.359736534941428,0.359736534941428,1409
CSR,509,96,DDK2,Peltier_ICE6G_D,original,replaced,GravIS,-0.359533980586168,31,0.359533980586168,0.359533980586168,1410
CSR,511,96,DDK2,Peltier_ICE6G_D,original,original,GravIS,-0.359533980586168,31,0.359533980586168,0.359533980586168,1411
CSR,526,96,DDK3,Geruo_ICE5G_VM2,original,original,none,-0.359533980586168,31,0.359533980586168,0.359533980586168,1412
JPL,408,96,G500,Peltier_ICE6G_D,replaced,replaced,none,-0.359533980586168,31,0.359533980586168,0.359533980586168,1413
JPL,410,96,G500,Peltier_ICE6G_D,replaced,original,none,-0.359533980586168,31,0.359533980586168,0.359533980586168,1414
GFZ,134,60,Swenson_G500,none,original,original,none,-0.359331426230908,31,0.359331426230908,0.359331426230908,1415
GFZ,100,60,Swenson_G300,none,original,replaced,none,-0.358926317520388,31,0.358926317520388,0.358926317520388,1416
GFZ,454,96,Swenson_G500,none,original,original,none,-0.358926317520388,31,0.358926317520388,0.358926317520388,1417
CSR,102,60,Swenson_G300,none,original,original,none,-0.358723763165128,31,0.358723763165128,0.358723763165128,1418
JPL,48,60,G400,Caron_2018,replaced,replaced,none,-0.358521208809869,31,0.358521208809869,0.358521208809869,1419
JPL,50,60,G400,Caron_2018,replaced,original,none,-0.358521208809869,31,0.358521208809869,0.358521208809869,1420
JPL,536,96,DDK3,Peltier_ICE6G_D,replaced,replaced,none,-0.358116100099349,31,0.358116100099349,0.358116100099349,1421
JPL,538,96,DDK3,Peltier_ICE6G_D,replaced,original,none,-0.358116100099349,31,0.358116100099349,0.358116100099349,1422
CSR,218,60,DDK3,Peltier_ICE6G_D,replaced,original,none,-0.357913545744089,31,0.357913545744089,0.357913545744089,1423
CSR,540,96,DDK3,Peltier_ICE6G_D,original,replaced,none,-0.357710991388829,31,0.357710991388829,0.357710991388829,1424
CSR,542,96,DDK3,Peltier_ICE6G_D,original,original,none,-0.357710991388829,31,0.357710991388829,0.357710991388829,1425
GFZ,453,96,Swenson_G500,none,original,replaced,GravIS,-0.357710991388829,31,0.357710991388829,0.357710991388829,1426
GFZ,455,96,Swenson_G500,none,original,original,GravIS,-0.357710991388829,31,0.357710991388829,0.357710991388829,1427
CSR,520,96,DDK3,Geruo_ICE5G_VM2,replaced,replaced,none,-0.35750843703357,31,0.35750843703357,0.35750843703357,1428
JPL,220,60,DDK3,Peltier_ICE6G_D,original,replaced,none,-0.35750843703357,31,0.35750843703357,0.35750843703357,1429
JPL,222,60,DDK3,Peltier_ICE6G_D,original,original,none,-0.35750843703357,31,0.35750843703357,0.35750843703357,1430
CSR,189,60,DDK2,Peltier_ICE6G_D,original,replaced,GravIS,-0.356495665257271,31,0.356495665257271,0.356495665257271,1431
GFZ,132,60,Swenson_G500,none,original,replaced,none,-0.356495665257271,31,0.356495665257271,0.356495665257271,1432
CSR,216,60,DDK3,Peltier_ICE6G_D,replaced,replaced,none,-0.355888002191491,31,0.355888002191491,0.355888002191491,1433
CSR,417,96,Swenson_G300,none,replaced,replaced,GravIS,-0.354875230415192,31,0.354875230415192,0.354875230415192,1434
CSR,419,96,Swenson_G300,none,replaced,original,GravIS,-0.354875230415192,31,0.354875230415192,0.354875230415192,1435
CSR,524,96,DDK3,Geruo_ICE5G_VM2,original,replaced,none,-0.354672676059932,31,0.354672676059932,0.354672676059932,1436
CSR,191,60,DDK2,Peltier_ICE6G_D,original,original,GravIS,-0.354470121704672,31,0.354470121704672,0.354470121704672,1437
JPL,100,60,Swenson_G300,none,original,replaced,none,-0.353254795573114,31,0.353254795573114,0.353254795573114,1438
CSR,101,60,Swenson_G300,none,original,replaced,GravIS,-0.352849686862594,31,0.352849686862594,0.352849686862594,1439
CSR,103,60,Swenson_G300,none,original,original,GravIS,-0.352849686862594,31,0.352849686862594,0.352849686862594,1440
CSR,100,60,Swenson_G300,none,original,replaced,none,-0.352647132507334,31,0.352647132507334,0.352647132507334,1441
CSR,522,96,DDK3,Geruo_ICE5G_VM2,replaced,original,none,-0.351836915086295,31,0.351836915086295,0.351836915086295,1442
GFZ,457,96,Swenson_G500,Geruo_ICE5G_VM2,replaced,replaced,GravIS,-0.351836915086295,31,0.351836915086295,0.351836915086295,1443
CSR,213,60,DDK3,Caron_2018,original,replaced,GravIS,-0.351431806375775,31,0.351431806375775,0.351431806375775,1444
JPL,189,60,DDK2,Peltier_ICE6G_D,original,replaced,GravIS,-0.351431806375775,31,0.351431806375775,0.351431806375775,1445
JPL,191,60,DDK2,Peltier_ICE6G_D,original,original,GravIS,-0.351431806375775,31,0.351431806375775,0.351431806375775,1446
CSR,96,60,Swenson_G300,none,replaced,replaced,none,-0.350824143309996,31,0.350824143309996,0.350824143309996,1447
CSR,98,60,Swenson_G300,none,replaced,original,none,-0.350824143309996,31,0.350824143309996,0.350824143309996,1448
JPL,185,60,DDK2,Peltier_ICE6G_D,replaced,replaced,GravIS,-0.350419034599476,31,0.350419034599476,0.350419034599476,1449
JPL,187,60,DDK2,Peltier_ICE6G_D,replaced,original,GravIS,-0.350419034599476,31,0.350419034599476,0.350419034599476,1450
JPL,416,96,Swenson_G300,none,replaced,replaced,none,-0.350013925888957,31,0.350013925888957,0.350013925888957,1451
JPL,418,96,Swenson_G300,none,replaced,original,none,-0.350013925888957,31,0.350013925888957,0.350013925888957,1452
JPL,368,96,G400,Caron_2018,replaced,replaced,none,-0.349001154112657,31,0.349001154112657,0.349001154112657,1453
JPL,370,96,G400,Caron_2018,replaced,original,none,-0.349001154112657,31,0.349001154112657,0.349001154112657,1454
CSR,185,60,DDK2,Peltier_ICE6G_D,replaced,replaced,GravIS,-0.348596045402138,31,0.348596045402138,0.348596045402138,1455
CSR,187,60,DDK2,Peltier_ICE6G_D,replaced,original,GravIS,-0.348596045402138,31,0.348596045402138,0.348596045402138,1456
JPL,509,96,DDK2,Peltier_ICE6G_D,original,replaced,GravIS,-0.348596045402138,31,0.348596045402138,0.348596045402138,1457
JPL,511,96,DDK2,Peltier_ICE6G_D,original,original,GravIS,-0.348596045402138,31,0.348596045402138,0.348596045402138,1458
GFZ,49,60,G400,Caron_2018,replaced,replaced,GravIS,-0.348596045402138,31,0.348596045402138,0.348596045402138,1459
GFZ,51,60,G400,Caron_2018,replaced,original,GravIS,-0.348596045402138,31,0.348596045402138,0.348596045402138,1460
CSR,505,96,DDK2,Peltier_ICE6G_D,replaced,replaced,GravIS,-0.347988382336358,31,0.347988382336358,0.347988382336358,1461
CSR,507,96,DDK2,Peltier_ICE6G_D,replaced,original,GravIS,-0.347988382336358,31,0.347988382336358,0.347988382336358,1462
CSR,533,96,DDK3,Caron_2018,original,replaced,GravIS,-0.347988382336358,31,0.347988382336358,0.347988382336358,1463
JPL,102,60,Swenson_G300,none,original,original,none,-0.347583273625839,31,0.347583273625839,0.347583273625839,1464
GFZ,420,96,Swenson_G300,none,original,replaced,none,-0.347583273625839,31,0.347583273625839,0.347583273625839,1465
GFZ,422,96,Swenson_G300,none,original,original,none,-0.347583273625839,31,0.347583273625839,0.347583273625839,1466
CSR,215,60,DDK3,Caron_2018,original,original,GravIS,-0.347380719270579,31,0.347380719270579,0.347380719270579,1467
GFZ,137,60,Swenson_G500,Geruo_ICE5G_VM2,replaced,replaced,GravIS,-0.347380719270579,31,0.347380719270579,0.347380719270579,1468
GFZ,452,96,Swenson_G500,none,original,replaced,none,-0.347178164915319,31,0.347178164915319,0.347178164915319,1469
CSR,536,96,DDK3,Peltier_ICE6G_D,replaced,replaced,none,-0.3467730562048,31,0.3467730562048,0.3467730562048,1470
CSR,538,96,DDK3,Peltier_ICE6G_D,replaced,original,none,-0.3467730562048,31,0.3467730562048,0.3467730562048,1471
JPL,216,60,DDK3,Peltier_ICE6G_D,replaced,replaced,none,-0.34657050184954,31,0.34657050184954,0.34657050184954,1472
JPL,218,60,DDK3,Peltier_ICE6G_D,replaced,original,none,-0.34657050184954,31,0.34657050184954,0.34657050184954,1473
CSR,421,96,Swenson_G300,none,original,replaced,GravIS,-0.34636794749428,31,0.34636794749428,0.34636794749428,1474
CSR,423,96,Swenson_G300,none,original,original,GravIS,-0.34636794749428,31,0.34636794749428,0.34636794749428,1475
GFZ,506,96,DDK2,Peltier_ICE6G_D,replaced,original,none,-0.34636794749428,31,0.34636794749428,0.34636794749428,1476
JPL,372,96,G400,Caron_2018,original,replaced,none,-0.34616539313902,31,0.34616539313902,0.34616539313902,1477
JPL,374,96,G400,Caron_2018,original,original,none,-0.34616539313902,31,0.34616539313902,0.34616539313902,1478
GFZ,503,96,DDK2,Caron_2018,original,original,GravIS,-0.345355175717981,31,0.345355175717981,0.345355175717981,1479
GFZ,490,96,DDK2,Geruo_ICE5G_VM2,replaced,original,none,-0.344747512652201,31,0.344747512652201,0.344747512652201,1480
CSR,529,96,DDK3,Caron_2018,replaced,replaced,GravIS,-0.343734740875902,31,0.343734740875902,0.343734740875902,1481
CSR,531,96,DDK3,Caron_2018,replaced,original,GravIS,-0.343734740875902,31,0.343734740875902,0.343734740875902,1482
JPL,504,96,DDK2,Peltier_ICE6G_D,replaced,replaced,none,-0.343532186520643,31,0.343532186520643,0.343532186520643,1483
JPL,98,60,Swenson_G300,none,replaced,original,none,-0.343329632165383,31,0.343329632165383,0.343329632165383,1484
CSR,54,60,G400,Caron_2018,original,original,none,-0.342924523454863,31,0.342924523454863,0.342924523454863,1485
GFZ,210,60,DDK3,Caron_2018,replaced,original,none,-0.342924523454863,31,0.342924523454863,0.342924523454863,1486
CSR,420,96,Swenson_G300,none,original,replaced,none,-0.342519414744343,31,0.342519414744343,0.342519414744343,1487
CSR,422,96,Swenson_G300,none,original,original,none,-0.342519414744343,31,0.342519414744343,0.342519414744343,1488
JPL,508,96,DDK2,Peltier_ICE6G_D,original,replaced,none,-0.341911751678564,31,0.341911751678564,0.341911751678564,1489
JPL,510,96,DDK2,Peltier_ICE6G_D,original,original,none,-0.341911751678564,31,0.341911751678564,0.341911751678564,1490
CSR,208,60,DDK3,Caron_2018,replaced,replaced,none,-0.340898979902265,31,0.340898979902265,0.340898979902265,1491
CSR,210,60,DDK3,Caron_2018,replaced,original,none,-0.340898979902265,31,0.340898979902265,0.340898979902265,1492
GFZ,461,96,Swenson_G500,Geruo_ICE5G_VM2,original,replaced,GravIS,-0.340696425547005,31,0.340696425547005,0.340696425547005,1493
GFZ,463,96,Swenson_G500,Geruo_ICE5G_VM2,original,original,GravIS,-0.340696425547005,31,0.340696425547005,0.340696425547005,1494
GFZ,405,96,G500,Caron_2018,original,replaced,GravIS,-0.340493871191745,31,0.340493871191745,0.340493871191745,1495
GFZ,407,96,G500,Caron_2018,original,original,GravIS,-0.340493871191745,31,0.340493871191745,0.340493871191745,1496
JPL,506,96,DDK2,Peltier_ICE6G_D,replaced,original,none,-0.340291316836486,31,0.340291316836486,0.340291316836486,1497
GFZ,488,96,DDK2,Geruo_ICE5G_VM2,replaced,replaced,none,-0.340291316836486,31,0.340291316836486,0.340291316836486,1498
JPL,184,60,DDK2,Peltier_ICE6G_D,replaced,replaced,none,-0.339886208125966,31,0.339886208125966,0.339886208125966,1499
JPL,186,60,DDK2,Peltier_ICE6G_D,replaced,original,none,-0.339886208125966,31,0.339886208125966,0.339886208125966,1500
JPL,96,60,Swenson_G300,none,replaced,replaced,none,-0.339683653770706,31,0.339683653770706,0.339683653770706,1501
GFZ,501,96,DDK2,Caron_2018,original,replaced,GravIS,-0.338468327639147,31,0.338468327639147,0.338468327639147,1502
CSR,535,96,DDK3,Caron_2018,original,original,GravIS,-0.338265773283887,31,0.338265773283887,0.338265773283887,1503
CSR,374,96,G400,Caron_2018,original,original,none,-0.338063218928628,31,0.338063218928628,0.338063218928628,1504
GFZ,87,60,G500,Caron_2018,original,original,GravIS,-0.337860664573368,31,0.337860664573368,0.337860664573368,1505
JPL,212,60,DDK3,Caron_2018,original,replaced,none,-0.337455555862848,31,0.337455555862848,0.337455555862848,1506
JPL,214,60,DDK3,Caron_2018,original,original,none,-0.337455555862848,31,0.337455555862848,0.337455555862848,1507
GFZ,190,60,DDK2,Peltier_ICE6G_D,original,original,none,-0.337455555862848,31,0.337455555862848,0.337455555862848,1508
GFZ,183,60,DDK2,Caron_2018,original,original,GravIS,-0.337050447152329,31,0.337050447152329,0.337050447152329,1509
GFZ,504,96,DDK2,Peltier_ICE6G_D,replaced,replaced,none,-0.337050447152329,31,0.337050447152329,0.337050447152329,1510
GFZ,534,96,DDK3,Caron_2018,original,original,none,-0.336847892797069,31,0.336847892797069,0.336847892797069,1511
GFZ,508,96,DDK2,Peltier_ICE6G_D,original,replaced,none,-0.336240229731289,31,0.336240229731289,0.336240229731289,1512
GFZ,510,96,DDK2,Peltier_ICE6G_D,original,original,none,-0.336240229731289,31,0.336240229731289,0.336240229731289,1513
GFZ,214,60,DDK3,Caron_2018,original,original,none,-0.336037675376029,31,0.336037675376029,0.336037675376029,1514
JPL,532,96,DDK3,Caron_2018,original,replaced,none,-0.33583512102077,31,0.33583512102077,0.33583512102077,1515
JPL,534,96,DDK3,Caron_2018,original,original,none,-0.33583512102077,31,0.33583512102077,0.33583512102077,1516
GFZ,85,60,G500,Caron_2018,original,replaced,GravIS,-0.33583512102077,31,0.33583512102077,0.33583512102077,1517
GFZ,186,60,DDK2,Peltier_ICE6G_D,replaced,original,none,-0.33583512102077,31,0.33583512102077,0.33583512102077,1518
CSR,528,96,DDK3,Caron_2018,replaced,replaced,none,-0.33502490359973,31,0.33502490359973,0.33502490359973,1519
CSR,530,96,DDK3,Caron_2018,replaced,original,none,-0.33502490359973,31,0.33502490359973,0.33502490359973,1520
GFZ,55,60,G400,Caron_2018,original,original,GravIS,-0.334619794889211,31,0.334619794889211,0.334619794889211,1521
GFZ,530,96,DDK3,Caron_2018,replaced,original,none,-0.334417240533951,31,0.334417240533951,0.334417240533951,1522
CSR,372,96,G400,Caron_2018,original,replaced,none,-0.333607023112912,31,0.333607023112912,0.333607023112912,1523
GFZ,528,96,DDK3,Caron_2018,replaced,replaced,none,-0.333404468757652,31,0.333404468757652,0.333404468757652,1524
GFZ,375,96,G400,Caron_2018,original,original,GravIS,-0.332796805691872,31,0.332796805691872,0.332796805691872,1525
CSR,52,60,G400,Caron_2018,original,replaced,none,-0.332391696981353,31,0.332391696981353,0.332391696981353,1526
GFZ,188,60,DDK2,Peltier_ICE6G_D,original,replaced,none,-0.331378925205054,31,0.331378925205054,0.331378925205054,1527
CSR,212,60,DDK3,Caron_2018,original,replaced,none,-0.330973816494534,31,0.330973816494534,0.330973816494534,1528
CSR,214,60,DDK3,Caron_2018,original,original,none,-0.330973816494534,31,0.330973816494534,0.330973816494534,1529
GFZ,121,60,Swenson_G300,Peltier_ICE6G_D,replaced,replaced,GravIS,-0.330771262139274,31,0.330771262139274,0.330771262139274,1530
GFZ,123,60,Swenson_G300,Peltier_ICE6G_D,replaced,original,GravIS,-0.330771262139274,31,0.330771262139274,0.330771262139274,1531
JPL,190,60,DDK2,Peltier_ICE6G_D,original,original,none,-0.330568707784015,31,0.330568707784015,0.330568707784015,1532
GFZ,141,60,Swenson_G500,Geruo_ICE5G_VM2,original,replaced,GravIS,-0.330568707784015,31,0.330568707784015,0.330568707784015,1533
GFZ,143,60,Swenson_G500,Geruo_ICE5G_VM2,original,original,GravIS,-0.330568707784015,31,0.330568707784015,0.330568707784015,1534
GFZ,168,60,DDK2,Geruo_ICE5G_VM2,replaced,replaced,none,-0.330568707784015,31,0.330568707784015,0.330568707784015,1535
GFZ,170,60,DDK2,Geruo_ICE5G_VM2,replaced,original,none,-0.330568707784015,31,0.330568707784015,0.330568707784015,1536
GFZ,181,60,DDK2,Caron_2018,original,replaced,GravIS,-0.330163599073495,31,0.330163599073495,0.330163599073495,1537
CSR,184,60,DDK2,Peltier_ICE6G_D,replaced,replaced,none,-0.329555936007715,31,0.329555936007715,0.329555936007715,1538
CSR,186,60,DDK2,Peltier_ICE6G_D,replaced,original,none,-0.329555936007715,31,0.329555936007715,0.329555936007715,1539
CSR,504,96,DDK2,Peltier_ICE6G_D,replaced,replaced,none,-0.329555936007715,31,0.329555936007715,0.329555936007715,1540
CSR,506,96,DDK2,Peltier_ICE6G_D,replaced,original,none,-0.329555936007715,31,0.329555936007715,0.329555936007715,1541
JPL,208,60,DDK3,Caron_2018,replaced,replaced,none,-0.329555936007715,31,0.329555936007715,0.329555936007715,1542
JPL,210,60,DDK3,Caron_2018,replaced,original,none,-0.329555936007715,31,0.329555936007715,0.329555936007715,1543
GFZ,212,60,DDK3,Caron_2018,original,replaced,none,-0.329555936007715,31,0.329555936007715,0.329555936007715,1544
JPL,188,60,DDK2,Peltier_ICE6G_D,original,replaced,none,-0.328948272941936,31,0.328948272941936,0.328948272941936,1545
GFZ,373,96,G400,Caron_2018,original,replaced,GravIS,-0.328745718586676,31,0.328745718586676,0.328745718586676,1546
JPL,404,96,G500,Caron_2018,original,replaced,none,-0.328543164231416,31,0.328543164231416,0.328543164231416,1547
CSR,418,96,Swenson_G300,none,replaced,original,none,-0.328340609876157,31,0.328340609876157,0.328340609876157,1548
GFZ,53,60,G400,Caron_2018,original,replaced,GravIS,-0.327732946810377,31,0.327732946810377,0.327732946810377,1549
GFZ,184,60,DDK2,Peltier_ICE6G_D,replaced,replaced,none,-0.327732946810377,31,0.327732946810377,0.327732946810377,1550
GFZ,532,96,DDK3,Caron_2018,original,replaced,none,-0.327125283744598,31,0.327125283744598,0.327125283744598,1551
GFZ,479,96,Swenson_G500,Peltier_ICE6G_D,original,original,GravIS,-0.326720175034078,31,0.326720175034078,0.326720175034078,1552
CSR,416,96,Swenson_G300,none,replaced,replaced,none,-0.325504848902519,31,0.325504848902519,0.325504848902519,1553
GFZ,208,60,DDK3,Caron_2018,replaced,replaced,none,-0.325504848902519,31,0.325504848902519,0.325504848902519,1554
GFZ,477,96,Swenson_G500,Peltier_ICE6G_D,original,replaced,GravIS,-0.325302294547259,31,0.325302294547259,0.325302294547259,1555
GFZ,443,96,Swenson_G300,Peltier_ICE6G_D,replaced,original,GravIS,-0.325099740192,31,0.325099740192,0.325099740192,1556
JPL,84,60,G500,Caron_2018,original,replaced,none,-0.323884414060441,31,0.323884414060441,0.323884414060441,1557
JPL,86,60,G500,Caron_2018,original,original,none,-0.323884414060441,31,0.323884414060441,0.323884414060441,1558
JPL,400,96,G500,Caron_2018,replaced,replaced,none,-0.323884414060441,31,0.323884414060441,0.323884414060441,1559
JPL,402,96,G500,Caron_2018,replaced,original,none,-0.323884414060441,31,0.323884414060441,0.323884414060441,1560
JPL,406,96,G500,Caron_2018,original,original,none,-0.323884414060441,31,0.323884414060441,0.323884414060441,1561
CSR,368,96,G400,Caron_2018,replaced,replaced,none,-0.322466533573622,31,0.322466533573622,0.322466533573622,1562
CSR,370,96,G400,Caron_2018,replaced,original,none,-0.322466533573622,31,0.322466533573622,0.322466533573622,1563
GFZ,441,96,Swenson_G300,Peltier_ICE6G_D,replaced,replaced,GravIS,-0.321858870507843,31,0.321858870507843,0.321858870507843,1564
GFZ,172,60,DDK2,Geruo_ICE5G_VM2,original,replaced,none,-0.320440990021024,31,0.320440990021024,0.320440990021024,1565
GFZ,174,60,DDK2,Geruo_ICE5G_VM2,original,original,none,-0.320440990021024,31,0.320440990021024,0.320440990021024,1566
GFZ,497,96,DDK2,Caron_2018,replaced,replaced,GravIS,-0.320035881310504,31,0.320035881310504,0.320035881310504,1567
GFZ,494,96,DDK2,Geruo_ICE5G_VM2,original,original,none,-0.319225663889465,31,0.319225663889465,0.319225663889465,1568
GFZ,473,96,Swenson_G500,Peltier_ICE6G_D,replaced,replaced,GravIS,-0.318820555178945,31,0.318820555178945,0.318820555178945,1569
GFZ,475,96,Swenson_G500,Peltier_ICE6G_D,replaced,original,GravIS,-0.318820555178945,31,0.318820555178945,0.318820555178945,1570
GFZ,499,96,DDK2,Caron_2018,replaced,original,GravIS,-0.318415446468426,31,0.318415446468426,0.318415446468426,1571
CSR,48,60,G400,Caron_2018,replaced,replaced,none,-0.318010337757906,31,0.318010337757906,0.318010337757906,1572
CSR,50,60,G400,Caron_2018,replaced,original,none,-0.318010337757906,31,0.318010337757906,0.318010337757906,1573
GFZ,127,60,Swenson_G300,Peltier_ICE6G_D,original,original,GravIS,-0.317807783402646,31,0.317807783402646,0.317807783402646,1574
JPL,80,60,G500,Caron_2018,replaced,replaced,none,-0.317200120336867,31,0.317200120336867,0.317200120336867,1575
JPL,82,60,G500,Caron_2018,replaced,original,none,-0.317200120336867,31,0.317200120336867,0.317200120336867,1576
GFZ,492,96,DDK2,Geruo_ICE5G_VM2,original,replaced,none,-0.316795011626347,31,0.316795011626347,0.316795011626347,1577
CSR,532,96,DDK3,Caron_2018,original,replaced,none,-0.315782239850048,31,0.315782239850048,0.315782239850048,1578
CSR,534,96,DDK3,Caron_2018,original,original,none,-0.315782239850048,31,0.315782239850048,0.315782239850048,1579
CSR,404,96,G500,Caron_2018,original,replaced,none,-0.315579685494788,31,0.315579685494788,0.315579685494788,1580
CSR,406,96,G500,Caron_2018,original,original,none,-0.315579685494788,31,0.315579685494788,0.315579685494788,1581
GFZ,153,60,Swenson_G500,Peltier_ICE6G_D,replaced,replaced,GravIS,-0.314769468073749,31,0.314769468073749,0.314769468073749,1582
GFZ,155,60,Swenson_G500,Peltier_ICE6G_D,replaced,original,GravIS,-0.314769468073749,31,0.314769468073749,0.314769468073749,1583
GFZ,447,96,Swenson_G300,Peltier_ICE6G_D,original,original,GravIS,-0.31355414194219,31,0.31355414194219,0.31355414194219,1584
GFZ,179,60,DDK2,Caron_2018,replaced,original,GravIS,-0.312743924521151,31,0.312743924521151,0.312743924521151,1585
JPL,492,96,DDK2,Geruo_ICE5G_VM2,original,replaced,none,-0.310515826613293,31,0.310515826613293,0.310515826613293,1586
JPL,494,96,DDK2,Geruo_ICE5G_VM2,original,original,none,-0.310515826613293,31,0.310515826613293,0.310515826613293,1587
GFZ,177,60,DDK2,Caron_2018,replaced,replaced,GravIS,-0.309503054836994,31,0.309503054836994,0.309503054836994,1588
CSR,490,96,DDK2,Geruo_ICE5G_VM2,replaced,original,none,-0.307882619994915,31,0.307882619994915,0.307882619994915,1589
GFZ,159,60,Swenson_G500,Peltier_ICE6G_D,original,original,GravIS,-0.307477511284396,31,0.307477511284396,0.307477511284396,1590
GFZ,445,96,Swenson_G300,Peltier_ICE6G_D,original,replaced,GravIS,-0.307072402573876,31,0.307072402573876,0.307072402573876,1591
CSR,86,60,G500,Caron_2018,original,original,none,-0.306667293863357,31,0.306667293863357,0.306667293863357,1592
JPL,170,60,DDK2,Geruo_ICE5G_VM2,replaced,original,none,-0.306059630797577,31,0.306059630797577,0.306059630797577,1593
JPL,174,60,DDK2,Geruo_ICE5G_VM2,original,original,none,-0.305249413376538,31,0.305249413376538,0.305249413376538,1594
CSR,402,96,G500,Caron_2018,replaced,original,none,-0.305046859021278,31,0.305046859021278,0.305046859021278,1595
GFZ,125,60,Swenson_G300,Peltier_ICE6G_D,original,replaced,GravIS,-0.304439195955499,31,0.304439195955499,0.304439195955499,1596
JPL,490,96,DDK2,Geruo_ICE5G_VM2,replaced,original,none,-0.304236641600239,31,0.304236641600239,0.304236641600239,1597
GFZ,427,96,Swenson_G300,Geruo_ICE5G_VM2,replaced,original,GravIS,-0.301805989337121,31,0.301805989337121,0.301805989337121,1598
GFZ,157,60,Swenson_G500,Peltier_ICE6G_D,original,replaced,GravIS,-0.301198326271342,31,0.301198326271342,0.301198326271342,1599
GFZ,425,96,Swenson_G300,Geruo_ICE5G_VM2,replaced,replaced,GravIS,-0.300793217560822,31,0.300793217560822,0.300793217560822,1600
JPL,501,96,DDK2,Caron_2018,original,replaced,GravIS,-0.300590663205562,31,0.300590663205562,0.300590663205562,1601
JPL,488,96,DDK2,Geruo_ICE5G_VM2,replaced,replaced,none,-0.300185554495043,31,0.300185554495043,0.300185554495043,1602
JPL,177,60,DDK2,Caron_2018,replaced,replaced,GravIS,-0.299375337074003,31,0.299375337074003,0.299375337074003,1603
CSR,492,96,DDK2,Geruo_ICE5G_VM2,original,replaced,none,-0.298970228363484,31,0.298970228363484,0.298970228363484,1604
CSR,84,60,G500,Caron_2018,original,replaced,none,-0.298565119652964,31,0.298565119652964,0.298565119652964,1605
CSR,170,60,DDK2,Geruo_ICE5G_VM2,replaced,original,none,-0.298565119652964,31,0.298565119652964,0.298565119652964,1606
CSR,488,96,DDK2,Geruo_ICE5G_VM2,replaced,replaced,none,-0.298565119652964,31,0.298565119652964,0.298565119652964,1607
JPL,179,60,DDK2,Caron_2018,replaced,original,GravIS,-0.298565119652964,31,0.298565119652964,0.298565119652964,1608
CSR,172,60,DDK2,Geruo_ICE5G_VM2,original,replaced,none,-0.297552347876665,31,0.297552347876665,0.297552347876665,1609
CSR,174,60,DDK2,Geruo_ICE5G_VM2,original,original,none,-0.297552347876665,31,0.297552347876665,0.297552347876665,1610
CSR,494,96,DDK2,Geruo_ICE5G_VM2,original,original,none,-0.296944684810886,31,0.296944684810886,0.296944684810886,1611
CSR,188,60,DDK2,Peltier_ICE6G_D,original,replaced,none,-0.296337021745106,31,0.296337021745106,0.296337021745106,1612
CSR,190,60,DDK2,Peltier_ICE6G_D,original,original,none,-0.296337021745106,31,0.296337021745106,0.296337021745106,1613
JPL,172,60,DDK2,Geruo_ICE5G_VM2,original,replaced,none,-0.295931913034587,31,0.295931913034587,0.295931913034587,1614
JPL,497,96,DDK2,Caron_2018,replaced,replaced,GravIS,-0.294919141258287,31,0.294919141258287,0.294919141258287,1615
JPL,499,96,DDK2,Caron_2018,replaced,original,GravIS,-0.294919141258287,31,0.294919141258287,0.294919141258287,1616
CSR,168,60,DDK2,Geruo_ICE5G_VM2,replaced,replaced,none,-0.293703815126729,31,0.293703815126729,0.293703815126729,1617
CSR,508,96,DDK2,Peltier_ICE6G_D,original,replaced,none,-0.293703815126729,31,0.293703815126729,0.293703815126729,1618
CSR,510,96,DDK2,Peltier_ICE6G_D,original,original,none,-0.293703815126729,31,0.293703815126729,0.293703815126729,1619
CSR,463,96,Swenson_G500,Geruo_ICE5G_VM2,original,original,GravIS,-0.293096152060949,31,0.293096152060949,0.293096152060949,1620
CSR,400,96,G500,Caron_2018,replaced,replaced,none,-0.292893597705689,31,0.292893597705689,0.292893597705689,1621
JPL,168,60,DDK2,Geruo_ICE5G_VM2,replaced,replaced,none,-0.29269104335043,31,0.29269104335043,0.29269104335043,1622
CSR,177,60,DDK2,Caron_2018,replaced,replaced,GravIS,-0.29188082592939,31,0.29188082592939,0.29188082592939,1623
JPL,503,96,DDK2,Caron_2018,original,original,GravIS,-0.29167827157413,31,0.29167827157413,0.29167827157413,1624
CSR,80,60,G500,Caron_2018,replaced,replaced,none,-0.291273162863611,31,0.291273162863611,0.291273162863611,1625
CSR,82,60,G500,Caron_2018,replaced,original,none,-0.291273162863611,31,0.291273162863611,0.291273162863611,1626
JPL,473,96,Swenson_G500,Peltier_ICE6G_D,replaced,replaced,GravIS,-0.291273162863611,31,0.291273162863611,0.291273162863611,1627
JPL,443,96,Swenson_G300,Peltier_ICE6G_D,replaced,original,GravIS,-0.290462945442572,31,0.290462945442572,0.290462945442572,1628
GFZ,105,60,Swenson_G300,Geruo_ICE5G_VM2,replaced,replaced,GravIS,-0.289450173666273,31,0.289450173666273,0.289450173666273,1629
CSR,139,60,Swenson_G500,Geruo_ICE5G_VM2,replaced,original,GravIS,-0.289247619311013,31,0.289247619311013,0.289247619311013,1630
CSR,459,96,Swenson_G500,Geruo_ICE5G_VM2,replaced,original,GravIS,-0.289247619311013,31,0.289247619311013,0.289247619311013,1631
CSR,479,96,Swenson_G500,Peltier_ICE6G_D,original,original,GravIS,-0.288234847534714,31,0.288234847534714,0.288234847534714,1632
JPL,441,96,Swenson_G300,Peltier_ICE6G_D,replaced,replaced,GravIS,-0.288234847534714,31,0.288234847534714,0.288234847534714,1633
CSR,179,60,DDK2,Caron_2018,replaced,original,GravIS,-0.287829738824194,31,0.287829738824194,0.287829738824194,1634
JPL,461,96,Swenson_G500,Geruo_ICE5G_VM2,original,replaced,GravIS,-0.286816967047895,31,0.286816967047895,0.286816967047895,1635
JPL,463,96,Swenson_G500,Geruo_ICE5G_VM2,original,original,GravIS,-0.286816967047895,31,0.286816967047895,0.286816967047895,1636
CSR,141,60,Swenson_G500,Geruo_ICE5G_VM2,original,replaced,GravIS,-0.286209303982115,31,0.286209303982115,0.286209303982115,1637
CSR,143,60,Swenson_G500,Geruo_ICE5G_VM2,original,original,GravIS,-0.286209303982115,31,0.286209303982115,0.286209303982115,1638
CSR,497,96,DDK2,Caron_2018,replaced,replaced,GravIS,-0.285601640916336,31,0.285601640916336,0.285601640916336,1639
JPL,477,96,Swenson_G500,Peltier_ICE6G_D,original,replaced,GravIS,-0.285601640916336,31,0.285601640916336,0.285601640916336,1640
JPL,479,96,Swenson_G500,Peltier_ICE6G_D,original,original,GravIS,-0.285601640916336,31,0.285601640916336,0.285601640916336,1641
JPL,457,96,Swenson_G500,Geruo_ICE5G_VM2,replaced,replaced,GravIS,-0.285399086561076,31,0.285399086561076,0.285399086561076,1642
JPL,459,96,Swenson_G500,Geruo_ICE5G_VM2,replaced,original,GravIS,-0.285399086561076,31,0.285399086561076,0.285399086561076,1643
GFZ,107,60,Swenson_G300,Geruo_ICE5G_VM2,replaced,original,GravIS,-0.285399086561076,31,0.285399086561076,0.285399086561076,1644
CSR,499,96,DDK2,Caron_2018,replaced,original,GravIS,-0.285196532205816,31,0.285196532205816,0.285196532205816,1645
CSR,181,60,DDK2,Caron_2018,original,replaced,GravIS,-0.282765879942699,31,0.282765879942699,0.282765879942699,1646
CSR,183,60,DDK2,Caron_2018,original,original,GravIS,-0.282765879942699,31,0.282765879942699,0.282765879942699,1647
CSR,137,60,Swenson_G500,Geruo_ICE5G_VM2,replaced,replaced,GravIS,-0.28155055381114,31,0.28155055381114,0.28155055381114,1648
CSR,457,96,Swenson_G500,Geruo_ICE5G_VM2,replaced,replaced,GravIS,-0.28155055381114,31,0.28155055381114,0.28155055381114,1649
JPL,139,60,Swenson_G500,Geruo_ICE5G_VM2,replaced,original,GravIS,-0.28155055381114,31,0.28155055381114,0.28155055381114,1650
JPL,141,60,Swenson_G500,Geruo_ICE5G_VM2,original,replaced,GravIS,-0.28155055381114,31,0.28155055381114,0.28155055381114,1651
JPL,143,60,Swenson_G500,Geruo_ICE5G_VM2,original,original,GravIS,-0.28155055381114,31,0.28155055381114,0.28155055381114,1652
CSR,500,96,DDK2,Caron_2018,original,replaced,none,-0.28114544510062,31,0.28114544510062,0.28114544510062,1653
CSR,502,96,DDK2,Caron_2018,original,original,none,-0.28114544510062,31,0.28114544510062,0.28114544510062,1654
JPL,137,60,Swenson_G500,Geruo_ICE5G_VM2,replaced,replaced,GravIS,-0.28094289074536,31,0.28094289074536,0.28094289074536,1655
JPL,181,60,DDK2,Caron_2018,original,replaced,GravIS,-0.28094289074536,31,0.28094289074536,0.28094289074536,1656
JPL,183,60,DDK2,Caron_2018,original,original,GravIS,-0.28094289074536,31,0.28094289074536,0.28094289074536,1657
CSR,461,96,Swenson_G500,Geruo_ICE5G_VM2,original,replaced,GravIS,-0.280537782034841,31,0.280537782034841,0.280537782034841,1658
CSR,176,60,DDK2,Caron_2018,replaced,replaced,none,-0.280335227679581,31,0.280335227679581,0.280335227679581,1659
CSR,178,60,DDK2,Caron_2018,replaced,original,none,-0.280335227679581,31,0.280335227679581,0.280335227679581,1660
JPL,475,96,Swenson_G500,Peltier_ICE6G_D,replaced,original,GravIS,-0.278309684126983,31,0.278309684126983,0.278309684126983,1661
CSR,501,96,DDK2,Caron_2018,original,replaced,GravIS,-0.278107129771723,31,0.278107129771723,0.278107129771723,1662
CSR,503,96,DDK2,Caron_2018,original,original,GravIS,-0.278107129771723,31,0.278107129771723,0.278107129771723,1663
GFZ,496,96,DDK2,Caron_2018,replaced,replaced,none,-0.277702021061203,31,0.277702021061203,0.277702021061203,1664
GFZ,498,96,DDK2,Caron_2018,replaced,original,none,-0.277702021061203,31,0.277702021061203,0.277702021061203,1665
CSR,180,60,DDK2,Caron_2018,original,replaced,none,-0.276891803640164,31,0.276891803640164,0.276891803640164,1666
CSR,182,60,DDK2,Caron_2018,original,original,none,-0.276891803640164,31,0.276891803640164,0.276891803640164,1667
CSR,123,60,Swenson_G300,Peltier_ICE6G_D,replaced,original,GravIS,-0.275676477508605,31,0.275676477508605,0.275676477508605,1668
JPL,123,60,Swenson_G300,Peltier_ICE6G_D,replaced,original,GravIS,-0.275676477508605,31,0.275676477508605,0.275676477508605,1669
CSR,159,60,Swenson_G500,Peltier_ICE6G_D,original,original,GravIS,-0.275271368798086,31,0.275271368798086,0.275271368798086,1670
JPL,500,96,DDK2,Caron_2018,original,replaced,none,-0.275271368798086,31,0.275271368798086,0.275271368798086,1671
JPL,502,96,DDK2,Caron_2018,original,original,none,-0.275271368798086,31,0.275271368798086,0.275271368798086,1672
JPL,442,96,Swenson_G300,Peltier_ICE6G_D,replaced,original,none,-0.274258597021787,31,0.274258597021787,0.274258597021787,1673
JPL,496,96,DDK2,Caron_2018,replaced,replaced,none,-0.274258597021787,31,0.274258597021787,0.274258597021787,1674
CSR,121,60,Swenson_G300,Peltier_ICE6G_D,replaced,replaced,GravIS,-0.272840716534968,31,0.272840716534968,0.272840716534968,1675
JPL,159,60,Swenson_G500,Peltier_ICE6G_D,original,original,GravIS,-0.272840716534968,31,0.272840716534968,0.272840716534968,1676
JPL,126,60,Swenson_G300,Peltier_ICE6G_D,original,original,none,-0.272638162179708,31,0.272638162179708,0.272638162179708,1677
JPL,444,96,Swenson_G300,Peltier_ICE6G_D,original,replaced,none,-0.272638162179708,31,0.272638162179708,0.272638162179708,1678
JPL,446,96,Swenson_G300,Peltier_ICE6G_D,original,original,none,-0.272638162179708,31,0.272638162179708,0.272638162179708,1679
CSR,496,96,DDK2,Caron_2018,replaced,replaced,none,-0.271625390403409,31,0.271625390403409,0.271625390403409,1680
JPL,445,96,Swenson_G300,Peltier_ICE6G_D,original,replaced,GravIS,-0.27101772733763,31,0.27101772733763,0.27101772733763,1681
JPL,447,96,Swenson_G300,Peltier_ICE6G_D,original,original,GravIS,-0.27101772733763,31,0.27101772733763,0.27101772733763,1682
CSR,126,60,Swenson_G300,Peltier_ICE6G_D,original,original,none,-0.269397292495551,31,0.269397292495551,0.269397292495551,1683
JPL,121,60,Swenson_G300,Peltier_ICE6G_D,replaced,replaced,GravIS,-0.269194738140291,31,0.269194738140291,0.269194738140291,1684
CSR,441,96,Swenson_G300,Peltier_ICE6G_D,replaced,replaced,GravIS,-0.268587075074512,31,0.268587075074512,0.268587075074512,1685
CSR,443,96,Swenson_G300,Peltier_ICE6G_D,replaced,original,GravIS,-0.268587075074512,31,0.268587075074512,0.268587075074512,1686
JPL,180,60,DDK2,Caron_2018,original,replaced,none,-0.268181966363992,31,0.268181966363992,0.268181966363992,1687
JPL,182,60,DDK2,Caron_2018,original,original,none,-0.268181966363992,31,0.268181966363992,0.268181966363992,1688
CSR,498,96,DDK2,Caron_2018,replaced,original,none,-0.267574303298213,31,0.267574303298213,0.267574303298213,1689
JPL,176,60,DDK2,Caron_2018,replaced,replaced,none,-0.267371748942953,31,0.267371748942953,0.267371748942953,1690
JPL,178,60,DDK2,Caron_2018,replaced,original,none,-0.267371748942953,31,0.267371748942953,0.267371748942953,1691
JPL,460,96,Swenson_G500,Geruo_ICE5G_VM2,original,replaced,none,-0.267169194587693,31,0.267169194587693,0.267169194587693,1692
JPL,462,96,Swenson_G500,Geruo_ICE5G_VM2,original,original,none,-0.267169194587693,31,0.267169194587693,0.267169194587693,1693
GFZ,474,96,Swenson_G500,Peltier_ICE6G_D,replaced,original,none,-0.267169194587693,31,0.267169194587693,0.267169194587693,1694
JPL,498,96,DDK2,Caron_2018,replaced,original,none,-0.266966640232433,31,0.266966640232433,0.266966640232433,1695
GFZ,502,96,DDK2,Caron_2018,original,original,none,-0.266561531521914,31,0.266561531521914,0.266561531521914,1696
CSR,477,96,Swenson_G500,Peltier_ICE6G_D,original,replaced,GravIS,-0.266358977166654,31,0.266358977166654,0.266358977166654,1697
JPL,125,60,Swenson_G300,Peltier_ICE6G_D,original,replaced,GravIS,-0.265953868456134,31,0.265953868456134,0.265953868456134,1698
JPL,127,60,Swenson_G300,Peltier_ICE6G_D,original,original,GravIS,-0.265953868456134,31,0.265953868456134,0.265953868456134,1699
JPL,425,96,Swenson_G300,Geruo_ICE5G_VM2,replaced,replaced,GravIS,-0.265548759745615,31,0.265548759745615,0.265548759745615,1700
JPL,427,96,Swenson_G300,Geruo_ICE5G_VM2,replaced,original,GravIS,-0.265548759745615,31,0.265548759745615,0.265548759745615,1701
GFZ,176,60,DDK2,Caron_2018,replaced,replaced,none,-0.265346205390355,31,0.265346205390355,0.265346205390355,1702
GFZ,178,60,DDK2,Caron_2018,replaced,original,none,-0.265346205390355,31,0.265346205390355,0.265346205390355,1703
JPL,440,96,Swenson_G300,Peltier_ICE6G_D,replaced,replaced,none,-0.265143651035095,31,0.265143651035095,0.265143651035095,1704
CSR,157,60,Swenson_G500,Peltier_ICE6G_D,original,replaced,GravIS,-0.264738542324575,31,0.264738542324575,0.264738542324575,1705
GFZ,180,60,DDK2,Caron_2018,original,replaced,none,-0.264333433614056,31,0.264333433614056,0.264333433614056,1706
GFZ,182,60,DDK2,Caron_2018,original,original,none,-0.264333433614056,31,0.264333433614056,0.264333433614056,1707
JPL,157,60,Swenson_G500,Peltier_ICE6G_D,original,replaced,GravIS,-0.261902781350938,31,0.261902781350938,0.261902781350938,1708
GFZ,500,96,DDK2,Caron_2018,original,replaced,none,-0.260890009574639,31,0.260890009574639,0.260890009574639,1709
CSR,124,60,Swenson_G300,Peltier_ICE6G_D,original,replaced,none,-0.260282346508859,31,0.260282346508859,0.260282346508859,1710
CSR,442,96,Swenson_G300,Peltier_ICE6G_D,replaced,original,none,-0.25926957473256,31,0.25926957473256,0.25926957473256,1711
JPL,456,96,Swenson_G500,Geruo_ICE5G_VM2,replaced,replaced,none,-0.259067020377301,31,0.259067020377301,0.259067020377301,1712
JPL,458,96,Swenson_G500,Geruo_ICE5G_VM2,replaced,original,none,-0.259067020377301,31,0.259067020377301,0.259067020377301,1713
CSR,120,60,Swenson_G300,Peltier_ICE6G_D,replaced,replaced,none,-0.258864466022041,31,0.258864466022041,0.258864466022041,1714
CSR,122,60,Swenson_G300,Peltier_ICE6G_D,replaced,original,none,-0.258864466022041,31,0.258864466022041,0.258864466022041,1715
GFZ,472,96,Swenson_G500,Peltier_ICE6G_D,replaced,replaced,none,-0.258864466022041,31,0.258864466022041,0.258864466022041,1716
JPL,124,60,Swenson_G300,Peltier_ICE6G_D,original,replaced,none,-0.257446585535222,31,0.257446585535222,0.257446585535222,1717
GFZ,440,96,Swenson_G300,Peltier_ICE6G_D,replaced,replaced,none,-0.257041476824702,31,0.257041476824702,0.257041476824702,1718
GFZ,442,96,Swenson_G300,Peltier_ICE6G_D,replaced,original,none,-0.257041476824702,31,0.257041476824702,0.257041476824702,1719
JPL,153,60,Swenson_G500,Peltier_ICE6G_D,replaced,replaced,GravIS,-0.255826150693144,31,0.255826150693144,0.255826150693144,1720
JPL,120,60,Swenson_G300,Peltier_ICE6G_D,replaced,replaced,none,-0.255623596337884,31,0.255623596337884,0.255623596337884,1721
GFZ,429,96,Swenson_G300,Geruo_ICE5G_VM2,original,replaced,GravIS,-0.255015933272104,31,0.255015933272104,0.255015933272104,1722
GFZ,431,96,Swenson_G300,Geruo_ICE5G_VM2,original,original,GravIS,-0.255015933272104,31,0.255015933272104,0.255015933272104,1723
GFZ,152,60,Swenson_G500,Peltier_ICE6G_D,replaced,replaced,none,-0.254610824561585,31,0.254610824561585,0.254610824561585,1724
JPL,142,60,Swenson_G500,Geruo_ICE5G_VM2,original,original,none,-0.254408270206325,31,0.254408270206325,0.254408270206325,1725
CSR,111,60,Swenson_G300,Geruo_ICE5G_VM2,original,original,GravIS,-0.254205715851065,31,0.254205715851065,0.254205715851065,1726
GFZ,158,60,Swenson_G500,Peltier_ICE6G_D,original,original,none,-0.254205715851065,31,0.254205715851065,0.254205715851065,1727
GFZ,478,96,Swenson_G500,Peltier_ICE6G_D,original,original,none,-0.254205715851065,31,0.254205715851065,0.254205715851065,1728
JPL,122,60,Swenson_G300,Peltier_ICE6G_D,replaced,original,none,-0.254003161495805,31,0.254003161495805,0.254003161495805,1729
CSR,444,96,Swenson_G300,Peltier_ICE6G_D,original,replaced,none,-0.253395498430026,31,0.253395498430026,0.253395498430026,1730
CSR,446,96,Swenson_G300,Peltier_ICE6G_D,original,original,none,-0.253395498430026,31,0.253395498430026,0.253395498430026,1731
GFZ,460,96,Swenson_G500,Geruo_ICE5G_VM2,original,replaced,none,-0.253395498430026,31,0.253395498430026,0.253395498430026,1732
GFZ,462,96,Swenson_G500,Geruo_ICE5G_VM2,original,original,none,-0.253395498430026,31,0.253395498430026,0.253395498430026,1733
CSR,142,60,Swenson_G500,Geruo_ICE5G_VM2,original,original,none,-0.252787835364246,31,0.252787835364246,0.252787835364246,1734
CSR,456,96,Swenson_G500,Geruo_ICE5G_VM2,replaced,replaced,none,-0.252787835364246,31,0.252787835364246,0.252787835364246,1735
CSR,458,96,Swenson_G500,Geruo_ICE5G_VM2,replaced,original,none,-0.252787835364246,31,0.252787835364246,0.252787835364246,1736
GFZ,120,60,Swenson_G300,Peltier_ICE6G_D,replaced,replaced,none,-0.251977617943207,31,0.251977617943207,0.251977617943207,1737
GFZ,122,60,Swenson_G300,Peltier_ICE6G_D,replaced,original,none,-0.251977617943207,31,0.251977617943207,0.251977617943207,1738
CSR,109,60,Swenson_G300,Geruo_ICE5G_VM2,original,replaced,GravIS,-0.251775063587947,31,0.251775063587947,0.251775063587947,1739
GFZ,471,96,Swenson_G500,Caron_2018,original,original,GravIS,-0.251775063587947,31,0.251775063587947,0.251775063587947,1740
JPL,429,96,Swenson_G300,Geruo_ICE5G_VM2,original,replaced,GravIS,-0.251167400522168,31,0.251167400522168,0.251167400522168,1741
JPL,431,96,Swenson_G300,Geruo_ICE5G_VM2,original,original,GravIS,-0.251167400522168,31,0.251167400522168,0.251167400522168,1742
CSR,429,96,Swenson_G300,Geruo_ICE5G_VM2,original,replaced,GravIS,-0.250762291811648,31,0.250762291811648,0.250762291811648,1743
CSR,431,96,Swenson_G300,Geruo_ICE5G_VM2,original,original,GravIS,-0.250762291811648,31,0.250762291811648,0.250762291811648,1744
JPL,107,60,Swenson_G300,Geruo_ICE5G_VM2,replaced,original,GravIS,-0.250762291811648,31,0.250762291811648,0.250762291811648,1745
CSR,125,60,Swenson_G300,Peltier_ICE6G_D,original,replaced,GravIS,-0.249546965680089,31,0.249546965680089,0.249546965680089,1746
CSR,127,60,Swenson_G300,Peltier_ICE6G_D,original,original,GravIS,-0.249546965680089,31,0.249546965680089,0.249546965680089,1747
JPL,476,96,Swenson_G500,Peltier_ICE6G_D,original,replaced,none,-0.24934441132483,31,0.24934441132483,0.24934441132483,1748
JPL,478,96,Swenson_G500,Peltier_ICE6G_D,original,original,none,-0.24934441132483,31,0.24934441132483,0.24934441132483,1749
GFZ,109,60,Swenson_G300,Geruo_ICE5G_VM2,original,replaced,GravIS,-0.24873674825905,31,0.24873674825905,0.24873674825905,1750
GFZ,111,60,Swenson_G300,Geruo_ICE5G_VM2,original,original,GravIS,-0.24873674825905,31,0.24873674825905,0.24873674825905,1751
GFZ,138,60,Swenson_G500,Geruo_ICE5G_VM2,replaced,original,none,-0.24853419390379,31,0.24853419390379,0.24853419390379,1752
JPL,472,96,Swenson_G500,Peltier_ICE6G_D,replaced,replaced,none,-0.248331639548531,31,0.248331639548531,0.248331639548531,1753
JPL,474,96,Swenson_G500,Peltier_ICE6G_D,replaced,original,none,-0.248331639548531,31,0.248331639548531,0.248331639548531,1754
CSR,425,96,Swenson_G300,Geruo_ICE5G_VM2,replaced,replaced,GravIS,-0.247926530838011,31,0.247926530838011,0.247926530838011,1755
CSR,427,96,Swenson_G300,Geruo_ICE5G_VM2,replaced,original,GravIS,-0.247926530838011,31,0.247926530838011,0.247926530838011,1756
CSR,140,60,Swenson_G500,Geruo_ICE5G_VM2,original,replaced,none,-0.247521422127491,31,0.247521422127491,0.247521422127491,1757
JPL,156,60,Swenson_G500,Peltier_ICE6G_D,original,replaced,none,-0.247318867772231,31,0.247318867772231,0.247318867772231,1758
JPL,158,60,Swenson_G500,Peltier_ICE6G_D,original,original,none,-0.247318867772231,31,0.247318867772231,0.247318867772231,1759
CSR,136,60,Swenson_G500,Geruo_ICE5G_VM2,replaced,replaced,none,-0.247116313416972,31,0.247116313416972,0.247116313416972,1760
CSR,138,60,Swenson_G500,Geruo_ICE5G_VM2,replaced,original,none,-0.247116313416972,31,0.247116313416972,0.247116313416972,1761
JPL,136,60,Swenson_G500,Geruo_ICE5G_VM2,replaced,replaced,none,-0.247116313416972,31,0.247116313416972,0.247116313416972,1762
JPL,138,60,Swenson_G500,Geruo_ICE5G_VM2,replaced,original,none,-0.247116313416972,31,0.247116313416972,0.247116313416972,1763
JPL,140,60,Swenson_G500,Geruo_ICE5G_VM2,original,replaced,none,-0.247116313416972,31,0.247116313416972,0.247116313416972,1764
CSR,462,96,Swenson_G500,Geruo_ICE5G_VM2,original,original,none,-0.246711204706452,31,0.246711204706452,0.246711204706452,1765
GFZ,156,60,Swenson_G500,Peltier_ICE6G_D,original,replaced,none,-0.245900987285413,31,0.245900987285413,0.245900987285413,1766
GFZ,476,96,Swenson_G500,Peltier_ICE6G_D,original,replaced,none,-0.245900987285413,31,0.245900987285413,0.245900987285413,1767
GFZ,149,60,Swenson_G500,Caron_2018,original,replaced,GravIS,-0.245698432930153,31,0.245698432930153,0.245698432930153,1768
GFZ,151,60,Swenson_G500,Caron_2018,original,original,GravIS,-0.245698432930153,31,0.245698432930153,0.245698432930153,1769
GFZ,469,96,Swenson_G500,Caron_2018,original,replaced,GravIS,-0.245698432930153,31,0.245698432930153,0.245698432930153,1770
CSR,156,60,Swenson_G500,Peltier_ICE6G_D,original,replaced,none,-0.245293324219633,31,0.245293324219633,0.245293324219633,1771
CSR,158,60,Swenson_G500,Peltier_ICE6G_D,original,original,none,-0.245293324219633,31,0.245293324219633,0.245293324219633,1772
GFZ,154,60,Swenson_G500,Peltier_ICE6G_D,replaced,original,none,-0.244888215509114,31,0.244888215509114,0.244888215509114,1773
CSR,440,96,Swenson_G300,Peltier_ICE6G_D,replaced,replaced,none,-0.243875443732815,31,0.243875443732815,0.243875443732815,1774
JPL,109,60,Swenson_G300,Geruo_ICE5G_VM2,original,replaced,GravIS,-0.243875443732815,31,0.243875443732815,0.243875443732815,1775
CSR,105,60,Swenson_G300,Geruo_ICE5G_VM2,replaced,replaced,GravIS,-0.243065226311775,31,0.243065226311775,0.243065226311775,1776
CSR,107,60,Swenson_G300,Geruo_ICE5G_VM2,replaced,original,GravIS,-0.243065226311775,31,0.243065226311775,0.243065226311775,1777
CSR,473,96,Swenson_G500,Peltier_ICE6G_D,replaced,replaced,GravIS,-0.242862671956516,31,0.242862671956516,0.242862671956516,1778
CSR,475,96,Swenson_G500,Peltier_ICE6G_D,replaced,original,GravIS,-0.242862671956516,31,0.242862671956516,0.242862671956516,1779
JPL,155,60,Swenson_G500,Peltier_ICE6G_D,replaced,original,GravIS,-0.242862671956516,31,0.242862671956516,0.242862671956516,1780
JPL,105,60,Swenson_G300,Geruo_ICE5G_VM2,replaced,replaced,GravIS,-0.242052454535476,31,0.242052454535476,0.242052454535476,1781
GFZ,467,96,Swenson_G500,Caron_2018,replaced,original,GravIS,-0.242052454535476,31,0.242052454535476,0.242052454535476,1782
JPL,111,60,Swenson_G300,Geruo_ICE5G_VM2,original,original,GravIS,-0.241849900180216,31,0.241849900180216,0.241849900180216,1783
CSR,460,96,Swenson_G500,Geruo_ICE5G_VM2,original,replaced,none,-0.241444791469697,31,0.241444791469697,0.241444791469697,1784
GFZ,140,60,Swenson_G500,Geruo_ICE5G_VM2,original,replaced,none,-0.241444791469697,31,0.241444791469697,0.241444791469697,1785
GFZ,142,60,Swenson_G500,Geruo_ICE5G_VM2,original,original,none,-0.241444791469697,31,0.241444791469697,0.241444791469697,1786
GFZ,456,96,Swenson_G500,Geruo_ICE5G_VM2,replaced,replaced,none,-0.241039682759177,31,0.241039682759177,0.241039682759177,1787
GFZ,104,60,Swenson_G300,Geruo_ICE5G_VM2,replaced,replaced,none,-0.239419247917099,31,0.239419247917099,0.239419247917099,1788
GFZ,106,60,Swenson_G300,Geruo_ICE5G_VM2,replaced,original,none,-0.239419247917099,31,0.239419247917099,0.239419247917099,1789
CSR,476,96,Swenson_G500,Peltier_ICE6G_D,original,replaced,none,-0.238811584851319,31,0.238811584851319,0.238811584851319,1790
CSR,478,96,Swenson_G500,Peltier_ICE6G_D,original,original,none,-0.238811584851319,31,0.238811584851319,0.238811584851319,1791
JPL,152,60,Swenson_G500,Peltier_ICE6G_D,replaced,replaced,none,-0.23820392178554,31,0.23820392178554,0.23820392178554,1792
JPL,154,60,Swenson_G500,Peltier_ICE6G_D,replaced,original,none,-0.23820392178554,31,0.23820392178554,0.23820392178554,1793
GFZ,458,96,Swenson_G500,Geruo_ICE5G_VM2,replaced,original,none,-0.23800136743028,31,0.23800136743028,0.23800136743028,1794
CSR,447,96,Swenson_G300,Peltier_ICE6G_D,original,original,GravIS,-0.236786041298721,31,0.236786041298721,0.236786041298721,1795
CSR,152,60,Swenson_G500,Peltier_ICE6G_D,replaced,replaced,none,-0.236178378232942,31,0.236178378232942,0.236178378232942,1796
CSR,154,60,Swenson_G500,Peltier_ICE6G_D,replaced,original,none,-0.236178378232942,31,0.236178378232942,0.236178378232942,1797
CSR,472,96,Swenson_G500,Peltier_ICE6G_D,replaced,replaced,none,-0.236178378232942,31,0.236178378232942,0.236178378232942,1798
CSR,474,96,Swenson_G500,Peltier_ICE6G_D,replaced,original,none,-0.236178378232942,31,0.236178378232942,0.236178378232942,1799
CSR,153,60,Swenson_G500,Peltier_ICE6G_D,replaced,replaced,GravIS,-0.234760497746123,31,0.234760497746123,0.234760497746123,1800
CSR,155,60,Swenson_G500,Peltier_ICE6G_D,replaced,original,GravIS,-0.234760497746123,31,0.234760497746123,0.234760497746123,1801
GFZ,446,96,Swenson_G300,Peltier_ICE6G_D,original,original,none,-0.234557943390863,31,0.234557943390863,0.234557943390863,1802
GFZ,136,60,Swenson_G500,Geruo_ICE5G_VM2,replaced,replaced,none,-0.233342617259304,31,0.233342617259304,0.233342617259304,1803
GFZ,126,60,Swenson_G300,Peltier_ICE6G_D,original,original,none,-0.230304301930407,31,0.230304301930407,0.230304301930407,1804
CSR,439,96,Swenson_G300,Caron_2018,original,original,GravIS,-0.229899193219888,31,0.229899193219888,0.229899193219888,1805
GFZ,424,96,Swenson_G300,Geruo_ICE5G_VM2,replaced,replaced,none,-0.229899193219888,31,0.229899193219888,0.229899193219888,1806
GFZ,426,96,Swenson_G300,Geruo_ICE5G_VM2,replaced,original,none,-0.229899193219888,31,0.229899193219888,0.229899193219888,1807
GFZ,444,96,Swenson_G300,Peltier_ICE6G_D,original,replaced,none,-0.229291530154108,31,0.229291530154108,0.229291530154108,1808
CSR,445,96,Swenson_G300,Peltier_ICE6G_D,original,replaced,GravIS,-0.229088975798848,31,0.229088975798848,0.229088975798848,1809
CSR,104,60,Swenson_G300,Geruo_ICE5G_VM2,replaced,replaced,none,-0.228076204022549,31,0.228076204022549,0.228076204022549,1810
CSR,106,60,Swenson_G300,Geruo_ICE5G_VM2,replaced,original,none,-0.228076204022549,31,0.228076204022549,0.228076204022549,1811
GFZ,437,96,Swenson_G300,Caron_2018,original,replaced,GravIS,-0.226253214825211,31,0.226253214825211,0.226253214825211,1812
GFZ,108,60,Swenson_G300,Geruo_ICE5G_VM2,original,replaced,none,-0.225442997404172,31,0.225442997404172,0.225442997404172,1813
GFZ,124,60,Swenson_G300,Peltier_ICE6G_D,original,replaced,none,-0.225037888693652,31,0.225037888693652,0.225037888693652,1814
CSR,424,96,Swenson_G300,Geruo_ICE5G_VM2,replaced,replaced,none,-0.224025116917353,31,0.224025116917353,0.224025116917353,1815
CSR,426,96,Swenson_G300,Geruo_ICE5G_VM2,replaced,original,none,-0.224025116917353,31,0.224025116917353,0.224025116917353,1816
GFZ,465,96,Swenson_G500,Caron_2018,replaced,replaced,GravIS,-0.223012345141054,31,0.223012345141054,0.223012345141054,1817
GFZ,147,60,Swenson_G500,Caron_2018,replaced,original,GravIS,-0.221999573364755,31,0.221999573364755,0.221999573364755,1818
GFZ,428,96,Swenson_G300,Geruo_ICE5G_VM2,original,replaced,none,-0.221797019009495,31,0.221797019009495,0.221797019009495,1819
GFZ,430,96,Swenson_G300,Geruo_ICE5G_VM2,original,original,none,-0.221797019009495,31,0.221797019009495,0.221797019009495,1820
GFZ,439,96,Swenson_G300,Caron_2018,original,original,GravIS,-0.221391910298975,31,0.221391910298975,0.221391910298975,1821
GFZ,435,96,Swenson_G300,Caron_2018,replaced,original,GravIS,-0.220784247233196,31,0.220784247233196,0.220784247233196,1822
JPL,104,60,Swenson_G300,Geruo_ICE5G_VM2,replaced,replaced,none,-0.219771475456897,31,0.219771475456897,0.219771475456897,1823
JPL,106,60,Swenson_G300,Geruo_ICE5G_VM2,replaced,original,none,-0.219771475456897,31,0.219771475456897,0.219771475456897,1824
JPL,424,96,Swenson_G300,Geruo_ICE5G_VM2,replaced,replaced,none,-0.219568921101637,31,0.219568921101637,0.219568921101637,1825
JPL,426,96,Swenson_G300,Geruo_ICE5G_VM2,replaced,original,none,-0.219568921101637,31,0.219568921101637,0.219568921101637,1826
JPL,428,96,Swenson_G300,Geruo_ICE5G_VM2,original,replaced,none,-0.219568921101637,31,0.219568921101637,0.219568921101637,1827
JPL,430,96,Swenson_G300,Geruo_ICE5G_VM2,original,original,none,-0.219568921101637,31,0.219568921101637,0.219568921101637,1828
CSR,430,96,Swenson_G300,Geruo_ICE5G_VM2,original,original,none,-0.219366366746377,31,0.219366366746377,0.219366366746377,1829
GFZ,433,96,Swenson_G300,Caron_2018,replaced,replaced,GravIS,-0.218353594970078,31,0.218353594970078,0.218353594970078,1830
CSR,428,96,Swenson_G300,Geruo_ICE5G_VM2,original,replaced,none,-0.217340823193779,31,0.217340823193779,0.217340823193779,1831
GFZ,110,60,Swenson_G300,Geruo_ICE5G_VM2,original,original,none,-0.21693571448326,31,0.21693571448326,0.21693571448326,1832
JPL,108,60,Swenson_G300,Geruo_ICE5G_VM2,original,replaced,none,-0.214707616575402,31,0.214707616575402,0.214707616575402,1833
JPL,110,60,Swenson_G300,Geruo_ICE5G_VM2,original,original,none,-0.214707616575402,31,0.214707616575402,0.214707616575402,1834
CSR,108,60,Swenson_G300,Geruo_ICE5G_VM2,original,replaced,none,-0.212884627378063,31,0.212884627378063,0.212884627378063,1835
CSR,110,60,Swenson_G300,Geruo_ICE5G_VM2,original,original,none,-0.212884627378063,31,0.212884627378063,0.212884627378063,1836
GFZ,145,60,Swenson_G500,Caron_2018,replaced,replaced,GravIS,-0.212276964312284,31,0.212276964312284,0.212276964312284,1837
CSR,435,96,Swenson_G300,Caron_2018,replaced,original,GravIS,-0.210656529470205,31,0.210656529470205,0.210656529470205,1838
GFZ,113,60,Swenson_G300,Caron_2018,replaced,replaced,GravIS,-0.210453975114946,31,0.210453975114946,0.210453975114946,1839
GFZ,115,60,Swenson_G300,Caron_2018,replaced,original,GravIS,-0.210453975114946,31,0.210453975114946,0.210453975114946,1840
CSR,437,96,Swenson_G300,Caron_2018,original,replaced,GravIS,-0.210251420759686,31,0.210251420759686,0.210251420759686,1841
JPL,437,96,Swenson_G300,Caron_2018,original,replaced,GravIS,-0.207415659786048,31,0.207415659786048,0.207415659786048,1842
JPL,439,96,Swenson_G300,Caron_2018,original,original,GravIS,-0.207415659786048,31,0.207415659786048,0.207415659786048,1843
CSR,433,96,Swenson_G300,Caron_2018,replaced,replaced,GravIS,-0.20579522494397,31,0.20579522494397,0.20579522494397,1844
CSR,149,60,Swenson_G500,Caron_2018,original,replaced,GravIS,-0.203567127036112,31,0.203567127036112,0.203567127036112,1845
CSR,151,60,Swenson_G500,Caron_2018,original,original,GravIS,-0.203567127036112,31,0.203567127036112,0.203567127036112,1846
CSR,469,96,Swenson_G500,Caron_2018,original,replaced,GravIS,-0.203567127036112,31,0.203567127036112,0.203567127036112,1847
CSR,471,96,Swenson_G500,Caron_2018,original,original,GravIS,-0.203567127036112,31,0.203567127036112,0.203567127036112,1848
CSR,144,60,Swenson_G500,Caron_2018,replaced,replaced,none,-0.202351800904553,31,0.202351800904553,0.202351800904553,1849
CSR,146,60,Swenson_G500,Caron_2018,replaced,original,none,-0.202351800904553,31,0.202351800904553,0.202351800904553,1850
CSR,464,96,Swenson_G500,Caron_2018,replaced,replaced,none,-0.202351800904553,31,0.202351800904553,0.202351800904553,1851
JPL,468,96,Swenson_G500,Caron_2018,original,replaced,none,-0.202351800904553,31,0.202351800904553,0.202351800904553,1852
JPL,470,96,Swenson_G500,Caron_2018,original,original,none,-0.202351800904553,31,0.202351800904553,0.202351800904553,1853
JPL,435,96,Swenson_G300,Caron_2018,replaced,original,GravIS,-0.200933920417734,31,0.200933920417734,0.200933920417734,1854
CSR,117,60,Swenson_G300,Caron_2018,original,replaced,GravIS,-0.200326257351955,31,0.200326257351955,0.200326257351955,1855
CSR,119,60,Swenson_G300,Caron_2018,original,original,GravIS,-0.200326257351955,31,0.200326257351955,0.200326257351955,1856
JPL,117,60,Swenson_G300,Caron_2018,original,replaced,GravIS,-0.200326257351955,31,0.200326257351955,0.200326257351955,1857
JPL,119,60,Swenson_G300,Caron_2018,original,original,GravIS,-0.200326257351955,31,0.200326257351955,0.200326257351955,1858
JPL,148,60,Swenson_G500,Caron_2018,original,replaced,none,-0.200326257351955,31,0.200326257351955,0.200326257351955,1859
JPL,149,60,Swenson_G500,Caron_2018,original,replaced,GravIS,-0.199516039930916,31,0.199516039930916,0.199516039930916,1860
JPL,151,60,Swenson_G500,Caron_2018,original,original,GravIS,-0.199516039930916,31,0.199516039930916,0.199516039930916,1861
GFZ,117,60,Swenson_G300,Caron_2018,original,replaced,GravIS,-0.199313485575656,31,0.199313485575656,0.199313485575656,1862
GFZ,119,60,Swenson_G300,Caron_2018,original,original,GravIS,-0.199313485575656,31,0.199313485575656,0.199313485575656,1863
JPL,464,96,Swenson_G500,Caron_2018,replaced,replaced,none,-0.199110931220396,31,0.199110931220396,0.199110931220396,1864
JPL,466,96,Swenson_G500,Caron_2018,replaced,original,none,-0.199110931220396,31,0.199110931220396,0.199110931220396,1865
CSR,466,96,Swenson_G500,Caron_2018,replaced,original,none,-0.198705822509876,31,0.198705822509876,0.198705822509876,1866
JPL,465,96,Swenson_G500,Caron_2018,replaced,replaced,GravIS,-0.198503268154617,31,0.198503268154617,0.198503268154617,1867
JPL,469,96,Swenson_G500,Caron_2018,original,replaced,GravIS,-0.197490496378317,31,0.197490496378317,0.197490496378317,1868
JPL,471,96,Swenson_G500,Caron_2018,original,original,GravIS,-0.197490496378317,31,0.197490496378317,0.197490496378317,1869
CSR,150,60,Swenson_G500,Caron_2018,original,original,none,-0.196680278957278,31,0.196680278957278,0.196680278957278,1870
CSR,468,96,Swenson_G500,Caron_2018,original,replaced,none,-0.196680278957278,31,0.196680278957278,0.196680278957278,1871
CSR,470,96,Swenson_G500,Caron_2018,original,original,none,-0.196680278957278,31,0.196680278957278,0.196680278957278,1872
CSR,145,60,Swenson_G500,Caron_2018,replaced,replaced,GravIS,-0.195870061536239,31,0.195870061536239,0.195870061536239,1873
CSR,147,60,Swenson_G500,Caron_2018,replaced,original,GravIS,-0.195870061536239,31,0.195870061536239,0.195870061536239,1874
CSR,465,96,Swenson_G500,Caron_2018,replaced,replaced,GravIS,-0.195870061536239,31,0.195870061536239,0.195870061536239,1875
CSR,467,96,Swenson_G500,Caron_2018,replaced,original,GravIS,-0.195870061536239,31,0.195870061536239,0.195870061536239,1876
JPL,147,60,Swenson_G500,Caron_2018,replaced,original,GravIS,-0.195870061536239,31,0.195870061536239,0.195870061536239,1877
CSR,113,60,Swenson_G300,Caron_2018,replaced,replaced,GravIS,-0.1950598441152,31,0.1950598441152,0.1950598441152,1878
CSR,115,60,Swenson_G300,Caron_2018,replaced,original,GravIS,-0.1950598441152,31,0.1950598441152,0.1950598441152,1879
CSR,148,60,Swenson_G500,Caron_2018,original,replaced,none,-0.1950598441152,31,0.1950598441152,0.1950598441152,1880
JPL,150,60,Swenson_G500,Caron_2018,original,original,none,-0.19465473540468,31,0.19465473540468,0.19465473540468,1881
GFZ,470,96,Swenson_G500,Caron_2018,original,original,none,-0.19424962669416,31,0.19424962669416,0.19424962669416,1882
JPL,145,60,Swenson_G500,Caron_2018,replaced,replaced,GravIS,-0.193844517983641,31,0.193844517983641,0.193844517983641,1883
JPL,144,60,Swenson_G500,Caron_2018,replaced,replaced,none,-0.190603648299484,31,0.190603648299484,0.190603648299484,1884
JPL,146,60,Swenson_G500,Caron_2018,replaced,original,none,-0.190603648299484,31,0.190603648299484,0.190603648299484,1885
JPL,433,96,Swenson_G300,Caron_2018,replaced,replaced,GravIS,-0.190401093944224,31,0.190401093944224,0.190401093944224,1886
GFZ,464,96,Swenson_G500,Caron_2018,replaced,replaced,none,-0.190401093944224,31,0.190401093944224,0.190401093944224,1887
GFZ,466,96,Swenson_G500,Caron_2018,replaced,original,none,-0.190401093944224,31,0.190401093944224,0.190401093944224,1888
JPL,467,96,Swenson_G500,Caron_2018,replaced,original,GravIS,-0.189185767812665,31,0.189185767812665,0.189185767812665,1889
GFZ,150,60,Swenson_G500,Caron_2018,original,original,none,-0.189185767812665,31,0.189185767812665,0.189185767812665,1890
JPL,115,60,Swenson_G300,Caron_2018,replaced,original,GravIS,-0.188578104746886,31,0.188578104746886,0.188578104746886,1891
GFZ,468,96,Swenson_G500,Caron_2018,original,replaced,none,-0.18371680022065,31,0.18371680022065,0.18371680022065,1892
GFZ,432,96,Swenson_G300,Caron_2018,replaced,replaced,none,-0.18351424586539,31,0.18351424586539,0.18351424586539,1893
GFZ,434,96,Swenson_G300,Caron_2018,replaced,original,none,-0.18351424586539,31,0.18351424586539,0.18351424586539,1894
GFZ,438,96,Swenson_G300,Caron_2018,original,original,none,-0.183109137154871,31,0.183109137154871,0.183109137154871,1895
GFZ,148,60,Swenson_G500,Caron_2018,original,replaced,none,-0.181893811023312,31,0.181893811023312,0.181893811023312,1896
GFZ,436,96,Swenson_G300,Caron_2018,original,replaced,none,-0.180881039247013,31,0.180881039247013,0.180881039247013,1897
JPL,113,60,Swenson_G300,Caron_2018,replaced,replaced,GravIS,-0.178045278273375,31,0.178045278273375,0.178045278273375,1898
GFZ,144,60,Swenson_G500,Caron_2018,replaced,replaced,none,-0.175614626010258,31,0.175614626010258,0.175614626010258,1899
GFZ,146,60,Swenson_G500,Caron_2018,replaced,original,none,-0.175614626010258,31,0.175614626010258,0.175614626010258,1900
JPL,438,96,Swenson_G300,Caron_2018,original,original,none,-0.169537995352463,31,0.169537995352463,0.169537995352463,1901
GFZ,116,60,Swenson_G300,Caron_2018,original,replaced,none,-0.168727777931424,31,0.168727777931424,0.168727777931424,1902
GFZ,118,60,Swenson_G300,Caron_2018,original,original,none,-0.168727777931424,31,0.168727777931424,0.168727777931424,1903
GFZ,112,60,Swenson_G300,Caron_2018,replaced,replaced,none,-0.166297125668306,31,0.166297125668306,0.166297125668306,1904
GFZ,114,60,Swenson_G300,Caron_2018,replaced,original,none,-0.166297125668306,31,0.166297125668306,0.166297125668306,1905
CSR,436,96,Swenson_G300,Caron_2018,original,replaced,none,-0.165081799536747,31,0.165081799536747,0.165081799536747,1906
CSR,438,96,Swenson_G300,Caron_2018,original,original,none,-0.165081799536747,31,0.165081799536747,0.165081799536747,1907
JPL,436,96,Swenson_G300,Caron_2018,original,replaced,none,-0.165081799536747,31,0.165081799536747,0.165081799536747,1908
JPL,118,60,Swenson_G300,Caron_2018,original,original,none,-0.16204348420785,31,0.16204348420785,0.16204348420785,1909
CSR,116,60,Swenson_G300,Caron_2018,original,replaced,none,-0.158194951457914,31,0.158194951457914,0.158194951457914,1910
CSR,118,60,Swenson_G300,Caron_2018,original,original,none,-0.158194951457914,31,0.158194951457914,0.158194951457914,1911
JPL,112,60,Swenson_G300,Caron_2018,replaced,replaced,none,-0.157992397102654,31,0.157992397102654,0.157992397102654,1912
JPL,114,60,Swenson_G300,Caron_2018,replaced,original,none,-0.156371962260575,31,0.156371962260575,0.156371962260575,1913
JPL,116,60,Swenson_G300,Caron_2018,original,replaced,none,-0.156169407905316,31,0.156169407905316,0.156169407905316,1914
CSR,432,96,Swenson_G300,Caron_2018,replaced,replaced,none,-0.155764299194796,31,0.155764299194796,0.155764299194796,1915
CSR,434,96,Swenson_G300,Caron_2018,replaced,original,none,-0.155764299194796,31,0.155764299194796,0.155764299194796,1916
JPL,432,96,Swenson_G300,Caron_2018,replaced,replaced,none,-0.155764299194796,31,0.155764299194796,0.155764299194796,1917
JPL,434,96,Swenson_G300,Caron_2018,replaced,original,none,-0.155764299194796,31,0.155764299194796,0.155764299194796,1918
CSR,112,60,Swenson_G300,Caron_2018,replaced,replaced,none,-0.155561744839536,31,0.155561744839536,0.155561744839536,1919
CSR,114,60,Swenson_G300,Caron_2018,replaced,original,none,-0.153536201286938,31,0.153536201286938,0.153536201286938,1920
