truncation,filter,gia_model,c20_treatment,c30_treatment,geocenter,recipe_idx_per_centre,centre,recipe_mean_r,recipe_median_r,n_wells_valid,spearman_trend_rho
60,G300,none,replaced,replaced,none,0,CSR,0.37116346,0.41966957,16053,0.45777264
60,G300,none,replaced,replaced,GravIS,1,CSR,0.35818505,0.40252632,16053,0.45954606
60,G300,none,replaced,original,none,2,CSR,0.37143296,0.42025754,16053,0.45737794
60,G300,none,replaced,original,GravIS,3,CSR,0.35823894,0.40303722,16053,0.4590206
60,G300,none,original,replaced,none,4,CSR,0.36648065,0.41161332,16053,0.45841876
60,G300,none,original,replaced,GravIS,5,CSR,0.3526837,0.39829043,16053,0.45934194
60,G300,none,original,original,none,6,CSR,0.36677253,0.41173932,16053,0.45835307
60,G300,none,original,original,GravIS,7,CSR,0.35276324,0.39881298,16053,0.45947823
60,G300,Geruo_ICE5G_VM2,replaced,replaced,none,8,CSR,0.3295663,0.41353443,16053,0.40485147
60,G300,Geruo_ICE5G_VM2,replaced,replaced,GravIS,9,CSR,0.34024262,0.40718028,16053,0.40463686
60,G300,Geruo_ICE5G_VM2,replaced,original,none,10,CSR,0.33039233,0.41379264,16053,0.4051785
60,G300,Geruo_ICE5G_VM2,replaced,original,GravIS,11,CSR,0.34093943,0.40843436,16053,0.40458408
60,G300,Geruo_ICE5G_VM2,original,replaced,none,12,CSR,0.32696268,0.40996668,16053,0.40400907
60,G300,Geruo_ICE5G_VM2,original,replaced,GravIS,13,CSR,0.3369254,0.40229848,16053,0.40277034
60,G300,Geruo_ICE5G_VM2,original,original,none,14,CSR,0.32779944,0.4103849,16053,0.40418014
60,G300,Geruo_ICE5G_VM2,original,original,GravIS,15,CSR,0.33763707,0.40245497,16053,0.40313166
60,G300,Caron_2018,replaced,replaced,none,16,CSR,0.30795553,0.4056053,16053,0.41289493
60,G300,Caron_2018,replaced,replaced,GravIS,17,CSR,0.32394153,0.40943125,16053,0.4144245
60,G300,Caron_2018,replaced,original,none,18,CSR,0.30881375,0.4062783,16053,0.41284013
60,G300,Caron_2018,replaced,original,GravIS,19,CSR,0.3247806,0.40961075,16053,0.41418642
60,G300,Caron_2018,original,replaced,none,20,CSR,0.3052885,0.40045223,16053,0.41364104
60,G300,Caron_2018,original,replaced,GravIS,21,CSR,0.32108828,0.40414545,16053,0.41502005
60,G300,Caron_2018,original,original,none,22,CSR,0.30615148,0.4011852,16053,0.41352332
60,G300,Caron_2018,original,original,GravIS,23,CSR,0.32193613,0.4056054,16053,0.4150123
60,G300,Peltier_ICE6G_D,replaced,replaced,none,24,CSR,0.3245712,0.416555,16053,0.4357843
60,G300,Peltier_ICE6G_D,replaced,replaced,GravIS,25,CSR,0.33938318,0.4174674,16053,0.43801352
60,G300,Peltier_ICE6G_D,replaced,original,none,26,CSR,0.32545018,0.41681737,16053,0.43566206
60,G300,Peltier_ICE6G_D,replaced,original,GravIS,27,CSR,0.3401972,0.4184173,16053,0.43746415
60,G300,Peltier_ICE6G_D,original,replaced,none,28,CSR,0.3218045,0.41224396,16053,0.43655849
60,G300,Peltier_ICE6G_D,original,replaced,GravIS,29,CSR,0.3360659,0.41225076,16053,0.43843773
60,G300,Peltier_ICE6G_D,original,original,none,30,CSR,0.32269114,0.41299254,16053,0.43640044
60,G300,Peltier_ICE6G_D,original,original,GravIS,31,CSR,0.3368903,0.41319185,16053,0.43865183
60,G400,none,replaced,replaced,none,32,CSR,0.35387793,0.4007211,16053,0.43462002
60,G400,none,replaced,replaced,GravIS,33,CSR,0.33672157,0.38518393,16053,0.43483362
60,G400,none,replaced,original,none,34,CSR,0.35413963,0.4018327,16053,0.43482965
60,G400,none,replaced,original,GravIS,35,CSR,0.33679175,0.38597003,16053,0.43515304
60,G400,none,original,replaced,none,36,CSR,0.3480442,0.39449456,16053,0.4340428
60,G400,none,original,replaced,GravIS,37,CSR,0.33063155,0.3777796,16053,0.4345617
60,G400,none,original,original,none,38,CSR,0.34832254,0.39477876,16053,0.43402052
60,G400,none,original,original,GravIS,39,CSR,0.3307227,0.37845156,16053,0.43469447
60,G400,Geruo_ICE5G_VM2,replaced,replaced,none,40,CSR,0.3088951,0.3894582,16053,0.37977177
60,G400,Geruo_ICE5G_VM2,replaced,replaced,GravIS,41,CSR,0.32077613,0.38134524,16053,0.3768109
60,G400,Geruo_ICE5G_VM2,replaced,original,none,42,CSR,0.3098968,0.38954306,16053,0.38011432
60,G400,Geruo_ICE5G_VM2,replaced,original,GravIS,43,CSR,0.32161066,0.381992,16053,0.37721774
60,G400,Geruo_ICE5G_VM2,original,replaced,none,44,CSR,0.30520344,0.38301733,16053,0.37560454
60,G400,Geruo_ICE5G_VM2,original,replaced,GravIS,45,CSR,0.31613603,0.37371376,16053,0.37337327
60,G400,Geruo_ICE5G_VM2,original,original,none,46,CSR,0.30621365,0.38363126,16053,0.3763201
60,G400,Geruo_ICE5G_VM2,original,original,GravIS,47,CSR,0.31697333,0.37483868,16053,0.37367865
60,G400,Caron_2018,replaced,replaced,none,48,CSR,0.2832403,0.37571797,16053,0.40626004
60,G400,Caron_2018,replaced,replaced,GravIS,49,CSR,0.30407116,0.38711882,16053,0.40837958
60,G400,Caron_2018,replaced,original,none,50,CSR,0.28426313,0.37707183,16053,0.40603447
60,G400,Caron_2018,replaced,original,GravIS,51,CSR,0.3050804,0.38746384,16053,0.40848243
60,G400,Caron_2018,original,replaced,none,52,CSR,0.28005424,0.3698264,16053,0.40744582
60,G400,Caron_2018,original,replaced,GravIS,53,CSR,0.3003428,0.38163134,16053,0.40899923
60,G400,Caron_2018,original,original,none,54,CSR,0.2810824,0.36992225,16053,0.4074705
60,G400,Caron_2018,original,original,GravIS,55,CSR,0.30135417,0.3820733,16053,0.4090035
60,G400,Peltier_ICE6G_D,replaced,replaced,none,56,CSR,0.30176553,0.39224112,16053,0.42651626
60,G400,Peltier_ICE6G_D,replaced,replaced,GravIS,57,CSR,0.3205001,0.39400616,16053,0.42878714
60,G400,Peltier_ICE6G_D,replaced,original,none,58,CSR,0.30281836,0.39228734,16053,0.42640793
60,G400,Peltier_ICE6G_D,replaced,original,GravIS,59,CSR,0.3214876,0.3947622,16053,0.42900464
60,G400,Peltier_ICE6G_D,original,replaced,none,60,CSR,0.2984714,0.3846231,16053,0.42711958
60,G400,Peltier_ICE6G_D,original,replaced,GravIS,61,CSR,0.31629008,0.38573292,16053,0.42930457
60,G400,Peltier_ICE6G_D,original,original,none,62,CSR,0.29953057,0.38526425,16053,0.42707753
60,G400,Peltier_ICE6G_D,original,original,GravIS,63,CSR,0.3172772,0.38649252,16053,0.4294774
60,G500,none,replaced,replaced,none,64,CSR,0.335576,0.3866317,16053,0.42398384
60,G500,none,replaced,replaced,GravIS,65,CSR,0.31658342,0.36892408,16053,0.4249802
60,G500,none,replaced,original,none,66,CSR,0.33586666,0.38725558,16053,0.4239272
60,G500,none,replaced,original,GravIS,67,CSR,0.31667775,0.36909446,16053,0.42540285
60,G500,none,original,replaced,none,68,CSR,0.32897043,0.3767391,16053,0.42394912
60,G500,none,original,replaced,GravIS,69,CSR,0.31029147,0.36075938,16053,0.42389554
60,G500,none,original,original,none,70,CSR,0.32927763,0.3775746,16053,0.42409575
60,G500,none,original,original,GravIS,71,CSR,0.3104021,0.3615733,16053,0.42412528
60,G500,Geruo_ICE5G_VM2,replaced,replaced,none,72,CSR,0.2844503,0.36116102,16053,0.3645209
60,G500,Geruo_ICE5G_VM2,replaced,replaced,GravIS,73,CSR,0.2988735,0.35289496,16053,0.36518884
60,G500,Geruo_ICE5G_VM2,replaced,original,none,74,CSR,0.28560612,0.36206275,16053,0.36473763
60,G500,Geruo_ICE5G_VM2,replaced,original,GravIS,75,CSR,0.2998134,0.3533996,16053,0.36544728
60,G500,Geruo_ICE5G_VM2,original,replaced,none,76,CSR,0.27977902,0.3518196,16053,0.3630621
60,G500,Geruo_ICE5G_VM2,original,replaced,GravIS,77,CSR,0.29319483,0.34444314,16053,0.36500165
60,G500,Geruo_ICE5G_VM2,original,original,none,78,CSR,0.2809319,0.35305008,16053,0.3631947
60,G500,Geruo_ICE5G_VM2,original,original,GravIS,79,CSR,0.29412282,0.34463298,16053,0.36517987
60,G500,Caron_2018,replaced,replaced,none,80,CSR,0.25434515,0.34593597,16053,0.39903578
60,G500,Caron_2018,replaced,replaced,GravIS,81,CSR,0.28098312,0.36003268,16053,0.4011049
60,G500,Caron_2018,replaced,original,none,82,CSR,0.2555003,0.34712037,16053,0.39931116
60,G500,Caron_2018,replaced,original,GravIS,83,CSR,0.28212285,0.3612289,16053,0.40110174
60,G500,Caron_2018,original,replaced,none,84,CSR,0.2508334,0.33596796,16053,0.39857388
60,G500,Caron_2018,original,replaced,GravIS,85,CSR,0.27672192,0.35184887,16053,0.39984247
60,G500,Caron_2018,original,original,none,86,CSR,0.25199395,0.33802187,16053,0.39873153
60,G500,Caron_2018,original,original,GravIS,87,CSR,0.27784905,0.3537818,16053,0.39993292
60,G500,Peltier_ICE6G_D,replaced,replaced,none,88,CSR,0.27487925,0.35986397,16053,0.4138971
60,G500,Peltier_ICE6G_D,replaced,replaced,GravIS,89,CSR,0.29821292,0.36734903,16053,0.41660938
60,G500,Peltier_ICE6G_D,replaced,original,none,90,CSR,0.27607468,0.36050582,16053,0.4140781
60,G500,Peltier_ICE6G_D,replaced,original,GravIS,91,CSR,0.29932553,0.36752516,16053,0.41660428
60,G500,Peltier_ICE6G_D,original,replaced,none,92,CSR,0.271101,0.35139617,16053,0.41379863
60,G500,Peltier_ICE6G_D,original,replaced,GravIS,93,CSR,0.2934033,0.3559753,16053,0.4154853
60,G500,Peltier_ICE6G_D,original,original,none,94,CSR,0.27229857,0.35298017,16053,0.41368148
60,G500,Peltier_ICE6G_D,original,original,GravIS,95,CSR,0.29450294,0.35690644,16053,0.4151972
60,Swenson_G300,none,replaced,replaced,none,96,CSR,0.35576504,0.4250368,16053,0.4140365
60,Swenson_G300,none,replaced,replaced,GravIS,97,CSR,0.356972,0.41445404,16053,0.4179231
60,Swenson_G300,none,replaced,original,none,98,CSR,0.35679856,0.42605478,16053,0.41408294
60,Swenson_G300,none,replaced,original,GravIS,99,CSR,0.3577593,0.4158774,16053,0.41790977
60,Swenson_G300,none,original,replaced,none,100,CSR,0.35222548,0.42111737,16053,0.41545102
60,Swenson_G300,none,original,replaced,GravIS,101,CSR,0.3520964,0.40786126,16053,0.41869062
60,Swenson_G300,none,original,original,none,102,CSR,0.35326162,0.42157194,16053,0.41532925
60,Swenson_G300,none,original,original,GravIS,103,CSR,0.35288113,0.40802142,16053,0.41856554
60,Swenson_G300,Geruo_ICE5G_VM2,replaced,replaced,none,104,CSR,0.27762175,0.38182062,16053,0.36153886
60,Swenson_G300,Geruo_ICE5G_VM2,replaced,replaced,GravIS,105,CSR,0.30231228,0.39066252,16053,0.3631145
60,Swenson_G300,Geruo_ICE5G_VM2,replaced,original,none,106,CSR,0.27890578,0.38428485,16053,0.36185554
60,Swenson_G300,Geruo_ICE5G_VM2,replaced,original,GravIS,107,CSR,0.30358154,0.39289668,16053,0.36308005
60,Swenson_G300,Geruo_ICE5G_VM2,original,replaced,none,108,CSR,0.27505213,0.3796204,16053,0.36242726
60,Swenson_G300,Geruo_ICE5G_VM2,original,replaced,GravIS,109,CSR,0.29939488,0.38827088,16053,0.36401805
60,Swenson_G300,Geruo_ICE5G_VM2,original,original,none,110,CSR,0.2763248,0.38181856,16053,0.36240914
60,Swenson_G300,Geruo_ICE5G_VM2,original,original,GravIS,111,CSR,0.30066097,0.3900634,16053,0.36410534
60,Swenson_G300,Caron_2018,replaced,replaced,none,112,CSR,0.24685742,0.3497154,16053,0.36518505
60,Swenson_G300,Caron_2018,replaced,replaced,GravIS,113,CSR,0.27410388,0.3740469,16053,0.36718878
60,Swenson_G300,Caron_2018,replaced,original,none,114,CSR,0.24805047,0.35208547,16053,0.36533493
60,Swenson_G300,Caron_2018,replaced,original,GravIS,115,CSR,0.27532372,0.37615097,16053,0.36717466
60,Swenson_G300,Caron_2018,original,replaced,none,116,CSR,0.24437527,0.34665838,16053,0.36584243
60,Swenson_G300,Caron_2018,original,replaced,GravIS,117,CSR,0.27133402,0.37048954,16053,0.3673425
60,Swenson_G300,Caron_2018,original,original,none,118,CSR,0.2455532,0.34847602,16053,0.36591813
60,Swenson_G300,Caron_2018,original,original,GravIS,119,CSR,0.272544,0.3735907,16053,0.36739305
60,Swenson_G300,Peltier_ICE6G_D,replaced,replaced,none,120,CSR,0.2658838,0.36946043,16053,0.39043763
60,Swenson_G300,Peltier_ICE6G_D,replaced,replaced,GravIS,121,CSR,0.29299703,0.390405,16053,0.3924135
60,Swenson_G300,Peltier_ICE6G_D,replaced,original,none,122,CSR,0.26713333,0.3724185,16053,0.39046293
60,Swenson_G300,Peltier_ICE6G_D,replaced,original,GravIS,123,CSR,0.2942582,0.39123982,16053,0.3924387
60,Swenson_G300,Peltier_ICE6G_D,original,replaced,none,124,CSR,0.2634537,0.36737475,16053,0.39060625
60,Swenson_G300,Peltier_ICE6G_D,original,replaced,GravIS,125,CSR,0.29019588,0.3877862,16053,0.39288682
60,Swenson_G300,Peltier_ICE6G_D,original,original,none,126,CSR,0.26468623,0.36903375,16053,0.3906845
60,Swenson_G300,Peltier_ICE6G_D,original,original,GravIS,127,CSR,0.2914509,0.38841584,16053,0.3931318
60,Swenson_G500,none,replaced,replaced,none,128,CSR,0.3363578,0.39022407,16053,0.40420845
60,Swenson_G500,none,replaced,replaced,GravIS,129,CSR,0.32717872,0.36971432,16053,0.41196698
60,Swenson_G500,none,replaced,original,none,130,CSR,0.33750948,0.3914105,16053,0.40404615
60,Swenson_G500,none,replaced,original,GravIS,131,CSR,0.3278556,0.371993,16053,0.41174677
60,Swenson_G500,none,original,replaced,none,132,CSR,0.3305449,0.38129258,16053,0.40769994
60,Swenson_G500,none,original,replaced,GravIS,133,CSR,0.32018682,0.36062872,16053,0.41570064
60,Swenson_G500,none,original,original,none,134,CSR,0.33167464,0.38348708,16053,0.4076939
60,Swenson_G500,none,original,original,GravIS,135,CSR,0.32085675,0.36170837,16053,0.41538918
60,Swenson_G500,Geruo_ICE5G_VM2,replaced,replaced,none,136,CSR,0.23361997,0.31171963,16053,0.35121605
60,Swenson_G500,Geruo_ICE5G_VM2,replaced,replaced,GravIS,137,CSR,0.269485,0.34587526,16053,0.35698095
60,Swenson_G500,Geruo_ICE5G_VM2,replaced,original,none,138,CSR,0.23531686,0.31374788,16053,0.35138136
60,Swenson_G500,Geruo_ICE5G_VM2,replaced,original,GravIS,139,CSR,0.27111936,0.34783632,16053,0.35690224
60,Swenson_G500,Geruo_ICE5G_VM2,original,replaced,none,140,CSR,0.22970709,0.30906335,16053,0.35371852
60,Swenson_G500,Geruo_ICE5G_VM2,original,replaced,GravIS,141,CSR,0.2649606,0.33967793,16053,0.35919118
60,Swenson_G500,Geruo_ICE5G_VM2,original,original,none,142,CSR,0.23139887,0.3118976,16053,0.3537087
60,Swenson_G500,Geruo_ICE5G_VM2,original,original,GravIS,143,CSR,0.26657,0.34097028,16053,0.35919625
60,Swenson_G500,Caron_2018,replaced,replaced,none,144,CSR,0.19093555,0.271991,16053,0.353264
60,Swenson_G500,Caron_2018,replaced,replaced,GravIS,145,CSR,0.23287006,0.31880826,16053,0.3565432
60,Swenson_G500,Caron_2018,replaced,original,none,146,CSR,0.19238266,0.27518517,16053,0.35321122
60,Swenson_G500,Caron_2018,replaced,original,GravIS,147,CSR,0.23442969,0.32128075,16053,0.35667717
60,Swenson_G500,Caron_2018,original,replaced,none,148,CSR,0.18771546,0.26424855,16053,0.3544821
60,Swenson_G500,Caron_2018,original,replaced,GravIS,149,CSR,0.22933728,0.31401017,16053,0.35735455
60,Swenson_G500,Caron_2018,original,original,none,150,CSR,0.18915537,0.26732534,16053,0.3545567
60,Swenson_G500,Caron_2018,original,original,GravIS,151,CSR,0.2308831,0.31655017,16053,0.35731995
60,Swenson_G500,Peltier_ICE6G_D,replaced,replaced,none,152,CSR,0.21557596,0.29609343,16053,0.3746283
60,Swenson_G500,Peltier_ICE6G_D,replaced,replaced,GravIS,153,CSR,0.2565852,0.34045994,16053,0.38030466
60,Swenson_G500,Peltier_ICE6G_D,replaced,original,none,154,CSR,0.21716851,0.29833522,16053,0.37445483
60,Swenson_G500,Peltier_ICE6G_D,replaced,original,GravIS,155,CSR,0.25821358,0.34291252,16053,0.38039374
60,Swenson_G500,Peltier_ICE6G_D,original,replaced,none,156,CSR,0.21227552,0.28877944,16053,0.37738478
60,Swenson_G500,Peltier_ICE6G_D,original,replaced,GravIS,157,CSR,0.25287005,0.33234775,16053,0.3825431
60,Swenson_G500,Peltier_ICE6G_D,original,original,none,158,CSR,0.21385963,0.29120272,16053,0.37735346
60,Swenson_G500,Peltier_ICE6G_D,original,original,GravIS,159,CSR,0.2544835,0.33547565,16053,0.382644
60,DDK2,none,replaced,replaced,none,160,CSR,0.36534044,0.4165389,16053,0.43426052
60,DDK2,none,replaced,replaced,GravIS,161,CSR,0.35180923,0.3976037,16053,0.43149063
60,DDK2,none,replaced,original,none,162,CSR,0.36564457,0.4176547,16053,0.43482542
60,DDK2,none,replaced,original,GravIS,163,CSR,0.35187247,0.3980226,16053,0.4318107
60,DDK2,none,original,replaced,none,164,CSR,0.36081013,0.41014764,16053,0.4315637
60,DDK2,none,original,replaced,GravIS,165,CSR,0.34651256,0.39056236,16053,0.4286442
60,DDK2,none,original,original,none,166,CSR,0.36113498,0.41007757,16053,0.43233252
60,DDK2,none,original,original,GravIS,167,CSR,0.34660292,0.39134315,16053,0.4287717
60,DDK2,Geruo_ICE5G_VM2,replaced,replaced,none,168,CSR,0.32081512,0.40331018,16053,0.36911118
60,DDK2,Geruo_ICE5G_VM2,replaced,replaced,GravIS,169,CSR,0.33262432,0.40374783,16053,0.36892846
60,DDK2,Geruo_ICE5G_VM2,replaced,original,none,170,CSR,0.32167563,0.4041279,16053,0.3692849
60,DDK2,Geruo_ICE5G_VM2,replaced,original,GravIS,171,CSR,0.33336622,0.40357047,16053,0.3690956
60,DDK2,Geruo_ICE5G_VM2,original,replaced,none,172,CSR,0.31830227,0.4009195,16053,0.36768535
60,DDK2,Geruo_ICE5G_VM2,original,replaced,GravIS,173,CSR,0.3293456,0.39797917,16053,0.3683688
60,DDK2,Geruo_ICE5G_VM2,original,original,none,174,CSR,0.3191761,0.40161863,16053,0.36785287
60,DDK2,Geruo_ICE5G_VM2,original,original,GravIS,175,CSR,0.3300945,0.39801738,16053,0.36843285
60,DDK2,Caron_2018,replaced,replaced,none,176,CSR,0.29659992,0.3927304,16053,0.39070448
60,DDK2,Caron_2018,replaced,replaced,GravIS,177,CSR,0.3148421,0.39986566,16053,0.3896057
60,DDK2,Caron_2018,replaced,original,none,178,CSR,0.2974877,0.39380163,16053,0.39078823
60,DDK2,Caron_2018,replaced,original,GravIS,179,CSR,0.31572056,0.40015778,16053,0.389745
60,DDK2,Caron_2018,original,replaced,none,180,CSR,0.29419896,0.38879356,16053,0.3902706
60,DDK2,Caron_2018,original,replaced,GravIS,181,CSR,0.31216356,0.39625368,16053,0.38847524
60,DDK2,Caron_2018,original,original,none,182,CSR,0.29509497,0.38975927,16053,0.39031118
60,DDK2,Caron_2018,original,original,GravIS,183,CSR,0.31304628,0.3972878,16053,0.38856557
60,DDK2,Peltier_ICE6G_D,replaced,replaced,none,184,CSR,0.31418777,0.40525794,16053,0.4085653
60,DDK2,Peltier_ICE6G_D,replaced,replaced,GravIS,185,CSR,0.3307139,0.40690222,16053,0.4090353
60,DDK2,Peltier_ICE6G_D,replaced,original,none,186,CSR,0.31509358,0.4062356,16053,0.4085519
60,DDK2,Peltier_ICE6G_D,replaced,original,GravIS,187,CSR,0.33157247,0.4082013,16053,0.40898135
60,DDK2,Peltier_ICE6G_D,original,replaced,none,188,CSR,0.31165934,0.39988422,16053,0.40897736
60,DDK2,Peltier_ICE6G_D,original,replaced,GravIS,189,CSR,0.32758775,0.40322125,16053,0.40815935
60,DDK2,Peltier_ICE6G_D,original,original,none,190,CSR,0.31257388,0.40215218,16053,0.4091967
60,DDK2,Peltier_ICE6G_D,original,original,GravIS,191,CSR,0.32845116,0.40387195,16053,0.40837955
60,DDK3,none,replaced,replaced,none,192,CSR,0.38207042,0.4529878,16053,0.44010976
60,DDK3,none,replaced,replaced,GravIS,193,CSR,0.37671706,0.42628083,16053,0.43703726
60,DDK3,none,replaced,original,none,194,CSR,0.3824763,0.45273677,16053,0.44071263
60,DDK3,none,replaced,original,GravIS,195,CSR,0.37691358,0.42642936,16053,0.43711662
60,DDK3,none,original,replaced,none,196,CSR,0.37857422,0.4460707,16053,0.43815067
60,DDK3,none,original,replaced,GravIS,197,CSR,0.37247583,0.4211072,16053,0.43531913
60,DDK3,none,original,original,none,198,CSR,0.37899897,0.44567397,16053,0.43846512
60,DDK3,none,original,original,GravIS,199,CSR,0.37269098,0.42098847,16053,0.43535417
60,DDK3,Geruo_ICE5G_VM2,replaced,replaced,none,200,CSR,0.3391525,0.43255225,16053,0.3919769
60,DDK3,Geruo_ICE5G_VM2,replaced,replaced,GravIS,201,CSR,0.35011527,0.43434322,16053,0.39203125
60,DDK3,Geruo_ICE5G_VM2,replaced,original,none,202,CSR,0.3398808,0.43287763,16053,0.3921551
60,DDK3,Geruo_ICE5G_VM2,replaced,original,GravIS,203,CSR,0.3507848,0.4353377,16053,0.39199075
60,DDK3,Geruo_ICE5G_VM2,original,replaced,none,204,CSR,0.33734843,0.4291172,16053,0.39117247
60,DDK3,Geruo_ICE5G_VM2,original,replaced,GravIS,205,CSR,0.34790668,0.43089107,16053,0.39216664
60,DDK3,Geruo_ICE5G_VM2,original,original,none,206,CSR,0.33808705,0.42939776,16053,0.3911449
60,DDK3,Geruo_ICE5G_VM2,original,original,GravIS,207,CSR,0.3485809,0.43153086,16053,0.39220712
60,DDK3,Caron_2018,replaced,replaced,none,208,CSR,0.31925318,0.4157275,16053,0.4105943
60,DDK3,Caron_2018,replaced,replaced,GravIS,209,CSR,0.3328995,0.42634365,16053,0.4111572
60,DDK3,Caron_2018,replaced,original,none,210,CSR,0.31998566,0.4163332,16053,0.4106422
60,DDK3,Caron_2018,replaced,original,GravIS,211,CSR,0.3336264,0.4273716,16053,0.41104376
60,DDK3,Caron_2018,original,replaced,none,212,CSR,0.31718382,0.4142241,16053,0.41076946
60,DDK3,Caron_2018,original,replaced,GravIS,213,CSR,0.33083054,0.4230551,16053,0.41064045
60,DDK3,Caron_2018,original,original,none,214,CSR,0.3179214,0.41549942,16053,0.41099495
60,DDK3,Caron_2018,original,original,GravIS,215,CSR,0.33155972,0.42424393,16053,0.41083443
60,DDK3,Peltier_ICE6G_D,replaced,replaced,none,216,CSR,0.33448958,0.43041974,16053,0.42557672
60,DDK3,Peltier_ICE6G_D,replaced,replaced,GravIS,217,CSR,0.34720716,0.4350692,16053,0.42459685
60,DDK3,Peltier_ICE6G_D,replaced,original,none,218,CSR,0.33524328,0.43122378,16053,0.42569166
60,DDK3,Peltier_ICE6G_D,replaced,original,GravIS,219,CSR,0.34793687,0.43569311,16053,0.42476368
60,DDK3,Peltier_ICE6G_D,original,replaced,none,220,CSR,0.33216247,0.42644843,16053,0.42425224
60,DDK3,Peltier_ICE6G_D,original,replaced,GravIS,221,CSR,0.3447909,0.43052065,16053,0.42384496
60,DDK3,Peltier_ICE6G_D,original,original,none,222,CSR,0.33292547,0.42658633,16053,0.42475924
60,DDK3,Peltier_ICE6G_D,original,original,GravIS,223,CSR,0.34552175,0.4315655,16053,0.42382884
60,DDK5,none,replaced,replaced,none,224,CSR,0.38205406,0.46101126,16053,0.41900894
60,DDK5,none,replaced,replaced,GravIS,225,CSR,0.38046733,0.44413126,16053,0.41889307
60,DDK5,none,replaced,original,none,226,CSR,0.3824433,0.46079788,16053,0.41898337
60,DDK5,none,replaced,original,GravIS,227,CSR,0.38075453,0.443395,16053,0.41888675
60,DDK5,none,original,replaced,none,228,CSR,0.3793456,0.45628795,16053,0.41881904
60,DDK5,none,original,replaced,GravIS,229,CSR,0.3773988,0.4381707,16053,0.41832352
60,DDK5,none,original,original,none,230,CSR,0.3797381,0.45564884,16053,0.41868797
60,DDK5,none,original,original,GravIS,231,CSR,0.3776923,0.43850172,16053,0.41847372
60,DDK5,Geruo_ICE5G_VM2,replaced,replaced,none,232,CSR,0.34374467,0.44084674,16053,0.38387078
60,DDK5,Geruo_ICE5G_VM2,replaced,replaced,GravIS,233,CSR,0.3534233,0.44473678,16053,0.38143864
60,DDK5,Geruo_ICE5G_VM2,replaced,original,none,234,CSR,0.34436187,0.44356042,16053,0.38396895
60,DDK5,Geruo_ICE5G_VM2,replaced,original,GravIS,235,CSR,0.35399172,0.44462094,16053,0.38227198
60,DDK5,Geruo_ICE5G_VM2,original,replaced,none,236,CSR,0.34234604,0.4394086,16053,0.38274938
60,DDK5,Geruo_ICE5G_VM2,original,replaced,GravIS,237,CSR,0.35181487,0.44288242,16053,0.38107038
60,DDK5,Geruo_ICE5G_VM2,original,original,none,238,CSR,0.34296435,0.44026303,16053,0.38283125
60,DDK5,Geruo_ICE5G_VM2,original,original,GravIS,239,CSR,0.35238737,0.44284,16053,0.3811491
60,DDK5,Caron_2018,replaced,replaced,none,240,CSR,0.3275597,0.4285109,16053,0.3954487
60,DDK5,Caron_2018,replaced,replaced,GravIS,241,CSR,0.33871648,0.4383073,16053,0.39536244
60,DDK5,Caron_2018,replaced,original,none,242,CSR,0.3281885,0.42931604,16053,0.39548546
60,DDK5,Caron_2018,replaced,original,GravIS,243,CSR,0.33932456,0.43852398,16053,0.39550167
60,DDK5,Caron_2018,original,replaced,none,244,CSR,0.32579875,0.4277009,16053,0.3955214
60,DDK5,Caron_2018,original,replaced,GravIS,245,CSR,0.3370293,0.43751404,16053,0.39547512
60,DDK5,Caron_2018,original,original,none,246,CSR,0.32642558,0.4281058,16053,0.3955539
60,DDK5,Caron_2018,original,original,GravIS,247,CSR,0.3376395,0.43706685,16053,0.3954912
60,DDK5,Peltier_ICE6G_D,replaced,replaced,none,248,CSR,0.34068367,0.44030347,16053,0.4076736
60,DDK5,Peltier_ICE6G_D,replaced,replaced,GravIS,249,CSR,0.35133147,0.4461664,16053,0.40799335
60,DDK5,Peltier_ICE6G_D,replaced,original,none,250,CSR,0.3413291,0.4406784,16053,0.40779582
60,DDK5,Peltier_ICE6G_D,replaced,original,GravIS,251,CSR,0.35194376,0.4455944,16053,0.4082843
60,DDK5,Peltier_ICE6G_D,original,replaced,none,252,CSR,0.33870137,0.43809757,16053,0.4076748
60,DDK5,Peltier_ICE6G_D,original,replaced,GravIS,253,CSR,0.34941748,0.44372115,16053,0.4074467
60,DDK5,Peltier_ICE6G_D,original,original,none,254,CSR,0.33934456,0.4383807,16053,0.40772423
60,DDK5,Peltier_ICE6G_D,original,original,GravIS,255,CSR,0.3500319,0.44366568,16053,0.4074963
60,DDK7,none,replaced,replaced,none,256,CSR,0.36369973,0.42968366,16053,0.38107923
60,DDK7,none,replaced,replaced,GravIS,257,CSR,0.3614396,0.41574633,16053,0.3794331
60,DDK7,none,replaced,original,none,258,CSR,0.3639573,0.43032998,16053,0.3810942
60,DDK7,none,replaced,original,GravIS,259,CSR,0.36161035,0.4155011,16053,0.37954456
60,DDK7,none,original,replaced,none,260,CSR,0.36104935,0.4265709,16053,0.3799188
60,DDK7,none,original,replaced,GravIS,261,CSR,0.35851663,0.4126341,16053,0.37867972
60,DDK7,none,original,original,none,262,CSR,0.3613128,0.42608935,16053,0.37992194
60,DDK7,none,original,original,GravIS,263,CSR,0.35869613,0.41252658,16053,0.37878317
60,DDK7,Geruo_ICE5G_VM2,replaced,replaced,none,264,CSR,0.33344907,0.41713402,16053,0.3536312
60,DDK7,Geruo_ICE5G_VM2,replaced,replaced,GravIS,265,CSR,0.340602,0.41415834,16053,0.35298765
60,DDK7,Geruo_ICE5G_VM2,replaced,original,none,266,CSR,0.33388335,0.41733256,16053,0.35378698
60,DDK7,Geruo_ICE5G_VM2,replaced,original,GravIS,267,CSR,0.34097677,0.4138453,16053,0.35312828
60,DDK7,Geruo_ICE5G_VM2,original,replaced,none,268,CSR,0.33188674,0.4138067,16053,0.35246983
60,DDK7,Geruo_ICE5G_VM2,original,replaced,GravIS,269,CSR,0.33882517,0.41222462,16053,0.35251167
60,DDK7,Geruo_ICE5G_VM2,original,original,none,270,CSR,0.33233064,0.41419855,16053,0.35253277
60,DDK7,Geruo_ICE5G_VM2,original,original,GravIS,271,CSR,0.3392145,0.41203326,16053,0.35237023
60,DDK7,Caron_2018,replaced,replaced,none,272,CSR,0.32157,0.41788408,16053,0.367389
60,DDK7,Caron_2018,replaced,replaced,GravIS,273,CSR,0.33073956,0.41873413,16053,0.36567223
60,DDK7,Caron_2018,replaced,original,none,274,CSR,0.32203257,0.41857472,16053,0.3674047
60,DDK7,Caron_2018,replaced,original,GravIS,275,CSR,0.33117297,0.41882172,16053,0.36571053
60,DDK7,Caron_2018,original,replaced,none,276,CSR,0.319807,0.41627413,16053,0.36634648
60,DDK7,Caron_2018,original,replaced,GravIS,277,CSR,0.32898453,0.41613823,16053,0.36527854
60,DDK7,Caron_2018,original,original,none,278,CSR,0.3202826,0.41703254,16053,0.36646384
60,DDK7,Caron_2018,original,original,GravIS,279,CSR,0.32943282,0.41647753,16053,0.36528686
60,DDK7,Peltier_ICE6G_D,replaced,replaced,none,280,CSR,0.3327178,0.42389342,16053,0.3771132
60,DDK7,Peltier_ICE6G_D,replaced,replaced,GravIS,281,CSR,0.34113577,0.41811326,16053,0.37662953
60,DDK7,Peltier_ICE6G_D,replaced,original,none,282,CSR,0.3331857,0.42417684,16053,0.37725407
60,DDK7,Peltier_ICE6G_D,replaced,original,GravIS,283,CSR,0.3415608,0.41836977,16053,0.37669882
60,DDK7,Peltier_ICE6G_D,original,replaced,none,284,CSR,0.3307932,0.42214054,16053,0.3768093
60,DDK7,Peltier_ICE6G_D,original,replaced,GravIS,285,CSR,0.33916637,0.41675594,16053,0.37637103
60,DDK7,Peltier_ICE6G_D,original,original,none,286,CSR,0.33127424,0.42207828,16053,0.37692726
60,DDK7,Peltier_ICE6G_D,original,original,GravIS,287,CSR,0.33960497,0.4166249,16053,0.3764476
60,DDK8,none,replaced,replaced,none,288,CSR,0.35422438,0.41528347,16053,0.37065217
60,DDK8,none,replaced,replaced,GravIS,289,CSR,0.35194135,0.40514156,16053,0.36974174
60,DDK8,none,replaced,original,none,290,CSR,0.35446897,0.41510263,16053,0.37076354
60,DDK8,none,replaced,original,GravIS,291,CSR,0.3521051,0.40530732,16053,0.36995798
60,DDK8,none,original,replaced,none,292,CSR,0.3515202,0.41230416,16053,0.37021756
60,DDK8,none,original,replaced,GravIS,293,CSR,0.34898865,0.4006104,16053,0.36887416
60,DDK8,none,original,original,none,294,CSR,0.35176864,0.41195047,16053,0.37013727
60,DDK8,none,original,original,GravIS,295,CSR,0.3491596,0.4007617,16053,0.36899155
60,DDK8,Geruo_ICE5G_VM2,replaced,replaced,none,296,CSR,0.32630563,0.40199482,16053,0.34509718
60,DDK8,Geruo_ICE5G_VM2,replaced,replaced,GravIS,297,CSR,0.33275637,0.3995926,16053,0.34451768
60,DDK8,Geruo_ICE5G_VM2,replaced,original,none,298,CSR,0.32671577,0.40235972,16053,0.34518155
60,DDK8,Geruo_ICE5G_VM2,replaced,original,GravIS,299,CSR,0.33310896,0.39999154,16053,0.3446778
60,DDK8,Geruo_ICE5G_VM2,original,replaced,none,300,CSR,0.3246419,0.40042073,16053,0.34488192
60,DDK8,Geruo_ICE5G_VM2,original,replaced,GravIS,301,CSR,0.3308841,0.3975796,16053,0.34389246
60,DDK8,Geruo_ICE5G_VM2,original,original,none,302,CSR,0.32505897,0.39940062,16053,0.34464318
60,DDK8,Geruo_ICE5G_VM2,original,original,GravIS,303,CSR,0.33124673,0.39807987,16053,0.344147
60,DDK8,Caron_2018,replaced,replaced,none,304,CSR,0.31585968,0.40572512,16053,0.35584348
60,DDK8,Caron_2018,replaced,replaced,GravIS,305,CSR,0.3244664,0.4034622,16053,0.35547426
60,DDK8,Caron_2018,replaced,original,none,306,CSR,0.31630284,0.406224,16053,0.35633644
60,DDK8,Caron_2018,replaced,original,GravIS,307,CSR,0.3248771,0.4034622,16053,0.35557997
60,DDK8,Caron_2018,original,replaced,none,308,CSR,0.31406838,0.40415227,16053,0.35528108
60,DDK8,Caron_2018,original,replaced,GravIS,309,CSR,0.32266408,0.4007615,16053,0.35532907
60,DDK8,Caron_2018,original,original,none,310,CSR,0.314519,0.40447888,16053,0.3554492
60,DDK8,Caron_2018,original,original,GravIS,311,CSR,0.32308555,0.40122828,16053,0.35534462
60,DDK8,Peltier_ICE6G_D,replaced,replaced,none,312,CSR,0.32641798,0.40885058,16053,0.36584958
60,DDK8,Peltier_ICE6G_D,replaced,replaced,GravIS,313,CSR,0.33413097,0.4038729,16053,0.3653664
60,DDK8,Peltier_ICE6G_D,replaced,original,none,314,CSR,0.32686746,0.4088773,16053,0.3658994
60,DDK8,Peltier_ICE6G_D,replaced,original,GravIS,315,CSR,0.3345335,0.40423164,16053,0.36539483
60,DDK8,Peltier_ICE6G_D,original,replaced,none,316,CSR,0.32445556,0.40700412,16053,0.36490983
60,DDK8,Peltier_ICE6G_D,original,replaced,GravIS,317,CSR,0.33208495,0.40177926,16053,0.36480778
60,DDK8,Peltier_ICE6G_D,original,original,none,318,CSR,0.32490948,0.40653053,16053,0.36487874
60,DDK8,Peltier_ICE6G_D,original,original,GravIS,319,CSR,0.33249563,0.40227327,16053,0.3648687
96,G300,none,replaced,replaced,none,320,CSR,0.36968607,0.4225839,16053,0.46226612
96,G300,none,replaced,replaced,GravIS,321,CSR,0.35785782,0.40533894,16053,0.46191785
96,G300,none,replaced,original,none,322,CSR,0.36998227,0.42232883,16053,0.4623936
96,G300,none,replaced,original,GravIS,323,CSR,0.3579548,0.4055002,16053,0.46178988
96,G300,none,original,replaced,none,324,CSR,0.36522457,0.41234568,16053,0.46220952
96,G300,none,original,replaced,GravIS,325,CSR,0.35262632,0.3978089,16053,0.46192482
96,G300,none,original,original,none,326,CSR,0.36554033,0.41338608,16053,0.46247333
96,G300,none,original,original,GravIS,327,CSR,0.3527477,0.3980296,16053,0.46200615
96,G300,Geruo_ICE5G_VM2,replaced,replaced,none,328,CSR,0.33389,0.41487417,16053,0.408335
96,G300,Geruo_ICE5G_VM2,replaced,replaced,GravIS,329,CSR,0.3424674,0.4090763,16053,0.4076246
96,G300,Geruo_ICE5G_VM2,replaced,original,none,330,CSR,0.3346833,0.41634423,16053,0.4084134
96,G300,Geruo_ICE5G_VM2,replaced,original,GravIS,331,CSR,0.34312692,0.41041505,16053,0.40782446
96,G300,Geruo_ICE5G_VM2,original,replaced,none,332,CSR,0.3311665,0.41016585,16053,0.40630952
96,G300,Geruo_ICE5G_VM2,original,replaced,GravIS,333,CSR,0.33912268,0.4049508,16053,0.40636617
96,G300,Geruo_ICE5G_VM2,original,original,none,334,CSR,0.3319705,0.4116575,16053,0.40656614
96,G300,Geruo_ICE5G_VM2,original,original,GravIS,335,CSR,0.33979654,0.4045722,16053,0.40673435
96,G300,Caron_2018,replaced,replaced,none,336,CSR,0.31579155,0.41215158,16053,0.41841197
96,G300,Caron_2018,replaced,replaced,GravIS,337,CSR,0.32997102,0.41374782,16053,0.4203485
96,G300,Caron_2018,replaced,original,none,338,CSR,0.3166374,0.41311827,16053,0.41859764
96,G300,Caron_2018,replaced,original,GravIS,339,CSR,0.33077508,0.41449136,16053,0.4204453
96,G300,Caron_2018,original,replaced,none,340,CSR,0.313098,0.4044183,16053,0.41890445
96,G300,Caron_2018,original,replaced,GravIS,341,CSR,0.32701036,0.4087174,16053,0.42013836
96,G300,Caron_2018,original,original,none,342,CSR,0.31395283,0.4054973,16053,0.41900024
96,G300,Caron_2018,original,original,GravIS,343,CSR,0.3278275,0.40853724,16053,0.4201137
96,G300,Peltier_ICE6G_D,replaced,replaced,none,344,CSR,0.33080852,0.42321363,16053,0.44086903
96,G300,Peltier_ICE6G_D,replaced,replaced,GravIS,345,CSR,0.34362072,0.42389748,16053,0.44167686
96,G300,Peltier_ICE6G_D,replaced,original,none,346,CSR,0.33166063,0.4233667,16053,0.44078267
96,G300,Peltier_ICE6G_D,replaced,original,GravIS,347,CSR,0.34439072,0.42452955,16053,0.44147247
96,G300,Peltier_ICE6G_D,original,replaced,none,348,CSR,0.32803386,0.41724604,16053,0.4404453
96,G300,Peltier_ICE6G_D,original,replaced,GravIS,349,CSR,0.3402704,0.4162921,16053,0.44227928
96,G300,Peltier_ICE6G_D,original,original,none,350,CSR,0.32889664,0.4175661,16053,0.44063464
96,G300,Peltier_ICE6G_D,original,original,GravIS,351,CSR,0.3410546,0.4162699,16053,0.44235262
96,G400,none,replaced,replaced,none,352,CSR,0.35774395,0.40655193,16053,0.43463215
96,G400,none,replaced,replaced,GravIS,353,CSR,0.3403717,0.3918954,16053,0.43666694
96,G400,none,replaced,original,none,354,CSR,0.35805148,0.40728274,16053,0.43449855
96,G400,none,replaced,original,GravIS,355,CSR,0.34047672,0.39266047,16053,0.43647867
96,G400,none,original,replaced,none,356,CSR,0.3518919,0.39958403,16053,0.43450928
96,G400,none,original,replaced,GravIS,357,CSR,0.334269,0.3829379,16053,0.435143
96,G400,none,original,original,none,358,CSR,0.35222065,0.40052244,16053,0.4348066
96,G400,none,original,original,GravIS,359,CSR,0.33439985,0.3842477,16053,0.43531898
96,G400,Geruo_ICE5G_VM2,replaced,replaced,none,360,CSR,0.31472462,0.3949375,16053,0.3792599
96,G400,Geruo_ICE5G_VM2,replaced,replaced,GravIS,361,CSR,0.32605562,0.38945112,16053,0.37698495
96,G400,Geruo_ICE5G_VM2,replaced,original,none,362,CSR,0.3157839,0.3961136,16053,0.37973654
96,G400,Geruo_ICE5G_VM2,replaced,original,GravIS,363,CSR,0.32693544,0.38991266,16053,0.37772423
96,G400,Geruo_ICE5G_VM2,original,replaced,none,364,CSR,0.3109804,0.38901767,16053,0.37518203
96,G400,Geruo_ICE5G_VM2,original,replaced,GravIS,365,CSR,0.32136407,0.38070604,16053,0.3740116
96,G400,Geruo_ICE5G_VM2,original,original,none,366,CSR,0.31204796,0.39032835,16053,0.37598553
96,G400,Geruo_ICE5G_VM2,original,original,GravIS,367,CSR,0.32224602,0.3816201,16053,0.37461877
96,G400,Caron_2018,replaced,replaced,none,368,CSR,0.2892849,0.38668057,16053,0.41017586
96,G400,Caron_2018,replaced,replaced,GravIS,369,CSR,0.3100434,0.39184213,16053,0.41162694
96,G400,Caron_2018,replaced,original,none,370,CSR,0.2903694,0.38763723,16053,0.41020134
96,G400,Caron_2018,replaced,original,GravIS,371,CSR,0.3111051,0.39260012,16053,0.41181275
96,G400,Caron_2018,original,replaced,none,372,CSR,0.2861003,0.3789036,16053,0.4106129
96,G400,Caron_2018,original,replaced,GravIS,373,CSR,0.30628413,0.3866506,16053,0.41115353
96,G400,Caron_2018,original,original,none,374,CSR,0.28719416,0.38022113,16053,0.41059622
96,G400,Caron_2018,original,original,GravIS,375,CSR,0.3073495,0.38734993,16053,0.41115004
96,G400,Peltier_ICE6G_D,replaced,replaced,none,376,CSR,0.30779845,0.39833724,16053,0.43071678
96,G400,Peltier_ICE6G_D,replaced,replaced,GravIS,377,CSR,0.32622117,0.40015957,16053,0.43234694
96,G400,Peltier_ICE6G_D,replaced,original,none,378,CSR,0.3089107,0.4004,16053,0.43069336
96,G400,Peltier_ICE6G_D,replaced,original,GravIS,379,CSR,0.32725412,0.40078643,16053,0.43223718
96,G400,Peltier_ICE6G_D,original,replaced,none,380,CSR,0.30448848,0.3914464,16053,0.43021187
96,G400,Peltier_ICE6G_D,original,replaced,GravIS,381,CSR,0.32197532,0.39108336,16053,0.4312976
96,G400,Peltier_ICE6G_D,original,original,none,382,CSR,0.30561003,0.39156765,16053,0.43038014
96,G400,Peltier_ICE6G_D,original,original,GravIS,383,CSR,0.32301,0.39156508,16053,0.43138927
96,G500,none,replaced,replaced,none,384,CSR,0.337444,0.38879067,16053,0.42425296
96,G500,none,replaced,replaced,GravIS,385,CSR,0.31845072,0.37219268,16053,0.4250679
96,G500,none,replaced,original,none,386,CSR,0.33778465,0.3896233,16053,0.42431563
96,G500,none,replaced,original,GravIS,387,CSR,0.31858253,0.37332013,16053,0.42548588
96,G500,none,original,replaced,none,388,CSR,0.33083087,0.37928203,16053,0.4241516
96,G500,none,original,replaced,GravIS,389,CSR,0.31216455,0.36312863,16053,0.4235653
96,G500,none,original,original,none,390,CSR,0.33118638,0.37993982,16053,0.42444593
96,G500,none,original,original,GravIS,391,CSR,0.31230995,0.3643844,16053,0.42400134
96,G500,Geruo_ICE5G_VM2,replaced,replaced,none,392,CSR,0.2867708,0.36385557,16053,0.36597842
96,G500,Geruo_ICE5G_VM2,replaced,replaced,GravIS,393,CSR,0.30126414,0.3569632,16053,0.36714464
96,G500,Geruo_ICE5G_VM2,replaced,original,none,394,CSR,0.28799585,0.3653765,16053,0.366045
96,G500,Geruo_ICE5G_VM2,replaced,original,GravIS,395,CSR,0.30225426,0.3573547,16053,0.36734948
96,G500,Geruo_ICE5G_VM2,original,replaced,none,396,CSR,0.28206858,0.35578936,16053,0.36470562
96,G500,Geruo_ICE5G_VM2,original,replaced,GravIS,397,CSR,0.29554552,0.3474013,16053,0.36740786
96,G500,Geruo_ICE5G_VM2,original,original,none,398,CSR,0.28329077,0.35557383,16053,0.36490145
96,G500,Geruo_ICE5G_VM2,original,original,GravIS,399,CSR,0.29652184,0.34938064,16053,0.36750287
96,G500,Caron_2018,replaced,replaced,none,400,CSR,0.25617185,0.3463995,16053,0.400821
96,G500,Caron_2018,replaced,replaced,GravIS,401,CSR,0.2834042,0.36306852,16053,0.40209377
96,G500,Caron_2018,replaced,original,none,402,CSR,0.25740206,0.34896433,16053,0.40096
96,G500,Caron_2018,replaced,original,GravIS,403,CSR,0.28460637,0.36558998,16053,0.40227732
96,G500,Caron_2018,original,replaced,none,404,CSR,0.25267845,0.33808732,16053,0.4000847
96,G500,Caron_2018,original,replaced,GravIS,405,CSR,0.27913544,0.35410357,16053,0.40095767
96,G500,Caron_2018,original,original,none,406,CSR,0.25391272,0.33969206,16053,0.4003595
96,G500,Caron_2018,original,original,GravIS,407,CSR,0.28032717,0.35511285,16053,0.40131631
96,G500,Peltier_ICE6G_D,replaced,replaced,none,408,CSR,0.27702296,0.36162156,16053,0.41486982
96,G500,Peltier_ICE6G_D,replaced,replaced,GravIS,409,CSR,0.30074412,0.37102368,16053,0.4170412
96,G500,Peltier_ICE6G_D,replaced,original,none,410,CSR,0.27829278,0.3638072,16053,0.41503915
96,G500,Peltier_ICE6G_D,replaced,original,GravIS,411,CSR,0.30191383,0.37121296,16053,0.41684395
96,G500,Peltier_ICE6G_D,original,replaced,none,412,CSR,0.27325097,0.3544272,16053,0.41464496
96,G500,Peltier_ICE6G_D,original,replaced,GravIS,413,CSR,0.2959127,0.35956225,16053,0.41608775
96,G500,Peltier_ICE6G_D,original,original,none,414,CSR,0.2745208,0.35609573,16053,0.41484705
96,G500,Peltier_ICE6G_D,original,original,GravIS,415,CSR,0.29706985,0.3593915,16053,0.4162113
96,Swenson_G300,none,replaced,replaced,none,416,CSR,0.35143918,0.42147115,16053,0.41767204
96,Swenson_G300,none,replaced,replaced,GravIS,417,CSR,0.35345486,0.41066897,16053,0.4209388
96,Swenson_G300,none,replaced,original,none,418,CSR,0.35254,0.42222556,16053,0.41784915
96,Swenson_G300,none,replaced,original,GravIS,419,CSR,0.35428774,0.4111617,16053,0.42062438
96,Swenson_G300,none,original,replaced,none,420,CSR,0.3478371,0.41580093,16053,0.41806233
96,Swenson_G300,none,original,replaced,GravIS,421,CSR,0.34853774,0.402278,16053,0.42155185
96,Swenson_G300,none,original,original,none,422,CSR,0.3489422,0.4163439,16053,0.4180921
96,Swenson_G300,none,original,original,GravIS,423,CSR,0.34936935,0.4033273,16053,0.42131695
96,Swenson_G300,Geruo_ICE5G_VM2,replaced,replaced,none,424,CSR,0.27076602,0.37460592,16053,0.36127982
96,Swenson_G300,Geruo_ICE5G_VM2,replaced,replaced,GravIS,425,CSR,0.29698014,0.38625178,16053,0.36369926
96,Swenson_G300,Geruo_ICE5G_VM2,replaced,original,none,426,CSR,0.27211562,0.37596154,16053,0.36142126
96,Swenson_G300,Geruo_ICE5G_VM2,replaced,original,GravIS,427,CSR,0.2983113,0.38750502,16053,0.3635855
96,Swenson_G300,Geruo_ICE5G_VM2,original,replaced,none,428,CSR,0.2681755,0.37196493,16053,0.36265013
96,Swenson_G300,Geruo_ICE5G_VM2,original,replaced,GravIS,429,CSR,0.2940296,0.3814277,16053,0.36454538
96,Swenson_G300,Geruo_ICE5G_VM2,original,original,none,430,CSR,0.26951247,0.3746069,16053,0.36282218
96,Swenson_G300,Geruo_ICE5G_VM2,original,original,GravIS,431,CSR,0.29535973,0.38374576,16053,0.36452192
96,Swenson_G300,Caron_2018,replaced,replaced,none,432,CSR,0.23942335,0.34329093,16053,0.36441466
96,Swenson_G300,Caron_2018,replaced,replaced,GravIS,433,CSR,0.26834866,0.37160107,16053,0.36703455
96,Swenson_G300,Caron_2018,replaced,original,none,434,CSR,0.24068289,0.34605137,16053,0.3642695
96,Swenson_G300,Caron_2018,replaced,original,GravIS,435,CSR,0.2696278,0.37269685,16053,0.36689225
96,Swenson_G300,Caron_2018,original,replaced,none,436,CSR,0.23690654,0.33983105,16053,0.3651491
96,Swenson_G300,Caron_2018,original,replaced,GravIS,437,CSR,0.26555395,0.36863375,16053,0.36807072
96,Swenson_G300,Caron_2018,original,original,none,438,CSR,0.23814726,0.34150708,16053,0.3653232
96,Swenson_G300,Caron_2018,original,original,GravIS,439,CSR,0.26682594,0.37089813,16053,0.3680007
96,Swenson_G300,Peltier_ICE6G_D,replaced,replaced,none,440,CSR,0.25867572,0.36378983,16053,0.39026088
96,Swenson_G300,Peltier_ICE6G_D,replaced,replaced,GravIS,441,CSR,0.28742963,0.38595557,16053,0.39219317
96,Swenson_G300,Peltier_ICE6G_D,replaced,original,none,442,CSR,0.25999117,0.3656205,16053,0.3901822
96,Swenson_G300,Peltier_ICE6G_D,replaced,original,GravIS,443,CSR,0.28875068,0.38700908,16053,0.39220387
96,Swenson_G300,Peltier_ICE6G_D,original,replaced,none,444,CSR,0.25621703,0.36170465,16053,0.3901599
96,Swenson_G300,Peltier_ICE6G_D,original,replaced,GravIS,445,CSR,0.28459597,0.3822549,16053,0.39281216
96,Swenson_G300,Peltier_ICE6G_D,original,original,none,446,CSR,0.2575187,0.36350122,16053,0.39026618
96,Swenson_G300,Peltier_ICE6G_D,original,original,GravIS,447,CSR,0.2859154,0.38415316,16053,0.39280412
96,Swenson_G500,none,replaced,replaced,none,448,CSR,0.33549646,0.3897531,16053,0.40505347
96,Swenson_G500,none,replaced,replaced,GravIS,449,CSR,0.3266256,0.37126726,16053,0.41227758
96,Swenson_G500,none,replaced,original,none,450,CSR,0.3367144,0.3916396,16053,0.40500823
96,Swenson_G500,none,replaced,original,GravIS,451,CSR,0.3273442,0.37260234,16053,0.41220823
96,Swenson_G500,none,original,replaced,none,452,CSR,0.32963496,0.38034138,16053,0.40840888
96,Swenson_G500,none,original,replaced,GravIS,453,CSR,0.31961462,0.36170918,16053,0.41627532
96,Swenson_G500,none,original,original,none,454,CSR,0.3308303,0.38105637,16053,0.40825176
96,Swenson_G500,none,original,original,GravIS,455,CSR,0.32032698,0.36302376,16053,0.4159846
96,Swenson_G500,Geruo_ICE5G_VM2,replaced,replaced,none,456,CSR,0.22933991,0.30193514,16053,0.3519816
96,Swenson_G500,Geruo_ICE5G_VM2,replaced,replaced,GravIS,457,CSR,0.2671643,0.34251362,16053,0.35745198
96,Swenson_G500,Geruo_ICE5G_VM2,replaced,original,none,458,CSR,0.23113269,0.3053622,16053,0.35196415
96,Swenson_G500,Geruo_ICE5G_VM2,replaced,original,GravIS,459,CSR,0.26889056,0.3452711,16053,0.35754645
96,Swenson_G500,Geruo_ICE5G_VM2,original,replaced,none,460,CSR,0.22539711,0.29914317,16053,0.35453933
96,Swenson_G500,Geruo_ICE5G_VM2,original,replaced,GravIS,461,CSR,0.26259795,0.3368798,16053,0.35983443
96,Swenson_G500,Geruo_ICE5G_VM2,original,original,none,462,CSR,0.22718792,0.30220306,16053,0.3546236
96,Swenson_G500,Geruo_ICE5G_VM2,original,original,GravIS,463,CSR,0.26429877,0.3381276,16053,0.35975516
96,Swenson_G500,Caron_2018,replaced,replaced,none,464,CSR,0.1853952,0.2621388,16053,0.3537086
96,Swenson_G500,Caron_2018,replaced,replaced,GravIS,465,CSR,0.22934294,0.3136438,16053,0.35703474
96,Swenson_G500,Caron_2018,replaced,original,none,466,CSR,0.18690756,0.26494464,16053,0.35366598
96,Swenson_G500,Caron_2018,replaced,original,GravIS,467,CSR,0.23099352,0.31666777,16053,0.35702178
96,Swenson_G500,Caron_2018,original,replaced,none,468,CSR,0.1821701,0.25569728,16053,0.35536027
96,Swenson_G500,Caron_2018,original,replaced,GravIS,469,CSR,0.22581574,0.30651274,16053,0.3577694
96,Swenson_G500,Caron_2018,original,original,none,470,CSR,0.18367755,0.25712627,16053,0.3552846
96,Swenson_G500,Caron_2018,original,original,GravIS,471,CSR,0.22745243,0.30923072,16053,0.35788333
96,Swenson_G500,Peltier_ICE6G_D,replaced,replaced,none,472,CSR,0.21050902,0.2883626,16053,0.3750717
96,Swenson_G500,Peltier_ICE6G_D,replaced,replaced,GravIS,473,CSR,0.25366995,0.33532575,16053,0.38128012
96,Swenson_G500,Peltier_ICE6G_D,replaced,original,none,474,CSR,0.21218848,0.2902109,16053,0.37493753
96,Swenson_G500,Peltier_ICE6G_D,replaced,original,GravIS,475,CSR,0.25539175,0.33763894,16053,0.38121012
96,Swenson_G500,Peltier_ICE6G_D,original,replaced,none,476,CSR,0.20720753,0.2800819,16053,0.37829816
96,Swenson_G500,Peltier_ICE6G_D,original,replaced,GravIS,477,CSR,0.24995033,0.3283309,16053,0.3833082
96,Swenson_G500,Peltier_ICE6G_D,original,original,none,478,CSR,0.20888247,0.28399524,16053,0.37812108
96,Swenson_G500,Peltier_ICE6G_D,original,original,GravIS,479,CSR,0.25165692,0.33017245,16053,0.38334715
96,DDK2,none,replaced,replaced,none,480,CSR,0.36554915,0.4161924,16053,0.43333653
96,DDK2,none,replaced,replaced,GravIS,481,CSR,0.35217857,0.39734367,16053,0.43036103
96,DDK2,none,replaced,original,none,482,CSR,0.36588383,0.4159805,16053,0.4338038
96,DDK2,none,replaced,original,GravIS,483,CSR,0.35227725,0.39783806,16053,0.430699
96,DDK2,none,original,replaced,none,484,CSR,0.36103636,0.40896404,16053,0.4311452
96,DDK2,none,original,replaced,GravIS,485,CSR,0.34695137,0.39256787,16053,0.4286961
96,DDK2,none,original,original,none,486,CSR,0.36138958,0.40939152,16053,0.4318092
96,DDK2,none,original,original,GravIS,487,CSR,0.3470725,0.3933655,16053,0.428619
96,DDK2,Geruo_ICE5G_VM2,replaced,replaced,none,488,CSR,0.32157913,0.4063587,16053,0.37265372
96,DDK2,Geruo_ICE5G_VM2,replaced,replaced,GravIS,489,CSR,0.33348608,0.4063699,16053,0.37119243
96,DDK2,Geruo_ICE5G_VM2,replaced,original,none,490,CSR,0.32249296,0.4065306,16053,0.37291807
96,DDK2,Geruo_ICE5G_VM2,replaced,original,GravIS,491,CSR,0.33426413,0.40665564,16053,0.37144464
96,DDK2,Geruo_ICE5G_VM2,original,replaced,none,492,CSR,0.31901503,0.40248448,16053,0.37045595
96,DDK2,Geruo_ICE5G_VM2,original,replaced,GravIS,493,CSR,0.33017266,0.4006604,16053,0.37038815
96,DDK2,Geruo_ICE5G_VM2,original,original,none,494,CSR,0.31993827,0.40373912,16053,0.37113702
96,DDK2,Geruo_ICE5G_VM2,original,original,GravIS,495,CSR,0.3309528,0.4013302,16053,0.37052524
96,DDK2,Caron_2018,replaced,replaced,none,496,CSR,0.2970752,0.39314905,16053,0.39244866
96,DDK2,Caron_2018,replaced,replaced,GravIS,497,CSR,0.31607643,0.40208638,16053,0.39105454
96,DDK2,Caron_2018,replaced,original,none,498,CSR,0.29803196,0.3946717,16053,0.39278758
96,DDK2,Caron_2018,replaced,original,GravIS,499,CSR,0.31701392,0.40322536,16053,0.3911049
96,DDK2,Caron_2018,original,replaced,none,500,CSR,0.29463926,0.3901182,16053,0.39102465
96,DDK2,Caron_2018,original,replaced,GravIS,501,CSR,0.31336188,0.3976711,16053,0.39097458
96,DDK2,Caron_2018,original,original,none,502,CSR,0.29559782,0.39076883,16053,0.39135984
96,DDK2,Caron_2018,original,original,GravIS,503,CSR,0.31429467,0.3988003,16053,0.39095387
96,DDK2,Peltier_ICE6G_D,replaced,replaced,none,504,CSR,0.31495523,0.40481418,16053,0.41204813
96,DDK2,Peltier_ICE6G_D,replaced,replaced,GravIS,505,CSR,0.3319254,0.41067347,16053,0.41019318
96,DDK2,Peltier_ICE6G_D,replaced,original,none,506,CSR,0.3159229,0.4055083,16053,0.41178444
96,DDK2,Peltier_ICE6G_D,replaced,original,GravIS,507,CSR,0.33283037,0.41124275,16053,0.41006112
96,DDK2,Peltier_ICE6G_D,original,replaced,none,508,CSR,0.31239,0.4023384,16053,0.4106768
96,DDK2,Peltier_ICE6G_D,original,replaced,GravIS,509,CSR,0.3287624,0.40663862,16053,0.410776
96,DDK2,Peltier_ICE6G_D,original,original,none,510,CSR,0.31336102,0.40372032,16053,0.4109943
96,DDK2,Peltier_ICE6G_D,original,original,GravIS,511,CSR,0.32966325,0.4075851,16053,0.41077495
96,DDK3,none,replaced,replaced,none,512,CSR,0.38134181,0.45095056,16053,0.44110578
96,DDK3,none,replaced,replaced,GravIS,513,CSR,0.37631276,0.42612776,16053,0.4384237
96,DDK3,none,replaced,original,none,514,CSR,0.38179624,0.45097303,16053,0.4412388
96,DDK3,none,replaced,original,GravIS,515,CSR,0.37658536,0.4262286,16053,0.438941
96,DDK3,none,original,replaced,none,516,CSR,0.37782025,0.44448915,16053,0.43867502
96,DDK3,none,original,replaced,GravIS,517,CSR,0.37208506,0.42050284,16053,0.43625462
96,DDK3,none,original,original,none,518,CSR,0.3782918,0.44434637,16053,0.43878582
96,DDK3,none,original,original,GravIS,519,CSR,0.37237576,0.42005557,16053,0.4365104
96,DDK3,Geruo_ICE5G_VM2,replaced,replaced,none,520,CSR,0.3400089,0.436804,16053,0.39423677
96,DDK3,Geruo_ICE5G_VM2,replaced,replaced,GravIS,521,CSR,0.3506977,0.43925926,16053,0.39471102
96,DDK3,Geruo_ICE5G_VM2,replaced,original,none,522,CSR,0.34077376,0.43785307,16053,0.39455748
96,DDK3,Geruo_ICE5G_VM2,replaced,original,GravIS,523,CSR,0.35139665,0.44038567,16053,0.39487824
96,DDK3,Geruo_ICE5G_VM2,original,replaced,none,524,CSR,0.33814427,0.43327248,16053,0.39367175
96,DDK3,Geruo_ICE5G_VM2,original,replaced,GravIS,525,CSR,0.34842646,0.43589213,16053,0.39377704
96,DDK3,Geruo_ICE5G_VM2,original,original,none,526,CSR,0.33892062,0.43412986,16053,0.39390546
96,DDK3,Geruo_ICE5G_VM2,original,original,GravIS,527,CSR,0.34913853,0.43658024,16053,0.3938789
96,DDK3,Caron_2018,replaced,replaced,none,528,CSR,0.3208271,0.41837236,16053,0.41509828
96,DDK3,Caron_2018,replaced,replaced,GravIS,529,CSR,0.33434892,0.42948598,16053,0.41486412
96,DDK3,Caron_2018,replaced,original,none,530,CSR,0.32159764,0.4203693,16053,0.4150426
96,DDK3,Caron_2018,replaced,original,GravIS,531,CSR,0.3351099,0.4305403,16053,0.41482654
96,DDK3,Caron_2018,original,replaced,none,532,CSR,0.31871969,0.41683763,16053,0.4143667
96,DDK3,Caron_2018,original,replaced,GravIS,533,CSR,0.33222774,0.4269232,16053,0.41417262
96,DDK3,Caron_2018,original,original,none,534,CSR,0.31949782,0.41851386,16053,0.41441536
96,DDK3,Caron_2018,original,original,GravIS,535,CSR,0.332994,0.42731217,16053,0.41411537
96,DDK3,Peltier_ICE6G_D,replaced,replaced,none,536,CSR,0.3357537,0.43384674,16053,0.42913964
96,DDK3,Peltier_ICE6G_D,replaced,replaced,GravIS,537,CSR,0.3482695,0.43815792,16053,0.42881078
96,DDK3,Peltier_ICE6G_D,replaced,original,none,538,CSR,0.3365466,0.434323,16053,0.42925963
96,DDK3,Peltier_ICE6G_D,replaced,original,GravIS,539,CSR,0.34902945,0.4392809,16053,0.42867178
96,DDK3,Peltier_ICE6G_D,original,replaced,none,540,CSR,0.33339146,0.43029812,16053,0.4287581
96,DDK3,Peltier_ICE6G_D,original,replaced,GravIS,541,CSR,0.34579456,0.4354735,16053,0.42775962
96,DDK3,Peltier_ICE6G_D,original,original,none,542,CSR,0.33419406,0.4305002,16053,0.42874765
96,DDK3,Peltier_ICE6G_D,original,original,GravIS,543,CSR,0.34656373,0.43643287,16053,0.42796233
96,DDK5,none,replaced,replaced,none,544,CSR,0.37035844,0.44533512,16053,0.43626612
96,DDK5,none,replaced,replaced,GravIS,545,CSR,0.37012365,0.42756745,16053,0.43615165
96,DDK5,none,replaced,original,none,546,CSR,0.3707741,0.44571462,16053,0.43633932
96,DDK5,none,replaced,original,GravIS,547,CSR,0.37044883,0.42758068,16053,0.43622726
96,DDK5,none,original,replaced,none,548,CSR,0.36772904,0.43957585,16053,0.436234
96,DDK5,none,original,replaced,GravIS,549,CSR,0.3671984,0.42369744,16053,0.43654495
96,DDK5,none,original,original,none,550,CSR,0.3681614,0.4396946,16053,0.43622538
96,DDK5,none,original,original,GravIS,551,CSR,0.3675391,0.4235888,16053,0.4363548
96,DDK5,Geruo_ICE5G_VM2,replaced,replaced,none,552,CSR,0.33511156,0.42992735,16053,0.4052372
96,DDK5,Geruo_ICE5G_VM2,replaced,replaced,GravIS,553,CSR,0.3441767,0.43075114,16053,0.4038831
96,DDK5,Geruo_ICE5G_VM2,replaced,original,none,554,CSR,0.3356944,0.43119866,16053,0.40525568
96,DDK5,Geruo_ICE5G_VM2,replaced,original,GravIS,555,CSR,0.3447215,0.431171,16053,0.4041712
96,DDK5,Geruo_ICE5G_VM2,original,replaced,none,556,CSR,0.33365312,0.42807692,16053,0.404556
96,DDK5,Geruo_ICE5G_VM2,original,replaced,GravIS,557,CSR,0.342506,0.4280532,16053,0.40279204
96,DDK5,Geruo_ICE5G_VM2,original,original,none,558,CSR,0.3342435,0.4288083,16053,0.40462065
96,DDK5,Geruo_ICE5G_VM2,original,original,GravIS,559,CSR,0.34305674,0.4283134,16053,0.40299386
96,DDK5,Caron_2018,replaced,replaced,none,560,CSR,0.32131195,0.41815943,16053,0.41093343
96,DDK5,Caron_2018,replaced,replaced,GravIS,561,CSR,0.33172834,0.4244591,16053,0.41146538
96,DDK5,Caron_2018,replaced,original,none,562,CSR,0.32190067,0.41886246,16053,0.410944
96,DDK5,Caron_2018,replaced,original,GravIS,563,CSR,0.3322996,0.42591205,16053,0.41149983
96,DDK5,Caron_2018,original,replaced,none,564,CSR,0.31954116,0.41684183,16053,0.41103864
96,DDK5,Caron_2018,original,replaced,GravIS,565,CSR,0.3299805,0.4235499,16053,0.41098422
96,DDK5,Caron_2018,original,original,none,566,CSR,0.32013285,0.41651314,16053,0.41107035
96,DDK5,Caron_2018,original,original,GravIS,567,CSR,0.33055794,0.42410094,16053,0.41092882
96,DDK5,Peltier_ICE6G_D,replaced,replaced,none,568,CSR,0.33318126,0.42773452,16053,0.42477825
96,DDK5,Peltier_ICE6G_D,replaced,replaced,GravIS,569,CSR,0.34310773,0.43262243,16053,0.42471638
96,DDK5,Peltier_ICE6G_D,replaced,original,none,570,CSR,0.333787,0.42858958,16053,0.42503247
96,DDK5,Peltier_ICE6G_D,replaced,original,GravIS,571,CSR,0.34368595,0.4328434,16053,0.4247368
96,DDK5,Peltier_ICE6G_D,original,replaced,none,572,CSR,0.3311945,0.42545095,16053,0.42491734
96,DDK5,Peltier_ICE6G_D,original,replaced,GravIS,573,CSR,0.3411305,0.42998987,16053,0.4245094
96,DDK5,Peltier_ICE6G_D,original,original,none,574,CSR,0.3318053,0.42690128,16053,0.42496437
96,DDK5,Peltier_ICE6G_D,original,original,GravIS,575,CSR,0.34171307,0.4303851,16053,0.42458192
96,DDK7,none,replaced,replaced,none,576,CSR,0.3317976,0.3873096,16053,0.43080327
96,DDK7,none,replaced,replaced,GravIS,577,CSR,0.3319155,0.37790656,16053,0.43034327
96,DDK7,none,replaced,original,none,578,CSR,0.33203557,0.38743144,16053,0.4308221
96,DDK7,none,replaced,original,GravIS,579,CSR,0.33210382,0.37806413,16053,0.43039218
96,DDK7,none,original,replaced,none,580,CSR,0.32958,0.38155618,16053,0.43029746
96,DDK7,none,original,replaced,GravIS,581,CSR,0.32949144,0.3727395,16053,0.4297489
96,DDK7,none,original,original,none,582,CSR,0.32981852,0.38157144,16053,0.43039775
96,DDK7,none,original,original,GravIS,583,CSR,0.32968217,0.37259853,16053,0.429859
96,DDK7,Geruo_ICE5G_VM2,replaced,replaced,none,584,CSR,0.30698982,0.37027463,16053,0.40359178
96,DDK7,Geruo_ICE5G_VM2,replaced,replaced,GravIS,585,CSR,0.31269452,0.36803502,16053,0.4023576
96,DDK7,Geruo_ICE5G_VM2,replaced,original,none,586,CSR,0.3073284,0.37075958,16053,0.4036263
96,DDK7,Geruo_ICE5G_VM2,replaced,original,GravIS,587,CSR,0.31299394,0.36787447,16053,0.40287194
96,DDK7,Geruo_ICE5G_VM2,original,replaced,none,588,CSR,0.3054737,0.3690249,16053,0.4030017
96,DDK7,Geruo_ICE5G_VM2,original,replaced,GravIS,589,CSR,0.31107545,0.3654296,16053,0.40170884
96,DDK7,Geruo_ICE5G_VM2,original,original,none,590,CSR,0.30581513,0.36906892,16053,0.4030311
96,DDK7,Geruo_ICE5G_VM2,original,original,GravIS,591,CSR,0.31138182,0.36622918,16053,0.40190145
96,DDK7,Caron_2018,replaced,replaced,none,592,CSR,0.30026034,0.370839,16053,0.40887785
96,DDK7,Caron_2018,replaced,replaced,GravIS,593,CSR,0.30720168,0.37276176,16053,0.40888026
96,DDK7,Caron_2018,replaced,original,none,594,CSR,0.30062303,0.3708487,16053,0.40889087
96,DDK7,Caron_2018,replaced,original,GravIS,595,CSR,0.30753365,0.37258053,16053,0.40881056
96,DDK7,Caron_2018,original,replaced,none,596,CSR,0.29851463,0.36715525,16053,0.4083721
96,DDK7,Caron_2018,original,replaced,GravIS,597,CSR,0.30546272,0.3708205,16053,0.4086655
96,DDK7,Caron_2018,original,original,none,598,CSR,0.29887685,0.36733425,16053,0.40836322
96,DDK7,Caron_2018,original,original,GravIS,599,CSR,0.3058034,0.37117878,16053,0.40869224
96,DDK7,Peltier_ICE6G_D,replaced,replaced,none,600,CSR,0.3083135,0.3776469,16053,0.41934052
96,DDK7,Peltier_ICE6G_D,replaced,replaced,GravIS,601,CSR,0.31499302,0.37606737,16053,0.41935042
96,DDK7,Peltier_ICE6G_D,replaced,original,none,602,CSR,0.30867872,0.37771738,16053,0.41926947
96,DDK7,Peltier_ICE6G_D,replaced,original,GravIS,603,CSR,0.31532475,0.37597826,16053,0.41928288
96,DDK7,Peltier_ICE6G_D,original,replaced,none,604,CSR,0.3064939,0.37450624,16053,0.41894108
96,DDK7,Peltier_ICE6G_D,original,replaced,GravIS,605,CSR,0.31313702,0.37325093,16053,0.41925633
96,DDK7,Peltier_ICE6G_D,original,original,none,606,CSR,0.30686194,0.37506747,16053,0.41902298
96,DDK7,Peltier_ICE6G_D,original,original,GravIS,607,CSR,0.31347397,0.37276587,16053,0.41934967
96,DDK8,none,replaced,replaced,none,608,CSR,0.3166364,0.36505982,16053,0.42819923
96,DDK8,none,replaced,replaced,GravIS,609,CSR,0.31683096,0.35731998,16053,0.42745435
96,DDK8,none,replaced,original,none,610,CSR,0.31682798,0.3651025,16053,0.4281944
96,DDK8,none,replaced,original,GravIS,611,CSR,0.31698436,0.35762432,16053,0.42751262
96,DDK8,none,original,replaced,none,612,CSR,0.31455,0.36026073,16053,0.4276422
96,DDK8,none,original,replaced,GravIS,613,CSR,0.31455728,0.3525972,16053,0.42654502
96,DDK8,none,original,original,none,614,CSR,0.3147435,0.36080077,16053,0.42785594
96,DDK8,none,original,original,GravIS,615,CSR,0.3147126,0.35270837,16053,0.42651892
96,DDK8,Geruo_ICE5G_VM2,replaced,replaced,none,616,CSR,0.29501852,0.3513953,16053,0.40211105
96,DDK8,Geruo_ICE5G_VM2,replaced,replaced,GravIS,617,CSR,0.29973066,0.3499771,16053,0.40170395
96,DDK8,Geruo_ICE5G_VM2,replaced,original,none,618,CSR,0.2952999,0.3513591,16053,0.4022169
96,DDK8,Geruo_ICE5G_VM2,replaced,original,GravIS,619,CSR,0.29998127,0.35008252,16053,0.40180048
96,DDK8,Geruo_ICE5G_VM2,original,replaced,none,620,CSR,0.29348022,0.34920758,16053,0.40170228
96,DDK8,Geruo_ICE5G_VM2,original,replaced,GravIS,621,CSR,0.29810822,0.34675577,16053,0.40182623
96,DDK8,Geruo_ICE5G_VM2,original,original,none,622,CSR,0.29376945,0.34915885,16053,0.40171254
96,DDK8,Geruo_ICE5G_VM2,original,original,GravIS,623,CSR,0.29836205,0.3477377,16053,0.4018799
96,DDK8,Caron_2018,replaced,replaced,none,624,CSR,0.29030424,0.35392663,16053,0.40837082
96,DDK8,Caron_2018,replaced,replaced,GravIS,625,CSR,0.29625994,0.3551763,16053,0.40795738
96,DDK8,Caron_2018,replaced,original,none,626,CSR,0.2906145,0.35378817,16053,0.40841928
96,DDK8,Caron_2018,replaced,original,GravIS,627,CSR,0.296546,0.35540408,16053,0.40799636
96,DDK8,Caron_2018,original,replaced,none,628,CSR,0.28862354,0.35021737,16053,0.40831277
96,DDK8,Caron_2018,original,replaced,GravIS,629,CSR,0.29455212,0.3515358,16053,0.40728033
96,DDK8,Caron_2018,original,original,none,630,CSR,0.28893882,0.35085377,16053,0.4083592
96,DDK8,Caron_2018,original,original,GravIS,631,CSR,0.29484078,0.35154426,16053,0.40764093
96,DDK8,Peltier_ICE6G_D,replaced,replaced,none,632,CSR,0.29712358,0.36042812,16053,0.41689366
96,DDK8,Peltier_ICE6G_D,replaced,replaced,GravIS,633,CSR,0.30282784,0.3582063,16053,0.41688052
96,DDK8,Peltier_ICE6G_D,replaced,original,none,634,CSR,0.29743117,0.36051938,16053,0.4169057
96,DDK8,Peltier_ICE6G_D,replaced,original,GravIS,635,CSR,0.30311134,0.35831907,16053,0.41688135
96,DDK8,Peltier_ICE6G_D,original,replaced,none,636,CSR,0.29539824,0.35639012,16053,0.41698158
96,DDK8,Peltier_ICE6G_D,original,replaced,GravIS,637,CSR,0.30103162,0.35587272,16053,0.417047
96,DDK8,Peltier_ICE6G_D,original,original,none,638,CSR,0.29571363,0.3567213,16053,0.41713247
96,DDK8,Peltier_ICE6G_D,original,original,GravIS,639,CSR,0.30131617,0.35543832,16053,0.41700894
60,G300,none,replaced,replaced,none,0,JPL,0.36483812,0.41005442,16053,0.4420071
60,G300,none,replaced,replaced,GravIS,1,JPL,0.35182238,0.3963092,16053,0.4404897
60,G300,none,replaced,original,none,2,JPL,0.3651012,0.40998432,16053,0.44240156
60,G300,none,replaced,original,GravIS,3,JPL,0.3518173,0.39719924,16053,0.44071582
60,G300,none,original,replaced,none,4,JPL,0.35886276,0.4045671,16053,0.44019255
60,G300,none,original,replaced,GravIS,5,JPL,0.34587428,0.3903374,16053,0.43891907
60,G300,none,original,original,none,6,JPL,0.3591408,0.40435508,16053,0.44033042
60,G300,none,original,original,GravIS,7,JPL,0.34588555,0.39099696,16053,0.43888295
60,G300,Geruo_ICE5G_VM2,replaced,replaced,none,8,JPL,0.3301753,0.41429493,16053,0.38967872
60,G300,Geruo_ICE5G_VM2,replaced,replaced,GravIS,9,JPL,0.33881146,0.41263524,16053,0.38958448
60,G300,Geruo_ICE5G_VM2,replaced,original,none,10,JPL,0.3309361,0.41510925,16053,0.38986972
60,G300,Geruo_ICE5G_VM2,replaced,original,GravIS,11,JPL,0.33941326,0.41386884,16053,0.39001235
60,G300,Geruo_ICE5G_VM2,original,replaced,none,12,JPL,0.32589433,0.40814266,16053,0.3889551
60,G300,Geruo_ICE5G_VM2,original,replaced,GravIS,13,JPL,0.33414197,0.405903,16053,0.38872585
60,G300,Geruo_ICE5G_VM2,original,original,none,14,JPL,0.32666302,0.40898666,16053,0.3890628
60,G300,Geruo_ICE5G_VM2,original,original,GravIS,15,JPL,0.33474895,0.4059766,16053,0.3888267
60,G300,Caron_2018,replaced,replaced,none,16,JPL,0.31034762,0.4025743,16053,0.4242746
60,G300,Caron_2018,replaced,replaced,GravIS,17,JPL,0.3246401,0.40952918,16053,0.42417902
60,G300,Caron_2018,replaced,original,none,18,JPL,0.31112194,0.4031203,16053,0.42453647
60,G300,Caron_2018,replaced,original,GravIS,19,JPL,0.32535988,0.40951553,16053,0.42448246
60,G300,Caron_2018,original,replaced,none,20,JPL,0.30611742,0.3988621,16053,0.42429608
60,G300,Caron_2018,original,replaced,GravIS,21,JPL,0.3202551,0.40407884,16053,0.42354542
60,G300,Caron_2018,original,original,none,22,JPL,0.30689275,0.39855358,16053,0.42422917
60,G300,Caron_2018,original,original,GravIS,23,JPL,0.32097682,0.4051442,16053,0.42359376
60,G300,Peltier_ICE6G_D,replaced,replaced,none,24,JPL,0.3255199,0.41250852,16053,0.43979988
60,G300,Peltier_ICE6G_D,replaced,replaced,GravIS,25,JPL,0.33830097,0.41897205,16053,0.4380548
60,G300,Peltier_ICE6G_D,replaced,original,none,26,JPL,0.32631263,0.4135368,16053,0.43982244
60,G300,Peltier_ICE6G_D,replaced,original,GravIS,27,JPL,0.33900127,0.41973358,16053,0.43825185
60,G300,Peltier_ICE6G_D,original,replaced,none,28,JPL,0.32091546,0.40739122,16053,0.43844363
60,G300,Peltier_ICE6G_D,original,replaced,GravIS,29,JPL,0.33335036,0.41207474,16053,0.4366843
60,G300,Peltier_ICE6G_D,original,original,none,30,JPL,0.32171336,0.40772602,16053,0.43862778
60,G300,Peltier_ICE6G_D,original,original,GravIS,31,JPL,0.33405295,0.4131069,16053,0.43700323
60,G400,none,replaced,replaced,none,32,JPL,0.34927583,0.39830598,16053,0.41592097
60,G400,none,replaced,replaced,GravIS,33,JPL,0.33244875,0.38135606,16053,0.4165731
60,G400,none,replaced,original,none,34,JPL,0.34962228,0.3991041,16053,0.4158771
60,G400,none,replaced,original,GravIS,35,JPL,0.3324992,0.38220367,16053,0.41670263
60,G400,none,original,replaced,none,36,JPL,0.34186164,0.38971582,16053,0.41533744
60,G400,none,original,replaced,GravIS,37,JPL,0.32555845,0.37476832,16053,0.4165113
60,G400,none,original,original,none,38,JPL,0.34222558,0.3905946,16053,0.41574255
60,G400,none,original,original,GravIS,39,JPL,0.3256254,0.3739948,16053,0.41657618
60,G400,Geruo_ICE5G_VM2,replaced,replaced,none,40,JPL,0.31137887,0.38808286,16053,0.37298837
60,G400,Geruo_ICE5G_VM2,replaced,replaced,GravIS,41,JPL,0.32038602,0.3803107,16053,0.37401837
60,G400,Geruo_ICE5G_VM2,replaced,original,none,42,JPL,0.31237045,0.38831636,16053,0.37316114
60,G400,Geruo_ICE5G_VM2,replaced,original,GravIS,43,JPL,0.32113928,0.38135353,16053,0.3740735
60,G400,Geruo_ICE5G_VM2,original,replaced,none,44,JPL,0.30535784,0.37933898,16053,0.37305942
60,G400,Geruo_ICE5G_VM2,original,replaced,GravIS,45,JPL,0.31392366,0.37193963,16053,0.37426776
60,G400,Geruo_ICE5G_VM2,original,original,none,46,JPL,0.30634534,0.3807018,16053,0.3730846
60,G400,Geruo_ICE5G_VM2,original,original,GravIS,47,JPL,0.31467253,0.3719401,16053,0.37431577
60,G400,Caron_2018,replaced,replaced,none,48,JPL,0.28777748,0.37410557,16053,0.40375188
60,G400,Caron_2018,replaced,replaced,GravIS,49,JPL,0.30641156,0.38413116,16053,0.40347347
60,G400,Caron_2018,replaced,original,none,50,JPL,0.2887671,0.37608734,16053,0.4038809
60,G400,Caron_2018,replaced,original,GravIS,51,JPL,0.30732918,0.38636896,16053,0.40380123
60,G400,Caron_2018,original,replaced,none,52,JPL,0.28234598,0.36847433,16053,0.40347555
60,G400,Caron_2018,original,replaced,GravIS,53,JPL,0.30050337,0.37549695,16053,0.40228534
60,G400,Caron_2018,original,original,none,54,JPL,0.28332865,0.37073505,16053,0.40372396
60,G400,Caron_2018,original,original,GravIS,55,JPL,0.30141354,0.37691778,16053,0.40244633
60,G400,Peltier_ICE6G_D,replaced,replaced,none,56,JPL,0.3053484,0.3875527,16053,0.4107588
60,G400,Peltier_ICE6G_D,replaced,replaced,GravIS,57,JPL,0.3212794,0.39338207,16053,0.41019866
60,G400,Peltier_ICE6G_D,replaced,original,none,58,JPL,0.30637494,0.3881883,16053,0.41089696
60,G400,Peltier_ICE6G_D,replaced,original,GravIS,59,JPL,0.32217318,0.39403898,16053,0.41067484
60,G400,Peltier_ICE6G_D,original,replaced,none,60,JPL,0.2994974,0.38002142,16053,0.41021702
60,G400,Peltier_ICE6G_D,original,replaced,GravIS,61,JPL,0.3147158,0.38348833,16053,0.4090228
60,G400,Peltier_ICE6G_D,original,original,none,62,JPL,0.3005182,0.3819334,16053,0.41036272
60,G400,Peltier_ICE6G_D,original,original,GravIS,63,JPL,0.31559795,0.38488817,16053,0.40895852
60,G500,none,replaced,replaced,none,64,JPL,0.33048427,0.3774461,16053,0.4132223
60,G500,none,replaced,replaced,GravIS,65,JPL,0.31243,0.36457264,16053,0.4122617
60,G500,none,replaced,original,none,66,JPL,0.33092085,0.37780476,16053,0.41336054
60,G500,none,replaced,original,GravIS,67,JPL,0.312524,0.36501974,16053,0.412438
60,G500,none,original,replaced,none,68,JPL,0.3222813,0.36818063,16053,0.41125426
60,G500,none,original,replaced,GravIS,69,JPL,0.30525678,0.35690442,16053,0.41039738
60,G500,none,original,original,none,70,JPL,0.32272777,0.3682523,16053,0.411996
60,G500,none,original,original,GravIS,71,JPL,0.3053702,0.3568192,16053,0.41045907
60,G500,Geruo_ICE5G_VM2,replaced,replaced,none,72,JPL,0.28421208,0.35305452,16053,0.36371028
60,G500,Geruo_ICE5G_VM2,replaced,replaced,GravIS,73,JPL,0.2961866,0.34583193,16053,0.3675455
60,G500,Geruo_ICE5G_VM2,replaced,original,none,74,JPL,0.2854068,0.35495698,16053,0.36391976
60,G500,Geruo_ICE5G_VM2,replaced,original,GravIS,75,JPL,0.29708678,0.34679896,16053,0.36760548
60,G500,Geruo_ICE5G_VM2,original,replaced,none,76,JPL,0.27687895,0.34241462,16053,0.36408982
60,G500,Geruo_ICE5G_VM2,original,replaced,GravIS,77,JPL,0.28850117,0.3347221,16053,0.3674915
60,G500,Geruo_ICE5G_VM2,original,original,none,78,JPL,0.2780456,0.34358534,16053,0.3640517
60,G500,Geruo_ICE5G_VM2,original,original,GravIS,79,JPL,0.289383,0.33542997,16053,0.36762714
60,G500,Caron_2018,replaced,replaced,none,80,JPL,0.25616017,0.33959222,16053,0.3956247
60,G500,Caron_2018,replaced,replaced,GravIS,81,JPL,0.28040403,0.3548497,16053,0.39708725
60,G500,Caron_2018,replaced,original,none,82,JPL,0.2573072,0.34073415,16053,0.3955237
60,G500,Caron_2018,replaced,original,GravIS,83,JPL,0.28147817,0.35529235,16053,0.39744186
60,G500,Caron_2018,original,replaced,none,84,JPL,0.250121,0.33112377,16053,0.39510828
60,G500,Caron_2018,original,replaced,GravIS,85,JPL,0.2736104,0.3454426,16053,0.3958691
60,G500,Caron_2018,original,original,none,86,JPL,0.25125003,0.3329453,16053,0.3954273
60,G500,Caron_2018,original,original,GravIS,87,JPL,0.27465963,0.34605154,16053,0.39651346
60,G500,Peltier_ICE6G_D,replaced,replaced,none,88,JPL,0.27587792,0.35480213,16053,0.40470952
60,G500,Peltier_ICE6G_D,replaced,replaced,GravIS,89,JPL,0.2965566,0.36078408,16053,0.40458947
60,G500,Peltier_ICE6G_D,replaced,original,none,90,JPL,0.2770896,0.3564905,16053,0.4049497
60,G500,Peltier_ICE6G_D,replaced,original,GravIS,91,JPL,0.29760936,0.3612358,16053,0.40507662
60,G500,Peltier_ICE6G_D,original,replaced,none,92,JPL,0.26927036,0.34348172,16053,0.40353796
60,G500,Peltier_ICE6G_D,original,replaced,GravIS,93,JPL,0.2890616,0.34993678,16053,0.4028549
60,G500,Peltier_ICE6G_D,original,original,none,94,JPL,0.27045614,0.34504884,16053,0.40361974
60,G500,Peltier_ICE6G_D,original,original,GravIS,95,JPL,0.29008952,0.35068524,16053,0.40291324
60,Swenson_G300,none,replaced,replaced,none,96,JPL,0.35284188,0.42402038,16053,0.41528556
60,Swenson_G300,none,replaced,replaced,GravIS,97,JPL,0.35405812,0.40976688,16053,0.41942185
60,Swenson_G300,none,replaced,original,none,98,JPL,0.35368088,0.4245619,16053,0.4152609
60,Swenson_G300,none,replaced,original,GravIS,99,JPL,0.35455462,0.4110032,16053,0.41893858
60,Swenson_G300,none,original,replaced,none,100,JPL,0.34671864,0.41474947,16053,0.41642907
60,Swenson_G300,none,original,replaced,GravIS,101,JPL,0.3471438,0.40147886,16053,0.42020905
60,Swenson_G300,none,original,original,none,102,JPL,0.34755406,0.41601783,16053,0.41649622
60,Swenson_G300,none,original,original,GravIS,103,JPL,0.34764734,0.40146717,16053,0.4199864
60,Swenson_G300,Geruo_ICE5G_VM2,replaced,replaced,none,104,JPL,0.27457315,0.3782304,16053,0.36514017
60,Swenson_G300,Geruo_ICE5G_VM2,replaced,replaced,GravIS,105,JPL,0.29842752,0.38884062,16053,0.36769825
60,Swenson_G300,Geruo_ICE5G_VM2,replaced,original,none,106,JPL,0.27566996,0.37961623,16053,0.36538753
60,Swenson_G300,Geruo_ICE5G_VM2,replaced,original,GravIS,107,JPL,0.29943788,0.3892535,16053,0.36780745
60,Swenson_G300,Geruo_ICE5G_VM2,original,replaced,none,108,JPL,0.26995462,0.37373686,16053,0.365646
60,Swenson_G300,Geruo_ICE5G_VM2,original,replaced,GravIS,109,JPL,0.293345,0.38341337,16053,0.36772078
60,Swenson_G300,Geruo_ICE5G_VM2,original,original,none,110,JPL,0.27103704,0.37565684,16053,0.36585766
60,Swenson_G300,Geruo_ICE5G_VM2,original,original,GravIS,111,JPL,0.29434273,0.38373464,16053,0.36773676
60,Swenson_G300,Caron_2018,replaced,replaced,none,112,JPL,0.24430539,0.3487888,16053,0.36627227
60,Swenson_G300,Caron_2018,replaced,replaced,GravIS,113,JPL,0.270681,0.37127352,16053,0.3691327
60,Swenson_G300,Caron_2018,replaced,original,none,114,JPL,0.24531136,0.35035875,16053,0.36642042
60,Swenson_G300,Caron_2018,replaced,original,GravIS,115,JPL,0.2716485,0.37309492,16053,0.36924082
60,Swenson_G300,Caron_2018,original,replaced,none,116,JPL,0.24009869,0.34387976,16053,0.3662875
60,Swenson_G300,Caron_2018,original,replaced,GravIS,117,JPL,0.26593524,0.36608133,16053,0.3689989
60,Swenson_G300,Caron_2018,original,original,none,118,JPL,0.24108942,0.34566018,16053,0.36643833
60,Swenson_G300,Caron_2018,original,original,GravIS,119,JPL,0.26688856,0.36806688,16053,0.36909276
60,Swenson_G300,Peltier_ICE6G_D,replaced,replaced,none,120,JPL,0.26308224,0.3681078,16053,0.39077446
60,Swenson_G300,Peltier_ICE6G_D,replaced,replaced,GravIS,121,JPL,0.2893744,0.39009044,16053,0.39324063
60,Swenson_G300,Peltier_ICE6G_D,replaced,original,none,122,JPL,0.26414326,0.36914825,16053,0.39089698
60,Swenson_G300,Peltier_ICE6G_D,replaced,original,GravIS,123,JPL,0.2903799,0.39085895,16053,0.39323545
60,Swenson_G300,Peltier_ICE6G_D,original,replaced,none,124,JPL,0.25863758,0.36404637,16053,0.3907893
60,Swenson_G300,Peltier_ICE6G_D,original,replaced,GravIS,125,JPL,0.28424102,0.38386697,16053,0.39291167
60,Swenson_G300,Peltier_ICE6G_D,original,original,none,126,JPL,0.25968212,0.3643469,16053,0.39095205
60,Swenson_G300,Peltier_ICE6G_D,original,original,GravIS,127,JPL,0.28523263,0.38578212,16053,0.39290515
60,Swenson_G500,none,replaced,replaced,none,128,JPL,0.3317899,0.38287455,16053,0.406464
60,Swenson_G500,none,replaced,replaced,GravIS,129,JPL,0.322889,0.36276603,16053,0.41364142
60,Swenson_G500,none,replaced,original,none,130,JPL,0.3326862,0.38372612,16053,0.40625837
60,Swenson_G500,none,replaced,original,GravIS,131,JPL,0.32321116,0.36333498,16053,0.41347268
60,Swenson_G500,none,original,replaced,none,132,JPL,0.3230754,0.37024045,16053,0.40854093
60,Swenson_G500,none,original,replaced,GravIS,133,JPL,0.31400916,0.3529161,16053,0.41630042
60,Swenson_G500,none,original,original,none,134,JPL,0.32395652,0.37137088,16053,0.40831944
60,Swenson_G500,none,original,original,GravIS,135,JPL,0.31434438,0.35396394,16053,0.41623905
60,Swenson_G500,Geruo_ICE5G_VM2,replaced,replaced,none,136,JPL,0.22963935,0.31031355,16053,0.35381913
60,Swenson_G500,Geruo_ICE5G_VM2,replaced,replaced,GravIS,137,JPL,0.2643692,0.34119827,16053,0.3600245
60,Swenson_G500,Geruo_ICE5G_VM2,replaced,original,none,138,JPL,0.23106204,0.31242895,16053,0.35384566
60,Swenson_G500,Geruo_ICE5G_VM2,replaced,original,GravIS,139,JPL,0.2656575,0.34160694,16053,0.3599052
60,Swenson_G500,Geruo_ICE5G_VM2,original,replaced,none,140,JPL,0.22305827,0.30291992,16053,0.35548294
60,Swenson_G500,Geruo_ICE5G_VM2,original,replaced,GravIS,141,JPL,0.2570792,0.33330786,16053,0.3619551
60,Swenson_G500,Geruo_ICE5G_VM2,original,original,none,142,JPL,0.2244648,0.3056609,16053,0.35552678
60,Swenson_G500,Geruo_ICE5G_VM2,original,original,GravIS,143,JPL,0.258327,0.33484045,16053,0.36180487
60,Swenson_G500,Caron_2018,replaced,replaced,none,144,JPL,0.18782051,0.27194077,16053,0.3545617
60,Swenson_G500,Caron_2018,replaced,replaced,GravIS,145,JPL,0.22862399,0.3154174,16053,0.35808742
60,Swenson_G500,Caron_2018,replaced,original,none,146,JPL,0.18896419,0.27390203,16053,0.35460946
60,Swenson_G500,Caron_2018,replaced,original,GravIS,147,JPL,0.22984286,0.31817088,16053,0.3580721
60,Swenson_G500,Caron_2018,original,replaced,none,148,JPL,0.18272983,0.26306877,16053,0.35451192
60,Swenson_G500,Caron_2018,original,replaced,GravIS,149,JPL,0.22272947,0.3078487,16053,0.3588448
60,Swenson_G500,Caron_2018,original,original,none,150,JPL,0.183866,0.26631233,16053,0.354737
60,Swenson_G500,Caron_2018,original,original,GravIS,151,JPL,0.22391744,0.30914932,16053,0.35879838
60,Swenson_G500,Peltier_ICE6G_D,replaced,replaced,none,152,JPL,0.21200131,0.2940279,16053,0.37715706
60,Swenson_G500,Peltier_ICE6G_D,replaced,replaced,GravIS,153,JPL,0.25187546,0.33503634,16053,0.38344783
60,Swenson_G500,Peltier_ICE6G_D,replaced,original,none,154,JPL,0.21330538,0.29521194,16053,0.3769446
60,Swenson_G500,Peltier_ICE6G_D,replaced,original,GravIS,155,JPL,0.2531672,0.33750147,16053,0.38301328
60,Swenson_G500,Peltier_ICE6G_D,original,replaced,none,156,JPL,0.20639627,0.28274742,16053,0.37922662
60,Swenson_G500,Peltier_ICE6G_D,original,replaced,GravIS,157,JPL,0.245361,0.32538444,16053,0.38489857
60,Swenson_G500,Peltier_ICE6G_D,original,original,none,158,JPL,0.20769133,0.2852291,16053,0.37899786
60,Swenson_G500,Peltier_ICE6G_D,original,original,GravIS,159,JPL,0.24661796,0.326524,16053,0.38466564
60,DDK2,none,replaced,replaced,none,160,JPL,0.36026946,0.4108684,16053,0.42746526
60,DDK2,none,replaced,replaced,GravIS,161,JPL,0.3469615,0.38956687,16053,0.42415884
60,DDK2,none,replaced,original,none,162,JPL,0.36073962,0.41086838,16053,0.42802086
60,DDK2,none,replaced,original,GravIS,163,JPL,0.347113,0.3900127,16053,0.42445326
60,DDK2,none,original,replaced,none,164,JPL,0.3538472,0.4021499,16053,0.42559868
60,DDK2,none,original,replaced,GravIS,165,JPL,0.34041402,0.38400382,16053,0.42169198
60,DDK2,none,original,original,none,166,JPL,0.35432866,0.40307802,16053,0.42600286
60,DDK2,none,original,original,GravIS,167,JPL,0.34058228,0.38449335,16053,0.4217689
60,DDK2,Geruo_ICE5G_VM2,replaced,replaced,none,168,JPL,0.31672052,0.39798915,16053,0.36885807
60,DDK2,Geruo_ICE5G_VM2,replaced,replaced,GravIS,169,JPL,0.3276451,0.39632007,16053,0.36854053
60,DDK2,Geruo_ICE5G_VM2,replaced,original,none,170,JPL,0.31766605,0.39886284,16053,0.36913952
60,DDK2,Geruo_ICE5G_VM2,replaced,original,GravIS,171,JPL,0.3284222,0.3974152,16053,0.36870918
60,DDK2,Geruo_ICE5G_VM2,original,replaced,none,172,JPL,0.31206086,0.39344296,16053,0.3677948
60,DDK2,Geruo_ICE5G_VM2,original,replaced,GravIS,173,JPL,0.32258803,0.3895646,16053,0.36825532
60,DDK2,Geruo_ICE5G_VM2,original,original,none,174,JPL,0.3130107,0.3940818,16053,0.36813056
60,DDK2,Geruo_ICE5G_VM2,original,original,GravIS,175,JPL,0.32336593,0.39022067,16053,0.36823696
60,DDK2,Caron_2018,replaced,replaced,none,176,JPL,0.29316735,0.38615847,16053,0.39307526
60,DDK2,Caron_2018,replaced,replaced,GravIS,177,JPL,0.31052175,0.39172584,16053,0.39239234
60,DDK2,Caron_2018,replaced,original,none,178,JPL,0.2940823,0.38685155,16053,0.39297712
60,DDK2,Caron_2018,replaced,original,GravIS,179,JPL,0.31139192,0.3912392,16053,0.39262715
60,DDK2,Caron_2018,original,replaced,none,180,JPL,0.2886277,0.38155824,16053,0.39302307
60,DDK2,Caron_2018,original,replaced,GravIS,181,JPL,0.30580541,0.38783503,16053,0.39173436
60,DDK2,Caron_2018,original,original,none,182,JPL,0.28954107,0.3823716,16053,0.3932962
60,DDK2,Caron_2018,original,original,GravIS,183,JPL,0.3066715,0.3882171,16053,0.3917915
60,DDK2,Peltier_ICE6G_D,replaced,replaced,none,184,JPL,0.31024346,0.39896563,16053,0.41089764
60,DDK2,Peltier_ICE6G_D,replaced,replaced,GravIS,185,JPL,0.32585037,0.4004675,16053,0.41034177
60,DDK2,Peltier_ICE6G_D,replaced,original,none,186,JPL,0.3111992,0.40033942,16053,0.41086477
60,DDK2,Peltier_ICE6G_D,replaced,original,GravIS,187,JPL,0.3267201,0.40196595,16053,0.410499
60,DDK2,Peltier_ICE6G_D,original,replaced,none,188,JPL,0.3053029,0.39335635,16053,0.4107481
60,DDK2,Peltier_ICE6G_D,original,replaced,GravIS,189,JPL,0.32051122,0.394939,16053,0.40898088
60,DDK2,Peltier_ICE6G_D,original,original,none,190,JPL,0.30625787,0.39549196,16053,0.4110026
60,DDK2,Peltier_ICE6G_D,original,original,GravIS,191,JPL,0.32137817,0.395159,16053,0.40932125
60,DDK3,none,replaced,replaced,none,192,JPL,0.37770328,0.44486317,16053,0.42771447
60,DDK3,none,replaced,replaced,GravIS,193,JPL,0.3713862,0.41950282,16053,0.42736655
60,DDK3,none,replaced,original,none,194,JPL,0.37817404,0.44435984,16053,0.42781004
60,DDK3,none,replaced,original,GravIS,195,JPL,0.37162092,0.41916615,16053,0.4275863
60,DDK3,none,original,replaced,none,196,JPL,0.37236342,0.43782124,16053,0.42751107
60,DDK3,none,original,replaced,GravIS,197,JPL,0.36580965,0.41387793,16053,0.42771664
60,DDK3,none,original,original,none,198,JPL,0.3728445,0.438146,16053,0.4276529
60,DDK3,none,original,original,GravIS,199,JPL,0.36605555,0.4143824,16053,0.42747858
60,DDK3,Geruo_ICE5G_VM2,replaced,replaced,none,200,JPL,0.33860242,0.42832354,16053,0.3833846
60,DDK3,Geruo_ICE5G_VM2,replaced,replaced,GravIS,201,JPL,0.34807095,0.43434936,16053,0.38327512
60,DDK3,Geruo_ICE5G_VM2,replaced,original,none,202,JPL,0.3393419,0.429516,16053,0.38353774
60,DDK3,Geruo_ICE5G_VM2,replaced,original,GravIS,203,JPL,0.34870958,0.43479627,16053,0.38359395
60,DDK3,Geruo_ICE5G_VM2,original,replaced,none,204,JPL,0.33506018,0.42433497,16053,0.38329294
60,DDK3,Geruo_ICE5G_VM2,original,replaced,GravIS,205,JPL,0.3442563,0.42860186,16053,0.38282982
60,DDK3,Geruo_ICE5G_VM2,original,original,none,206,JPL,0.33580348,0.42464224,16053,0.3834105
60,DDK3,Geruo_ICE5G_VM2,original,original,GravIS,207,JPL,0.34490234,0.4294391,16053,0.3829985
60,DDK3,Caron_2018,replaced,replaced,none,208,JPL,0.3200056,0.41540343,16053,0.4126118
60,DDK3,Caron_2018,replaced,replaced,GravIS,209,JPL,0.3325214,0.42367864,16053,0.41183537
60,DDK3,Caron_2018,replaced,original,none,210,JPL,0.32072237,0.4149465,16053,0.41247553
60,DDK3,Caron_2018,replaced,original,GravIS,211,JPL,0.33319765,0.4236956,16053,0.41197196
60,DDK3,Caron_2018,original,replaced,none,212,JPL,0.31627578,0.41129276,16053,0.4123587
60,DDK3,Caron_2018,original,replaced,GravIS,213,JPL,0.32879183,0.42056778,16053,0.4108082
60,DDK3,Caron_2018,original,original,none,214,JPL,0.3169905,0.4119381,16053,0.4123285
60,DDK3,Caron_2018,original,original,GravIS,215,JPL,0.32947132,0.42264086,16053,0.4108722
60,DDK3,Peltier_ICE6G_D,replaced,replaced,none,216,JPL,0.3342794,0.42874458,16053,0.4189709
60,DDK3,Peltier_ICE6G_D,replaced,replaced,GravIS,217,JPL,0.3458425,0.4327839,16053,0.41808832
60,DDK3,Peltier_ICE6G_D,replaced,original,none,218,JPL,0.33502716,0.42904025,16053,0.41916847
60,DDK3,Peltier_ICE6G_D,replaced,original,GravIS,219,JPL,0.34652412,0.43363214,16053,0.41849932
60,DDK3,Peltier_ICE6G_D,original,replaced,none,220,JPL,0.330098,0.42467022,16053,0.41780445
60,DDK3,Peltier_ICE6G_D,original,replaced,GravIS,221,JPL,0.3416107,0.42857167,16053,0.4167598
60,DDK3,Peltier_ICE6G_D,original,original,none,222,JPL,0.33084238,0.42478922,16053,0.4180558
60,DDK3,Peltier_ICE6G_D,original,original,GravIS,223,JPL,0.34229892,0.4300064,16053,0.4167842
60,DDK5,none,replaced,replaced,none,224,JPL,0.3795633,0.45320418,16053,0.42642656
60,DDK5,none,replaced,replaced,GravIS,225,JPL,0.37759405,0.43257847,16053,0.42458
60,DDK5,none,replaced,original,none,226,JPL,0.37994874,0.45328522,16053,0.42654753
60,DDK5,none,replaced,original,GravIS,227,JPL,0.37783524,0.4324991,16053,0.42503625
60,DDK5,none,original,replaced,none,228,JPL,0.37569478,0.44968525,16053,0.42614037
60,DDK5,none,original,replaced,GravIS,229,JPL,0.37357855,0.42810413,16053,0.42323706
60,DDK5,none,original,original,none,230,JPL,0.37608784,0.44932282,16053,0.42616582
60,DDK5,none,original,original,GravIS,231,JPL,0.3738292,0.42781863,16053,0.4234985
60,DDK5,Geruo_ICE5G_VM2,replaced,replaced,none,232,JPL,0.34590197,0.4431099,16053,0.39066473
60,DDK5,Geruo_ICE5G_VM2,replaced,replaced,GravIS,233,JPL,0.3541331,0.44255006,16053,0.39058977
60,DDK5,Geruo_ICE5G_VM2,replaced,original,none,234,JPL,0.3464677,0.44364324,16053,0.3912634
60,DDK5,Geruo_ICE5G_VM2,replaced,original,GravIS,235,JPL,0.3546279,0.44271958,16053,0.39053005
60,DDK5,Geruo_ICE5G_VM2,original,replaced,none,236,JPL,0.34334537,0.44087458,16053,0.38984978
60,DDK5,Geruo_ICE5G_VM2,original,replaced,GravIS,237,JPL,0.35144213,0.4397622,16053,0.38949376
60,DDK5,Geruo_ICE5G_VM2,original,original,none,238,JPL,0.3439191,0.44145977,16053,0.39042544
60,DDK5,Geruo_ICE5G_VM2,original,original,GravIS,239,JPL,0.35194498,0.43972266,16053,0.38974708
60,DDK5,Caron_2018,replaced,replaced,none,240,JPL,0.33144855,0.43170547,16053,0.40616938
60,DDK5,Caron_2018,replaced,replaced,GravIS,241,JPL,0.34133032,0.4406055,16053,0.40581056
60,DDK5,Caron_2018,replaced,original,none,242,JPL,0.33200514,0.43235576,16053,0.40681896
60,DDK5,Caron_2018,replaced,original,GravIS,243,JPL,0.34185007,0.44102272,16053,0.4058857
60,DDK5,Caron_2018,original,replaced,none,244,JPL,0.32860458,0.42957893,16053,0.40569815
60,DDK5,Caron_2018,original,replaced,GravIS,245,JPL,0.33853766,0.43818507,16053,0.40573063
60,DDK5,Caron_2018,original,original,none,246,JPL,0.32916674,0.43103114,16053,0.40579727
60,DDK5,Caron_2018,original,original,GravIS,247,JPL,0.33906448,0.4381526,16053,0.40580648
60,DDK5,Peltier_ICE6G_D,replaced,replaced,none,248,JPL,0.34311056,0.44204512,16053,0.4164253
60,DDK5,Peltier_ICE6G_D,replaced,replaced,GravIS,249,JPL,0.3525611,0.4452513,16053,0.4155396
60,DDK5,Peltier_ICE6G_D,replaced,original,none,250,JPL,0.34368813,0.44260922,16053,0.41692543
60,DDK5,Peltier_ICE6G_D,replaced,original,GravIS,251,JPL,0.353088,0.44601023,16053,0.41579264
60,DDK5,Peltier_ICE6G_D,original,replaced,none,252,JPL,0.33994558,0.44049087,16053,0.4158672
60,DDK5,Peltier_ICE6G_D,original,replaced,GravIS,253,JPL,0.34944263,0.44265178,16053,0.41476998
60,DDK5,Peltier_ICE6G_D,original,original,none,254,JPL,0.34052822,0.441646,16053,0.41590276
60,DDK5,Peltier_ICE6G_D,original,original,GravIS,255,JPL,0.34997645,0.44321194,16053,0.41477346
60,DDK7,none,replaced,replaced,none,256,JPL,0.357752,0.41789863,16053,0.40957555
60,DDK7,none,replaced,replaced,GravIS,257,JPL,0.3568804,0.40928933,16053,0.40862453
60,DDK7,none,replaced,original,none,258,JPL,0.3579599,0.4177412,16053,0.40951532
60,DDK7,none,replaced,original,GravIS,259,JPL,0.35698882,0.40877274,16053,0.40852544
60,DDK7,none,original,replaced,none,260,JPL,0.3549757,0.41631666,16053,0.40900135
60,DDK7,none,original,replaced,GravIS,261,JPL,0.35398474,0.40560827,16053,0.40858474
60,DDK7,none,original,original,none,262,JPL,0.3551891,0.41607523,16053,0.40918535
60,DDK7,none,original,original,GravIS,263,JPL,0.35409868,0.40565452,16053,0.40857935
60,DDK7,Geruo_ICE5G_VM2,replaced,replaced,none,264,JPL,0.33053124,0.41592088,16053,0.37981385
60,DDK7,Geruo_ICE5G_VM2,replaced,replaced,GravIS,265,JPL,0.33762193,0.413571,16053,0.3796713
60,DDK7,Geruo_ICE5G_VM2,replaced,original,none,266,JPL,0.33090436,0.4164112,16053,0.38075906
60,DDK7,Geruo_ICE5G_VM2,replaced,original,GravIS,267,JPL,0.33793196,0.41388583,16053,0.3798237
60,DDK7,Geruo_ICE5G_VM2,original,replaced,none,268,JPL,0.32857358,0.4147996,16053,0.37960616
60,DDK7,Geruo_ICE5G_VM2,original,replaced,GravIS,269,JPL,0.3355679,0.41192448,16053,0.37914807
60,DDK7,Geruo_ICE5G_VM2,original,original,none,270,JPL,0.32895064,0.41480762,16053,0.3796193
60,DDK7,Geruo_ICE5G_VM2,original,original,GravIS,271,JPL,0.3358826,0.4120983,16053,0.3791911
60,DDK7,Caron_2018,replaced,replaced,none,272,JPL,0.31845322,0.4102068,16053,0.39295554
60,DDK7,Caron_2018,replaced,replaced,GravIS,273,JPL,0.32720962,0.41440454,16053,0.39288762
60,DDK7,Caron_2018,replaced,original,none,274,JPL,0.31884074,0.4096265,16053,0.39317653
60,DDK7,Caron_2018,replaced,original,GravIS,275,JPL,0.32756022,0.41430503,16053,0.3928419
60,DDK7,Caron_2018,original,replaced,none,276,JPL,0.3164066,0.40794972,16053,0.39292252
60,DDK7,Caron_2018,original,replaced,GravIS,277,JPL,0.32515237,0.41361165,16053,0.39275706
60,DDK7,Caron_2018,original,original,none,278,JPL,0.31679678,0.40831137,16053,0.393003
60,DDK7,Caron_2018,original,original,GravIS,279,JPL,0.32550722,0.41363406,16053,0.3928867
60,DDK7,Peltier_ICE6G_D,replaced,replaced,none,280,JPL,0.3279959,0.4161272,16053,0.40085095
60,DDK7,Peltier_ICE6G_D,replaced,replaced,GravIS,281,JPL,0.3363892,0.4164071,16053,0.40093508
60,DDK7,Peltier_ICE6G_D,replaced,original,none,282,JPL,0.32839018,0.41645586,16053,0.40096244
60,DDK7,Peltier_ICE6G_D,replaced,original,GravIS,283,JPL,0.3367344,0.4164549,16053,0.40115312
60,DDK7,Peltier_ICE6G_D,original,replaced,none,284,JPL,0.32569826,0.4147753,16053,0.40068886
60,DDK7,Peltier_ICE6G_D,original,replaced,GravIS,285,JPL,0.3341118,0.41619104,16053,0.40049058
60,DDK7,Peltier_ICE6G_D,original,original,none,286,JPL,0.32609418,0.41486385,16053,0.4007218
60,DDK7,Peltier_ICE6G_D,original,original,GravIS,287,JPL,0.3344605,0.41608527,16053,0.40050346
60,DDK8,none,replaced,replaced,none,288,JPL,0.34680468,0.40315259,16053,0.4084318
60,DDK8,none,replaced,replaced,GravIS,289,JPL,0.34636876,0.39570826,16053,0.40739608
60,DDK8,none,replaced,original,none,290,JPL,0.3469668,0.40299118,16053,0.40853235
60,DDK8,none,replaced,original,GravIS,291,JPL,0.3464409,0.3953246,16053,0.40741426
60,DDK8,none,original,replaced,none,292,JPL,0.34418648,0.4014669,16053,0.40794802
60,DDK8,none,original,replaced,GravIS,293,JPL,0.34363678,0.39242494,16053,0.40747568
60,DDK8,none,original,original,none,294,JPL,0.34435275,0.4012653,16053,0.40797207
60,DDK8,none,original,original,GravIS,295,JPL,0.343712,0.3923144,16053,0.4074927
60,DDK8,Geruo_ICE5G_VM2,replaced,replaced,none,296,JPL,0.3210043,0.40056846,16053,0.380963
60,DDK8,Geruo_ICE5G_VM2,replaced,replaced,GravIS,297,JPL,0.32798833,0.39807776,16053,0.38082495
60,DDK8,Geruo_ICE5G_VM2,replaced,original,none,298,JPL,0.32132152,0.40058875,16053,0.38103312
60,DDK8,Geruo_ICE5G_VM2,replaced,original,GravIS,299,JPL,0.32824674,0.39768988,16053,0.38095078
60,DDK8,Geruo_ICE5G_VM2,original,replaced,none,300,JPL,0.31908727,0.3991563,16053,0.38058332
60,DDK8,Geruo_ICE5G_VM2,original,replaced,GravIS,301,JPL,0.32598355,0.3966994,16053,0.3801949
60,DDK8,Geruo_ICE5G_VM2,original,original,none,302,JPL,0.319408,0.3989086,16053,0.38068065
60,DDK8,Geruo_ICE5G_VM2,original,original,GravIS,303,JPL,0.3262468,0.3961744,16053,0.38029125
60,DDK8,Caron_2018,replaced,replaced,none,304,JPL,0.30943212,0.39654413,16053,0.39293715
60,DDK8,Caron_2018,replaced,replaced,GravIS,305,JPL,0.3180997,0.39999887,16053,0.3928778
60,DDK8,Caron_2018,replaced,original,none,306,JPL,0.30976918,0.39646628,16053,0.39299116
60,DDK8,Caron_2018,replaced,original,GravIS,307,JPL,0.31839946,0.4000381,16053,0.39295128
60,DDK8,Caron_2018,original,replaced,none,308,JPL,0.3074893,0.39531496,16053,0.39281735
60,DDK8,Caron_2018,original,replaced,GravIS,309,JPL,0.31612867,0.39826623,16053,0.3931153
60,DDK8,Caron_2018,original,original,none,310,JPL,0.3078279,0.395315,16053,0.39283141
60,DDK8,Caron_2018,original,original,GravIS,311,JPL,0.31642944,0.3976787,16053,0.39315355
60,DDK8,Peltier_ICE6G_D,replaced,replaced,none,312,JPL,0.31841034,0.4013023,16053,0.40050435
60,DDK8,Peltier_ICE6G_D,replaced,replaced,GravIS,313,JPL,0.32669798,0.40285453,16053,0.40071014
60,DDK8,Peltier_ICE6G_D,replaced,original,none,314,JPL,0.31874895,0.4019738,16053,0.40073228
60,DDK8,Peltier_ICE6G_D,replaced,original,GravIS,315,JPL,0.32699195,0.40249547,16053,0.40074444
60,DDK8,Peltier_ICE6G_D,original,replaced,none,316,JPL,0.31622267,0.40003595,16053,0.40027156
60,DDK8,Peltier_ICE6G_D,original,replaced,GravIS,317,JPL,0.32451662,0.40045416,16053,0.40072894
60,DDK8,Peltier_ICE6G_D,original,original,none,318,JPL,0.3165647,0.40038383,16053,0.4003207
60,DDK8,Peltier_ICE6G_D,original,original,GravIS,319,JPL,0.32481498,0.4007756,16053,0.40074557
96,G300,none,replaced,replaced,none,320,JPL,0.34912267,0.3877568,16053,0.46328604
96,G300,none,replaced,replaced,GravIS,321,JPL,0.33665568,0.37554955,16053,0.4616813
96,G300,none,replaced,original,none,322,JPL,0.34954703,0.38812292,16053,0.463312
96,G300,none,replaced,original,GravIS,323,JPL,0.3368496,0.3767667,16053,0.46219826
96,G300,none,original,replaced,none,324,JPL,0.34262663,0.37922716,16053,0.46134424
96,G300,none,original,replaced,GravIS,325,JPL,0.3303883,0.3683573,16053,0.4600231
96,G300,none,original,original,none,326,JPL,0.34306085,0.3803319,16053,0.46176243
96,G300,none,original,original,GravIS,327,JPL,0.3305955,0.36925736,16053,0.46022075
96,G300,Geruo_ICE5G_VM2,replaced,replaced,none,328,JPL,0.31563276,0.39336318,16053,0.41652548
96,G300,Geruo_ICE5G_VM2,replaced,replaced,GravIS,329,JPL,0.32401812,0.3873531,16053,0.41396216
96,G300,Geruo_ICE5G_VM2,replaced,original,none,330,JPL,0.31646502,0.3943351,16053,0.4167843
96,G300,Geruo_ICE5G_VM2,replaced,original,GravIS,331,JPL,0.32474607,0.38807803,16053,0.4143741
96,G300,Geruo_ICE5G_VM2,original,replaced,none,332,JPL,0.31061545,0.38626587,16053,0.41451767
96,G300,Geruo_ICE5G_VM2,original,replaced,GravIS,333,JPL,0.31877846,0.37916204,16053,0.41326487
96,G300,Geruo_ICE5G_VM2,original,original,none,334,JPL,0.31145278,0.38720912,16053,0.41502154
96,G300,Geruo_ICE5G_VM2,original,original,GravIS,335,JPL,0.31951082,0.3795325,16053,0.41346747
96,G300,Caron_2018,replaced,replaced,none,336,JPL,0.2975871,0.38990104,16053,0.43403795
96,G300,Caron_2018,replaced,replaced,GravIS,337,JPL,0.31148466,0.38984874,16053,0.43558586
96,G300,Caron_2018,replaced,original,none,338,JPL,0.298373,0.3904665,16053,0.4339103
96,G300,Caron_2018,replaced,original,GravIS,339,JPL,0.31227037,0.39075178,16053,0.43546972
96,G300,Caron_2018,original,replaced,none,340,JPL,0.2925572,0.3844336,16053,0.43405554
96,G300,Caron_2018,original,replaced,GravIS,341,JPL,0.30636728,0.3838819,16053,0.43554685
96,G300,Caron_2018,original,original,none,342,JPL,0.29334763,0.38537833,16053,0.433986
96,G300,Caron_2018,original,original,GravIS,343,JPL,0.30715454,0.38518944,16053,0.43551266
96,G300,Peltier_ICE6G_D,replaced,replaced,none,344,JPL,0.31226033,0.39877295,16053,0.45360622
96,G300,Peltier_ICE6G_D,replaced,replaced,GravIS,345,JPL,0.32474008,0.39713275,16053,0.45485246
96,G300,Peltier_ICE6G_D,replaced,original,none,346,JPL,0.3130999,0.40044546,16053,0.45359752
96,G300,Peltier_ICE6G_D,replaced,original,GravIS,347,JPL,0.3255371,0.39694673,16053,0.45491073
96,G300,Peltier_ICE6G_D,original,replaced,none,348,JPL,0.30682385,0.39054272,16053,0.45375052
96,G300,Peltier_ICE6G_D,original,replaced,GravIS,349,JPL,0.3190138,0.3901556,16053,0.45468685
96,G300,Peltier_ICE6G_D,original,original,none,350,JPL,0.3076665,0.3918279,16053,0.4536326
96,G300,Peltier_ICE6G_D,original,original,GravIS,351,JPL,0.3198105,0.39060158,16053,0.4546097
96,G400,none,replaced,replaced,none,352,JPL,0.34230343,0.38969034,16053,0.4258702
96,G400,none,replaced,replaced,GravIS,353,JPL,0.32472757,0.37390822,16053,0.42228138
96,G400,none,replaced,original,none,354,JPL,0.34290898,0.39121953,16053,0.4260058
96,G400,none,replaced,original,GravIS,355,JPL,0.3250095,0.37424773,16053,0.42259398
96,G400,none,original,replaced,none,356,JPL,0.33460552,0.38060173,16053,0.42427802
96,G400,none,original,replaced,GravIS,357,JPL,0.31771144,0.36519957,16053,0.42117783
96,G400,none,original,original,none,358,JPL,0.33521655,0.3813085,16053,0.4245299
96,G400,none,original,original,GravIS,359,JPL,0.31800047,0.36592978,16053,0.4212873
96,G400,Geruo_ICE5G_VM2,replaced,replaced,none,360,JPL,0.30363658,0.37559235,16053,0.37378624
96,G400,Geruo_ICE5G_VM2,replaced,replaced,GravIS,361,JPL,0.31214893,0.36592677,16053,0.37511
96,G400,Geruo_ICE5G_VM2,replaced,original,none,362,JPL,0.3047809,0.37779304,16053,0.37391663
96,G400,Geruo_ICE5G_VM2,replaced,original,GravIS,363,JPL,0.31313413,0.36699077,16053,0.37496096
96,G400,Geruo_ICE5G_VM2,original,replaced,none,364,JPL,0.29712114,0.36814874,16053,0.37438
96,G400,Geruo_ICE5G_VM2,original,replaced,GravIS,365,JPL,0.30534598,0.35702327,16053,0.37474182
96,G400,Geruo_ICE5G_VM2,original,original,none,366,JPL,0.29825085,0.3684251,16053,0.3743778
96,G400,Geruo_ICE5G_VM2,original,original,GravIS,367,JPL,0.30631727,0.35726637,16053,0.37485284
96,G400,Caron_2018,replaced,replaced,none,368,JPL,0.28073078,0.36684766,16053,0.4109816
96,G400,Caron_2018,replaced,replaced,GravIS,369,JPL,0.29903793,0.37294468,16053,0.41064873
96,G400,Caron_2018,replaced,original,none,370,JPL,0.28177485,0.36812082,16053,0.41093856
96,G400,Caron_2018,replaced,original,GravIS,371,JPL,0.3000939,0.3747236,16053,0.41087908
96,G400,Caron_2018,original,replaced,none,372,JPL,0.27480182,0.35918677,16053,0.41011104
96,G400,Caron_2018,original,replaced,GravIS,373,JPL,0.2926412,0.36568582,16053,0.40889078
96,G400,Caron_2018,original,original,none,374,JPL,0.27583635,0.3603338,16053,0.41079295
96,G400,Caron_2018,original,original,GravIS,375,JPL,0.29368067,0.36729062,16053,0.40877938
96,G400,Peltier_ICE6G_D,replaced,replaced,none,376,JPL,0.29801673,0.37881798,16053,0.4213838
96,G400,Peltier_ICE6G_D,replaced,replaced,GravIS,377,JPL,0.31359053,0.37956247,16053,0.41979343
96,G400,Peltier_ICE6G_D,replaced,original,none,378,JPL,0.29914358,0.3803473,16053,0.42151064
96,G400,Peltier_ICE6G_D,replaced,original,GravIS,379,JPL,0.31467292,0.38074479,16053,0.42017192
96,G400,Peltier_ICE6G_D,original,replaced,none,380,JPL,0.29162773,0.369287,16053,0.42044634
96,G400,Peltier_ICE6G_D,original,replaced,GravIS,381,JPL,0.3065449,0.3696187,16053,0.41751018
96,G400,Peltier_ICE6G_D,original,original,none,382,JPL,0.2927412,0.37054807,16053,0.4206096
96,G400,Peltier_ICE6G_D,original,original,GravIS,383,JPL,0.30760786,0.37136862,16053,0.4178161
96,G500,none,replaced,replaced,none,384,JPL,0.32481003,0.37019458,16053,0.4179193
96,G500,none,replaced,replaced,GravIS,385,JPL,0.3053789,0.35657826,16053,0.41551256
96,G500,none,replaced,original,none,386,JPL,0.32549536,0.37131003,16053,0.41788888
96,G500,none,replaced,original,GravIS,387,JPL,0.30568615,0.3579997,16053,0.41591397
96,G500,none,original,replaced,none,388,JPL,0.31646913,0.35933688,16053,0.4174761
96,G500,none,original,replaced,GravIS,389,JPL,0.29822055,0.34657064,16053,0.41428545
96,G500,none,original,original,none,390,JPL,0.31714875,0.36186582,16053,0.41777164
96,G500,none,original,original,GravIS,391,JPL,0.29853067,0.34730858,16053,0.41521758
96,G500,Geruo_ICE5G_VM2,replaced,replaced,none,392,JPL,0.2780498,0.3427048,16053,0.36367232
96,G500,Geruo_ICE5G_VM2,replaced,replaced,GravIS,393,JPL,0.28903764,0.3338688,16053,0.3666987
96,G500,Geruo_ICE5G_VM2,replaced,original,none,394,JPL,0.27936178,0.34517816,16053,0.36364022
96,G500,Geruo_ICE5G_VM2,replaced,original,GravIS,395,JPL,0.29015148,0.3345948,16053,0.36681288
96,G500,Geruo_ICE5G_VM2,original,replaced,none,396,JPL,0.27034706,0.33235037,16053,0.3642074
96,G500,Geruo_ICE5G_VM2,original,replaced,GravIS,397,JPL,0.28118476,0.32271183,16053,0.36745661
96,G500,Geruo_ICE5G_VM2,original,original,none,398,JPL,0.2716156,0.33427313,16053,0.36429897
96,G500,Geruo_ICE5G_VM2,original,original,GravIS,399,JPL,0.2822628,0.3239294,16053,0.36750367
96,G500,Caron_2018,replaced,replaced,none,400,JPL,0.25087443,0.33273563,16053,0.3973944
96,G500,Caron_2018,replaced,replaced,GravIS,401,JPL,0.27452183,0.34549618,16053,0.3992311
96,G500,Caron_2018,replaced,original,none,402,JPL,0.2520221,0.3356,16053,0.39749226
96,G500,Caron_2018,replaced,original,GravIS,403,JPL,0.27570757,0.3466311,16053,0.39932382
96,G500,Caron_2018,original,replaced,none,404,JPL,0.24445501,0.32314864,16053,0.39801592
96,G500,Caron_2018,original,replaced,GravIS,405,JPL,0.2673587,0.33514827,16053,0.39820364
96,G500,Caron_2018,original,original,none,406,JPL,0.2455765,0.3252454,16053,0.3979851
96,G500,Caron_2018,original,original,GravIS,407,JPL,0.2685071,0.33687675,16053,0.3983852
96,G500,Peltier_ICE6G_D,replaced,replaced,none,408,JPL,0.27014083,0.34704018,16053,0.4081705
96,G500,Peltier_ICE6G_D,replaced,replaced,GravIS,409,JPL,0.29007515,0.3497804,16053,0.40846667
96,G500,Peltier_ICE6G_D,replaced,original,none,410,JPL,0.2714078,0.3487151,16053,0.40802148
96,G500,Peltier_ICE6G_D,replaced,original,GravIS,411,JPL,0.2912991,0.3507639,16053,0.40865424
96,G500,Peltier_ICE6G_D,original,replaced,none,412,JPL,0.263109,0.33540505,16053,0.40751392
96,G500,Peltier_ICE6G_D,original,replaced,GravIS,413,JPL,0.28225154,0.33809268,16053,0.4063513
96,G500,Peltier_ICE6G_D,original,original,none,414,JPL,0.26434055,0.3366252,16053,0.4081422
96,G500,Peltier_ICE6G_D,original,original,GravIS,415,JPL,0.2834336,0.33955958,16053,0.40701932
96,Swenson_G300,none,replaced,replaced,none,416,JPL,0.3529783,0.42055085,16053,0.41675687
96,Swenson_G300,none,replaced,replaced,GravIS,417,JPL,0.35116103,0.40318373,16053,0.4210435
96,Swenson_G300,none,replaced,original,none,418,JPL,0.3539783,0.42173818,16053,0.41685286
96,Swenson_G300,none,replaced,original,GravIS,419,JPL,0.35187417,0.4045915,16053,0.42101595
96,Swenson_G300,none,original,replaced,none,420,JPL,0.34638494,0.4118948,16053,0.41771868
96,Swenson_G300,none,original,replaced,GravIS,421,JPL,0.34399843,0.3939837,16053,0.42165878
96,Swenson_G300,none,original,original,none,422,JPL,0.34737334,0.41271544,16053,0.41772896
96,Swenson_G300,none,original,original,GravIS,423,JPL,0.3447133,0.3950839,16053,0.42159593
96,Swenson_G300,Geruo_ICE5G_VM2,replaced,replaced,none,424,JPL,0.2763702,0.37915882,16053,0.3608015
96,Swenson_G300,Geruo_ICE5G_VM2,replaced,replaced,GravIS,425,JPL,0.29918706,0.38656935,16053,0.36371467
96,Swenson_G300,Geruo_ICE5G_VM2,replaced,original,none,426,JPL,0.2774589,0.3803959,16053,0.3608784
96,Swenson_G300,Geruo_ICE5G_VM2,replaced,original,GravIS,427,JPL,0.3002877,0.38686085,16053,0.3638409
96,Swenson_G300,Geruo_ICE5G_VM2,original,replaced,none,428,JPL,0.2713823,0.37394404,16053,0.3617537
96,Swenson_G300,Geruo_ICE5G_VM2,original,replaced,GravIS,429,JPL,0.29369056,0.37996823,16053,0.3643947
96,Swenson_G300,Geruo_ICE5G_VM2,original,original,none,430,JPL,0.2724548,0.37532043,16053,0.3615399
96,Swenson_G300,Geruo_ICE5G_VM2,original,original,GravIS,431,JPL,0.29477584,0.3822825,16053,0.3643869
96,Swenson_G300,Caron_2018,replaced,replaced,none,432,JPL,0.2465005,0.3498777,16053,0.36483184
96,Swenson_G300,Caron_2018,replaced,replaced,GravIS,433,JPL,0.2723332,0.37143865,16053,0.3673955
96,Swenson_G300,Caron_2018,replaced,original,none,434,JPL,0.2474356,0.35202137,16053,0.36489275
96,Swenson_G300,Caron_2018,replaced,original,GravIS,435,JPL,0.27332005,0.37357852,16053,0.3673258
96,Swenson_G300,Caron_2018,original,replaced,none,436,JPL,0.2420259,0.3446948,16053,0.36480814
96,Swenson_G300,Caron_2018,original,replaced,GravIS,437,JPL,0.26726142,0.3668779,16053,0.36772338
96,Swenson_G300,Caron_2018,original,original,none,438,JPL,0.24294665,0.34510207,16053,0.36476767
96,Swenson_G300,Caron_2018,original,original,GravIS,439,JPL,0.2682314,0.3688768,16053,0.36780393
96,Swenson_G300,Peltier_ICE6G_D,replaced,replaced,none,440,JPL,0.26518747,0.36865515,16053,0.39002421
96,Swenson_G300,Peltier_ICE6G_D,replaced,replaced,GravIS,441,JPL,0.29086217,0.38645408,16053,0.3920906
96,Swenson_G300,Peltier_ICE6G_D,replaced,original,none,442,JPL,0.26620895,0.3704536,16053,0.3900968
96,Swenson_G300,Peltier_ICE6G_D,replaced,original,GravIS,443,JPL,0.29192242,0.38941866,16053,0.39215466
96,Swenson_G300,Peltier_ICE6G_D,original,replaced,none,444,JPL,0.26040697,0.36319533,16053,0.38977042
96,Swenson_G300,Peltier_ICE6G_D,original,replaced,GravIS,445,JPL,0.28530705,0.3818724,16053,0.3922009
96,Swenson_G300,Peltier_ICE6G_D,original,original,none,446,JPL,0.26140803,0.36564597,16053,0.38996547
96,Swenson_G300,Peltier_ICE6G_D,original,original,GravIS,447,JPL,0.2863491,0.38290215,16053,0.39221403
96,Swenson_G500,none,replaced,replaced,none,448,JPL,0.3304607,0.38128278,16053,0.4074622
96,Swenson_G500,none,replaced,replaced,GravIS,449,JPL,0.3170639,0.35503566,16053,0.41547468
96,Swenson_G500,none,replaced,original,none,450,JPL,0.3315993,0.3824542,16053,0.40729678
96,Swenson_G500,none,replaced,original,GravIS,451,JPL,0.31763393,0.35759246,16053,0.4153369
96,Swenson_G500,none,original,replaced,none,452,JPL,0.3213913,0.3687676,16053,0.40940234
96,Swenson_G500,none,original,replaced,GravIS,453,JPL,0.30828077,0.3445157,16053,0.41730094
96,Swenson_G500,none,original,original,none,454,JPL,0.32249314,0.37063137,16053,0.40905806
96,Swenson_G500,none,original,original,GravIS,455,JPL,0.3088491,0.34574798,16053,0.41715035
96,Swenson_G500,Geruo_ICE5G_VM2,replaced,replaced,none,456,JPL,0.23106906,0.31038326,16053,0.35475212
96,Swenson_G500,Geruo_ICE5G_VM2,replaced,replaced,GravIS,457,JPL,0.26393428,0.33706722,16053,0.36162075
96,Swenson_G500,Geruo_ICE5G_VM2,replaced,original,none,458,JPL,0.23240091,0.3117911,16053,0.35484704
96,Swenson_G500,Geruo_ICE5G_VM2,replaced,original,GravIS,459,JPL,0.26532784,0.33850187,16053,0.3616035
96,Swenson_G500,Geruo_ICE5G_VM2,original,replaced,none,460,JPL,0.22408412,0.30437255,16053,0.3566395
96,Swenson_G500,Geruo_ICE5G_VM2,original,replaced,GravIS,461,JPL,0.25626278,0.32722571,16053,0.362663
96,Swenson_G500,Geruo_ICE5G_VM2,original,original,none,462,JPL,0.225395,0.30612397,16053,0.3562799
96,Swenson_G500,Geruo_ICE5G_VM2,original,original,GravIS,463,JPL,0.2575996,0.33030963,16053,0.36254004
96,Swenson_G500,Caron_2018,replaced,replaced,none,464,JPL,0.18930034,0.27342057,16053,0.35468143
96,Swenson_G500,Caron_2018,replaced,replaced,GravIS,465,JPL,0.22993883,0.31497952,16053,0.3589767
96,Swenson_G500,Caron_2018,replaced,original,none,466,JPL,0.19022122,0.27527067,16053,0.3549169
96,Swenson_G500,Caron_2018,replaced,original,GravIS,467,JPL,0.23112689,0.31741995,16053,0.35904792
96,Swenson_G500,Caron_2018,original,replaced,none,468,JPL,0.18407261,0.2617724,16053,0.35538906
96,Swenson_G500,Caron_2018,original,replaced,GravIS,469,JPL,0.22377016,0.30678207,16053,0.3589635
96,Swenson_G500,Caron_2018,original,original,none,470,JPL,0.18498735,0.26353216,16053,0.3551082
96,Swenson_G500,Caron_2018,original,original,GravIS,471,JPL,0.22492063,0.30812094,16053,0.35892817
96,Swenson_G500,Peltier_ICE6G_D,replaced,replaced,none,472,JPL,0.21349259,0.29271322,16053,0.3777721
96,Swenson_G500,Peltier_ICE6G_D,replaced,replaced,GravIS,473,JPL,0.25260463,0.33246163,16053,0.3839088
96,Swenson_G500,Peltier_ICE6G_D,replaced,original,none,474,JPL,0.2146336,0.2953017,16053,0.37758893
96,Swenson_G500,Peltier_ICE6G_D,replaced,original,GravIS,475,JPL,0.25393093,0.33486018,16053,0.3836581
96,Swenson_G500,Peltier_ICE6G_D,original,replaced,none,476,JPL,0.20761973,0.28208008,16053,0.37950292
96,Swenson_G500,Peltier_ICE6G_D,original,replaced,GravIS,477,JPL,0.24571086,0.32337508,16053,0.38516918
96,Swenson_G500,Peltier_ICE6G_D,original,original,none,478,JPL,0.20874889,0.28527966,16053,0.37901902
96,Swenson_G500,Peltier_ICE6G_D,original,original,GravIS,479,JPL,0.24699256,0.32568592,16053,0.38498893
96,DDK2,none,replaced,replaced,none,480,JPL,0.35688204,0.40285936,16053,0.4311458
96,DDK2,none,replaced,replaced,GravIS,481,JPL,0.3420924,0.38227883,16053,0.42937437
96,DDK2,none,replaced,original,none,482,JPL,0.35754168,0.40313226,16053,0.4312673
96,DDK2,none,replaced,original,GravIS,483,JPL,0.3424367,0.38357562,16053,0.4293893
96,DDK2,none,original,replaced,none,484,JPL,0.35035914,0.39446643,16053,0.43040118
96,DDK2,none,original,replaced,GravIS,485,JPL,0.3356241,0.37730202,16053,0.42867777
96,DDK2,none,original,original,none,486,JPL,0.35102832,0.3955721,16053,0.43052122
96,DDK2,none,original,original,GravIS,487,JPL,0.33598408,0.37777552,16053,0.42886212
96,DDK2,Geruo_ICE5G_VM2,replaced,replaced,none,488,JPL,0.31415856,0.39360148,16053,0.37214747
96,DDK2,Geruo_ICE5G_VM2,replaced,replaced,GravIS,489,JPL,0.32390428,0.3895012,16053,0.37175784
96,DDK2,Geruo_ICE5G_VM2,replaced,original,none,490,JPL,0.31519026,0.3944167,16053,0.37236065
96,DDK2,Geruo_ICE5G_VM2,replaced,original,GravIS,491,JPL,0.32484075,0.3911755,16053,0.37207764
96,DDK2,Geruo_ICE5G_VM2,original,replaced,none,492,JPL,0.3091738,0.3883194,16053,0.37108108
96,DDK2,Geruo_ICE5G_VM2,original,replaced,GravIS,493,JPL,0.3186382,0.38269138,16053,0.37121654
96,DDK2,Geruo_ICE5G_VM2,original,original,none,494,JPL,0.31020707,0.3886246,16053,0.37138942
96,DDK2,Geruo_ICE5G_VM2,original,original,GravIS,495,JPL,0.31957445,0.38331798,16053,0.37134516
96,DDK2,Caron_2018,replaced,replaced,none,496,JPL,0.29135877,0.38186163,16053,0.39369628
96,DDK2,Caron_2018,replaced,replaced,GravIS,497,JPL,0.30797383,0.38593134,16053,0.3928689
96,DDK2,Caron_2018,replaced,original,none,498,JPL,0.29229057,0.3839352,16053,0.39358768
96,DDK2,Caron_2018,replaced,original,GravIS,499,JPL,0.30893093,0.38695416,16053,0.39311126
96,DDK2,Caron_2018,original,replaced,none,500,JPL,0.28651565,0.378134,16053,0.3935481
96,DDK2,Caron_2018,original,replaced,GravIS,501,JPL,0.3029674,0.38177744,16053,0.39299995
96,DDK2,Caron_2018,original,original,none,502,JPL,0.28744185,0.3785709,16053,0.39379576
96,DDK2,Caron_2018,original,original,GravIS,503,JPL,0.30391952,0.38266388,16053,0.39304674
96,DDK2,Peltier_ICE6G_D,replaced,replaced,none,504,JPL,0.3081914,0.39495102,16053,0.41350648
96,DDK2,Peltier_ICE6G_D,replaced,replaced,GravIS,505,JPL,0.32285786,0.39553633,16053,0.41181028
96,DDK2,Peltier_ICE6G_D,replaced,original,none,506,JPL,0.30919644,0.39642885,16053,0.41350394
96,DDK2,Peltier_ICE6G_D,replaced,original,GravIS,507,JPL,0.3238499,0.39654085,16053,0.41199255
96,DDK2,Peltier_ICE6G_D,original,replaced,none,508,JPL,0.30290666,0.38930535,16053,0.4130352
96,DDK2,Peltier_ICE6G_D,original,replaced,GravIS,509,JPL,0.31724083,0.3878401,16053,0.41210285
96,DDK2,Peltier_ICE6G_D,original,original,none,510,JPL,0.3039094,0.38975537,16053,0.41275463
96,DDK2,Peltier_ICE6G_D,original,original,GravIS,511,JPL,0.3182275,0.38876644,16053,0.41232377
96,DDK3,none,replaced,replaced,none,512,JPL,0.37365562,0.43949246,16053,0.43281263
96,DDK3,none,replaced,replaced,GravIS,513,JPL,0.3664853,0.4103708,16053,0.4312217
96,DDK3,none,replaced,original,none,514,JPL,0.37429315,0.43925843,16053,0.4329138
96,DDK3,none,replaced,original,GravIS,515,JPL,0.3669144,0.41044295,16053,0.4312143
96,DDK3,none,original,replaced,none,516,JPL,0.36801693,0.43196604,16053,0.4314694
96,DDK3,none,original,replaced,GravIS,517,JPL,0.36080718,0.40438762,16053,0.43015125
96,DDK3,none,original,original,none,518,JPL,0.36866218,0.4324076,16053,0.4316395
96,DDK3,none,original,original,GravIS,519,JPL,0.3612468,0.40402552,16053,0.43032634
96,DDK3,Geruo_ICE5G_VM2,replaced,replaced,none,520,JPL,0.33465904,0.42331898,16053,0.38767093
96,DDK3,Geruo_ICE5G_VM2,replaced,replaced,GravIS,521,JPL,0.34354156,0.42494357,16053,0.38866955
96,DDK3,Geruo_ICE5G_VM2,replaced,original,none,522,JPL,0.33547473,0.42379054,16053,0.38781112
96,DDK3,Geruo_ICE5G_VM2,replaced,original,GravIS,523,JPL,0.34431434,0.42549306,16053,0.38868436
96,DDK3,Geruo_ICE5G_VM2,original,replaced,none,524,JPL,0.3307727,0.4183153,16053,0.38758627
96,DDK3,Geruo_ICE5G_VM2,original,replaced,GravIS,525,JPL,0.3394282,0.41952196,16053,0.38774693
96,DDK3,Geruo_ICE5G_VM2,original,original,none,526,JPL,0.33159095,0.4194981,16053,0.38762426
96,DDK3,Geruo_ICE5G_VM2,original,original,GravIS,527,JPL,0.34020805,0.41986957,16053,0.38773987
96,DDK3,Caron_2018,replaced,replaced,none,528,JPL,0.31660423,0.40934274,16053,0.4129731
96,DDK3,Caron_2018,replaced,replaced,GravIS,529,JPL,0.3285709,0.41725263,16053,0.4130332
96,DDK3,Caron_2018,replaced,original,none,530,JPL,0.3173471,0.4101782,16053,0.41324276
96,DDK3,Caron_2018,replaced,original,GravIS,531,JPL,0.329322,0.41808635,16053,0.41322038
96,DDK3,Caron_2018,original,replaced,none,532,JPL,0.31258944,0.40522045,16053,0.41294885
96,DDK3,Caron_2018,original,replaced,GravIS,533,JPL,0.32455558,0.4134219,16053,0.4129716
96,DDK3,Caron_2018,original,original,none,534,JPL,0.31333014,0.40674633,16053,0.41297188
96,DDK3,Caron_2018,original,original,GravIS,535,JPL,0.3253119,0.41501722,16053,0.4129036
96,DDK3,Peltier_ICE6G_D,replaced,replaced,none,536,JPL,0.330786,0.42120475,16053,0.42404282
96,DDK3,Peltier_ICE6G_D,replaced,replaced,GravIS,537,JPL,0.3416918,0.426214,16053,0.42396855
96,DDK3,Peltier_ICE6G_D,replaced,original,none,538,JPL,0.33158013,0.42102963,16053,0.42421022
96,DDK3,Peltier_ICE6G_D,replaced,original,GravIS,539,JPL,0.34248003,0.4273917,16053,0.42417392
96,DDK3,Peltier_ICE6G_D,original,replaced,none,540,JPL,0.32623616,0.41669086,16053,0.42376179
96,DDK3,Peltier_ICE6G_D,original,replaced,GravIS,541,JPL,0.33714056,0.42151508,16053,0.4235968
96,DDK3,Peltier_ICE6G_D,original,original,none,542,JPL,0.32703006,0.4173189,16053,0.42407036
96,DDK3,Peltier_ICE6G_D,original,original,GravIS,543,JPL,0.33793208,0.42259893,16053,0.42376468
96,DDK5,none,replaced,replaced,none,544,JPL,0.37014848,0.44228667,16053,0.43567818
96,DDK5,none,replaced,replaced,GravIS,545,JPL,0.36881417,0.42424673,16053,0.43503237
96,DDK5,none,replaced,original,none,546,JPL,0.37067816,0.44243255,16053,0.43583414
96,DDK5,none,replaced,original,GravIS,547,JPL,0.3692496,0.4245368,16053,0.43506676
96,DDK5,none,original,replaced,none,548,JPL,0.36577657,0.43698382,16053,0.435485
96,DDK5,none,original,replaced,GravIS,549,JPL,0.3644125,0.419456,16053,0.43500546
96,DDK5,none,original,original,none,550,JPL,0.36631292,0.43765292,16053,0.43543476
96,DDK5,none,original,original,GravIS,551,JPL,0.3648549,0.41987076,16053,0.4347566
96,DDK5,Geruo_ICE5G_VM2,replaced,replaced,none,552,JPL,0.3356392,0.4310377,16053,0.40367308
96,DDK5,Geruo_ICE5G_VM2,replaced,replaced,GravIS,553,JPL,0.34412882,0.42997012,16053,0.40171024
96,DDK5,Geruo_ICE5G_VM2,replaced,original,none,554,JPL,0.336273,0.43162873,16053,0.40386665
96,DDK5,Geruo_ICE5G_VM2,replaced,original,GravIS,555,JPL,0.34473586,0.4307097,16053,0.40203318
96,DDK5,Geruo_ICE5G_VM2,original,replaced,none,556,JPL,0.332716,0.42880386,16053,0.4031708
96,DDK5,Geruo_ICE5G_VM2,original,replaced,GravIS,557,JPL,0.34106842,0.42673147,16053,0.40086234
96,DDK5,Geruo_ICE5G_VM2,original,original,none,558,JPL,0.33335453,0.42892784,16053,0.4032829
96,DDK5,Geruo_ICE5G_VM2,original,original,GravIS,559,JPL,0.34168363,0.42700785,16053,0.4008369
96,DDK5,Caron_2018,replaced,replaced,none,560,JPL,0.32144922,0.4218782,16053,0.41363043
96,DDK5,Caron_2018,replaced,replaced,GravIS,561,JPL,0.33134964,0.42590472,16053,0.4130128
96,DDK5,Caron_2018,replaced,original,none,562,JPL,0.32203966,0.42255154,16053,0.41354278
96,DDK5,Caron_2018,replaced,original,GravIS,563,JPL,0.33193746,0.42682374,16053,0.41302246
96,DDK5,Caron_2018,original,replaced,none,564,JPL,0.31831884,0.41840604,16053,0.4134475
96,DDK5,Caron_2018,original,replaced,GravIS,565,JPL,0.32824877,0.42329505,16053,0.41239092
96,DDK5,Caron_2018,original,original,none,566,JPL,0.3189116,0.41948047,16053,0.41346085
96,DDK5,Caron_2018,original,original,GravIS,567,JPL,0.32884187,0.42441425,16053,0.41252157
96,DDK5,Peltier_ICE6G_D,replaced,replaced,none,568,JPL,0.33323717,0.43117046,16053,0.42439422
96,DDK5,Peltier_ICE6G_D,replaced,replaced,GravIS,569,JPL,0.34277692,0.43333614,16053,0.4241866
96,DDK5,Peltier_ICE6G_D,replaced,original,none,570,JPL,0.33386168,0.43258396,16053,0.42440963
96,DDK5,Peltier_ICE6G_D,replaced,original,GravIS,571,JPL,0.34339243,0.4332303,16053,0.424208
96,DDK5,Peltier_ICE6G_D,original,replaced,none,572,JPL,0.32966438,0.4279554,16053,0.42404562
96,DDK5,Peltier_ICE6G_D,original,replaced,GravIS,573,JPL,0.33926257,0.42974013,16053,0.4239901
96,DDK5,Peltier_ICE6G_D,original,original,none,574,JPL,0.33029443,0.42876,16053,0.42423767
96,DDK5,Peltier_ICE6G_D,original,original,GravIS,575,JPL,0.3398848,0.43046537,16053,0.4241012
96,DDK7,none,replaced,replaced,none,576,JPL,0.33183476,0.38214865,16053,0.43462837
96,DDK7,none,replaced,replaced,GravIS,577,JPL,0.33314067,0.3701957,16053,0.43449953
96,DDK7,none,replaced,original,none,578,JPL,0.3321168,0.3824583,16053,0.43482652
96,DDK7,none,replaced,original,GravIS,579,JPL,0.33336625,0.37095833,16053,0.4345672
96,DDK7,none,original,replaced,none,580,JPL,0.32852617,0.37617138,16053,0.43460056
96,DDK7,none,original,replaced,GravIS,581,JPL,0.32979202,0.36613107,16053,0.43467966
96,DDK7,none,original,original,none,582,JPL,0.3288129,0.3759218,16053,0.43463716
96,DDK7,none,original,original,GravIS,583,JPL,0.3300248,0.36634457,16053,0.43461767
96,DDK7,Geruo_ICE5G_VM2,replaced,replaced,none,584,JPL,0.30327943,0.37179506,16053,0.41077858
96,DDK7,Geruo_ICE5G_VM2,replaced,replaced,GravIS,585,JPL,0.31104356,0.37000382,16053,0.41008067
96,DDK7,Geruo_ICE5G_VM2,replaced,original,none,586,JPL,0.30364296,0.37180802,16053,0.41094506
96,DDK7,Geruo_ICE5G_VM2,replaced,original,GravIS,587,JPL,0.31138873,0.3697605,16053,0.4104703
96,DDK7,Geruo_ICE5G_VM2,original,replaced,none,588,JPL,0.300927,0.36923864,16053,0.41108316
96,DDK7,Geruo_ICE5G_VM2,original,replaced,GravIS,589,JPL,0.3085705,0.36935228,16053,0.40961173
96,DDK7,Geruo_ICE5G_VM2,original,original,none,590,JPL,0.3012917,0.36946666,16053,0.41107014
96,DDK7,Geruo_ICE5G_VM2,original,original,GravIS,591,JPL,0.30891955,0.36918646,16053,0.40961802
96,DDK7,Caron_2018,replaced,replaced,none,592,JPL,0.29330465,0.37013093,16053,0.41225156
96,DDK7,Caron_2018,replaced,replaced,GravIS,593,JPL,0.30199343,0.36694592,16053,0.41215912
96,DDK7,Caron_2018,replaced,original,none,594,JPL,0.29365668,0.36951056,16053,0.41234002
96,DDK7,Caron_2018,replaced,original,GravIS,595,JPL,0.30234182,0.36629966,16053,0.41228274
96,DDK7,Caron_2018,original,replaced,none,596,JPL,0.2907811,0.3674818,16053,0.41202018
96,DDK7,Caron_2018,original,replaced,GravIS,597,JPL,0.29943863,0.365226,16053,0.41203943
96,DDK7,Caron_2018,original,original,none,598,JPL,0.29113445,0.36672306,16053,0.4120134
96,DDK7,Caron_2018,original,original,GravIS,599,JPL,0.29979137,0.3652891,16053,0.4121203
96,DDK7,Peltier_ICE6G_D,replaced,replaced,none,600,JPL,0.30265248,0.37542853,16053,0.42201576
96,DDK7,Peltier_ICE6G_D,replaced,replaced,GravIS,601,JPL,0.3111261,0.3728172,16053,0.42271623
96,DDK7,Peltier_ICE6G_D,replaced,original,none,602,JPL,0.30302063,0.37578118,16053,0.42198446
96,DDK7,Peltier_ICE6G_D,replaced,original,GravIS,603,JPL,0.3114847,0.3722165,16053,0.42276868
96,DDK7,Peltier_ICE6G_D,original,replaced,none,604,JPL,0.29989544,0.37163007,16053,0.42232722
96,DDK7,Peltier_ICE6G_D,original,replaced,GravIS,605,JPL,0.30836114,0.370404,16053,0.42236802
96,DDK7,Peltier_ICE6G_D,original,original,none,606,JPL,0.30026823,0.37084153,16053,0.42226273
96,DDK7,Peltier_ICE6G_D,original,original,GravIS,607,JPL,0.3087249,0.3704622,16053,0.42248565
96,DDK8,none,replaced,replaced,none,608,JPL,0.3127816,0.3554172,16053,0.4387671
96,DDK8,none,replaced,replaced,GravIS,609,JPL,0.31426185,0.34993383,16053,0.43796715
96,DDK8,none,replaced,original,none,610,JPL,0.31297567,0.35626498,16053,0.4388083
96,DDK8,none,replaced,original,GravIS,611,JPL,0.31440905,0.34953144,16053,0.43823093
96,DDK8,none,original,replaced,none,612,JPL,0.30967307,0.35127664,16053,0.43902543
96,DDK8,none,original,replaced,GravIS,613,JPL,0.31115735,0.3435223,16053,0.4377222
96,DDK8,none,original,original,none,614,JPL,0.30986887,0.35139152,16053,0.43912897
96,DDK8,none,original,original,GravIS,615,JPL,0.31130737,0.3433708,16053,0.43780342
96,DDK8,Geruo_ICE5G_VM2,replaced,replaced,none,616,JPL,0.2872265,0.3468206,16053,0.41297477
96,DDK8,Geruo_ICE5G_VM2,replaced,replaced,GravIS,617,JPL,0.29412746,0.34412208,16053,0.4130801
96,DDK8,Geruo_ICE5G_VM2,replaced,original,none,618,JPL,0.28748778,0.34644723,16053,0.41300192
96,DDK8,Geruo_ICE5G_VM2,replaced,original,GravIS,619,JPL,0.29437557,0.3435091,16053,0.4131074
96,DDK8,Geruo_ICE5G_VM2,original,replaced,none,620,JPL,0.28489143,0.34474137,16053,0.41273612
96,DDK8,Geruo_ICE5G_VM2,original,replaced,GravIS,621,JPL,0.29172102,0.34132516,16053,0.4130232
96,DDK8,Geruo_ICE5G_VM2,original,original,none,622,JPL,0.28515223,0.344396,16053,0.41288915
96,DDK8,Geruo_ICE5G_VM2,original,original,GravIS,623,JPL,0.29197085,0.34126517,16053,0.4131284
96,DDK8,Caron_2018,replaced,replaced,none,624,JPL,0.27911258,0.34551808,16053,0.4135677
96,DDK8,Caron_2018,replaced,replaced,GravIS,625,JPL,0.2868573,0.34711143,16053,0.41446555
96,DDK8,Caron_2018,replaced,original,none,626,JPL,0.27937233,0.3451605,16053,0.41348943
96,DDK8,Caron_2018,replaced,original,GravIS,627,JPL,0.28711867,0.3469743,16053,0.41448674
96,DDK8,Caron_2018,original,replaced,none,628,JPL,0.2766105,0.34278163,16053,0.41366708
96,DDK8,Caron_2018,original,replaced,GravIS,629,JPL,0.28435627,0.34330392,16053,0.41467118
96,DDK8,Caron_2018,original,original,none,630,JPL,0.27686873,0.34275714,16053,0.413669
96,DDK8,Caron_2018,original,original,GravIS,631,JPL,0.28461748,0.34404892,16053,0.41476107
96,DDK8,Peltier_ICE6G_D,replaced,replaced,none,632,JPL,0.28747377,0.35462773,16053,0.42517972
96,DDK8,Peltier_ICE6G_D,replaced,replaced,GravIS,633,JPL,0.29492405,0.3516756,16053,0.42534888
96,DDK8,Peltier_ICE6G_D,replaced,original,none,634,JPL,0.2877456,0.35476547,16053,0.42511168
96,DDK8,Peltier_ICE6G_D,replaced,original,GravIS,635,JPL,0.29519048,0.35158065,16053,0.4254332
96,DDK8,Peltier_ICE6G_D,original,replaced,none,636,JPL,0.284806,0.34845573,16053,0.42486823
96,DDK8,Peltier_ICE6G_D,original,replaced,GravIS,637,JPL,0.29226676,0.34730926,16053,0.42489102
96,DDK8,Peltier_ICE6G_D,original,original,none,638,JPL,0.28507605,0.3493245,16053,0.4249169
96,DDK8,Peltier_ICE6G_D,original,original,GravIS,639,JPL,0.29253113,0.34641445,16053,0.42491475
60,G300,none,replaced,replaced,none,0,GFZ,0.36708555,0.41917118,16053,0.42790142
60,G300,none,replaced,replaced,GravIS,1,GFZ,0.34971103,0.40745124,16053,0.4273846
60,G300,none,replaced,original,none,2,GFZ,0.3665954,0.4181306,16053,0.42806646
60,G300,none,replaced,original,GravIS,3,GFZ,0.34897906,0.4063389,16053,0.42752138
60,G300,none,original,replaced,none,4,GFZ,0.36154452,0.4136498,16053,0.42614612
60,G300,none,original,replaced,GravIS,5,GFZ,0.34333926,0.40039492,16053,0.42555785
60,G300,none,original,original,none,6,GFZ,0.360993,0.41358814,16053,0.42638505
60,G300,none,original,original,GravIS,7,GFZ,0.3425779,0.40114015,16053,0.42579353
60,G300,Geruo_ICE5G_VM2,replaced,replaced,none,8,GFZ,0.33862436,0.42239258,16053,0.38461405
60,G300,Geruo_ICE5G_VM2,replaced,replaced,GravIS,9,GFZ,0.34408626,0.40893686,16053,0.3846626
60,G300,Geruo_ICE5G_VM2,replaced,original,none,10,GFZ,0.3391133,0.4219907,16053,0.38473666
60,G300,Geruo_ICE5G_VM2,replaced,original,GravIS,11,GFZ,0.3443101,0.4074166,16053,0.38539985
60,G300,Geruo_ICE5G_VM2,original,replaced,none,12,GFZ,0.3364896,0.42010474,16053,0.38277853
60,G300,Geruo_ICE5G_VM2,original,replaced,GravIS,13,GFZ,0.34074342,0.40081954,16053,0.38204476
60,G300,Geruo_ICE5G_VM2,original,original,none,14,GFZ,0.33695012,0.41967273,16053,0.38305953
60,G300,Geruo_ICE5G_VM2,original,original,GravIS,15,GFZ,0.3409121,0.40046263,16053,0.3825223
60,G300,Caron_2018,replaced,replaced,none,16,GFZ,0.32090068,0.42297158,16053,0.41374075
60,G300,Caron_2018,replaced,replaced,GravIS,17,GFZ,0.33411577,0.4194139,16053,0.4131833
60,G300,Caron_2018,replaced,original,none,18,GFZ,0.32150906,0.42252016,16053,0.4143345
60,G300,Caron_2018,replaced,original,GravIS,19,GFZ,0.3346693,0.41973954,16053,0.41342014
60,G300,Caron_2018,original,replaced,none,20,GFZ,0.3188123,0.4148812,16053,0.4104608
60,G300,Caron_2018,original,replaced,GravIS,21,GFZ,0.33188605,0.41599968,16053,0.40814716
60,G300,Caron_2018,original,original,none,22,GFZ,0.31942233,0.41506848,16053,0.41065407
60,G300,Caron_2018,original,original,GravIS,23,GFZ,0.3324295,0.4163271,16053,0.40839425
60,G300,Peltier_ICE6G_D,replaced,replaced,none,24,GFZ,0.33743203,0.4364331,16053,0.42336574
60,G300,Peltier_ICE6G_D,replaced,replaced,GravIS,25,GFZ,0.34815177,0.43053114,16053,0.4239195
60,G300,Peltier_ICE6G_D,replaced,original,none,26,GFZ,0.33803546,0.43637866,16053,0.42343414
60,G300,Peltier_ICE6G_D,replaced,original,GravIS,27,GFZ,0.34860617,0.43037975,16053,0.42387408
60,G300,Peltier_ICE6G_D,original,replaced,none,28,GFZ,0.33533707,0.43010202,16053,0.41966966
60,G300,Peltier_ICE6G_D,original,replaced,GravIS,29,GFZ,0.34532115,0.4207349,16053,0.4181063
60,G300,Peltier_ICE6G_D,original,original,none,30,GFZ,0.33593065,0.4292596,16053,0.4200295
60,G300,Peltier_ICE6G_D,original,original,GravIS,31,GFZ,0.3457472,0.42051625,16053,0.41888496
60,G400,none,replaced,replaced,none,32,GFZ,0.3509797,0.41417384,16053,0.4145727
60,G400,none,replaced,replaced,GravIS,33,GFZ,0.32987487,0.3959571,16053,0.41543043
60,G400,none,replaced,original,none,34,GFZ,0.35031745,0.41296238,16053,0.41467163
60,G400,none,replaced,original,GravIS,35,GFZ,0.32907012,0.39537135,16053,0.4152122
60,G400,none,original,replaced,none,36,GFZ,0.34424886,0.4058923,16053,0.41519913
60,G400,none,original,replaced,GravIS,37,GFZ,0.32299584,0.3900203,16053,0.41666877
60,G400,none,original,original,none,38,GFZ,0.3435481,0.4049513,16053,0.4150475
60,G400,none,original,original,GravIS,39,GFZ,0.3221854,0.38932347,16053,0.41671726
60,G400,Geruo_ICE5G_VM2,replaced,replaced,none,40,GFZ,0.32802486,0.40122372,16053,0.3691576
60,G400,Geruo_ICE5G_VM2,replaced,replaced,GravIS,41,GFZ,0.33112738,0.38255262,16053,0.3705043
60,G400,Geruo_ICE5G_VM2,replaced,original,none,42,GFZ,0.32864425,0.40077773,16053,0.3693267
60,G400,Geruo_ICE5G_VM2,replaced,original,GravIS,43,GFZ,0.33131853,0.3823401,16053,0.3705965
60,G400,Geruo_ICE5G_VM2,original,replaced,none,44,GFZ,0.32451147,0.3938625,16053,0.3687985
60,G400,Geruo_ICE5G_VM2,original,replaced,GravIS,45,GFZ,0.3258566,0.3721517,16053,0.36945555
60,G400,Geruo_ICE5G_VM2,original,original,none,46,GFZ,0.32506737,0.3936649,16053,0.36893955
60,G400,Geruo_ICE5G_VM2,original,original,GravIS,47,GFZ,0.32596996,0.3718284,16053,0.36973602
60,G400,Caron_2018,replaced,replaced,none,48,GFZ,0.30774698,0.4088114,16053,0.39892694
60,G400,Caron_2018,replaced,replaced,GravIS,49,GFZ,0.3245889,0.4059372,16053,0.3950977
60,G400,Caron_2018,replaced,original,none,50,GFZ,0.3086072,0.40926307,16053,0.39917856
60,G400,Caron_2018,replaced,original,GravIS,51,GFZ,0.32535896,0.40570143,16053,0.39526576
60,G400,Caron_2018,original,replaced,none,52,GFZ,0.30520433,0.3985653,16053,0.391788
60,G400,Caron_2018,original,replaced,GravIS,53,GFZ,0.32139894,0.3978657,16053,0.389874
60,G400,Caron_2018,original,original,none,54,GFZ,0.30605412,0.39922306,16053,0.39184737
60,G400,Caron_2018,original,original,GravIS,55,GFZ,0.32214183,0.3968457,16053,0.38993865
60,G400,Peltier_ICE6G_D,replaced,replaced,none,56,GFZ,0.3259748,0.41751367,16053,0.4039439
60,G400,Peltier_ICE6G_D,replaced,replaced,GravIS,57,GFZ,0.33870322,0.41270885,16053,0.4030382
60,G400,Peltier_ICE6G_D,replaced,original,none,58,GFZ,0.3268171,0.41723168,16053,0.40407303
60,G400,Peltier_ICE6G_D,replaced,original,GravIS,59,GFZ,0.3392874,0.41262442,16053,0.40293583
60,G400,Peltier_ICE6G_D,original,replaced,none,60,GFZ,0.32355154,0.4102867,16053,0.40063292
60,G400,Peltier_ICE6G_D,original,replaced,GravIS,61,GFZ,0.3347017,0.4013301,16053,0.40382448
60,G400,Peltier_ICE6G_D,original,original,none,62,GFZ,0.32436416,0.41023767,16053,0.4007585
60,G400,Peltier_ICE6G_D,original,original,GravIS,63,GFZ,0.33522248,0.40093222,16053,0.4036395
60,G500,none,replaced,replaced,none,64,GFZ,0.3343735,0.39758185,16053,0.41151127
60,G500,none,replaced,replaced,GravIS,65,GFZ,0.3120068,0.38144642,16053,0.40909114
60,G500,none,replaced,original,none,66,GFZ,0.3335725,0.3970561,16053,0.41148734
60,G500,none,replaced,original,GravIS,67,GFZ,0.31115174,0.3808184,16053,0.40951416
60,G500,none,original,replaced,none,68,GFZ,0.32701358,0.39126143,16053,0.40764654
60,G500,none,original,replaced,GravIS,69,GFZ,0.30516335,0.37494656,16053,0.40815303
60,G500,none,original,original,none,70,GFZ,0.3261877,0.3906092,16053,0.40777937
60,G500,none,original,original,GravIS,71,GFZ,0.3043164,0.37266845,16053,0.4080185
60,G500,Geruo_ICE5G_VM2,replaced,replaced,none,72,GFZ,0.3107854,0.3760163,16053,0.3631862
60,G500,Geruo_ICE5G_VM2,replaced,replaced,GravIS,73,GFZ,0.31393206,0.3565001,16053,0.36652452
60,G500,Geruo_ICE5G_VM2,replaced,original,none,74,GFZ,0.3114982,0.3754505,16053,0.36314848
60,G500,Geruo_ICE5G_VM2,replaced,original,GravIS,75,GFZ,0.31407574,0.35699165,16053,0.36660144
60,G500,Geruo_ICE5G_VM2,original,replaced,none,76,GFZ,0.3060899,0.364544,16053,0.36511105
60,G500,Geruo_ICE5G_VM2,original,replaced,GravIS,77,GFZ,0.30740187,0.34919682,16053,0.36691305
60,G500,Geruo_ICE5G_VM2,original,original,none,78,GFZ,0.30671802,0.36534527,16053,0.36524686
60,G500,Geruo_ICE5G_VM2,original,original,GravIS,79,GFZ,0.30746657,0.35031533,16053,0.3670274
60,G500,Caron_2018,replaced,replaced,none,80,GFZ,0.28662586,0.38483804,16053,0.39486343
60,G500,Caron_2018,replaced,replaced,GravIS,81,GFZ,0.30867735,0.39197838,16053,0.3941359
60,G500,Caron_2018,replaced,original,none,82,GFZ,0.28765744,0.38556567,16053,0.39481676
60,G500,Caron_2018,replaced,original,GravIS,83,GFZ,0.30958125,0.39196637,16053,0.39485988
60,G500,Caron_2018,original,replaced,none,84,GFZ,0.28396124,0.37717366,16053,0.39099672
60,G500,Caron_2018,original,replaced,GravIS,85,GFZ,0.30490062,0.37621233,16053,0.38982806
60,G500,Caron_2018,original,original,none,86,GFZ,0.28498396,0.37830293,16053,0.39132804
60,G500,Caron_2018,original,original,GravIS,87,GFZ,0.30576792,0.37596214,16053,0.390525
60,G500,Peltier_ICE6G_D,replaced,replaced,none,88,GFZ,0.30668327,0.3941165,16053,0.4024045
60,G500,Peltier_ICE6G_D,replaced,replaced,GravIS,89,GFZ,0.32267657,0.39025572,16053,0.4009859
60,G500,Peltier_ICE6G_D,replaced,original,none,90,GFZ,0.30768752,0.39469534,16053,0.40264285
60,G500,Peltier_ICE6G_D,replaced,original,GravIS,91,GFZ,0.32331932,0.39021233,16053,0.40158534
60,G500,Peltier_ICE6G_D,original,replaced,none,92,GFZ,0.30391896,0.388179,16053,0.39732322
60,G500,Peltier_ICE6G_D,original,replaced,GravIS,93,GFZ,0.31805843,0.37845334,16053,0.39954424
60,G500,Peltier_ICE6G_D,original,original,none,94,GFZ,0.30489138,0.3879308,16053,0.39787084
60,G500,Peltier_ICE6G_D,original,original,GravIS,95,GFZ,0.3186233,0.3778152,16053,0.39933214
60,Swenson_G300,none,replaced,replaced,none,96,GFZ,0.380905,0.45275477,16053,0.4171006
60,Swenson_G300,none,replaced,replaced,GravIS,97,GFZ,0.37406537,0.4336356,16053,0.4197514
60,Swenson_G300,none,replaced,original,none,98,GFZ,0.38129663,0.45357257,16053,0.4169371
60,Swenson_G300,none,replaced,original,GravIS,99,GFZ,0.37401894,0.4338278,16053,0.41974217
60,Swenson_G300,none,original,replaced,none,100,GFZ,0.37862414,0.44451857,16053,0.42091605
60,Swenson_G300,none,original,replaced,GravIS,101,GFZ,0.36937135,0.4247365,16053,0.42470348
60,Swenson_G300,none,original,original,none,102,GFZ,0.3789528,0.44502136,16053,0.4204917
60,Swenson_G300,none,original,original,GravIS,103,GFZ,0.36921912,0.42441303,16053,0.42434606
60,Swenson_G300,Geruo_ICE5G_VM2,replaced,replaced,none,104,GFZ,0.31412154,0.41665074,16053,0.36401603
60,Swenson_G300,Geruo_ICE5G_VM2,replaced,replaced,GravIS,105,GFZ,0.3360924,0.42404217,16053,0.36540383
60,Swenson_G300,Geruo_ICE5G_VM2,replaced,original,none,106,GFZ,0.31531635,0.41731745,16053,0.36377487
60,Swenson_G300,Geruo_ICE5G_VM2,replaced,original,GravIS,107,GFZ,0.33715218,0.4245174,16053,0.36519963
60,Swenson_G300,Geruo_ICE5G_VM2,original,replaced,none,108,GFZ,0.3124605,0.4141452,16053,0.3661305
60,Swenson_G300,Geruo_ICE5G_VM2,original,replaced,GravIS,109,GFZ,0.3344448,0.41934463,16053,0.36785427
60,Swenson_G300,Geruo_ICE5G_VM2,original,original,none,110,GFZ,0.31366086,0.41492185,16053,0.36613762
60,Swenson_G300,Geruo_ICE5G_VM2,original,original,GravIS,111,GFZ,0.33551425,0.42041466,16053,0.3680144
60,Swenson_G300,Caron_2018,replaced,replaced,none,112,GFZ,0.28204378,0.3890864,16053,0.36706033
60,Swenson_G300,Caron_2018,replaced,replaced,GravIS,113,GFZ,0.30789492,0.41028702,16053,0.36834848
60,Swenson_G300,Caron_2018,replaced,original,none,114,GFZ,0.28319097,0.3902181,16053,0.36717075
60,Swenson_G300,Caron_2018,replaced,original,GravIS,115,GFZ,0.30901852,0.41164097,16053,0.36846885
60,Swenson_G300,Caron_2018,original,replaced,none,116,GFZ,0.2797497,0.38482535,16053,0.36731544
60,Swenson_G300,Caron_2018,original,replaced,GravIS,117,GFZ,0.3056641,0.408241,16053,0.36842826
60,Swenson_G300,Caron_2018,original,original,none,118,GFZ,0.28088862,0.38562685,16053,0.36769715
60,Swenson_G300,Caron_2018,original,original,GravIS,119,GFZ,0.3068035,0.409293,16053,0.36850068
60,Swenson_G300,Peltier_ICE6G_D,replaced,replaced,none,120,GFZ,0.30248055,0.41214347,16053,0.39216027
60,Swenson_G300,Peltier_ICE6G_D,replaced,replaced,GravIS,121,GFZ,0.32812634,0.42450085,16053,0.39308578
60,Swenson_G300,Peltier_ICE6G_D,replaced,original,none,122,GFZ,0.3036818,0.41232187,16053,0.39178544
60,Swenson_G300,Peltier_ICE6G_D,replaced,original,GravIS,123,GFZ,0.3292732,0.42438665,16053,0.39301032
60,Swenson_G300,Peltier_ICE6G_D,original,replaced,none,124,GFZ,0.3007313,0.4077313,16053,0.3920047
60,Swenson_G300,Peltier_ICE6G_D,original,replaced,GravIS,125,GFZ,0.3263718,0.419461,16053,0.39432466
60,Swenson_G300,Peltier_ICE6G_D,original,original,none,126,GFZ,0.3019314,0.4087526,16053,0.39192483
60,Swenson_G300,Peltier_ICE6G_D,original,original,GravIS,127,GFZ,0.32753474,0.42029333,16053,0.3943771
60,Swenson_G500,none,replaced,replaced,none,128,GFZ,0.36193988,0.42360413,16053,0.4085144
60,Swenson_G500,none,replaced,replaced,GravIS,129,GFZ,0.34008852,0.39818808,16053,0.41524595
60,Swenson_G500,none,replaced,original,none,130,GFZ,0.3618242,0.422419,16053,0.4080813
60,Swenson_G500,none,replaced,original,GravIS,131,GFZ,0.3394481,0.39706224,16053,0.41491228
60,Swenson_G500,none,original,replaced,none,132,GFZ,0.3567214,0.41173995,16053,0.418835
60,Swenson_G500,none,original,replaced,GravIS,133,GFZ,0.332729,0.38912445,16053,0.4258148
60,Swenson_G500,none,original,original,none,134,GFZ,0.35645446,0.41315928,16053,0.4185534
60,Swenson_G500,none,original,original,GravIS,135,GFZ,0.33200994,0.3882827,16053,0.4253638
60,Swenson_G500,Geruo_ICE5G_VM2,replaced,replaced,none,136,GFZ,0.28419918,0.37362355,16053,0.35415375
60,Swenson_G500,Geruo_ICE5G_VM2,replaced,replaced,GravIS,137,GFZ,0.3127902,0.38742244,16053,0.3599567
60,Swenson_G500,Geruo_ICE5G_VM2,replaced,original,none,138,GFZ,0.2857805,0.37506118,16053,0.3542459
60,Swenson_G500,Geruo_ICE5G_VM2,replaced,original,GravIS,139,GFZ,0.31398025,0.38864726,16053,0.3599013
60,Swenson_G500,Geruo_ICE5G_VM2,original,replaced,none,140,GFZ,0.28161028,0.37094393,16053,0.36145827
60,Swenson_G500,Geruo_ICE5G_VM2,original,replaced,GravIS,141,GFZ,0.30959484,0.38213667,16053,0.3677135
60,Swenson_G500,Geruo_ICE5G_VM2,original,original,none,142,GFZ,0.28320038,0.3727608,16053,0.3614304
60,Swenson_G500,Geruo_ICE5G_VM2,original,original,GravIS,143,GFZ,0.31075364,0.38206315,16053,0.3678209
60,Swenson_G500,Caron_2018,replaced,replaced,none,144,GFZ,0.23899293,0.33676964,16053,0.35436332
60,Swenson_G500,Caron_2018,replaced,replaced,GravIS,145,GFZ,0.27812976,0.37187806,16053,0.35825747
60,Swenson_G500,Caron_2018,replaced,original,none,146,GFZ,0.24047518,0.33958155,16053,0.35446566
60,Swenson_G500,Caron_2018,replaced,original,GravIS,147,GFZ,0.27955925,0.37334165,16053,0.3583678
60,Swenson_G500,Caron_2018,original,replaced,none,148,GFZ,0.23640811,0.32800442,16053,0.35830256
60,Swenson_G500,Caron_2018,original,replaced,GravIS,149,GFZ,0.27561256,0.3645642,16053,0.36320934
60,Swenson_G500,Caron_2018,original,original,none,150,GFZ,0.23789561,0.32996145,16053,0.3581459
60,Swenson_G500,Caron_2018,original,original,GravIS,151,GFZ,0.27705935,0.36705643,16053,0.36327708
60,Swenson_G500,Peltier_ICE6G_D,replaced,replaced,none,152,GFZ,0.26584798,0.36124912,16053,0.3774949
60,Swenson_G500,Peltier_ICE6G_D,replaced,replaced,GravIS,153,GFZ,0.3027762,0.39187205,16053,0.38402635
60,Swenson_G500,Peltier_ICE6G_D,replaced,original,none,154,GFZ,0.2674262,0.36370498,16053,0.37756673
60,Swenson_G500,Peltier_ICE6G_D,replaced,original,GravIS,155,GFZ,0.3041944,0.39278778,16053,0.38408065
60,Swenson_G500,Peltier_ICE6G_D,original,replaced,none,156,GFZ,0.26376963,0.35578978,16053,0.3857806
60,Swenson_G500,Peltier_ICE6G_D,original,replaced,GravIS,157,GFZ,0.30073884,0.3848834,16053,0.39196
60,Swenson_G500,Peltier_ICE6G_D,original,original,none,158,GFZ,0.26536176,0.35860774,16053,0.3855713
60,Swenson_G500,Peltier_ICE6G_D,original,original,GravIS,159,GFZ,0.30217424,0.38531584,16053,0.3921146
60,DDK2,none,replaced,replaced,none,160,GFZ,0.37216204,0.42871615,16053,0.4245461
60,DDK2,none,replaced,replaced,GravIS,161,GFZ,0.3532853,0.41304967,16053,0.42082
60,DDK2,none,replaced,original,none,162,GFZ,0.3717355,0.42886198,16053,0.4248104
60,DDK2,none,replaced,original,GravIS,163,GFZ,0.35265452,0.4138216,16053,0.4214704
60,DDK2,none,original,replaced,none,164,GFZ,0.36621523,0.42012537,16053,0.4162814
60,DDK2,none,original,replaced,GravIS,165,GFZ,0.34654954,0.40284562,16053,0.41512203
60,DDK2,none,original,original,none,166,GFZ,0.3657275,0.42018983,16053,0.41640407
60,DDK2,none,original,original,GravIS,167,GFZ,0.34589517,0.40280172,16053,0.4150858
60,DDK2,Geruo_ICE5G_VM2,replaced,replaced,none,168,GFZ,0.34531075,0.42487764,16053,0.3667609
60,DDK2,Geruo_ICE5G_VM2,replaced,replaced,GravIS,169,GFZ,0.35108113,0.41275218,16053,0.36784917
60,DDK2,Geruo_ICE5G_VM2,replaced,original,none,170,GFZ,0.34597918,0.42593217,16053,0.3671473
60,DDK2,Geruo_ICE5G_VM2,replaced,original,GravIS,171,GFZ,0.3514141,0.41149622,16053,0.36814556
60,DDK2,Geruo_ICE5G_VM2,original,replaced,none,172,GFZ,0.34304148,0.41991156,16053,0.3644437
60,DDK2,Geruo_ICE5G_VM2,original,replaced,GravIS,173,GFZ,0.34746686,0.40286916,16053,0.36511558
60,DDK2,Geruo_ICE5G_VM2,original,original,none,174,GFZ,0.34367102,0.4205567,16053,0.36457944
60,DDK2,Geruo_ICE5G_VM2,original,original,GravIS,175,GFZ,0.34773958,0.4029507,16053,0.36553442
60,DDK2,Caron_2018,replaced,replaced,none,176,GFZ,0.32429218,0.41622195,16053,0.39114124
60,DDK2,Caron_2018,replaced,replaced,GravIS,177,GFZ,0.34027448,0.42184895,16053,0.38970867
60,DDK2,Caron_2018,replaced,original,none,178,GFZ,0.32514888,0.41674146,16053,0.39137387
60,DDK2,Caron_2018,replaced,original,GravIS,179,GFZ,0.34105116,0.42156628,16053,0.38981608
60,DDK2,Caron_2018,original,replaced,none,180,GFZ,0.32225224,0.41097707,16053,0.3890397
60,DDK2,Caron_2018,original,replaced,GravIS,181,GFZ,0.338096,0.41620788,16053,0.3876358
60,DDK2,Caron_2018,original,original,none,182,GFZ,0.3231074,0.41175494,16053,0.3890154
60,DDK2,Caron_2018,original,original,GravIS,183,GFZ,0.3388606,0.41732636,16053,0.3880177
60,DDK2,Peltier_ICE6G_D,replaced,replaced,none,184,GFZ,0.342171,0.42955804,16053,0.40869248
60,DDK2,Peltier_ICE6G_D,replaced,replaced,GravIS,185,GFZ,0.35475022,0.43053645,16053,0.40752804
60,DDK2,Peltier_ICE6G_D,replaced,original,none,186,GFZ,0.343006,0.43060765,16053,0.40894812
60,DDK2,Peltier_ICE6G_D,replaced,original,GravIS,187,GFZ,0.35538766,0.4306662,16053,0.40772104
60,DDK2,Peltier_ICE6G_D,original,replaced,none,188,GFZ,0.34010413,0.42203337,16053,0.4037536
60,DDK2,Peltier_ICE6G_D,original,replaced,GravIS,189,GFZ,0.35186642,0.422316,16053,0.40174377
60,DDK2,Peltier_ICE6G_D,original,original,none,190,GFZ,0.34092277,0.42258206,16053,0.403969
60,DDK2,Peltier_ICE6G_D,original,original,GravIS,191,GFZ,0.35246673,0.4218902,16053,0.40237918
60,DDK3,none,replaced,replaced,none,192,GFZ,0.38279578,0.44216776,16053,0.42352825
60,DDK3,none,replaced,replaced,GravIS,193,GFZ,0.37113792,0.42154023,16053,0.42392352
60,DDK3,none,replaced,original,none,194,GFZ,0.3828165,0.44180062,16053,0.42356
60,DDK3,none,replaced,original,GravIS,195,GFZ,0.37084916,0.42217642,16053,0.42378432
60,DDK3,none,original,replaced,none,196,GFZ,0.37822598,0.43302324,16053,0.42388427
60,DDK3,none,original,replaced,GravIS,197,GFZ,0.36549872,0.41341877,16053,0.42353904
60,DDK3,none,original,original,none,198,GFZ,0.37818155,0.4328156,16053,0.4237748
60,DDK3,none,original,original,GravIS,199,GFZ,0.36516634,0.4140797,16053,0.42372248
60,DDK3,Geruo_ICE5G_VM2,replaced,replaced,none,200,GFZ,0.35042688,0.44184363,16053,0.38196197
60,DDK3,Geruo_ICE5G_VM2,replaced,replaced,GravIS,201,GFZ,0.35765418,0.44151196,16053,0.3821667
60,DDK3,Geruo_ICE5G_VM2,replaced,original,none,202,GFZ,0.35110492,0.4415737,16053,0.3824373
60,DDK3,Geruo_ICE5G_VM2,replaced,original,GravIS,203,GFZ,0.35817623,0.44090664,16053,0.382629
60,DDK3,Geruo_ICE5G_VM2,original,replaced,none,204,GFZ,0.34892875,0.43864855,16053,0.38008836
60,DDK3,Geruo_ICE5G_VM2,original,replaced,GravIS,205,GFZ,0.35544157,0.43495783,16053,0.38071072
60,DDK3,Geruo_ICE5G_VM2,original,original,none,206,GFZ,0.34959212,0.43901262,16053,0.38054773
60,DDK3,Geruo_ICE5G_VM2,original,original,GravIS,207,GFZ,0.35593173,0.43468016,16053,0.38072464
60,DDK3,Caron_2018,replaced,replaced,none,208,GFZ,0.33256716,0.43143874,16053,0.4081566
60,DDK3,Caron_2018,replaced,replaced,GravIS,209,GFZ,0.3443615,0.43767834,16053,0.40750462
60,DDK3,Caron_2018,replaced,original,none,210,GFZ,0.33329362,0.43230858,16053,0.4085448
60,DDK3,Caron_2018,replaced,original,GravIS,211,GFZ,0.34506118,0.43863863,16053,0.40767616
60,DDK3,Caron_2018,original,replaced,none,212,GFZ,0.33085093,0.428381,16053,0.40467116
60,DDK3,Caron_2018,original,replaced,GravIS,213,GFZ,0.34270278,0.43476105,16053,0.40284014
60,DDK3,Caron_2018,original,original,none,214,GFZ,0.3315832,0.4294827,16053,0.40458938
60,DDK3,Caron_2018,original,original,GravIS,215,GFZ,0.34340048,0.43627232,16053,0.40322268
60,DDK3,Peltier_ICE6G_D,replaced,replaced,none,216,GFZ,0.34778184,0.44529817,16053,0.41399825
60,DDK3,Peltier_ICE6G_D,replaced,replaced,GravIS,217,GFZ,0.35791913,0.4469892,16053,0.41342992
60,DDK3,Peltier_ICE6G_D,replaced,original,none,218,GFZ,0.3485226,0.44593582,16053,0.4143089
60,DDK3,Peltier_ICE6G_D,replaced,original,GravIS,219,GFZ,0.35858178,0.4471691,16053,0.41359228
60,DDK3,Peltier_ICE6G_D,original,replaced,none,220,GFZ,0.34587815,0.43890047,16053,0.41063905
60,DDK3,Peltier_ICE6G_D,original,replaced,GravIS,221,GFZ,0.3558705,0.44221222,16053,0.41034335
60,DDK3,Peltier_ICE6G_D,original,original,none,222,GFZ,0.34661728,0.44033286,16053,0.41100654
60,DDK3,Peltier_ICE6G_D,original,original,GravIS,223,GFZ,0.35652038,0.44268578,16053,0.41056728
60,DDK5,none,replaced,replaced,none,224,GFZ,0.37888777,0.453974,16053,0.41293946
60,DDK5,none,replaced,replaced,GravIS,225,GFZ,0.37417087,0.42514896,16053,0.41036585
60,DDK5,none,replaced,original,none,226,GFZ,0.37897205,0.45223758,16053,0.41307557
60,DDK5,none,replaced,original,GravIS,227,GFZ,0.37407103,0.42478737,16053,0.410935
60,DDK5,none,original,replaced,none,228,GFZ,0.3757144,0.44392803,16053,0.40976834
60,DDK5,none,original,replaced,GravIS,229,GFZ,0.37037727,0.41633323,16053,0.40813348
60,DDK5,none,original,original,none,230,GFZ,0.37576985,0.4436822,16053,0.40983823
60,DDK5,none,original,original,GravIS,231,GFZ,0.3702434,0.41509753,16053,0.40825078
60,DDK5,Geruo_ICE5G_VM2,replaced,replaced,none,232,GFZ,0.34548226,0.4432169,16053,0.3789743
60,DDK5,Geruo_ICE5G_VM2,replaced,replaced,GravIS,233,GFZ,0.35312927,0.4422918,16053,0.37836897
60,DDK5,Geruo_ICE5G_VM2,replaced,original,none,234,GFZ,0.3459685,0.4432159,16053,0.37936968
60,DDK5,Geruo_ICE5G_VM2,replaced,original,GravIS,235,GFZ,0.35352683,0.44166362,16053,0.3785587
60,DDK5,Geruo_ICE5G_VM2,original,replaced,none,236,GFZ,0.34427208,0.44129702,16053,0.37688774
60,DDK5,Geruo_ICE5G_VM2,original,replaced,GravIS,237,GFZ,0.35158202,0.44034034,16053,0.3753035
60,DDK5,Geruo_ICE5G_VM2,original,original,none,238,GFZ,0.34475243,0.44211778,16053,0.3770621
60,DDK5,Geruo_ICE5G_VM2,original,original,GravIS,239,GFZ,0.35196844,0.439587,16053,0.3761854
60,DDK5,Caron_2018,replaced,replaced,none,240,GFZ,0.33088544,0.43334502,16053,0.39545622
60,DDK5,Caron_2018,replaced,replaced,GravIS,241,GFZ,0.34083846,0.4391112,16053,0.39491403
60,DDK5,Caron_2018,replaced,original,none,242,GFZ,0.3314017,0.43441707,16053,0.3955341
60,DDK5,Caron_2018,replaced,original,GravIS,243,GFZ,0.34133053,0.43951157,16053,0.39523372
60,DDK5,Caron_2018,original,replaced,none,244,GFZ,0.329344,0.43109685,16053,0.3946705
60,DDK5,Caron_2018,original,replaced,GravIS,245,GFZ,0.3394004,0.4375011,16053,0.39426312
60,DDK5,Caron_2018,original,original,none,246,GFZ,0.3298653,0.43221992,16053,0.39477086
60,DDK5,Caron_2018,original,original,GravIS,247,GFZ,0.33989406,0.43847567,16053,0.39411312
60,DDK5,Peltier_ICE6G_D,replaced,replaced,none,248,GFZ,0.34395096,0.44772092,16053,0.4051514
60,DDK5,Peltier_ICE6G_D,replaced,replaced,GravIS,249,GFZ,0.35298464,0.44555116,16053,0.4051865
60,DDK5,Peltier_ICE6G_D,replaced,original,none,250,GFZ,0.3444738,0.4485525,16053,0.40569457
60,DDK5,Peltier_ICE6G_D,replaced,original,GravIS,251,GFZ,0.35345727,0.4457574,16053,0.4052671
60,DDK5,Peltier_ICE6G_D,original,replaced,none,252,GFZ,0.342279,0.44258878,16053,0.4038174
60,DDK5,Peltier_ICE6G_D,original,replaced,GravIS,253,GFZ,0.351348,0.44289815,16053,0.40397725
60,DDK5,Peltier_ICE6G_D,original,original,none,254,GFZ,0.34280652,0.44324902,16053,0.4039496
60,DDK5,Peltier_ICE6G_D,original,original,GravIS,255,GFZ,0.3518154,0.44430286,16053,0.40406558
60,DDK7,none,replaced,replaced,none,256,GFZ,0.3584076,0.42349568,16053,0.39118442
60,DDK7,none,replaced,replaced,GravIS,257,GFZ,0.35588896,0.40651107,16053,0.3903927
60,DDK7,none,replaced,original,none,258,GFZ,0.3583295,0.42276347,16053,0.39151594
60,DDK7,none,replaced,original,GravIS,259,GFZ,0.3557034,0.40514165,16053,0.39036632
60,DDK7,none,original,replaced,none,260,GFZ,0.35581228,0.4168242,16053,0.39001685
60,DDK7,none,original,replaced,GravIS,261,GFZ,0.35291296,0.3979017,16053,0.38907427
60,DDK7,none,original,original,none,262,GFZ,0.35571805,0.41645992,16053,0.38999113
60,DDK7,none,original,original,GravIS,263,GFZ,0.35270974,0.39750743,16053,0.38909456
60,DDK7,Geruo_ICE5G_VM2,replaced,replaced,none,264,GFZ,0.3294861,0.41844523,16053,0.36333048
60,DDK7,Geruo_ICE5G_VM2,replaced,replaced,GravIS,265,GFZ,0.3356595,0.41204435,16053,0.36264947
60,DDK7,Geruo_ICE5G_VM2,replaced,original,none,266,GFZ,0.32969135,0.41823545,16053,0.363531
60,DDK7,Geruo_ICE5G_VM2,replaced,original,GravIS,267,GFZ,0.33579558,0.41204444,16053,0.36291963
60,DDK7,Geruo_ICE5G_VM2,original,replaced,none,268,GFZ,0.328288,0.41604772,16053,0.3611713
60,DDK7,Geruo_ICE5G_VM2,original,replaced,GravIS,269,GFZ,0.33424333,0.4110042,16053,0.3604021
60,DDK7,Geruo_ICE5G_VM2,original,original,none,270,GFZ,0.3284917,0.4173555,16053,0.3613271
60,DDK7,Geruo_ICE5G_VM2,original,original,GravIS,271,GFZ,0.33437353,0.4106231,16053,0.36058035
60,DDK7,Caron_2018,replaced,replaced,none,272,GFZ,0.31956032,0.41742718,16053,0.37831077
60,DDK7,Caron_2018,replaced,replaced,GravIS,273,GFZ,0.3276284,0.41877723,16053,0.3774387
60,DDK7,Caron_2018,replaced,original,none,274,GFZ,0.3198067,0.4174711,16053,0.37852362
60,DDK7,Caron_2018,replaced,original,GravIS,275,GFZ,0.32784393,0.41884977,16053,0.37754688
60,DDK7,Caron_2018,original,replaced,none,276,GFZ,0.3181131,0.41482058,16053,0.37629557
60,DDK7,Caron_2018,original,replaced,GravIS,277,GFZ,0.32625616,0.41599733,16053,0.3756219
60,DDK7,Caron_2018,original,original,none,278,GFZ,0.3183655,0.41481528,16053,0.3764407
60,DDK7,Caron_2018,original,original,GravIS,279,GFZ,0.326473,0.41585717,16053,0.3758787
60,DDK7,Peltier_ICE6G_D,replaced,replaced,none,280,GFZ,0.33008176,0.42565164,16053,0.38473955
60,DDK7,Peltier_ICE6G_D,replaced,replaced,GravIS,281,GFZ,0.33722776,0.4205831,16053,0.38358667
60,DDK7,Peltier_ICE6G_D,replaced,original,none,282,GFZ,0.3303154,0.42570874,16053,0.3849389
60,DDK7,Peltier_ICE6G_D,replaced,original,GravIS,283,GFZ,0.33741486,0.42026514,16053,0.38387394
60,DDK7,Peltier_ICE6G_D,original,replaced,none,284,GFZ,0.32854092,0.42265454,16053,0.38262412
60,DDK7,Peltier_ICE6G_D,original,replaced,GravIS,285,GFZ,0.33569697,0.4175952,16053,0.38250884
60,DDK7,Peltier_ICE6G_D,original,original,none,286,GFZ,0.32878017,0.42269534,16053,0.382743
60,DDK7,Peltier_ICE6G_D,original,original,GravIS,287,GFZ,0.335885,0.41689372,16053,0.38258186
60,DDK8,none,replaced,replaced,none,288,GFZ,0.34593683,0.4084683,16053,0.39020002
60,DDK8,none,replaced,replaced,GravIS,289,GFZ,0.3441436,0.3943581,16053,0.38889948
60,DDK8,none,replaced,original,none,290,GFZ,0.3458398,0.4072733,16053,0.39034158
60,DDK8,none,replaced,original,GravIS,291,GFZ,0.34395653,0.39371067,16053,0.3892029
60,DDK8,none,original,replaced,none,292,GFZ,0.34346607,0.40238315,16053,0.38864863
60,DDK8,none,original,replaced,GravIS,293,GFZ,0.34130692,0.38634616,16053,0.3872281
60,DDK8,none,original,original,none,294,GFZ,0.34335604,0.40165135,16053,0.3887791
60,DDK8,none,original,original,GravIS,295,GFZ,0.3411025,0.3861457,16053,0.3873119
60,DDK8,Geruo_ICE5G_VM2,replaced,replaced,none,296,GFZ,0.3187385,0.40090075,16053,0.36396208
60,DDK8,Geruo_ICE5G_VM2,replaced,replaced,GravIS,297,GFZ,0.32458922,0.3939647,16053,0.36218834
60,DDK8,Geruo_ICE5G_VM2,replaced,original,none,298,GFZ,0.3188827,0.40040573,16053,0.36409575
60,DDK8,Geruo_ICE5G_VM2,replaced,original,GravIS,299,GFZ,0.32467487,0.39296183,16053,0.362629
60,DDK8,Geruo_ICE5G_VM2,original,replaced,none,300,GFZ,0.3174893,0.39941987,16053,0.36130968
60,DDK8,Geruo_ICE5G_VM2,original,replaced,GravIS,301,GFZ,0.3231348,0.3918122,16053,0.36028957
60,DDK8,Geruo_ICE5G_VM2,original,original,none,302,GFZ,0.31763205,0.39907244,16053,0.36145353
60,DDK8,Geruo_ICE5G_VM2,original,original,GravIS,303,GFZ,0.32321507,0.39078274,16053,0.36038023
60,DDK8,Caron_2018,replaced,replaced,none,304,GFZ,0.31008694,0.40128222,16053,0.37607813
60,DDK8,Caron_2018,replaced,replaced,GravIS,305,GFZ,0.3177116,0.40319866,16053,0.37508082
60,DDK8,Caron_2018,replaced,original,none,306,GFZ,0.31026748,0.4022649,16053,0.37617898
60,DDK8,Caron_2018,replaced,original,GravIS,307,GFZ,0.3178685,0.40217558,16053,0.37517852
60,DDK8,Caron_2018,original,replaced,none,308,GFZ,0.3086526,0.40081462,16053,0.3741194
60,DDK8,Caron_2018,original,replaced,GravIS,309,GFZ,0.3163129,0.40085772,16053,0.3738814
60,DDK8,Caron_2018,original,original,none,310,GFZ,0.30883813,0.40059087,16053,0.37429187
60,DDK8,Caron_2018,original,original,GravIS,311,GFZ,0.31647024,0.3997738,16053,0.37389588
60,DDK8,Peltier_ICE6G_D,replaced,replaced,none,312,GFZ,0.3196715,0.41023752,16053,0.38325086
60,DDK8,Peltier_ICE6G_D,replaced,replaced,GravIS,313,GFZ,0.32644722,0.40432233,16053,0.38241252
60,DDK8,Peltier_ICE6G_D,replaced,original,none,314,GFZ,0.31983986,0.41009122,16053,0.38333064
60,DDK8,Peltier_ICE6G_D,replaced,original,GravIS,315,GFZ,0.32657588,0.4030283,16053,0.38265237
60,DDK8,Peltier_ICE6G_D,original,replaced,none,316,GFZ,0.3181552,0.40672424,16053,0.38164884
60,DDK8,Peltier_ICE6G_D,original,replaced,GravIS,317,GFZ,0.3249006,0.4018685,16053,0.38129398
60,DDK8,Peltier_ICE6G_D,original,original,none,318,GFZ,0.31832668,0.40622675,16053,0.38167626
60,DDK8,Peltier_ICE6G_D,original,original,GravIS,319,GFZ,0.32503125,0.400449,16053,0.38147262
96,G300,none,replaced,replaced,none,320,GFZ,0.36034653,0.4093956,16053,0.4368726
96,G300,none,replaced,replaced,GravIS,321,GFZ,0.34553337,0.39581406,16053,0.43563262
96,G300,none,replaced,original,none,322,GFZ,0.35975987,0.4094986,16053,0.43726274
96,G300,none,replaced,original,GravIS,323,GFZ,0.34476224,0.39537644,16053,0.43574703
96,G300,none,original,replaced,none,324,GFZ,0.35487863,0.40347368,16053,0.4331924
96,G300,none,original,replaced,GravIS,325,GFZ,0.33942094,0.38924566,16053,0.431961
96,G300,none,original,original,none,326,GFZ,0.35424343,0.40193966,16053,0.43343073
96,G300,none,original,original,GravIS,327,GFZ,0.3386274,0.38903365,16053,0.4319962
96,G300,Geruo_ICE5G_VM2,replaced,replaced,none,328,GFZ,0.33368868,0.4051352,16053,0.39085913
96,G300,Geruo_ICE5G_VM2,replaced,replaced,GravIS,329,GFZ,0.33917275,0.3937778,16053,0.39167315
96,G300,Geruo_ICE5G_VM2,replaced,original,none,330,GFZ,0.3340273,0.40435973,16053,0.3909844
96,G300,Geruo_ICE5G_VM2,replaced,original,GravIS,331,GFZ,0.33921412,0.39326024,16053,0.39179865
96,G300,Geruo_ICE5G_VM2,original,replaced,none,332,GFZ,0.33098683,0.39960167,16053,0.38961014
96,G300,Geruo_ICE5G_VM2,original,replaced,GravIS,333,GFZ,0.33535907,0.3854163,16053,0.39023718
96,G300,Geruo_ICE5G_VM2,original,original,none,334,GFZ,0.33128762,0.3995523,16053,0.38971964
96,G300,Geruo_ICE5G_VM2,original,original,GravIS,335,GFZ,0.33534575,0.38433623,16053,0.39032254
96,G300,Caron_2018,replaced,replaced,none,336,GFZ,0.31711337,0.4068409,16053,0.42616645
96,G300,Caron_2018,replaced,replaced,GravIS,337,GFZ,0.33039653,0.4086214,16053,0.42605674
96,G300,Caron_2018,replaced,original,none,338,GFZ,0.3176598,0.4068312,16053,0.42626718
96,G300,Caron_2018,replaced,original,GravIS,339,GFZ,0.33085498,0.4084864,16053,0.42624193
96,G300,Caron_2018,original,replaced,none,340,GFZ,0.31471217,0.40178102,16053,0.42311305
96,G300,Caron_2018,original,replaced,GravIS,341,GFZ,0.32776916,0.40151668,16053,0.42007503
96,G300,Caron_2018,original,original,none,342,GFZ,0.31524917,0.40149337,16053,0.42299286
96,G300,Caron_2018,original,original,GravIS,343,GFZ,0.3282085,0.40107274,16053,0.4207902
96,G300,Peltier_ICE6G_D,replaced,replaced,none,344,GFZ,0.33330017,0.42255345,16053,0.4330334
96,G300,Peltier_ICE6G_D,replaced,replaced,GravIS,345,GFZ,0.34394786,0.41676793,16053,0.43316638
96,G300,Peltier_ICE6G_D,replaced,original,none,346,GFZ,0.3338075,0.42302564,16053,0.43350345
96,G300,Peltier_ICE6G_D,replaced,original,GravIS,347,GFZ,0.34425852,0.4160589,16053,0.43339866
96,G300,Peltier_ICE6G_D,original,replaced,none,348,GFZ,0.33089408,0.41516352,16053,0.42899886
96,G300,Peltier_ICE6G_D,original,replaced,GravIS,349,GFZ,0.3407124,0.4099069,16053,0.42810282
96,G300,Peltier_ICE6G_D,original,original,none,350,GFZ,0.33138177,0.41519052,16053,0.42928922
96,G300,Peltier_ICE6G_D,original,original,GravIS,351,GFZ,0.34098023,0.4091873,16053,0.42821157
96,G400,none,replaced,replaced,none,352,GFZ,0.3546309,0.41386116,16053,0.413979
96,G400,none,replaced,replaced,GravIS,353,GFZ,0.33399916,0.4009086,16053,0.41484937
96,G400,none,replaced,original,none,354,GFZ,0.3540347,0.41342965,16053,0.41393116
96,G400,none,replaced,original,GravIS,355,GFZ,0.3332654,0.39926592,16053,0.41494012
96,G400,none,original,replaced,none,356,GFZ,0.3481813,0.4072653,16053,0.4146013
96,G400,none,original,replaced,GravIS,357,GFZ,0.3274721,0.3954266,16053,0.4162736
96,G400,none,original,original,none,358,GFZ,0.34754893,0.40677616,16053,0.41482556
96,G400,none,original,original,GravIS,359,GFZ,0.32673165,0.3932932,16053,0.41609934
96,G400,Geruo_ICE5G_VM2,replaced,replaced,none,360,GFZ,0.33197153,0.4031315,16053,0.3715672
96,G400,Geruo_ICE5G_VM2,replaced,replaced,GravIS,361,GFZ,0.33479717,0.38109583,16053,0.37259352
96,G400,Geruo_ICE5G_VM2,replaced,original,none,362,GFZ,0.33262214,0.40210217,16053,0.37180325
96,G400,Geruo_ICE5G_VM2,replaced,original,GravIS,363,GFZ,0.335012,0.38031098,16053,0.37249973
96,G400,Geruo_ICE5G_VM2,original,replaced,none,364,GFZ,0.32818925,0.39487553,16053,0.37085262
96,G400,Geruo_ICE5G_VM2,original,replaced,GravIS,365,GFZ,0.3293982,0.3717563,16053,0.3720894
96,G400,Geruo_ICE5G_VM2,original,original,none,366,GFZ,0.32876846,0.39446566,16053,0.37097406
96,G400,Geruo_ICE5G_VM2,original,original,GravIS,367,GFZ,0.32954174,0.37223914,16053,0.37250227
96,G400,Caron_2018,replaced,replaced,none,368,GFZ,0.31179878,0.41029248,16053,0.4010458
96,G400,Caron_2018,replaced,replaced,GravIS,369,GFZ,0.32860872,0.40921903,16053,0.39816317
96,G400,Caron_2018,replaced,original,none,370,GFZ,0.31272522,0.41062137,16053,0.40142968
96,G400,Caron_2018,replaced,original,GravIS,371,GFZ,0.32943836,0.4087637,16053,0.39832777
96,G400,Caron_2018,original,replaced,none,372,GFZ,0.3091596,0.40242514,16053,0.39327735
96,G400,Caron_2018,original,replaced,GravIS,373,GFZ,0.32524583,0.39960068,16053,0.39008954
96,G400,Caron_2018,original,original,none,374,GFZ,0.31007078,0.40325105,16053,0.3942485
96,G400,Caron_2018,original,original,GravIS,375,GFZ,0.32604092,0.39910603,16053,0.39044055
96,G400,Peltier_ICE6G_D,replaced,replaced,none,376,GFZ,0.3301221,0.42057702,16053,0.40533432
96,G400,Peltier_ICE6G_D,replaced,replaced,GravIS,377,GFZ,0.34269986,0.41592807,16053,0.40463373
96,G400,Peltier_ICE6G_D,replaced,original,none,378,GFZ,0.33102286,0.42153484,16053,0.40606388
96,G400,Peltier_ICE6G_D,replaced,original,GravIS,379,GFZ,0.34332907,0.41550538,16053,0.40489122
96,G400,Peltier_ICE6G_D,original,replaced,none,380,GFZ,0.32756838,0.4140625,16053,0.40316615
96,G400,Peltier_ICE6G_D,original,replaced,GravIS,381,GFZ,0.3386042,0.404767,16053,0.40526646
96,G400,Peltier_ICE6G_D,original,original,none,382,GFZ,0.3284331,0.41426736,16053,0.40321314
96,G400,Peltier_ICE6G_D,original,original,GravIS,383,GFZ,0.33916453,0.40321127,16053,0.40539926
96,G500,none,replaced,replaced,none,384,GFZ,0.33976305,0.40357745,16053,0.40929565
96,G500,none,replaced,replaced,GravIS,385,GFZ,0.317346,0.38817543,16053,0.407691
96,G500,none,replaced,original,none,386,GFZ,0.33909908,0.4029862,16053,0.40940794
96,G500,none,replaced,original,GravIS,387,GFZ,0.31660983,0.38810286,16053,0.40781474
96,G500,none,original,replaced,none,388,GFZ,0.33278403,0.39808565,16053,0.40686548
96,G500,none,original,replaced,GravIS,389,GFZ,0.31087556,0.38287437,16053,0.407354
96,G500,none,original,original,none,390,GFZ,0.3320961,0.39805683,16053,0.40685233
96,G500,none,original,original,GravIS,391,GFZ,0.31014276,0.3824888,16053,0.40709117
96,G500,Geruo_ICE5G_VM2,replaced,replaced,none,392,GFZ,0.31685784,0.38080567,16053,0.3643459
96,G500,Geruo_ICE5G_VM2,replaced,replaced,GravIS,393,GFZ,0.3193895,0.35982388,16053,0.3681619
96,G500,Geruo_ICE5G_VM2,replaced,original,none,394,GFZ,0.31769606,0.38085195,16053,0.36439654
96,G500,Geruo_ICE5G_VM2,replaced,original,GravIS,395,GFZ,0.31965345,0.3611883,16053,0.36816025
96,G500,Geruo_ICE5G_VM2,original,replaced,none,396,GFZ,0.31211767,0.37104598,16053,0.365388
96,G500,Geruo_ICE5G_VM2,original,replaced,GravIS,397,GFZ,0.31295875,0.35265782,16053,0.36752835
96,G500,Geruo_ICE5G_VM2,original,original,none,398,GFZ,0.31287056,0.3696636,16053,0.36549938
96,G500,Geruo_ICE5G_VM2,original,original,GravIS,399,GFZ,0.3131494,0.3530584,16053,0.36762857
96,G500,Caron_2018,replaced,replaced,none,400,GFZ,0.29301378,0.39159155,16053,0.39523414
96,G500,Caron_2018,replaced,replaced,GravIS,401,GFZ,0.31458992,0.39556274,16053,0.3948018
96,G500,Caron_2018,replaced,original,none,402,GFZ,0.2941846,0.39174002,16053,0.39539945
96,G500,Caron_2018,replaced,original,GravIS,403,GFZ,0.31562802,0.39766553,16053,0.39517418
96,G500,Caron_2018,original,replaced,none,404,GFZ,0.29034352,0.38464206,16053,0.39163348
96,G500,Caron_2018,original,replaced,GravIS,405,GFZ,0.31077433,0.38477844,16053,0.38959727
96,G500,Caron_2018,original,original,none,406,GFZ,0.29150015,0.38447616,16053,0.39238498
96,G500,Caron_2018,original,original,GravIS,407,GFZ,0.31177226,0.38595557,16053,0.39037156
96,G500,Peltier_ICE6G_D,replaced,replaced,none,408,GFZ,0.31304103,0.4006112,16053,0.40060848
96,G500,Peltier_ICE6G_D,replaced,replaced,GravIS,409,GFZ,0.3284744,0.39608938,16053,0.4007364
96,G500,Peltier_ICE6G_D,replaced,original,none,410,GFZ,0.31418234,0.4013559,16053,0.4008689
96,G500,Peltier_ICE6G_D,replaced,original,GravIS,411,GFZ,0.32924604,0.39617229,16053,0.40081593
96,G500,Peltier_ICE6G_D,original,replaced,none,412,GFZ,0.31023318,0.394475,16053,0.3974903
96,G500,Peltier_ICE6G_D,original,replaced,GravIS,413,GFZ,0.32390377,0.38560444,16053,0.39923897
96,G500,Peltier_ICE6G_D,original,original,none,414,GFZ,0.31134015,0.39437547,16053,0.39789268
96,G500,Peltier_ICE6G_D,original,original,GravIS,415,GFZ,0.3245974,0.3855545,16053,0.3995492
96,Swenson_G300,none,replaced,replaced,none,416,GFZ,0.37928146,0.445261,16053,0.41758886
96,Swenson_G300,none,replaced,replaced,GravIS,417,GFZ,0.37231246,0.42838925,16053,0.42065772
96,Swenson_G300,none,replaced,original,none,418,GFZ,0.37981835,0.44590706,16053,0.41775534
96,Swenson_G300,none,replaced,original,GravIS,419,GFZ,0.37239796,0.42946565,16053,0.42045063
96,Swenson_G300,none,original,replaced,none,420,GFZ,0.37664595,0.43692434,16053,0.42112353
96,Swenson_G300,none,original,replaced,GravIS,421,GFZ,0.36753187,0.4208449,16053,0.42639244
96,Swenson_G300,none,original,original,none,422,GFZ,0.37712595,0.43860215,16053,0.4210852
96,Swenson_G300,none,original,original,GravIS,423,GFZ,0.36752534,0.42205983,16053,0.42596826
96,Swenson_G300,Geruo_ICE5G_VM2,replaced,replaced,none,424,GFZ,0.31367636,0.41439795,16053,0.3613316
96,Swenson_G300,Geruo_ICE5G_VM2,replaced,replaced,GravIS,425,GFZ,0.3349881,0.41835663,16053,0.36272338
96,Swenson_G300,Geruo_ICE5G_VM2,replaced,original,none,426,GFZ,0.31498933,0.41517776,16053,0.36109406
96,Swenson_G300,Geruo_ICE5G_VM2,replaced,original,GravIS,427,GFZ,0.33618033,0.41884053,16053,0.3626978
96,Swenson_G300,Geruo_ICE5G_VM2,original,replaced,none,428,GFZ,0.3118238,0.4124807,16053,0.36346018
96,Swenson_G300,Geruo_ICE5G_VM2,original,replaced,GravIS,429,GFZ,0.33298212,0.41363618,16053,0.3648867
96,Swenson_G300,Geruo_ICE5G_VM2,original,original,none,430,GFZ,0.31313428,0.4134398,16053,0.3634574
96,Swenson_G300,Geruo_ICE5G_VM2,original,original,GravIS,431,GFZ,0.33417213,0.41512105,16053,0.36491406
96,Swenson_G300,Caron_2018,replaced,replaced,none,432,GFZ,0.28258047,0.38812944,16053,0.3651186
96,Swenson_G300,Caron_2018,replaced,replaced,GravIS,433,GFZ,0.3076057,0.40531293,16053,0.36670715
96,Swenson_G300,Caron_2018,replaced,original,none,434,GFZ,0.28381664,0.39007235,16053,0.36521992
96,Swenson_G300,Caron_2018,replaced,original,GravIS,435,GFZ,0.3088325,0.40680668,16053,0.36679673
96,Swenson_G300,Caron_2018,original,replaced,none,436,GFZ,0.2802921,0.38537973,16053,0.3660011
96,Swenson_G300,Caron_2018,original,replaced,GravIS,437,GFZ,0.3052723,0.40271667,16053,0.36761716
96,Swenson_G300,Caron_2018,original,original,none,438,GFZ,0.28151572,0.38577932,16053,0.36614925
96,Swenson_G300,Caron_2018,original,original,GravIS,439,GFZ,0.3065033,0.40490788,16053,0.36766782
96,Swenson_G300,Peltier_ICE6G_D,replaced,replaced,none,440,GFZ,0.30251107,0.4112394,16053,0.38974914
96,Swenson_G300,Peltier_ICE6G_D,replaced,replaced,GravIS,441,GFZ,0.32745287,0.42051765,16053,0.39141062
96,Swenson_G300,Peltier_ICE6G_D,replaced,original,none,442,GFZ,0.3038158,0.41194648,16053,0.38977453
96,Swenson_G300,Peltier_ICE6G_D,replaced,original,GravIS,443,GFZ,0.32872432,0.42110685,16053,0.3913609
96,Swenson_G300,Peltier_ICE6G_D,original,replaced,none,444,GFZ,0.30067632,0.4079042,16053,0.39076963
96,Swenson_G300,Peltier_ICE6G_D,original,replaced,GravIS,445,GFZ,0.32547,0.41759685,16053,0.39373362
96,Swenson_G300,Peltier_ICE6G_D,original,original,none,446,GFZ,0.30197465,0.4076096,16053,0.3908746
96,Swenson_G300,Peltier_ICE6G_D,original,original,GravIS,447,GFZ,0.32674584,0.4182704,16053,0.39327714
96,Swenson_G500,none,replaced,replaced,none,448,GFZ,0.36495462,0.4237677,16053,0.4098421
96,Swenson_G500,none,replaced,replaced,GravIS,449,GFZ,0.34284708,0.40331355,16053,0.41675276
96,Swenson_G500,none,replaced,original,none,450,GFZ,0.36501884,0.42333668,16053,0.40935847
96,Swenson_G500,none,replaced,original,GravIS,451,GFZ,0.34236485,0.40282688,16053,0.41636238
96,Swenson_G500,none,original,replaced,none,452,GFZ,0.35967645,0.4150359,16053,0.4203973
96,Swenson_G500,none,original,replaced,GravIS,453,GFZ,0.33577195,0.39393422,16053,0.42799062
96,Swenson_G500,none,original,original,none,454,GFZ,0.35961488,0.41583464,16053,0.42003357
96,Swenson_G500,none,original,original,GravIS,455,GFZ,0.33522257,0.3934752,16053,0.4276037
96,Swenson_G500,Geruo_ICE5G_VM2,replaced,replaced,none,456,GFZ,0.29009238,0.37807876,16053,0.35620192
96,Swenson_G500,Geruo_ICE5G_VM2,replaced,replaced,GravIS,457,GFZ,0.31763133,0.39087942,16053,0.3619684
96,Swenson_G500,Geruo_ICE5G_VM2,replaced,original,none,458,GFZ,0.2918977,0.3797306,16053,0.3561029
96,Swenson_G500,Geruo_ICE5G_VM2,replaced,original,GravIS,459,GFZ,0.31901532,0.3922212,16053,0.36188966
96,Swenson_G500,Geruo_ICE5G_VM2,original,replaced,none,460,GFZ,0.28727674,0.37607124,16053,0.3620241
96,Swenson_G500,Geruo_ICE5G_VM2,original,replaced,GravIS,461,GFZ,0.31411055,0.3835695,16053,0.3688059
96,Swenson_G500,Geruo_ICE5G_VM2,original,original,none,462,GFZ,0.28908446,0.37652257,16053,0.36254516
96,Swenson_G500,Geruo_ICE5G_VM2,original,original,GravIS,463,GFZ,0.31545946,0.383008,16053,0.3683609
96,Swenson_G500,Caron_2018,replaced,replaced,none,464,GFZ,0.24529527,0.34312478,16053,0.35497084
96,Swenson_G500,Caron_2018,replaced,replaced,GravIS,465,GFZ,0.283719,0.37978932,16053,0.35925755
96,Swenson_G500,Caron_2018,replaced,original,none,466,GFZ,0.24698131,0.34502736,16053,0.35494015
96,Swenson_G500,Caron_2018,replaced,original,GravIS,467,GFZ,0.28534803,0.38280457,16053,0.35929537
96,Swenson_G500,Caron_2018,original,replaced,none,468,GFZ,0.24265833,0.3361625,16053,0.35916007
96,Swenson_G500,Caron_2018,original,replaced,GravIS,469,GFZ,0.28103906,0.3701261,16053,0.364726
96,Swenson_G500,Caron_2018,original,original,none,470,GFZ,0.2443439,0.33918506,16053,0.35926017
96,Swenson_G500,Caron_2018,original,original,GravIS,471,GFZ,0.2826775,0.37395146,16053,0.36467665
96,Swenson_G500,Peltier_ICE6G_D,replaced,replaced,none,472,GFZ,0.27198726,0.36797678,16053,0.37879777
96,Swenson_G500,Peltier_ICE6G_D,replaced,replaced,GravIS,473,GFZ,0.3081848,0.39525837,16053,0.3860428
96,Swenson_G500,Peltier_ICE6G_D,replaced,original,none,474,GFZ,0.27378413,0.37026706,16053,0.3785802
96,Swenson_G500,Peltier_ICE6G_D,replaced,original,GravIS,475,GFZ,0.30981123,0.3971027,16053,0.38562512
96,Swenson_G500,Peltier_ICE6G_D,original,replaced,none,476,GFZ,0.26975685,0.36230522,16053,0.38676286
96,Swenson_G500,Peltier_ICE6G_D,original,replaced,GravIS,477,GFZ,0.30587456,0.38931856,16053,0.3934416
96,Swenson_G500,Peltier_ICE6G_D,original,original,none,478,GFZ,0.2715622,0.36508918,16053,0.3867938
96,Swenson_G500,Peltier_ICE6G_D,original,original,GravIS,479,GFZ,0.30751055,0.39040962,16053,0.3934915
96,DDK2,none,replaced,replaced,none,480,GFZ,0.3742796,0.42994046,16053,0.42083246
96,DDK2,none,replaced,replaced,GravIS,481,GFZ,0.35549474,0.41438615,16053,0.4170791
96,DDK2,none,replaced,original,none,482,GFZ,0.37399065,0.43127975,16053,0.4207643
96,DDK2,none,replaced,original,GravIS,483,GFZ,0.35499313,0.4151463,16053,0.4175343
96,DDK2,none,original,replaced,none,484,GFZ,0.36863005,0.42169,16053,0.41479456
96,DDK2,none,original,replaced,GravIS,485,GFZ,0.34915355,0.40685794,16053,0.41434807
96,DDK2,none,original,original,none,486,GFZ,0.36828527,0.4226879,16053,0.4149504
96,DDK2,none,original,original,GravIS,487,GFZ,0.34862736,0.40752047,16053,0.4145149
96,DDK2,Geruo_ICE5G_VM2,replaced,replaced,none,488,GFZ,0.3482043,0.42702755,16053,0.36640283
96,DDK2,Geruo_ICE5G_VM2,replaced,replaced,GravIS,489,GFZ,0.35339153,0.41156504,16053,0.3674149
96,DDK2,Geruo_ICE5G_VM2,replaced,original,none,490,GFZ,0.34899068,0.42713544,16053,0.36666366
96,DDK2,Geruo_ICE5G_VM2,replaced,original,GravIS,491,GFZ,0.3538404,0.41153777,16053,0.368004
96,DDK2,Geruo_ICE5G_VM2,original,replaced,none,492,GFZ,0.34576356,0.42100254,16053,0.3640562
96,DDK2,Geruo_ICE5G_VM2,original,replaced,GravIS,493,GFZ,0.3496958,0.40428934,16053,0.36387375
96,DDK2,Geruo_ICE5G_VM2,original,original,none,494,GFZ,0.34650934,0.422354,16053,0.36421967
96,DDK2,Geruo_ICE5G_VM2,original,original,GravIS,495,GFZ,0.35008234,0.40376303,16053,0.36443052
96,DDK2,Caron_2018,replaced,replaced,none,496,GFZ,0.32755202,0.4195405,16053,0.3912331
96,DDK2,Caron_2018,replaced,replaced,GravIS,497,GFZ,0.34321862,0.421259,16053,0.3896
96,DDK2,Caron_2018,replaced,original,none,498,GFZ,0.32853124,0.41866547,16053,0.39140555
96,DDK2,Caron_2018,replaced,original,GravIS,499,GFZ,0.3441175,0.42160198,16053,0.39005965
96,DDK2,Caron_2018,original,replaced,none,500,GFZ,0.3254155,0.4153608,16053,0.38979515
96,DDK2,Caron_2018,original,replaced,GravIS,501,GFZ,0.34087938,0.41715991,16053,0.38780695
96,DDK2,Caron_2018,original,original,none,502,GFZ,0.32638755,0.4143951,16053,0.38995638
96,DDK2,Caron_2018,original,original,GravIS,503,GFZ,0.34176254,0.41702276,16053,0.38846177
96,DDK2,Peltier_ICE6G_D,replaced,replaced,none,504,GFZ,0.34540537,0.43249822,16053,0.40778428
96,DDK2,Peltier_ICE6G_D,replaced,replaced,GravIS,505,GFZ,0.35753626,0.4295917,16053,0.405974
96,DDK2,Peltier_ICE6G_D,replaced,original,none,506,GFZ,0.34636575,0.432647,16053,0.40804112
96,DDK2,Peltier_ICE6G_D,replaced,original,GravIS,507,GFZ,0.35829535,0.42956463,16053,0.40645105
96,DDK2,Peltier_ICE6G_D,original,replaced,none,508,GFZ,0.34325543,0.4258757,16053,0.40095618
96,DDK2,Peltier_ICE6G_D,original,replaced,GravIS,509,GFZ,0.35456643,0.4224435,16053,0.39965987
96,DDK2,Peltier_ICE6G_D,original,original,none,510,GFZ,0.34419787,0.42514697,16053,0.40205774
96,DDK2,Peltier_ICE6G_D,original,original,GravIS,511,GFZ,0.35528478,0.42231905,16053,0.3998619
96,DDK3,none,replaced,replaced,none,512,GFZ,0.38318726,0.43908048,16053,0.42640516
96,DDK3,none,replaced,replaced,GravIS,513,GFZ,0.3717613,0.41903746,16053,0.42631826
96,DDK3,none,replaced,original,none,514,GFZ,0.38324362,0.43917614,16053,0.42643043
96,DDK3,none,replaced,original,GravIS,515,GFZ,0.37154496,0.4189228,16053,0.42633432
96,DDK3,none,original,replaced,none,516,GFZ,0.37894285,0.4286463,16053,0.4261302
96,DDK3,none,original,replaced,GravIS,517,GFZ,0.36661094,0.41328034,16053,0.4257107
96,DDK3,none,original,original,none,518,GFZ,0.37894335,0.42813158,16053,0.42628285
96,DDK3,none,original,original,GravIS,519,GFZ,0.36635482,0.4132604,16053,0.42567664
96,DDK3,Geruo_ICE5G_VM2,replaced,replaced,none,520,GFZ,0.35258374,0.43960905,16053,0.3822116
96,DDK3,Geruo_ICE5G_VM2,replaced,replaced,GravIS,521,GFZ,0.3593916,0.43667543,16053,0.38254935
96,DDK3,Geruo_ICE5G_VM2,replaced,original,none,522,GFZ,0.3532683,0.4399667,16053,0.38251504
96,DDK3,Geruo_ICE5G_VM2,replaced,original,GravIS,523,GFZ,0.35991544,0.4361823,16053,0.3826822
96,DDK3,Geruo_ICE5G_VM2,original,replaced,none,524,GFZ,0.3510138,0.43576056,16053,0.38083428
96,DDK3,Geruo_ICE5G_VM2,original,replaced,GravIS,525,GFZ,0.3571524,0.42999732,16053,0.38177702
96,DDK3,Geruo_ICE5G_VM2,original,original,none,526,GFZ,0.35168463,0.43556035,16053,0.38104597
96,DDK3,Geruo_ICE5G_VM2,original,original,GravIS,527,GFZ,0.357645,0.4301783,16053,0.38182718
96,DDK3,Caron_2018,replaced,replaced,none,528,GFZ,0.33438328,0.42751855,16053,0.40995142
96,DDK3,Caron_2018,replaced,replaced,GravIS,529,GFZ,0.3462125,0.4348518,16053,0.40912926
96,DDK3,Caron_2018,replaced,original,none,530,GFZ,0.33512294,0.42871574,16053,0.41029432
96,DDK3,Caron_2018,replaced,original,GravIS,531,GFZ,0.3469326,0.43546745,16053,0.40947005
96,DDK3,Caron_2018,original,replaced,none,532,GFZ,0.33267266,0.4261378,16053,0.40576893
96,DDK3,Caron_2018,original,replaced,GravIS,533,GFZ,0.3445156,0.43094927,16053,0.40440106
96,DDK3,Caron_2018,original,original,none,534,GFZ,0.33341944,0.42718473,16053,0.406144
96,DDK3,Caron_2018,original,original,GravIS,535,GFZ,0.34523293,0.4323857,16053,0.40509236
96,DDK3,Peltier_ICE6G_D,replaced,replaced,none,536,GFZ,0.34959555,0.44025517,16053,0.41676176
96,DDK3,Peltier_ICE6G_D,replaced,replaced,GravIS,537,GFZ,0.35963273,0.44330317,16053,0.41566342
96,DDK3,Peltier_ICE6G_D,replaced,original,none,538,GFZ,0.35035062,0.44168866,16053,0.41695493
96,DDK3,Peltier_ICE6G_D,replaced,original,GravIS,539,GFZ,0.36030912,0.44221994,16053,0.41593936
96,DDK3,Peltier_ICE6G_D,original,replaced,none,540,GFZ,0.34774116,0.43531343,16053,0.412794
96,DDK3,Peltier_ICE6G_D,original,replaced,GravIS,541,GFZ,0.35760605,0.43891758,16053,0.4126809
96,DDK3,Peltier_ICE6G_D,original,original,none,542,GFZ,0.34849426,0.4375749,16053,0.41318342
96,DDK3,Peltier_ICE6G_D,original,original,GravIS,543,GFZ,0.35827,0.4394521,16053,0.41281772
96,DDK5,none,replaced,replaced,none,544,GFZ,0.36801365,0.43215737,16053,0.4308129
96,DDK5,none,replaced,replaced,GravIS,545,GFZ,0.36540997,0.41313177,16053,0.42885122
96,DDK5,none,replaced,original,none,546,GFZ,0.36806017,0.43163726,16053,0.43093732
96,DDK5,none,replaced,original,GravIS,547,GFZ,0.36528388,0.41239125,16053,0.42895827
96,DDK5,none,original,replaced,none,548,GFZ,0.3650782,0.4251358,16053,0.42809135
96,DDK5,none,original,replaced,GravIS,549,GFZ,0.3618913,0.40500966,16053,0.42676055
96,DDK5,none,original,original,none,550,GFZ,0.36509567,0.42492205,16053,0.42831582
96,DDK5,none,original,original,GravIS,551,GFZ,0.36173594,0.4039775,16053,0.427117
96,DDK5,Geruo_ICE5G_VM2,replaced,replaced,none,552,GFZ,0.33473286,0.4246099,16053,0.39869362
96,DDK5,Geruo_ICE5G_VM2,replaced,replaced,GravIS,553,GFZ,0.34282696,0.42263353,16053,0.39778796
96,DDK5,Geruo_ICE5G_VM2,replaced,original,none,554,GFZ,0.3350943,0.42496455,16053,0.3994216
96,DDK5,Geruo_ICE5G_VM2,replaced,original,GravIS,555,GFZ,0.34312183,0.42251807,16053,0.39826506
96,DDK5,Geruo_ICE5G_VM2,original,replaced,none,556,GFZ,0.33330867,0.42346016,16053,0.3948252
96,DDK5,Geruo_ICE5G_VM2,original,replaced,GravIS,557,GFZ,0.34111583,0.41851673,16053,0.3932649
96,DDK5,Geruo_ICE5G_VM2,original,original,none,558,GFZ,0.33366865,0.42217866,16053,0.395431
96,DDK5,Geruo_ICE5G_VM2,original,original,GravIS,559,GFZ,0.34140122,0.4171758,16053,0.39345086
96,DDK5,Caron_2018,replaced,replaced,none,560,GFZ,0.32022202,0.41559067,16053,0.40992755
96,DDK5,Caron_2018,replaced,replaced,GravIS,561,GFZ,0.33036032,0.4206348,16053,0.40992203
96,DDK5,Caron_2018,replaced,original,none,562,GFZ,0.32061848,0.41531274,16053,0.4098026
96,DDK5,Caron_2018,replaced,original,GravIS,563,GFZ,0.3307385,0.42101896,16053,0.41006768
96,DDK5,Caron_2018,original,replaced,none,564,GFZ,0.31858993,0.41378558,16053,0.40916905
96,DDK5,Caron_2018,original,replaced,GravIS,565,GFZ,0.32878974,0.41877562,16053,0.40954083
96,DDK5,Caron_2018,original,original,none,566,GFZ,0.31899306,0.41380313,16053,0.40945473
96,DDK5,Caron_2018,original,original,GravIS,567,GFZ,0.32917243,0.41904172,16053,0.40961072
96,DDK5,Peltier_ICE6G_D,replaced,replaced,none,568,GFZ,0.3330055,0.42890438,16053,0.42319834
96,DDK5,Peltier_ICE6G_D,replaced,replaced,GravIS,569,GFZ,0.34239885,0.4271526,16053,0.42302117
96,DDK5,Peltier_ICE6G_D,replaced,original,none,570,GFZ,0.33340865,0.42813635,16053,0.42338106
96,DDK5,Peltier_ICE6G_D,replaced,original,GravIS,571,GFZ,0.34276217,0.4268628,16053,0.42344
96,DDK5,Peltier_ICE6G_D,original,replaced,none,572,GFZ,0.33130497,0.42497697,16053,0.42170918
96,DDK5,Peltier_ICE6G_D,original,replaced,GravIS,573,GFZ,0.34066072,0.4241039,16053,0.42199633
96,DDK5,Peltier_ICE6G_D,original,original,none,574,GFZ,0.33171263,0.4249634,16053,0.42175937
96,DDK5,Peltier_ICE6G_D,original,original,GravIS,575,GFZ,0.34102008,0.42379367,16053,0.422089
96,DDK7,none,replaced,replaced,none,576,GFZ,0.31485873,0.36554366,16053,0.43039563
96,DDK7,none,replaced,replaced,GravIS,577,GFZ,0.31556538,0.35465965,16053,0.42949435
96,DDK7,none,replaced,original,none,578,GFZ,0.31477278,0.36542487,16053,0.43109292
96,DDK7,none,replaced,original,GravIS,579,GFZ,0.3153814,0.35390568,16053,0.42967638
96,DDK7,none,original,replaced,none,580,GFZ,0.312503,0.35914597,16053,0.42980042
96,DDK7,none,original,replaced,GravIS,581,GFZ,0.312837,0.34756058,16053,0.4289369
96,DDK7,none,original,original,none,582,GFZ,0.31239945,0.35895315,16053,0.4297207
96,DDK7,none,original,original,GravIS,583,GFZ,0.3126343,0.347527,16053,0.42896387
96,DDK7,Geruo_ICE5G_VM2,replaced,replaced,none,584,GFZ,0.28744835,0.35379088,16053,0.40195462
96,DDK7,Geruo_ICE5G_VM2,replaced,replaced,GravIS,585,GFZ,0.2941212,0.35216665,16053,0.40032637
96,DDK7,Geruo_ICE5G_VM2,replaced,original,none,586,GFZ,0.2875673,0.3533421,16053,0.40217096
96,DDK7,Geruo_ICE5G_VM2,replaced,original,GravIS,587,GFZ,0.29418156,0.35134715,16053,0.40097693
96,DDK7,Geruo_ICE5G_VM2,original,replaced,none,588,GFZ,0.28585717,0.35012957,16053,0.39852566
96,DDK7,Geruo_ICE5G_VM2,original,replaced,GravIS,589,GFZ,0.29235935,0.34853107,16053,0.3971736
96,DDK7,Geruo_ICE5G_VM2,original,original,none,590,GFZ,0.2859685,0.3488516,16053,0.3987594
96,DDK7,Geruo_ICE5G_VM2,original,original,GravIS,591,GFZ,0.292411,0.3480319,16053,0.39772066
96,DDK7,Caron_2018,replaced,replaced,none,592,GFZ,0.27956837,0.35586587,16053,0.41127327
96,DDK7,Caron_2018,replaced,replaced,GravIS,593,GFZ,0.28756902,0.35541728,16053,0.41072118
96,DDK7,Caron_2018,replaced,original,none,594,GFZ,0.2797347,0.35639963,16053,0.41130736
96,DDK7,Caron_2018,replaced,original,GravIS,595,GFZ,0.287709,0.35522348,16053,0.41095626
96,DDK7,Caron_2018,original,replaced,none,596,GFZ,0.27796733,0.35154054,16053,0.40979055
96,DDK7,Caron_2018,original,replaced,GravIS,597,GFZ,0.28595093,0.35117316,16053,0.40963364
96,DDK7,Caron_2018,original,original,none,598,GFZ,0.27813113,0.35132915,16053,0.40994954
96,DDK7,Caron_2018,original,original,GravIS,599,GFZ,0.2860868,0.3514576,16053,0.40972552
96,DDK7,Peltier_ICE6G_D,replaced,replaced,none,600,GFZ,0.28846675,0.36191148,16053,0.42072
96,DDK7,Peltier_ICE6G_D,replaced,replaced,GravIS,601,GFZ,0.2959103,0.36109892,16053,0.41912866
96,DDK7,Peltier_ICE6G_D,replaced,original,none,602,GFZ,0.28862318,0.36180043,16053,0.420697
96,DDK7,Peltier_ICE6G_D,replaced,original,GravIS,603,GFZ,0.2960248,0.3601004,16053,0.41911528
96,DDK7,Peltier_ICE6G_D,original,replaced,none,604,GFZ,0.28683367,0.35910875,16053,0.4181857
96,DDK7,Peltier_ICE6G_D,original,replaced,GravIS,605,GFZ,0.29416412,0.3564671,16053,0.418508
96,DDK7,Peltier_ICE6G_D,original,original,none,606,GFZ,0.28698647,0.35899958,16053,0.41829127
96,DDK7,Peltier_ICE6G_D,original,original,GravIS,607,GFZ,0.29427,0.35621566,16053,0.41861677
96,DDK8,none,replaced,replaced,none,608,GFZ,0.29399037,0.33920518,16053,0.436002
96,DDK8,none,replaced,replaced,GravIS,609,GFZ,0.29468036,0.33073252,16053,0.43484762
96,DDK8,none,replaced,original,none,610,GFZ,0.29390997,0.3381794,16053,0.43593916
96,DDK8,none,replaced,original,GravIS,611,GFZ,0.2945237,0.32969078,16053,0.4347659
96,DDK8,none,original,replaced,none,612,GFZ,0.29164225,0.33209595,16053,0.43536228
96,DDK8,none,original,replaced,GravIS,613,GFZ,0.29204082,0.32263833,16053,0.434196
96,DDK8,none,original,original,none,614,GFZ,0.2915496,0.33210737,16053,0.43539938
96,DDK8,none,original,original,GravIS,615,GFZ,0.2918688,0.32223302,16053,0.4342746
96,DDK8,Geruo_ICE5G_VM2,replaced,replaced,none,616,GFZ,0.26986814,0.32202652,16053,0.4103925
96,DDK8,Geruo_ICE5G_VM2,replaced,replaced,GravIS,617,GFZ,0.27551147,0.3245176,16053,0.41008675
96,DDK8,Geruo_ICE5G_VM2,replaced,original,none,618,GFZ,0.26994997,0.32192975,16053,0.41053998
96,DDK8,Geruo_ICE5G_VM2,replaced,original,GravIS,619,GFZ,0.27554604,0.3244524,16053,0.41024047
96,DDK8,Geruo_ICE5G_VM2,original,replaced,none,620,GFZ,0.2682148,0.32093754,16053,0.40814778
96,DDK8,Geruo_ICE5G_VM2,original,replaced,GravIS,621,GFZ,0.27370974,0.3203169,16053,0.40700725
96,DDK8,Geruo_ICE5G_VM2,original,original,none,622,GFZ,0.26829025,0.3209775,16053,0.40843874
96,DDK8,Geruo_ICE5G_VM2,original,original,GravIS,623,GFZ,0.27373546,0.32041907,16053,0.4072805
96,DDK8,Caron_2018,replaced,replaced,none,624,GFZ,0.26453713,0.32944787,16053,0.41685036
96,DDK8,Caron_2018,replaced,replaced,GravIS,625,GFZ,0.2713043,0.3273062,16053,0.41638634
96,DDK8,Caron_2018,replaced,original,none,626,GFZ,0.26467,0.32946432,16053,0.41689813
96,DDK8,Caron_2018,replaced,original,GravIS,627,GFZ,0.2714094,0.326668,16053,0.41643488
96,DDK8,Caron_2018,original,replaced,none,628,GFZ,0.2628758,0.32634544,16053,0.4154175
96,DDK8,Caron_2018,original,replaced,GravIS,629,GFZ,0.26961154,0.32420194,16053,0.4153639
96,DDK8,Caron_2018,original,original,none,630,GFZ,0.263004,0.32573014,16053,0.41538003
96,DDK8,Caron_2018,original,original,GravIS,631,GFZ,0.26971084,0.32343575,16053,0.4153354
96,DDK8,Peltier_ICE6G_D,replaced,replaced,none,632,GFZ,0.2720641,0.3339722,16053,0.42812857
96,DDK8,Peltier_ICE6G_D,replaced,replaced,GravIS,633,GFZ,0.278282,0.3343656,16053,0.4272534
96,DDK8,Peltier_ICE6G_D,replaced,original,none,634,GFZ,0.27218363,0.33306575,16053,0.42816883
96,DDK8,Peltier_ICE6G_D,replaced,original,GravIS,635,GFZ,0.27836317,0.3336887,16053,0.42728472
96,DDK8,Peltier_ICE6G_D,original,replaced,none,636,GFZ,0.27035046,0.3300128,16053,0.4261541
96,DDK8,Peltier_ICE6G_D,original,replaced,GravIS,637,GFZ,0.2764523,0.33026043,16053,0.42632246
96,DDK8,Peltier_ICE6G_D,original,original,none,638,GFZ,0.27046472,0.32960793,16053,0.42624196
96,DDK8,Peltier_ICE6G_D,original,original,GravIS,639,GFZ,0.27652612,0.3299433,16053,0.4266386
