aquifer_idx,Study_area,win_start,n_recipes,frac_pos,med_trend_cmyr,spans
0,Central Parana Basin and Torres Syncline (Guarani Aquifer System),2002,1920,0.820312,0.344103,True
1,Northern Guarani Aquifer (Guarani Aquifer System),2002,1920,1,1.04715,False
2,Southwestern Chaco-Lower Parana Basin (Guarani Aquifer System),2002,1920,0,-1.19187,False
3,Amazonas Basin and Alter de Chao Aquifer System (Amazon Aquifer System),2002,1920,1,1.92539,False
4,Poolowanna Trough and Western Eromanga Basin (Great Artesian Basin),2002,1920,1,0.432767,False
5,Eastern Eromanga Basin (Great Artesian Basin),2002,1920,1,0.827644,False
6,Northern Eromanga Basin (Great Artesian Basin),2002,1920,1,1.04672,False
7,Northern High Plains (High Plains),2002,1920,1,1.21792,False
8,Williston Basin (Northern Great Plains),2002,1920,1,1.35807,False
9,Central Eromanga Depocenter (Great Artesian Basin),2002,1920,1,0.769395,False
10,Western Parecis Basin (Parecis Basin),2002,1920,0.997917,0.447769,True
11,Upper Gangetic Plain (Indo-Gangetic Plain),2002,1920,0,-1.84803,False
12,Stampriet Kalahari Karoo Aquifer System,2002,1920,1,0.525012,False
13,Northcentral Mega Aquifer System (Mega Aquifer System),2002,1920,0.1875,-0.5622,True
14,Ozark Plateaus Aquifer System,2002,1920,0.886458,0.536819,True
15,Western Karoo Basin (Main Karoo Basin),2002,1920,0.729167,0.182958,True
16,Middle Gangetic Plain (Indo-Gangetic Plain),2002,1920,0,-1.17453,False
17,Northern Mega Aquifer System (Mega Aquifer System),2002,1920,0,-1.02544,False
18,Canning Basin,2002,1920,0,-0.942517,False
19,Central Karoo Basin (Main Karoo Basin),2002,1920,0.829167,0.23423,True
20,Southern Carpentaria Basin (Great Artesian Basin),2002,1920,1,1.36475,False
21,Eastern Parecis Basin (Parecis Basin),2002,1920,1,0.650849,False
22,Eastern Poti and Piaui and Cabecas and Serra Grande Aquifers (Parnaiba Basin),2002,1920,1,0.941202,False
23,Wiso Basin (Daly-Wiso-Georgina Basins),2002,1920,1,0.880233,False
24,Northern Georgina Basin (Daly-Wiso-Georgina Basins),2002,1920,1,1.31985,False
25,Dakota Aquifer System,2002,1920,1,1.39258,False
26,Arckaringa Basin and Southwestern Great Artesian Basin (Great Artesian Basin),2002,1920,0.289062,-0.116188,True
27,Trans Gangetic Plain (Indo-Gangetic Plain),2002,1920,0,-2.5222,False
28,Southcentral Mega Aquifer System (Mega Aquifer System),2002,1920,0.0432292,-0.43947,True
29,Central Mississippi Embayment (Mississippi Embayment),2002,1920,0.102604,-0.266797,True
30,Northern Karoo Basin (Main Karoo Basin),2002,1920,0.894271,0.520499,True
31,Mississippian-Silurian-Devonian Carbonates (Northern Midwest Aquifer System),2002,1920,1,1.14835,False
32,Staten River Embayment and Central Carpentaria Basin (Great Artesian Basin),2002,1920,1,1.18266,False
33,Central Dharwar Craton Banded Gneiss Complex (Dharwar Craton Banded Gneiss Complex),2002,1920,1,1.05711,False
34,Central Huaihe Plain (Huaihe River Basin),2002,1920,0.309375,-0.0998517,True
35,Central Minnesota Surficial and Buried Sand and Gravel Aquifers,2002,1920,0.509375,0.0161353,True
36,Southern High Plains (High Plains),2002,1920,0,-0.90379,False
37,Southcentral Karoo Basin (Main Karoo Basin),2002,1920,0.763542,0.20931,True
38,Central High Plains (High Plains),2002,1920,0.161458,-0.596352,True
39,Lower Liaohe River Plain (Liaohe River Basin),2002,1920,0.0229167,-0.406627,True
40,Wadi As-Sirhan Basin,2002,1920,0,-0.895084,False
41,Eastern Saq Aquifer (Ram-Saq Aquifer System),2002,1920,0,-1.03697,False
42,Trinity Aquifer System (Edwards-Trinity Aquifer System),2002,1920,0,-0.76405,False
43,Wisconsin Precambrian Aquifer,2002,1920,0.4375,-0.141164,True
44,Lafayette Area (Gulf Coast Regional Aquifer System),2002,1920,0,-0.8411,False
45,Paskapoo-Scollard,2002,1920,0.638542,0.197769,True
46,Western Surat Basin (Great Artesian Basin),2002,1920,1,0.916681,False
47,Coonamble Embayment (Great Artesian Basin),2002,1920,1,0.593142,False
48,Mimosa Syncline and Eastern Surat Basin (Great Artesian Basin),2002,1920,1,1.1555,False
49,Wuyuer-Shuangyang System (Songnen Plain),2002,1920,0.0291667,-0.421639,True
50,Powder River Basin (Northern Great Plains),2002,1920,0.983333,1.18698,True
51,Central Eucla Basin (Eucla Basin),2002,1920,0.345313,-0.0612996,True
52,Rio Grande Delta (Gulf Coast Regional Aquifer System),2002,1920,0.215625,-0.162737,True
53,Michigan Basin,2002,1920,0.807292,0.283363,True
54,Southern Piedmont Upland (Piedmont Plateau),2002,1920,0,-0.915118,False
55,Eastern Huaihe Plain (Huaihe River Basin),2002,1920,0.267188,-0.129254,True
56,Northern Dharwar Craton Banded Gneiss Complex (Dharwar Craton Banded Gneiss Complex),2002,1920,1,1.04793,False
57,Eastern Mississippi Embayment (Mississippi Embayment),2002,1920,0.0135417,-0.518683,True
58,Western Cambrian-Ordovician Aquifers (Northern Midwest Aquifer System),2002,1920,0.6875,0.32129,True
59,Southeastern System (Amadeus Basin),2002,1920,0.255208,-0.1671,True
60,Edwards Plateau (Edwards-Trinity Aquifer System),2002,1920,0.01875,-0.451049,True
61,Southcentral Deccan Basalt Plateau (Deccan Plateau),2002,1920,1,0.930257,False
62,Eastside Lower Indus Valley (Indus Basin),2002,1920,0.846875,0.729147,True
63,Central Piedmont Upland (Piedmont Plateau),2002,1920,0.0458333,-0.575826,True
64,Eastern Carrizo-Wilcox (Carrizo-Wilcox),2002,1920,0,-0.916768,False
65,Jiangsu Coastal Plain (Huaihe River Basin),2002,1920,0.748958,0.11451,True
66,Eastern Cambrian-Ordovician Aquifers (Northern Midwest Aquifer System),2002,1920,0.991667,0.819904,True
67,Northcentral Deccan Basalt Plateau (Deccan Plateau),2002,1920,1,0.918328,False
68,Eastside Middle Indus Plain (Indus Basin),2002,1920,0,-1.14942,False
69,Central Allegheny Plateau (Appalachian Plateaus),2002,1920,0.285417,-0.215547,True
70,Northeastern Karoo Basin (Main Karoo Basin),2002,1920,0.96875,0.262585,True
71,Southern Riverine Plains (Murray Basin),2002,1920,0.135417,-0.201323,True
72,Black Warrior River Aquifer System (Eutaw and McShan Formations and Tuscaloosa Group),2002,1920,0,-0.811909,False
73,North Carolina and Virginia Coastal Plain (North Atlantic Coastal Plain),2002,1920,0.0833333,-0.377061,True
74,Northeastern Deccan Basalt Plateau (Deccan Plateau),2002,1920,0.973958,0.632941,True
75,Ribstone Creek and Northern Judith River Aquifer (Bearpaw-Judith River Aquifer System),2002,1920,1,1.0868,False
76,Southern Dharwar Craton Banded Gneiss Complex (Dharwar Craton Banded Gneiss Complex),2002,1920,1,0.945235,False
77,Northcentral Valley and Ridge (Valley and Ridge Aquifer System),2002,1920,0.0833333,-0.481579,True
78,Ivanhoe Plains (Murray Basin),2002,1920,0.748437,0.137747,True
79,Southcentral Piedmont Upland (Piedmont Plateau),2002,1920,0.00416667,-0.606942,True
80,Weipa Depression and Northern Carpentaria Basin (Great Artesian Basin),2002,1920,1,0.662621,False
81,Western Liaohe River Basin (Liaohe River Basin),2002,1920,0,-0.669883,False
82,Western Carrizo-Wilcox (Carrizo-Wilcox),2002,1920,0,-0.554599,False
83,Northern Valley and Ridge (Valley and Ridge Aquifer System),2002,1920,0.302083,-0.19081,True
84,Eastern Karoo Basin (Main Karoo Basin),2002,1920,0.797917,0.205189,True
85,Eastern Paris Basin (Paris Basin),2002,1920,0.040625,-0.518542,True
86,Bari Doab (Indus Basin),2002,1920,0,-1.47043,False
87,Eastern Dakota Aquifer,2002,1920,1,1.15663,False
88,Springfield Plain (Central Lowland Till Plain),2002,1920,0.846875,0.495226,True
89,Seymour-Blaine Aquifer System,2002,1920,0,-0.746415,False
90,Central Alluvial-Laucustrine Plain (North China Plain),2002,1920,0,-0.913039,False
91,Southern Malwa Plateau (Malwa Plateau),2002,1920,0.858333,0.567149,True
92,Yellow River Alluvial Plain (North China Plain),2002,1920,0.00729167,-0.677479,True
93,Eastern Armorican Massif (Armorican Massif),2002,1920,0.160417,-0.284159,True
94,Ocala Uplift (Floridan Aquifer System),2002,1920,0.00104167,-0.445663,True
95,Pearl and Chattahoochee Aquifer System,2002,1920,0,-0.902734,False
96,Eastern Mekong Delta (Mekong Delta),2002,1920,0.0395833,-0.820483,True
97,Jianghan Plain,2002,1920,0.819792,0.324145,True
98,Middle-Upper Devonian Aquifer System (Baltic Artesian Basin),2002,1920,1,0.752352,False
99,Upper Cauvery Banded Gneiss Aquifers (Dharwar Craton Banded Gneiss Complex),2002,1920,1,0.733771,False
100,Western Mississippi Embayment (Mississippi Embayment),2002,1920,0.0385417,-0.564082,True
101,Southern Hills (Gulf Coast Regional Aquifer System),2002,1920,0.00208333,-0.700793,True
102,Lake Frome Embayment (Great Artesian Basin),2002,1920,1,0.460756,False
103,Peedee and Black Creek and Cape Fear Aquifers,2002,1920,0.0708333,-0.446212,True
104,Western Brahmaputra Basin Aquifer (Brahmaputra Basin Aquifer),2002,1920,0,-1.35831,False
105,Roma Shelf and Northern Surat Basin (Great Artesian Basin),2002,1920,1,1.36795,False
106,Thal Doab (Indus Basin),2002,1920,0.338542,-0.40804,True
107,Stockton Plateau (Edwards-Trinity Aquifer System),2002,1920,0.158333,-0.257187,True
108,Rechna Doab (Indus Basin),2002,1920,0,-1.33725,False
109,Northern Piedmont and Tista Fan (Bengal Basin),2002,1920,0,-1.53486,False
110,Central Paris Basin (Paris Basin),2002,1920,0.0364583,-0.566964,True
111,Southern Mallee (Murray Basin),2002,1920,0.358333,-0.0631844,True
112,Victoria Area (Gulf Coast Regional Aquifer System),2002,1920,0,-0.801963,False
113,Central Urucuia Aquifer (Urucuia Aquifer System),2002,1920,0.423958,-0.0990389,True
114,Southcentral Floodplains (Bengal Basin),2002,1920,0,-0.825481,False
115,Eastern Silurian-Devonian Aquifers (Northern Midwest Aquifer System),2002,1920,0.898958,0.388039,True
116,Southern Saurashtra Deccan Trap Basalts (Saurashtra Deccan Trap Basalts),2002,1920,1,0.859312,False
117,Northeast Missouri Carbonates (Northern Midwest Aquifer System),2002,1920,0.989583,0.99282,True
118,Eastern C Aquifer (The C Aquifer),2002,1920,0.291667,-0.135584,True
119,Southern Huaihe River Basin (Huaihe River Basin),2002,1920,0.663542,0.0994409,True
120,Western Huaihe Plain (Huaihe River Basin),2002,1920,0.265625,-0.177865,True
121,Southeastern Surat Basin (Great Artesian Basin),2002,1920,1,0.91241,False
122,Houston-Galveston Area (Gulf Coast Regional Aquifer System),2002,1920,0,-0.994386,False
123,Western Paris Basin (Paris Basin),2002,1920,0.0520833,-0.447111,True
124,Northern Cumberland Plateau and Mountains (Appalachian Plateaus),2002,1920,0.0583333,-0.548963,True
125,Southeastern Coastal Karoo Basin (Main Karoo Basin),2002,1920,0.730208,0.132467,True
126,Mount Vernon Hill County (Central Lowland Till Plain),2002,1920,0.707292,0.223618,True
127,Eastern Riverine Plains (Murray Basin),2002,1920,0.395833,-0.0600754,True
128,Central Mallee (Murray Basin),2002,1920,0.657292,0.0754629,True
129,Northern Allegheny Plateau (Appalachian Plateaus),2002,1920,0.4375,-0.0738067,True
130,Daly Basin (Daly-Wiso-Georgina Basins),2002,1920,1,1.17786,False
131,Blue Mountains and Clearwater Embayment (Columbia Plateau Regional Aquifer System),2002,1920,0.917708,0.467641,True
132,Western Satpura Basalt Aquifers (Satpura Basalts),2002,1920,1,0.967609,False
133,Northern Aquitaine Basin (Aquitaine Basin),2002,1920,0.186458,-0.258513,True
134,Central Wabash and Bloomington Ridged Plain (Central Lowland Till Plain),2002,1920,0.886458,0.539265,True
135,Northern Riverine Plains (Murray Basin),2002,1920,0.68125,0.103507,True
136,Upper Peninsula Jacobsville Sandstone and Cambrian-Ordovician and Silurian-Devonian Aquifers (Northern Midwest Aquifer System),2002,1920,0.489583,-0.0390246,True
137,Eastern Flatwoods Southshores (Floridan Aquifer System),2002,1920,0.0614583,-0.275675,True
138,Lower Limestone Coast Aquifer System (Murray Basin),2002,1920,0.222917,-0.120763,True
139,Eastern Malwa Plateau (Malwa Plateau),2002,1920,0.329167,-0.261554,True
140,Southern St. Lawrence Lowlands (St. Lawrence Lowlands),2002,1920,0.846875,0.646765,True
141,Southern Paris Basin (Paris Basin),2002,1920,0.021875,-0.489926,True
142,Westside Middle Indus Plain (Indus Basin),2002,1920,0.459375,-0.0642003,True
143,Northcentral Piedmont Upland (Piedmont Plateau),2002,1920,0.169792,-0.375552,True
144,Osage Plains (Osage Cuestas Aquifer System),2002,1920,0.972917,0.738338,True
145,Eastern Pilbara Granite-Greenstone Terrane (Pilbara Craton),2002,1920,0,-0.86288,False
146,Malwa Plateau Gneiss Complex (Malwa Plateau),2002,1920,0,-0.905958,False
147,Bluffton Till Plain (Central Lowland Till Plain),2002,1920,0.591667,0.0644788,True
148,Vidalia Upland (Floridan Aquifer System),2002,1920,0,-0.723389,False
149,Northern Paris Basin (Paris Basin),2002,1920,0.10625,-0.41707,True
150,Southern Valley and Ridge (Valley and Ridge Aquifer System),2002,1920,0.003125,-0.89608,True
151,Barind Tract and Central Floodplains (Bengal Basin),2002,1920,0,-1.25519,False
152,Northeastern Judith River (Bearpaw-Judith River Aquifer System),2002,1920,1,1.25189,False
153,Great Plains Dakota Aquifer,2002,1920,0.9375,0.678178,True
154,Western Armorican Massif (Armorican Massif),2002,1920,0.185417,-0.222879,True
155,Southeastern Allegheny Plateau (Appalachian Plateaus),2002,1920,0.06875,-0.446983,True
156,Western Riverine Plains (Murray Basin),2002,1920,0.458333,-0.00828375,True
157,Southern Deccan Basalt Plateau (Deccan Plateau),2002,1920,1,0.946756,False
158,Eastern Vindhyan Basin,2002,1920,0,-0.69611,False
159,Catahoula Area (Gulf Coast Regional Aquifer System),2002,1920,0,-0.743531,False
160,Milk River,2002,1920,0.982292,0.848766,True
161,Shawnee Hills (Interior Low Plateaus),2002,1920,0.36875,-0.118558,True
162,Sea Island (Floridan Aquifer System),2002,1920,0,-0.48329,False
163,Missionary Plains Syncline and Mereenie Anticline (Amadeus Basin),2002,1920,0.184375,-0.213108,True
164,Flint Hills Upland (Osage Cuestas Aquifer System),2002,1920,0.939583,0.668391,True
165,Northwestern Malwa Plateau (Malwa Plateau),2002,1920,0.530208,0.0370705,True
166,Sundarbans and Southern Delta (Bengal Basin),2002,1920,0.0104167,-0.389177,True
167,Transboundary Judith River Aquifer (Bearpaw-Judith River Aquifer System),2002,1920,1,1.11364,False
168,Middle Chao Phraya Basin,2002,1920,0.0895833,-0.583819,True
169,Northern Mallee (Murray Basin),2002,1920,0.789583,0.160542,True
170,Alabama Coastal Lowlands (Gulf Coast Regional Aquifer System),2002,1920,0,-0.741415,False
171,Pecos Valley,2002,1920,0.00625,-0.458834,True
172,Eastern Deccan Basalt Plateau (Deccan Plateau),2002,1920,1,0.904161,False
173,Lachlan Alluvium,2002,1920,0.790625,0.158435,True
174,Devonian and Overlying Unconsolidated Aquifers (Southern Ontario Paleozoic Aquifer System),2002,1920,0.90625,0.406767,True
175,Nanyang Basin,2002,1920,0.872917,0.316497,True
176,Newcastle Till Plain (Central Lowland Till Plain),2002,1920,0.485417,-0.019601,True
177,Southern Mekong Delta (Mekong Delta),2002,1920,0.00416667,-1.17372,True
178,Northern Cambrian-Ordovician Aquifers (Northern Midwest Aquifer System),2002,1920,0.444792,-0.0671623,True
179,Wimmera Plain (Murray Basin),2002,1920,0.1,-0.249625,True
180,Ghaap Plateau Dolomite Aquifer System,2002,1920,0.870833,0.523688,True
181,Bighorn Basin,2002,1920,0.939583,0.823868,True
182,Northern San Juan Basin,2002,1920,0.605208,0.0526735,True
183,Southwestern Bengal Basin (Bengal Basin),2002,1920,0.0114583,-0.516455,True
184,Central Carrizo-Wilcox (Carrizo-Wilcox),2002,1920,0,-1.05499,False
185,Northern Pitted Karst Plain (Yucatan Peninsula),2002,1920,0.227083,-0.240593,True
186,New Brunswick Carboniferous Basin (Maritimes Basin),2002,1920,0.80625,0.461468,True
187,Madhupur Tract and Eastern Floodplains (Bengal Basin),2002,1920,0,-1.10051,False
188,Southwestern Allegheny Plateau (Appalachian Plateaus),2002,1920,0.198958,-0.316821,True
189,Black Hills Uplift,2002,1920,0.99375,1.39554,True
190,Central Pilbara Granite-Greenstone Terrane (Pilbara Craton),2002,1920,0.0260417,-0.651401,True
191,Northwestern Deccan Basalt Plateau (Deccan Plateau),2002,1920,1,1.10289,False
192,Dougherty Plain and Marianna Lowlands (Floridan Aquifer System),2002,1920,0,-0.764079,False
193,Lower Coastal Plain (Floridan Aquifer System),2002,1920,0.0395833,-0.477312,True
194,Lannemezan Plateau (Aquitaine Basin),2002,1920,0.21875,-0.200183,True
195,Springbok Flats Karoo Basin,2002,1920,0.908333,0.271968,True
196,Southcentral Valley and Ridge (Valley and Ridge Aquifer System),2002,1920,0.01875,-0.615694,True
197,Northcentral Piedmont Plain (North China Plain),2002,1920,0,-1.10332,False
198,North-central High Plains (High Plains),2002,1920,0.483333,-0.0374241,True
199,Great Bend Prairie (High Plains),2002,1920,0.652083,0.226132,True
200,Delmarva Peninsula (North Atlantic Coastal Plain),2002,1920,0.260937,-0.244119,True
201,Denver Basin,2002,1920,0.861458,0.444862,True
202,Eastern Second Songhuajiang System (Songnen Plain),2002,1920,0.034375,-0.373073,True
203,Western Bengal Basin (Bengal Basin),2002,1920,0,-0.91019,False
204,Eastern Otway Basin (Otway Basin),2002,1920,0.0645833,-0.276334,True
205,Western Allegheny Plateau (Appalachian Plateaus),2002,1920,0.427083,-0.0623849,True
206,Laizhou Coastal Plain,2002,1920,0.135417,-0.24172,True
207,Central Coromandel Fractured Charnockite and Gneiss Aquifers (Coromandel Coastal Plain),2002,1920,1,0.649498,False
208,Intermediate Aquifer (Floridan Aquifer System),2002,1920,0.0645833,-0.251406,True
209,Malm Valangnian Aquifer,2002,1920,0.0552083,-0.262933,True
210,Southwestern Khorat Plateau (Khorat Plateau Aquifer System),2002,1920,0.0645833,-0.655098,True
211,Western Cambay Basin (Cambay Basin),2002,1920,0.990625,0.706227,True
212,Western Pilbara Granite-Greenstone Terrane (Pilbara Craton),2002,1920,0.107292,-0.399366,True
213,Mississippi Delta (Gulf Coast Regional Aquifer System),2002,1920,0.1125,-0.396502,True
214,Central Cambay Basin (Cambay Basin),2002,1920,0.958333,0.481568,True
215,Eastern Duero Basin (Duero Basin),2002,1920,0.10625,-0.303426,True
216,Eastern Pennyroyal Plateau (Interior Low Plateaus),2002,1920,0.134896,-0.429971,True
217,Gunnedah Basin and Liverpool Plains,2002,1920,1,0.646221,False
218,Northern Piedmont Upland (Piedmont Plateau),2002,1920,0.425,-0.0684572,True
219,Lower Athabasca (Lower Athabasca Basin),2002,1920,0.328125,-0.367757,True
220,Southern Nuomin-Taoer System (Songnen Plain),2002,1920,0.0166667,-0.460507,True
221,Umatilla Basin and Horse Heaven Hills (Columbia Plateau Regional Aquifer System),2002,1920,0.830208,0.363366,True
222,Palouse Slope (Columbia Plateau Regional Aquifer System),2002,1920,0.860417,0.319299,True
223,Letaba Lowveld,2002,1920,0.176563,-0.252085,True
224,Landes Plain (Aquitaine Basin),2002,1920,0.298958,-0.154239,True
225,Transboundary Odanah Shale,2002,1920,0.926042,0.998798,True
226,Northern Hirri Basin (Chhattisgarh Basin),2002,1920,0.163542,-0.30836,True
227,Western Second Songhuajiang System (Songnen Plain),2002,1920,0.0322917,-0.440301,True
228,Tifton Upland (Floridan Aquifer System),2002,1920,0,-0.705355,False
229,South-central High Plains (High Plains),2002,1920,0.0541667,-0.81308,True
230,Northern Khorat Plateau (Khorat Plateau Aquifer System),2002,1920,0.340625,-0.145757,True
231,Hill Country (Edwards-Trinity Aquifer System),2002,1920,0,-0.786372,False
232,Northern St. Lawrence Lowlands (St. Lawrence Lowlands),2002,1920,0.933333,1.00692,True
233,Chicxulub Sedimentary Basin (Yucatan Peninsula),2002,1920,0.23125,-0.218262,True
234,West Jutland Quaternary and Tertiary Sand Aquifer System,2002,1920,0.928125,0.522958,True
235,South Platte Basin,2002,1920,0.960417,0.729725,True
236,North Rewa Basin (Son-Mahandai Valley Basins),2002,1920,0.00104167,-0.720764,True
237,Southern Coromandel Fractured Charnockite and Gneiss Aquifers (Coromandel Coastal Plain),2002,1920,0.90625,0.229111,True
238,Chaj Doab (Indus Basin),2002,1920,0.00208333,-0.817309,True
239,Rush Springs Aquifer,2002,1920,0.108333,-0.520977,True
240,Silurian and Overlying Unconsolidated Aquifers (Southern Ontario Paleozoic Aquifer System),2002,1920,0.730208,0.267732,True
241,Bangkok Basin (Lower Chao Phraya Basin),2002,1920,0,-1.50963,False
242,Gypsum Hills,2002,1920,0.286458,-0.363627,True
243,Clarence-Moreton Basin and Cecil Plains (Great Artesian Basin),2002,1920,1,0.987819,False
244,Hetao Basin,2002,1920,0.0916667,-0.287622,True
245,Western C Aquifer (The C Aquifer),2002,1920,0.572917,0.0408545,True
246,Arrowsmith and Dandaragan Plateau (Perth Basin),2002,1920,0.309375,-0.0927052,True
247,Gambier Embayment (Otway Basin),2002,1920,0.0994792,-0.21922,True
248,Northern Columbia River Basin (Columbia Plateau Regional Aquifer System),2002,1920,0.761458,0.309712,True
249,San Luis Valley (Middle Rio Grande),2002,1920,0.470833,-0.034449,True
250,Southern Cumberland Plateau - Pottsville Aquifer (Appalachian Plateaus),2002,1920,0,-0.836026,False
251,Sylhet Basin (Bengal Basin),2002,1920,0,-0.950721,False
252,Tuli Karoo Aquifer,2002,1920,0.428125,-0.155272,True
253,Antlers Aquifer,2002,1920,0.0421875,-0.397619,True
254,New Jersey Coastal Plain (North Atlantic Coastal Plain),2002,1920,0.45625,-0.0482184,True
255,Upper Deschutes Basin,2002,1920,0.689583,0.180081,True
256,Southwestern Flatwoods (Floridan Aquifer System),2002,1920,0.109375,-0.242463,True
257,Central Cumberland Plateau and Sequatchie Valley (Appalachian Plateaus),2002,1920,0.01875,-0.717991,True
258,Eastern Malwa Plateau Alluvial Aquifer (Malwa Plateau),2002,1920,0,-1.87193,False
259,Northern Duero Basin (Duero Basin),2002,1920,0.107292,-0.294854,True
260,Central Littoral Plain (North China Plain),2002,1920,0,-0.738904,False
261,Red River Delta,2002,1920,0.695833,0.104151,True
262,Tipton Till Plain (Central Lowland Till Plain),2002,1920,0.682292,0.242848,True
263,Upper Carbonate Aquifer (Northern Midwest Aquifer System),2002,1920,0.989583,0.797656,True
264,Northern Saurashtra Deccan Trap Basalts (Saurashtra Deccan Trap Basalts),2002,1920,1,0.820394,False
265,Kurnool Basin (Cuddapah Sedimentary Basin),2002,1920,1,1.17921,False
266,Coatzacoalcos Coastal Aquifer (Coastal Plain of Veracruz),2002,1920,0.997917,0.489295,True
267,Northern Nuomin-Taoer System (Songnen Plain),2002,1920,0.252083,-0.20441,True
268,Hatfield Valley,2002,1920,1,1.39173,False
269,Northcentral Coromandel Schist Aquifers (Coromandel Coastal Plain),2002,1920,1,1.03694,False
270,Alsatian Aquifer and Upper Rhine Valley,2002,1920,0.184375,-0.198013,True
271,Southern Odanah Shale,2002,1920,0.733333,0.68611,True
272,Eastern Satpura Basalt Aquifers (Satpura Basalts),2002,1920,0.997917,0.797923,True
273,Southern Hirri Basin (Chhattisgarh Basin),2002,1920,0.477083,-0.020067,True
274,Limpopo Plateau,2002,1920,0.514583,0.00942081,True
275,Southeastern Bengal Basin (Bengal Basin),2002,1920,0.0260417,-0.63008,True
0,Central Parana Basin and Torres Syncline (Guarani Aquifer System),2003,1920,0.926042,0.509456,True
1,Northern Guarani Aquifer (Guarani Aquifer System),2003,1920,0.991146,0.632081,True
2,Southwestern Chaco-Lower Parana Basin (Guarani Aquifer System),2003,1920,0,-0.740447,False
3,Amazonas Basin and Alter de Chao Aquifer System (Amazon Aquifer System),2003,1920,1,1.07377,False
4,Poolowanna Trough and Western Eromanga Basin (Great Artesian Basin),2003,1920,1,0.608587,False
5,Eastern Eromanga Basin (Great Artesian Basin),2003,1920,1,0.96223,False
6,Northern Eromanga Basin (Great Artesian Basin),2003,1920,1,1.1145,False
7,Northern High Plains (High Plains),2003,1920,0.991667,1.02386,True
8,Williston Basin (Northern Great Plains),2003,1920,1,1.44156,False
9,Central Eromanga Depocenter (Great Artesian Basin),2003,1920,1,0.842958,False
10,Western Parecis Basin (Parecis Basin),2003,1920,0.282292,-0.0650145,True
11,Upper Gangetic Plain (Indo-Gangetic Plain),2003,1920,0,-1.75857,False
12,Stampriet Kalahari Karoo Aquifer System,2003,1920,1,0.543757,False
13,Northcentral Mega Aquifer System (Mega Aquifer System),2003,1920,0.19375,-0.603492,True
14,Ozark Plateaus Aquifer System,2003,1920,0.551042,0.0556381,True
15,Western Karoo Basin (Main Karoo Basin),2003,1920,0.814583,0.219082,True
16,Middle Gangetic Plain (Indo-Gangetic Plain),2003,1920,0,-1.20088,False
17,Northern Mega Aquifer System (Mega Aquifer System),2003,1920,0,-1.18349,False
18,Canning Basin,2003,1920,0,-0.759823,False
19,Central Karoo Basin (Main Karoo Basin),2003,1920,0.975,0.342108,True
20,Southern Carpentaria Basin (Great Artesian Basin),2003,1920,1,1.34538,False
21,Eastern Parecis Basin (Parecis Basin),2003,1920,0.507292,0.00326367,True
22,Eastern Poti and Piaui and Cabecas and Serra Grande Aquifers (Parnaiba Basin),2003,1920,0.914583,0.265749,True
23,Wiso Basin (Daly-Wiso-Georgina Basins),2003,1920,1,0.919036,False
24,Northern Georgina Basin (Daly-Wiso-Georgina Basins),2003,1920,1,1.34129,False
25,Dakota Aquifer System,2003,1920,1,1.22857,False
26,Arckaringa Basin and Southwestern Great Artesian Basin (Great Artesian Basin),2003,1920,0.36875,-0.0782435,True
27,Trans Gangetic Plain (Indo-Gangetic Plain),2003,1920,0,-2.39453,False
28,Southcentral Mega Aquifer System (Mega Aquifer System),2003,1920,0.0270833,-0.501516,True
29,Central Mississippi Embayment (Mississippi Embayment),2003,1920,0,-0.595523,False
30,Northern Karoo Basin (Main Karoo Basin),2003,1920,0.95625,0.511361,True
31,Mississippian-Silurian-Devonian Carbonates (Northern Midwest Aquifer System),2003,1920,0.904687,0.59624,True
32,Staten River Embayment and Central Carpentaria Basin (Great Artesian Basin),2003,1920,1,1.10966,False
33,Central Dharwar Craton Banded Gneiss Complex (Dharwar Craton Banded Gneiss Complex),2003,1920,1,0.790759,False
34,Central Huaihe Plain (Huaihe River Basin),2003,1920,0.0171875,-0.685238,True
35,Central Minnesota Surficial and Buried Sand and Gravel Aquifers,2003,1920,0.369792,-0.244235,True
36,Southern High Plains (High Plains),2003,1920,0,-1.25428,False
37,Southcentral Karoo Basin (Main Karoo Basin),2003,1920,0.821875,0.254302,True
38,Central High Plains (High Plains),2003,1920,0.0286458,-1.00635,True
39,Lower Liaohe River Plain (Liaohe River Basin),2003,1920,0.0708333,-0.294959,True
40,Wadi As-Sirhan Basin,2003,1920,0,-1.06133,False
41,Eastern Saq Aquifer (Ram-Saq Aquifer System),2003,1920,0,-1.0575,False
42,Trinity Aquifer System (Edwards-Trinity Aquifer System),2003,1920,0,-1.04854,False
43,Wisconsin Precambrian Aquifer,2003,1920,0.335417,-0.317128,True
44,Lafayette Area (Gulf Coast Regional Aquifer System),2003,1920,0,-0.910705,False
45,Paskapoo-Scollard,2003,1920,0.716146,0.276112,True
46,Western Surat Basin (Great Artesian Basin),2003,1920,1,1.09336,False
47,Coonamble Embayment (Great Artesian Basin),2003,1920,1,0.803137,False
48,Mimosa Syncline and Eastern Surat Basin (Great Artesian Basin),2003,1920,1,1.32253,False
49,Wuyuer-Shuangyang System (Songnen Plain),2003,1920,0.0822917,-0.279945,True
50,Powder River Basin (Northern Great Plains),2003,1920,0.959896,1.13578,True
51,Central Eucla Basin (Eucla Basin),2003,1920,0.389583,-0.0599441,True
52,Rio Grande Delta (Gulf Coast Regional Aquifer System),2003,1920,0.0427083,-0.451526,True
53,Michigan Basin,2003,1920,0.226042,-0.258319,True
54,Southern Piedmont Upland (Piedmont Plateau),2003,1920,0,-1.25698,False
55,Eastern Huaihe Plain (Huaihe River Basin),2003,1920,0.00833333,-0.535999,True
56,Northern Dharwar Craton Banded Gneiss Complex (Dharwar Craton Banded Gneiss Complex),2003,1920,1,0.668835,False
57,Eastern Mississippi Embayment (Mississippi Embayment),2003,1920,0,-0.745587,False
58,Western Cambrian-Ordovician Aquifers (Northern Midwest Aquifer System),2003,1920,0.529167,0.0440273,True
59,Southeastern System (Amadeus Basin),2003,1920,0.463542,-0.0329273,True
60,Edwards Plateau (Edwards-Trinity Aquifer System),2003,1920,0,-0.980888,False
61,Southcentral Deccan Basalt Plateau (Deccan Plateau),2003,1920,1,0.781566,False
62,Eastside Lower Indus Valley (Indus Basin),2003,1920,0.811458,0.713698,True
63,Central Piedmont Upland (Piedmont Plateau),2003,1920,0.0104167,-0.893319,True
64,Eastern Carrizo-Wilcox (Carrizo-Wilcox),2003,1920,0,-1.08678,False
65,Jiangsu Coastal Plain (Huaihe River Basin),2003,1920,0.346875,-0.0757481,True
66,Eastern Cambrian-Ordovician Aquifers (Northern Midwest Aquifer System),2003,1920,0.845833,0.397352,True
67,Northcentral Deccan Basalt Plateau (Deccan Plateau),2003,1920,0.984375,0.752699,True
68,Eastside Middle Indus Plain (Indus Basin),2003,1920,0,-0.891768,False
69,Central Allegheny Plateau (Appalachian Plateaus),2003,1920,0.0713542,-0.514811,True
70,Northeastern Karoo Basin (Main Karoo Basin),2003,1920,0.971875,0.366624,True
71,Southern Riverine Plains (Murray Basin),2003,1920,0.744271,0.119645,True
72,Black Warrior River Aquifer System (Eutaw and McShan Formations and Tuscaloosa Group),2003,1920,0,-1.04665,False
73,North Carolina and Virginia Coastal Plain (North Atlantic Coastal Plain),2003,1920,0.0166667,-0.604186,True
74,Northeastern Deccan Basalt Plateau (Deccan Plateau),2003,1920,0.921354,0.482879,True
75,Ribstone Creek and Northern Judith River Aquifer (Bearpaw-Judith River Aquifer System),2003,1920,1,1.09423,False
76,Southern Dharwar Craton Banded Gneiss Complex (Dharwar Craton Banded Gneiss Complex),2003,1920,1,0.686586,False
77,Northcentral Valley and Ridge (Valley and Ridge Aquifer System),2003,1920,0.0395833,-0.755783,True
78,Ivanhoe Plains (Murray Basin),2003,1920,0.928646,0.369404,True
79,Southcentral Piedmont Upland (Piedmont Plateau),2003,1920,0,-1.01904,False
80,Weipa Depression and Northern Carpentaria Basin (Great Artesian Basin),2003,1920,1,0.598561,False
81,Western Liaohe River Basin (Liaohe River Basin),2003,1920,0.00260417,-0.540745,True
82,Western Carrizo-Wilcox (Carrizo-Wilcox),2003,1920,0,-0.956279,False
83,Northern Valley and Ridge (Valley and Ridge Aquifer System),2003,1920,0.116146,-0.464776,True
84,Eastern Karoo Basin (Main Karoo Basin),2003,1920,0.974479,0.35978,True
85,Eastern Paris Basin (Paris Basin),2003,1920,0.339583,-0.147891,True
86,Bari Doab (Indus Basin),2003,1920,0,-1.29311,False
87,Eastern Dakota Aquifer,2003,1920,0.947917,0.675063,True
88,Springfield Plain (Central Lowland Till Plain),2003,1920,0.527083,0.0169617,True
89,Seymour-Blaine Aquifer System,2003,1920,0,-1.17356,False
90,Central Alluvial-Laucustrine Plain (North China Plain),2003,1920,0,-1.14336,False
91,Southern Malwa Plateau (Malwa Plateau),2003,1920,0.778125,0.416919,True
92,Yellow River Alluvial Plain (North China Plain),2003,1920,0,-1.06905,False
93,Eastern Armorican Massif (Armorican Massif),2003,1920,0.479687,-0.0131129,True
94,Ocala Uplift (Floridan Aquifer System),2003,1920,0,-0.493298,False
95,Pearl and Chattahoochee Aquifer System,2003,1920,0,-1.19302,False
96,Eastern Mekong Delta (Mekong Delta),2003,1920,0.104167,-0.584915,True
97,Jianghan Plain,2003,1920,0.778646,0.279631,True
98,Middle-Upper Devonian Aquifer System (Baltic Artesian Basin),2003,1920,0.977083,0.504812,True
99,Upper Cauvery Banded Gneiss Aquifers (Dharwar Craton Banded Gneiss Complex),2003,1920,0.997917,0.481319,True
100,Western Mississippi Embayment (Mississippi Embayment),2003,1920,0,-0.797738,False
101,Southern Hills (Gulf Coast Regional Aquifer System),2003,1920,0.0291667,-0.736382,True
102,Lake Frome Embayment (Great Artesian Basin),2003,1920,1,0.667982,False
103,Peedee and Black Creek and Cape Fear Aquifers,2003,1920,0.0125,-0.697029,True
104,Western Brahmaputra Basin Aquifer (Brahmaputra Basin Aquifer),2003,1920,0,-1.52973,False
105,Roma Shelf and Northern Surat Basin (Great Artesian Basin),2003,1920,1,1.58555,False
106,Thal Doab (Indus Basin),2003,1920,0.333333,-0.439724,True
107,Stockton Plateau (Edwards-Trinity Aquifer System),2003,1920,0.0166667,-0.688862,True
108,Rechna Doab (Indus Basin),2003,1920,0,-1.25494,False
109,Northern Piedmont and Tista Fan (Bengal Basin),2003,1920,0,-1.68795,False
110,Central Paris Basin (Paris Basin),2003,1920,0.295833,-0.197352,True
111,Southern Mallee (Murray Basin),2003,1920,0.823958,0.183521,True
112,Victoria Area (Gulf Coast Regional Aquifer System),2003,1920,0,-1.00353,False
113,Central Urucuia Aquifer (Urucuia Aquifer System),2003,1920,0,-0.539094,False
114,Southcentral Floodplains (Bengal Basin),2003,1920,0,-0.913293,False
115,Eastern Silurian-Devonian Aquifers (Northern Midwest Aquifer System),2003,1920,0.504687,0.00542982,True
116,Southern Saurashtra Deccan Trap Basalts (Saurashtra Deccan Trap Basalts),2003,1920,0.925,0.431305,True
117,Northeast Missouri Carbonates (Northern Midwest Aquifer System),2003,1920,0.811979,0.395228,True
118,Eastern C Aquifer (The C Aquifer),2003,1920,0.151042,-0.315304,True
119,Southern Huaihe River Basin (Huaihe River Basin),2003,1920,0.25625,-0.18897,True
120,Western Huaihe Plain (Huaihe River Basin),2003,1920,0.0161458,-0.886814,True
121,Southeastern Surat Basin (Great Artesian Basin),2003,1920,1,1.05135,False
122,Houston-Galveston Area (Gulf Coast Regional Aquifer System),2003,1920,0,-1.15015,False
123,Western Paris Basin (Paris Basin),2003,1920,0.346354,-0.146276,True
124,Northern Cumberland Plateau and Mountains (Appalachian Plateaus),2003,1920,0.00208333,-0.75906,True
125,Southeastern Coastal Karoo Basin (Main Karoo Basin),2003,1920,0.875521,0.230501,True
126,Mount Vernon Hill County (Central Lowland Till Plain),2003,1920,0.288542,-0.180872,True
127,Eastern Riverine Plains (Murray Basin),2003,1920,0.894792,0.30531,True
128,Central Mallee (Murray Basin),2003,1920,0.920312,0.327761,True
129,Northern Allegheny Plateau (Appalachian Plateaus),2003,1920,0.207292,-0.456123,True
130,Daly Basin (Daly-Wiso-Georgina Basins),2003,1920,1,0.938802,False
131,Blue Mountains and Clearwater Embayment (Columbia Plateau Regional Aquifer System),2003,1920,0.965104,0.551172,True
132,Western Satpura Basalt Aquifers (Satpura Basalts),2003,1920,0.959375,0.745019,True
133,Northern Aquitaine Basin (Aquitaine Basin),2003,1920,0.420312,-0.0454362,True
134,Central Wabash and Bloomington Ridged Plain (Central Lowland Till Plain),2003,1920,0.63125,0.0962283,True
135,Northern Riverine Plains (Murray Basin),2003,1920,0.973958,0.414355,True
136,Upper Peninsula Jacobsville Sandstone and Cambrian-Ordovician and Silurian-Devonian Aquifers (Northern Midwest Aquifer System),2003,1920,0.368229,-0.229928,True
137,Eastern Flatwoods Southshores (Floridan Aquifer System),2003,1920,0.220833,-0.179908,True
138,Lower Limestone Coast Aquifer System (Murray Basin),2003,1920,0.670312,0.0976754,True
139,Eastern Malwa Plateau (Malwa Plateau),2003,1920,0.363021,-0.228945,True
140,Southern St. Lawrence Lowlands (St. Lawrence Lowlands),2003,1920,0.688021,0.311975,True
141,Southern Paris Basin (Paris Basin),2003,1920,0.255729,-0.168392,True
142,Westside Middle Indus Plain (Indus Basin),2003,1920,0.439583,-0.109444,True
143,Northcentral Piedmont Upland (Piedmont Plateau),2003,1920,0.0333333,-0.607957,True
144,Osage Plains (Osage Cuestas Aquifer System),2003,1920,0.720313,0.225128,True
145,Eastern Pilbara Granite-Greenstone Terrane (Pilbara Craton),2003,1920,0.00520833,-0.666732,True
146,Malwa Plateau Gneiss Complex (Malwa Plateau),2003,1920,0,-0.844801,False
147,Bluffton Till Plain (Central Lowland Till Plain),2003,1920,0.135937,-0.366912,True
148,Vidalia Upland (Floridan Aquifer System),2003,1920,0,-1.07341,False
149,Northern Paris Basin (Paris Basin),2003,1920,0.415625,-0.0729646,True
150,Southern Valley and Ridge (Valley and Ridge Aquifer System),2003,1920,0,-1.12164,False
151,Barind Tract and Central Floodplains (Bengal Basin),2003,1920,0,-1.42696,False
152,Northeastern Judith River (Bearpaw-Judith River Aquifer System),2003,1920,1,1.27758,False
153,Great Plains Dakota Aquifer,2003,1920,0.736458,0.258538,True
154,Western Armorican Massif (Armorican Massif),2003,1920,0.493229,-0.00596041,True
155,Southeastern Allegheny Plateau (Appalachian Plateaus),2003,1920,0.009375,-0.745383,True
156,Western Riverine Plains (Murray Basin),2003,1920,0.905729,0.298501,True
157,Southern Deccan Basalt Plateau (Deccan Plateau),2003,1920,1,0.82392,False
158,Eastern Vindhyan Basin,2003,1920,0.0473958,-0.536472,True
159,Catahoula Area (Gulf Coast Regional Aquifer System),2003,1920,0,-0.805764,False
160,Milk River,2003,1920,0.996875,0.998274,True
161,Shawnee Hills (Interior Low Plateaus),2003,1920,0.0723958,-0.38386,True
162,Sea Island (Floridan Aquifer System),2003,1920,0.00208333,-0.618462,True
163,Missionary Plains Syncline and Mereenie Anticline (Amadeus Basin),2003,1920,0.435937,-0.0434111,True
164,Flint Hills Upland (Osage Cuestas Aquifer System),2003,1920,0.676562,0.157392,True
165,Northwestern Malwa Plateau (Malwa Plateau),2003,1920,0.482812,-0.0331669,True
166,Sundarbans and Southern Delta (Bengal Basin),2003,1920,0.0515625,-0.424879,True
167,Transboundary Judith River Aquifer (Bearpaw-Judith River Aquifer System),2003,1920,1,1.30919,False
168,Middle Chao Phraya Basin,2003,1920,0.629167,0.0805099,True
169,Northern Mallee (Murray Basin),2003,1920,0.974479,0.412759,True
170,Alabama Coastal Lowlands (Gulf Coast Regional Aquifer System),2003,1920,0,-0.90783,False
171,Pecos Valley,2003,1920,0,-0.796974,False
172,Eastern Deccan Basalt Plateau (Deccan Plateau),2003,1920,0.94375,0.689115,True
173,Lachlan Alluvium,2003,1920,1,0.548171,False
174,Devonian and Overlying Unconsolidated Aquifers (Southern Ontario Paleozoic Aquifer System),2003,1920,0.359896,-0.160216,True
175,Nanyang Basin,2003,1920,0.208333,-0.303051,True
176,Newcastle Till Plain (Central Lowland Till Plain),2003,1920,0.101042,-0.368708,True
177,Southern Mekong Delta (Mekong Delta),2003,1920,0.00520833,-0.887823,True
178,Northern Cambrian-Ordovician Aquifers (Northern Midwest Aquifer System),2003,1920,0.229167,-0.296906,True
179,Wimmera Plain (Murray Basin),2003,1920,0.553646,0.0297328,True
180,Ghaap Plateau Dolomite Aquifer System,2003,1920,0.911458,0.475863,True
181,Bighorn Basin,2003,1920,0.911458,0.753756,True
182,Northern San Juan Basin,2003,1920,0.214583,-0.229124,True
183,Southwestern Bengal Basin (Bengal Basin),2003,1920,0.0270833,-0.567254,True
184,Central Carrizo-Wilcox (Carrizo-Wilcox),2003,1920,0,-1.26124,False
185,Northern Pitted Karst Plain (Yucatan Peninsula),2003,1920,0.473438,-0.0277223,True
186,New Brunswick Carboniferous Basin (Maritimes Basin),2003,1920,0.809375,0.456579,True
187,Madhupur Tract and Eastern Floodplains (Bengal Basin),2003,1920,0,-1.29966,False
188,Southwestern Allegheny Plateau (Appalachian Plateaus),2003,1920,0.00625,-0.612647,True
189,Black Hills Uplift,2003,1920,0.988542,1.30626,True
190,Central Pilbara Granite-Greenstone Terrane (Pilbara Craton),2003,1920,0,-0.541669,False
191,Northwestern Deccan Basalt Plateau (Deccan Plateau),2003,1920,1,0.866083,False
192,Dougherty Plain and Marianna Lowlands (Floridan Aquifer System),2003,1920,0,-1.04889,False
193,Lower Coastal Plain (Floridan Aquifer System),2003,1920,0.00833333,-0.751579,True
194,Lannemezan Plateau (Aquitaine Basin),2003,1920,0.233854,-0.164858,True
195,Springbok Flats Karoo Basin,2003,1920,0.888542,0.286511,True
196,Southcentral Valley and Ridge (Valley and Ridge Aquifer System),2003,1920,0,-0.892339,False
197,Northcentral Piedmont Plain (North China Plain),2003,1920,0,-1.27585,False
198,North-central High Plains (High Plains),2003,1920,0.272396,-0.339998,True
199,Great Bend Prairie (High Plains),2003,1920,0.260417,-0.283586,True
200,Delmarva Peninsula (North Atlantic Coastal Plain),2003,1920,0.113021,-0.448099,True
201,Denver Basin,2003,1920,0.669792,0.185074,True
202,Eastern Second Songhuajiang System (Songnen Plain),2003,1920,0.0734375,-0.285205,True
203,Western Bengal Basin (Bengal Basin),2003,1920,0,-1.00567,False
204,Eastern Otway Basin (Otway Basin),2003,1920,0.394271,-0.062496,True
205,Western Allegheny Plateau (Appalachian Plateaus),2003,1920,0.0770833,-0.468695,True
206,Laizhou Coastal Plain,2003,1920,0.0333333,-0.475227,True
207,Central Coromandel Fractured Charnockite and Gneiss Aquifers (Coromandel Coastal Plain),2003,1920,1,0.423671,False
208,Intermediate Aquifer (Floridan Aquifer System),2003,1920,0.301042,-0.133448,True
209,Malm Valangnian Aquifer,2003,1920,0.0161458,-0.408967,True
210,Southwestern Khorat Plateau (Khorat Plateau Aquifer System),2003,1920,0.264062,-0.252398,True
211,Western Cambay Basin (Cambay Basin),2003,1920,0.892708,0.3341,True
212,Western Pilbara Granite-Greenstone Terrane (Pilbara Craton),2003,1920,0.0822917,-0.374727,True
213,Mississippi Delta (Gulf Coast Regional Aquifer System),2003,1920,0.15625,-0.432047,True
214,Central Cambay Basin (Cambay Basin),2003,1920,0.813021,0.217282,True
215,Eastern Duero Basin (Duero Basin),2003,1920,0.134375,-0.309742,True
216,Eastern Pennyroyal Plateau (Interior Low Plateaus),2003,1920,0.0015625,-0.608226,True
217,Gunnedah Basin and Liverpool Plains,2003,1920,1,0.816692,False
218,Northern Piedmont Upland (Piedmont Plateau),2003,1920,0.216667,-0.332655,True
219,Lower Athabasca (Lower Athabasca Basin),2003,1920,0.305208,-0.46972,True
220,Southern Nuomin-Taoer System (Songnen Plain),2003,1920,0.111979,-0.312065,True
221,Umatilla Basin and Horse Heaven Hills (Columbia Plateau Regional Aquifer System),2003,1920,0.875,0.458983,True
222,Palouse Slope (Columbia Plateau Regional Aquifer System),2003,1920,0.94375,0.459425,True
223,Letaba Lowveld,2003,1920,0.144792,-0.314454,True
224,Landes Plain (Aquitaine Basin),2003,1920,0.433854,-0.0448468,True
225,Transboundary Odanah Shale,2003,1920,0.877083,0.84944,True
226,Northern Hirri Basin (Chhattisgarh Basin),2003,1920,0.157812,-0.332068,True
227,Western Second Songhuajiang System (Songnen Plain),2003,1920,0.0458333,-0.354129,True
228,Tifton Upland (Floridan Aquifer System),2003,1920,0,-1.00238,False
229,South-central High Plains (High Plains),2003,1920,0,-1.28577,False
230,Northern Khorat Plateau (Khorat Plateau Aquifer System),2003,1920,0.80625,0.195589,True
231,Hill Country (Edwards-Trinity Aquifer System),2003,1920,0,-1.16479,False
232,Northern St. Lawrence Lowlands (St. Lawrence Lowlands),2003,1920,0.852604,0.714895,True
233,Chicxulub Sedimentary Basin (Yucatan Peninsula),2003,1920,0.5,-0.000135945,True
234,West Jutland Quaternary and Tertiary Sand Aquifer System,2003,1920,0.991667,0.698256,True
235,South Platte Basin,2003,1920,0.885417,0.535367,True
236,North Rewa Basin (Son-Mahandai Valley Basins),2003,1920,0.0145833,-0.64564,True
237,Southern Coromandel Fractured Charnockite and Gneiss Aquifers (Coromandel Coastal Plain),2003,1920,0.795833,0.154774,True
238,Chaj Doab (Indus Basin),2003,1920,0.0520833,-0.868916,True
239,Rush Springs Aquifer,2003,1920,0.00520833,-1.01764,True
240,Silurian and Overlying Unconsolidated Aquifers (Southern Ontario Paleozoic Aquifer System),2003,1920,0.203646,-0.269578,True
241,Bangkok Basin (Lower Chao Phraya Basin),2003,1920,0.00104167,-0.984947,True
242,Gypsum Hills,2003,1920,0.0375,-0.81085,True
243,Clarence-Moreton Basin and Cecil Plains (Great Artesian Basin),2003,1920,1,1.16929,False
244,Hetao Basin,2003,1920,0.0895833,-0.320495,True
245,Western C Aquifer (The C Aquifer),2003,1920,0.322917,-0.122929,True
246,Arrowsmith and Dandaragan Plateau (Perth Basin),2003,1920,0.436458,-0.0444509,True
247,Gambier Embayment (Otway Basin),2003,1920,0.441146,-0.0472214,True
248,Northern Columbia River Basin (Columbia Plateau Regional Aquifer System),2003,1920,0.828125,0.419915,True
249,San Luis Valley (Middle Rio Grande),2003,1920,0.0869792,-0.445206,True
250,Southern Cumberland Plateau - Pottsville Aquifer (Appalachian Plateaus),2003,1920,0.00416667,-1.04754,True
251,Sylhet Basin (Bengal Basin),2003,1920,0,-1.1199,False
252,Tuli Karoo Aquifer,2003,1920,0.253646,-0.408497,True
253,Antlers Aquifer,2003,1920,0.0208333,-0.711598,True
254,New Jersey Coastal Plain (North Atlantic Coastal Plain),2003,1920,0.284896,-0.238183,True
255,Upper Deschutes Basin,2003,1920,0.633333,0.117561,True
256,Southwestern Flatwoods (Floridan Aquifer System),2003,1920,0.3375,-0.0988955,True
257,Central Cumberland Plateau and Sequatchie Valley (Appalachian Plateaus),2003,1920,0,-0.886611,False
258,Eastern Malwa Plateau Alluvial Aquifer (Malwa Plateau),2003,1920,0,-1.74177,False
259,Northern Duero Basin (Duero Basin),2003,1920,0.154167,-0.28141,True
260,Central Littoral Plain (North China Plain),2003,1920,0,-0.746585,False
261,Red River Delta,2003,1920,1,0.518782,False
262,Tipton Till Plain (Central Lowland Till Plain),2003,1920,0.279687,-0.197137,True
263,Upper Carbonate Aquifer (Northern Midwest Aquifer System),2003,1920,0.780208,0.327107,True
264,Northern Saurashtra Deccan Trap Basalts (Saurashtra Deccan Trap Basalts),2003,1920,0.924479,0.42676,True
265,Kurnool Basin (Cuddapah Sedimentary Basin),2003,1920,1,0.83151,False
266,Coatzacoalcos Coastal Aquifer (Coastal Plain of Veracruz),2003,1920,0.944792,0.420854,True
267,Northern Nuomin-Taoer System (Songnen Plain),2003,1920,0.346354,-0.137491,True
268,Hatfield Valley,2003,1920,1,1.32674,False
269,Northcentral Coromandel Schist Aquifers (Coromandel Coastal Plain),2003,1920,1,0.709872,False
270,Alsatian Aquifer and Upper Rhine Valley,2003,1920,0.805208,0.237214,True
271,Southern Odanah Shale,2003,1920,0.71875,0.614771,True
272,Eastern Satpura Basalt Aquifers (Satpura Basalts),2003,1920,0.945833,0.575571,True
273,Southern Hirri Basin (Chhattisgarh Basin),2003,1920,0.427604,-0.0853921,True
274,Limpopo Plateau,2003,1920,0.398438,-0.0612935,True
275,Southeastern Bengal Basin (Bengal Basin),2003,1920,0.009375,-0.71927,True
0,Central Parana Basin and Torres Syncline (Guarani Aquifer System),2004,1920,0.983333,0.719862,True
1,Northern Guarani Aquifer (Guarani Aquifer System),2004,1920,0.847396,0.319234,True
2,Southwestern Chaco-Lower Parana Basin (Guarani Aquifer System),2004,1920,0.0760417,-0.284454,True
3,Amazonas Basin and Alter de Chao Aquifer System (Amazon Aquifer System),2004,1920,1,0.930076,False
4,Poolowanna Trough and Western Eromanga Basin (Great Artesian Basin),2004,1920,1,0.582073,False
5,Eastern Eromanga Basin (Great Artesian Basin),2004,1920,1,0.949263,False
6,Northern Eromanga Basin (Great Artesian Basin),2004,1920,1,0.931363,False
7,Northern High Plains (High Plains),2004,1920,0.948438,0.772705,True
8,Williston Basin (Northern Great Plains),2004,1920,1,1.5511,False
9,Central Eromanga Depocenter (Great Artesian Basin),2004,1920,1,0.82798,False
10,Western Parecis Basin (Parecis Basin),2004,1920,0.853125,0.18703,True
11,Upper Gangetic Plain (Indo-Gangetic Plain),2004,1920,0,-1.10351,False
12,Stampriet Kalahari Karoo Aquifer System,2004,1920,1,0.4528,False
13,Northcentral Mega Aquifer System (Mega Aquifer System),2004,1920,0.139063,-0.656318,True
14,Ozark Plateaus Aquifer System,2004,1920,0.420312,-0.0674242,True
15,Western Karoo Basin (Main Karoo Basin),2004,1920,0.820833,0.230759,True
16,Middle Gangetic Plain (Indo-Gangetic Plain),2004,1920,0,-0.908404,False
17,Northern Mega Aquifer System (Mega Aquifer System),2004,1920,0,-1.10682,False
18,Canning Basin,2004,1920,0.003125,-0.428879,True
19,Central Karoo Basin (Main Karoo Basin),2004,1920,0.868229,0.234402,True
20,Southern Carpentaria Basin (Great Artesian Basin),2004,1920,1,1.00015,False
21,Eastern Parecis Basin (Parecis Basin),2004,1920,0.719792,0.127386,True
22,Eastern Poti and Piaui and Cabecas and Serra Grande Aquifers (Parnaiba Basin),2004,1920,0.150521,-0.287332,True
23,Wiso Basin (Daly-Wiso-Georgina Basins),2004,1920,1,0.832621,False
24,Northern Georgina Basin (Daly-Wiso-Georgina Basins),2004,1920,1,1.15018,False
25,Dakota Aquifer System,2004,1920,1,1.11248,False
26,Arckaringa Basin and Southwestern Great Artesian Basin (Great Artesian Basin),2004,1920,0.439063,-0.0372676,True
27,Trans Gangetic Plain (Indo-Gangetic Plain),2004,1920,0,-1.84136,False
28,Southcentral Mega Aquifer System (Mega Aquifer System),2004,1920,0.0171875,-0.485112,True
29,Central Mississippi Embayment (Mississippi Embayment),2004,1920,0.0145833,-0.450297,True
30,Northern Karoo Basin (Main Karoo Basin),2004,1920,0.846354,0.293016,True
31,Mississippian-Silurian-Devonian Carbonates (Northern Midwest Aquifer System),2004,1920,0.665625,0.126193,True
32,Staten River Embayment and Central Carpentaria Basin (Great Artesian Basin),2004,1920,1,0.856193,False
33,Central Dharwar Craton Banded Gneiss Complex (Dharwar Craton Banded Gneiss Complex),2004,1920,1,0.445213,False
34,Central Huaihe Plain (Huaihe River Basin),2004,1920,0.00208333,-0.953914,True
35,Central Minnesota Surficial and Buried Sand and Gravel Aquifers,2004,1920,0.326042,-0.323184,True
36,Southern High Plains (High Plains),2004,1920,0,-1.86255,False
37,Southcentral Karoo Basin (Main Karoo Basin),2004,1920,0.792188,0.22237,True
38,Central High Plains (High Plains),2004,1920,0,-1.4767,False
39,Lower Liaohe River Plain (Liaohe River Basin),2004,1920,0.148958,-0.193096,True
40,Wadi As-Sirhan Basin,2004,1920,0,-1.06927,False
41,Eastern Saq Aquifer (Ram-Saq Aquifer System),2004,1920,0,-1.06587,False
42,Trinity Aquifer System (Edwards-Trinity Aquifer System),2004,1920,0,-1.40646,False
43,Wisconsin Precambrian Aquifer,2004,1920,0.289583,-0.353065,True
44,Lafayette Area (Gulf Coast Regional Aquifer System),2004,1920,0,-0.826232,False
45,Paskapoo-Scollard,2004,1920,0.728125,0.285339,True
46,Western Surat Basin (Great Artesian Basin),2004,1920,1,1.01825,False
47,Coonamble Embayment (Great Artesian Basin),2004,1920,1,0.809829,False
48,Mimosa Syncline and Eastern Surat Basin (Great Artesian Basin),2004,1920,1,1.35015,False
49,Wuyuer-Shuangyang System (Songnen Plain),2004,1920,0.883333,0.238924,True
50,Powder River Basin (Northern Great Plains),2004,1920,0.991667,1.22964,True
51,Central Eucla Basin (Eucla Basin),2004,1920,0.457813,-0.0296149,True
52,Rio Grande Delta (Gulf Coast Regional Aquifer System),2004,1920,0.0515625,-0.495685,True
53,Michigan Basin,2004,1920,0.150521,-0.395592,True
54,Southern Piedmont Upland (Piedmont Plateau),2004,1920,0.0421875,-0.47003,True
55,Eastern Huaihe Plain (Huaihe River Basin),2004,1920,0.00208333,-0.780098,True
56,Northern Dharwar Craton Banded Gneiss Complex (Dharwar Craton Banded Gneiss Complex),2004,1920,1,0.614368,False
57,Eastern Mississippi Embayment (Mississippi Embayment),2004,1920,0.0151042,-0.405497,True
58,Western Cambrian-Ordovician Aquifers (Northern Midwest Aquifer System),2004,1920,0.390625,-0.163341,True
59,Southeastern System (Amadeus Basin),2004,1920,0.530729,0.0251541,True
60,Edwards Plateau (Edwards-Trinity Aquifer System),2004,1920,0,-1.39947,False
61,Southcentral Deccan Basalt Plateau (Deccan Plateau),2004,1920,0.980208,0.617601,True
62,Eastside Lower Indus Valley (Indus Basin),2004,1920,0.829167,0.743933,True
63,Central Piedmont Upland (Piedmont Plateau),2004,1920,0.126042,-0.385154,True
64,Eastern Carrizo-Wilcox (Carrizo-Wilcox),2004,1920,0,-1.1327,False
65,Jiangsu Coastal Plain (Huaihe River Basin),2004,1920,0.0927083,-0.288542,True
66,Eastern Cambrian-Ordovician Aquifers (Northern Midwest Aquifer System),2004,1920,0.523438,0.0262017,True
67,Northcentral Deccan Basalt Plateau (Deccan Plateau),2004,1920,1,0.811683,False
68,Eastside Middle Indus Plain (Indus Basin),2004,1920,0.00208333,-0.591932,True
69,Central Allegheny Plateau (Appalachian Plateaus),2004,1920,0.198958,-0.29656,True
70,Northeastern Karoo Basin (Main Karoo Basin),2004,1920,0.892708,0.214617,True
71,Southern Riverine Plains (Murray Basin),2004,1920,1,0.465273,False
72,Black Warrior River Aquifer System (Eutaw and McShan Formations and Tuscaloosa Group),2004,1920,0.00677083,-0.502802,True
73,North Carolina and Virginia Coastal Plain (North Atlantic Coastal Plain),2004,1920,0.188021,-0.279204,True
74,Northeastern Deccan Basalt Plateau (Deccan Plateau),2004,1920,1,0.838835,False
75,Ribstone Creek and Northern Judith River Aquifer (Bearpaw-Judith River Aquifer System),2004,1920,1,0.954712,False
76,Southern Dharwar Craton Banded Gneiss Complex (Dharwar Craton Banded Gneiss Complex),2004,1920,0.9,0.150571,True
77,Northcentral Valley and Ridge (Valley and Ridge Aquifer System),2004,1920,0.176563,-0.328605,True
78,Ivanhoe Plains (Murray Basin),2004,1920,1,0.654937,False
79,Southcentral Piedmont Upland (Piedmont Plateau),2004,1920,0.140104,-0.287992,True
80,Weipa Depression and Northern Carpentaria Basin (Great Artesian Basin),2004,1920,0.989062,0.483415,True
81,Western Liaohe River Basin (Liaohe River Basin),2004,1920,0.172396,-0.227576,True
82,Western Carrizo-Wilcox (Carrizo-Wilcox),2004,1920,0,-1.12628,False
83,Northern Valley and Ridge (Valley and Ridge Aquifer System),2004,1920,0.195833,-0.334946,True
84,Eastern Karoo Basin (Main Karoo Basin),2004,1920,0.944271,0.261112,True
85,Eastern Paris Basin (Paris Basin),2004,1920,0.663021,0.106256,True
86,Bari Doab (Indus Basin),2004,1920,0,-0.903808,False
87,Eastern Dakota Aquifer,2004,1920,0.755729,0.281487,True
88,Springfield Plain (Central Lowland Till Plain),2004,1920,0.420833,-0.0775346,True
89,Seymour-Blaine Aquifer System,2004,1920,0,-1.78971,False
90,Central Alluvial-Laucustrine Plain (North China Plain),2004,1920,0,-1.14534,False
91,Southern Malwa Plateau (Malwa Plateau),2004,1920,0.976042,0.789322,True
92,Yellow River Alluvial Plain (North China Plain),2004,1920,0,-1.17,False
93,Eastern Armorican Massif (Armorican Massif),2004,1920,0.714063,0.154784,True
94,Ocala Uplift (Floridan Aquifer System),2004,1920,0.396875,-0.0589623,True
95,Pearl and Chattahoochee Aquifer System,2004,1920,0.0348958,-0.539782,True
96,Eastern Mekong Delta (Mekong Delta),2004,1920,0.190104,-0.336949,True
97,Jianghan Plain,2004,1920,0.540104,0.0352659,True
98,Middle-Upper Devonian Aquifer System (Baltic Artesian Basin),2004,1920,0.940104,0.405428,True
99,Upper Cauvery Banded Gneiss Aquifers (Dharwar Craton Banded Gneiss Complex),2004,1920,0.544271,0.0215758,True
100,Western Mississippi Embayment (Mississippi Embayment),2004,1920,0,-0.720758,False
101,Southern Hills (Gulf Coast Regional Aquifer System),2004,1920,0.084375,-0.488197,True
102,Lake Frome Embayment (Great Artesian Basin),2004,1920,1,0.745107,False
103,Peedee and Black Creek and Cape Fear Aquifers,2004,1920,0.223438,-0.228283,True
104,Western Brahmaputra Basin Aquifer (Brahmaputra Basin Aquifer),2004,1920,0,-1.59041,False
105,Roma Shelf and Northern Surat Basin (Great Artesian Basin),2004,1920,1,1.58083,False
106,Thal Doab (Indus Basin),2004,1920,0.383333,-0.235673,True
107,Stockton Plateau (Edwards-Trinity Aquifer System),2004,1920,0.00625,-1.02507,True
108,Rechna Doab (Indus Basin),2004,1920,0,-0.898254,False
109,Northern Piedmont and Tista Fan (Bengal Basin),2004,1920,0,-1.60547,False
110,Central Paris Basin (Paris Basin),2004,1920,0.573958,0.0668426,True
111,Southern Mallee (Murray Basin),2004,1920,1,0.460961,False
112,Victoria Area (Gulf Coast Regional Aquifer System),2004,1920,0,-1.15913,False
113,Central Urucuia Aquifer (Urucuia Aquifer System),2004,1920,0,-1.12899,False
114,Southcentral Floodplains (Bengal Basin),2004,1920,0,-0.922647,False
115,Eastern Silurian-Devonian Aquifers (Northern Midwest Aquifer System),2004,1920,0.216146,-0.262248,True
116,Southern Saurashtra Deccan Trap Basalts (Saurashtra Deccan Trap Basalts),2004,1920,0.841667,0.319472,True
117,Northeast Missouri Carbonates (Northern Midwest Aquifer System),2004,1920,0.576042,0.0712032,True
118,Eastern C Aquifer (The C Aquifer),2004,1920,0.10625,-0.574656,True
119,Southern Huaihe River Basin (Huaihe River Basin),2004,1920,0.0822917,-0.44571,True
120,Western Huaihe Plain (Huaihe River Basin),2004,1920,0.00364583,-1.08921,True
121,Southeastern Surat Basin (Great Artesian Basin),2004,1920,1,1.05642,False
122,Houston-Galveston Area (Gulf Coast Regional Aquifer System),2004,1920,0,-1.26459,False
123,Western Paris Basin (Paris Basin),2004,1920,0.586979,0.104549,True
124,Northern Cumberland Plateau and Mountains (Appalachian Plateaus),2004,1920,0.290625,-0.184816,True
125,Southeastern Coastal Karoo Basin (Main Karoo Basin),2004,1920,0.883333,0.21929,True
126,Mount Vernon Hill County (Central Lowland Till Plain),2004,1920,0.379688,-0.0851251,True
127,Eastern Riverine Plains (Murray Basin),2004,1920,1,0.569366,False
128,Central Mallee (Murray Basin),2004,1920,1,0.526666,False
129,Northern Allegheny Plateau (Appalachian Plateaus),2004,1920,0.223958,-0.403291,True
130,Daly Basin (Daly-Wiso-Georgina Basins),2004,1920,1,0.803143,False
131,Blue Mountains and Clearwater Embayment (Columbia Plateau Regional Aquifer System),2004,1920,0.932813,0.506626,True
132,Western Satpura Basalt Aquifers (Satpura Basalts),2004,1920,1,1.00885,False
133,Northern Aquitaine Basin (Aquitaine Basin),2004,1920,0.727083,0.181332,True
134,Central Wabash and Bloomington Ridged Plain (Central Lowland Till Plain),2004,1920,0.403646,-0.0508466,True
135,Northern Riverine Plains (Murray Basin),2004,1920,0.977083,0.60681,True
136,Upper Peninsula Jacobsville Sandstone and Cambrian-Ordovician and Silurian-Devonian Aquifers (Northern Midwest Aquifer System),2004,1920,0.404167,-0.115683,True
137,Eastern Flatwoods Southshores (Floridan Aquifer System),2004,1920,0.578125,0.0804247,True
138,Lower Limestone Coast Aquifer System (Murray Basin),2004,1920,0.934896,0.276421,True
139,Eastern Malwa Plateau (Malwa Plateau),2004,1920,0.816146,0.415518,True
140,Southern St. Lawrence Lowlands (St. Lawrence Lowlands),2004,1920,0.716146,0.363569,True
141,Southern Paris Basin (Paris Basin),2004,1920,0.664062,0.154486,True
142,Westside Middle Indus Plain (Indus Basin),2004,1920,0.515104,0.0268913,True
143,Northcentral Piedmont Upland (Piedmont Plateau),2004,1920,0.174479,-0.3459,True
144,Osage Plains (Osage Cuestas Aquifer System),2004,1920,0.436979,-0.0493261,True
145,Eastern Pilbara Granite-Greenstone Terrane (Pilbara Craton),2004,1920,0,-0.572865,False
146,Malwa Plateau Gneiss Complex (Malwa Plateau),2004,1920,0.0479167,-0.411688,True
147,Bluffton Till Plain (Central Lowland Till Plain),2004,1920,0.201563,-0.275088,True
148,Vidalia Upland (Floridan Aquifer System),2004,1920,0.0994792,-0.362109,True
149,Northern Paris Basin (Paris Basin),2004,1920,0.648958,0.117238,True
150,Southern Valley and Ridge (Valley and Ridge Aquifer System),2004,1920,0.0661458,-0.375949,True
151,Barind Tract and Central Floodplains (Bengal Basin),2004,1920,0,-1.33636,False
152,Northeastern Judith River (Bearpaw-Judith River Aquifer System),2004,1920,1,1.17748,False
153,Great Plains Dakota Aquifer,2004,1920,0.310937,-0.163681,True
154,Western Armorican Massif (Armorican Massif),2004,1920,0.571354,0.0561103,True
155,Southeastern Allegheny Plateau (Appalachian Plateaus),2004,1920,0.2,-0.258883,True
156,Western Riverine Plains (Murray Basin),2004,1920,1,0.610687,False
157,Southern Deccan Basalt Plateau (Deccan Plateau),2004,1920,1,0.489055,False
158,Eastern Vindhyan Basin,2004,1920,0.639062,0.165932,True
159,Catahoula Area (Gulf Coast Regional Aquifer System),2004,1920,0.0552083,-0.422129,True
160,Milk River,2004,1920,0.997917,1.06012,True
161,Shawnee Hills (Interior Low Plateaus),2004,1920,0.427083,-0.0577128,True
162,Sea Island (Floridan Aquifer System),2004,1920,0.288021,-0.144618,True
163,Missionary Plains Syncline and Mereenie Anticline (Amadeus Basin),2004,1920,0.554688,0.0289343,True
164,Flint Hills Upland (Osage Cuestas Aquifer System),2004,1920,0.272396,-0.181588,True
165,Northwestern Malwa Plateau (Malwa Plateau),2004,1920,0.844271,0.509068,True
166,Sundarbans and Southern Delta (Bengal Basin),2004,1920,0.138542,-0.435489,True
167,Transboundary Judith River Aquifer (Bearpaw-Judith River Aquifer System),2004,1920,1,1.51569,False
168,Middle Chao Phraya Basin,2004,1920,0.639583,0.0906161,True
169,Northern Mallee (Murray Basin),2004,1920,1,0.595205,False
170,Alabama Coastal Lowlands (Gulf Coast Regional Aquifer System),2004,1920,0.003125,-0.406664,True
171,Pecos Valley,2004,1920,0,-1.3458,False
172,Eastern Deccan Basalt Plateau (Deccan Plateau),2004,1920,0.977083,0.751632,True
173,Lachlan Alluvium,2004,1920,1,0.67947,False
174,Devonian and Overlying Unconsolidated Aquifers (Southern Ontario Paleozoic Aquifer System),2004,1920,0.272396,-0.281338,True
175,Nanyang Basin,2004,1920,0.0953125,-0.576499,True
176,Newcastle Till Plain (Central Lowland Till Plain),2004,1920,0.291146,-0.16191,True
177,Southern Mekong Delta (Mekong Delta),2004,1920,0.0078125,-0.602651,True
178,Northern Cambrian-Ordovician Aquifers (Northern Midwest Aquifer System),2004,1920,0.105208,-0.535225,True
179,Wimmera Plain (Murray Basin),2004,1920,0.916667,0.323652,True
180,Ghaap Plateau Dolomite Aquifer System,2004,1920,0.807813,0.240303,True
181,Bighorn Basin,2004,1920,0.932292,0.729384,True
182,Northern San Juan Basin,2004,1920,0.116667,-0.520299,True
183,Southwestern Bengal Basin (Bengal Basin),2004,1920,0.0557292,-0.454653,True
184,Central Carrizo-Wilcox (Carrizo-Wilcox),2004,1920,0,-1.47171,False
185,Northern Pitted Karst Plain (Yucatan Peninsula),2004,1920,0.927083,0.379192,True
186,New Brunswick Carboniferous Basin (Maritimes Basin),2004,1920,0.880208,0.584323,True
187,Madhupur Tract and Eastern Floodplains (Bengal Basin),2004,1920,0,-1.35074,False
188,Southwestern Allegheny Plateau (Appalachian Plateaus),2004,1920,0.208333,-0.249051,True
189,Black Hills Uplift,2004,1920,1,1.38172,False
190,Central Pilbara Granite-Greenstone Terrane (Pilbara Craton),2004,1920,0,-0.492859,False
191,Northwestern Deccan Basalt Plateau (Deccan Plateau),2004,1920,1,0.974247,False
192,Dougherty Plain and Marianna Lowlands (Floridan Aquifer System),2004,1920,0.0651042,-0.449839,True
193,Lower Coastal Plain (Floridan Aquifer System),2004,1920,0.202604,-0.222018,True
194,Lannemezan Plateau (Aquitaine Basin),2004,1920,0.574479,0.0749322,True
195,Springbok Flats Karoo Basin,2004,1920,0.728646,0.129289,True
196,Southcentral Valley and Ridge (Valley and Ridge Aquifer System),2004,1920,0.242708,-0.223836,True
197,Northcentral Piedmont Plain (North China Plain),2004,1920,0,-1.239,False
198,North-central High Plains (High Plains),2004,1920,0.0869792,-0.733974,True
199,Great Bend Prairie (High Plains),2004,1920,0.0484375,-0.750675,True
200,Delmarva Peninsula (North Atlantic Coastal Plain),2004,1920,0.310417,-0.187284,True
201,Denver Basin,2004,1920,0.464062,-0.0354248,True
202,Eastern Second Songhuajiang System (Songnen Plain),2004,1920,0.825521,0.180098,True
203,Western Bengal Basin (Bengal Basin),2004,1920,0,-0.928269,False
204,Eastern Otway Basin (Otway Basin),2004,1920,0.811979,0.17411,True
205,Western Allegheny Plateau (Appalachian Plateaus),2004,1920,0.159375,-0.351242,True
206,Laizhou Coastal Plain,2004,1920,0.0328125,-0.572896,True
207,Central Coromandel Fractured Charnockite and Gneiss Aquifers (Coromandel Coastal Plain),2004,1920,0.181771,-0.145611,True
208,Intermediate Aquifer (Floridan Aquifer System),2004,1920,0.659375,0.153006,True
209,Malm Valangnian Aquifer,2004,1920,0.0140625,-0.530576,True
210,Southwestern Khorat Plateau (Khorat Plateau Aquifer System),2004,1920,0.430729,-0.0590156,True
211,Western Cambay Basin (Cambay Basin),2004,1920,0.78125,0.301146,True
212,Western Pilbara Granite-Greenstone Terrane (Pilbara Craton),2004,1920,0.0260417,-0.316879,True
213,Mississippi Delta (Gulf Coast Regional Aquifer System),2004,1920,0.25625,-0.219961,True
214,Central Cambay Basin (Cambay Basin),2004,1920,0.776042,0.242945,True
215,Eastern Duero Basin (Duero Basin),2004,1920,0.564583,0.0476751,True
216,Eastern Pennyroyal Plateau (Interior Low Plateaus),2004,1920,0.379688,-0.101153,True
217,Gunnedah Basin and Liverpool Plains,2004,1920,1,0.8632,False
218,Northern Piedmont Upland (Piedmont Plateau),2004,1920,0.353646,-0.136026,True
219,Lower Athabasca (Lower Athabasca Basin),2004,1920,0.297396,-0.428628,True
220,Southern Nuomin-Taoer System (Songnen Plain),2004,1920,0.884896,0.241809,True
221,Umatilla Basin and Horse Heaven Hills (Columbia Plateau Regional Aquifer System),2004,1920,0.872396,0.395227,True
222,Palouse Slope (Columbia Plateau Regional Aquifer System),2004,1920,0.922396,0.49862,True
223,Letaba Lowveld,2004,1920,0.180208,-0.163952,True
224,Landes Plain (Aquitaine Basin),2004,1920,0.729167,0.148462,True
225,Transboundary Odanah Shale,2004,1920,0.803125,0.628353,True
226,Northern Hirri Basin (Chhattisgarh Basin),2004,1920,0.59375,0.0943923,True
227,Western Second Songhuajiang System (Songnen Plain),2004,1920,0.544271,0.0248031,True
228,Tifton Upland (Floridan Aquifer System),2004,1920,0.0963542,-0.394321,True
229,South-central High Plains (High Plains),2004,1920,0,-1.79796,False
230,Northern Khorat Plateau (Khorat Plateau Aquifer System),2004,1920,0.834896,0.237856,True
231,Hill Country (Edwards-Trinity Aquifer System),2004,1920,0,-1.47521,False
232,Northern St. Lawrence Lowlands (St. Lawrence Lowlands),2004,1920,0.874479,0.778255,True
233,Chicxulub Sedimentary Basin (Yucatan Peninsula),2004,1920,0.91875,0.364394,True
234,West Jutland Quaternary and Tertiary Sand Aquifer System,2004,1920,1,0.731345,False
235,South Platte Basin,2004,1920,0.800521,0.378449,True
236,North Rewa Basin (Son-Mahandai Valley Basins),2004,1920,0.494792,-0.00331563,True
237,Southern Coromandel Fractured Charnockite and Gneiss Aquifers (Coromandel Coastal Plain),2004,1920,0.117188,-0.162595,True
238,Chaj Doab (Indus Basin),2004,1920,0.117708,-0.697636,True
239,Rush Springs Aquifer,2004,1920,0,-1.50829,False
240,Silurian and Overlying Unconsolidated Aquifers (Southern Ontario Paleozoic Aquifer System),2004,1920,0.134375,-0.45202,True
241,Bangkok Basin (Lower Chao Phraya Basin),2004,1920,0.0416667,-0.581703,True
242,Gypsum Hills,2004,1920,0,-1.26691,False
243,Clarence-Moreton Basin and Cecil Plains (Great Artesian Basin),2004,1920,1,1.22464,False
244,Hetao Basin,2004,1920,0.0515625,-0.364857,True
245,Western C Aquifer (The C Aquifer),2004,1920,0.0885417,-0.457553,True
246,Arrowsmith and Dandaragan Plateau (Perth Basin),2004,1920,0.520312,0.0207641,True
247,Gambier Embayment (Otway Basin),2004,1920,0.76875,0.15327,True
248,Northern Columbia River Basin (Columbia Plateau Regional Aquifer System),2004,1920,0.843229,0.466274,True
249,San Luis Valley (Middle Rio Grande),2004,1920,0.00729167,-0.779478,True
250,Southern Cumberland Plateau - Pottsville Aquifer (Appalachian Plateaus),2004,1920,0.0421875,-0.416776,True
251,Sylhet Basin (Bengal Basin),2004,1920,0,-1.29762,False
252,Tuli Karoo Aquifer,2004,1920,0.182812,-0.45035,True
253,Antlers Aquifer,2004,1920,0.0208333,-0.874491,True
254,New Jersey Coastal Plain (North Atlantic Coastal Plain),2004,1920,0.465104,-0.0404601,True
255,Upper Deschutes Basin,2004,1920,0.419271,-0.0698875,True
256,Southwestern Flatwoods (Floridan Aquifer System),2004,1920,0.659896,0.156022,True
257,Central Cumberland Plateau and Sequatchie Valley (Appalachian Plateaus),2004,1920,0.225521,-0.20659,True
258,Eastern Malwa Plateau Alluvial Aquifer (Malwa Plateau),2004,1920,0,-1.11627,False
259,Northern Duero Basin (Duero Basin),2004,1920,0.597917,0.0587262,True
260,Central Littoral Plain (North China Plain),2004,1920,0.03125,-0.625516,True
261,Red River Delta,2004,1920,1,0.62027,False
262,Tipton Till Plain (Central Lowland Till Plain),2004,1920,0.332292,-0.100514,True
263,Upper Carbonate Aquifer (Northern Midwest Aquifer System),2004,1920,0.464062,-0.0287836,True
264,Northern Saurashtra Deccan Trap Basalts (Saurashtra Deccan Trap Basalts),2004,1920,0.9,0.38675,True
265,Kurnool Basin (Cuddapah Sedimentary Basin),2004,1920,1,0.42711,False
266,Coatzacoalcos Coastal Aquifer (Coastal Plain of Veracruz),2004,1920,0.929167,0.532886,True
267,Northern Nuomin-Taoer System (Songnen Plain),2004,1920,0.980729,0.46268,True
268,Hatfield Valley,2004,1920,0.991667,1.0681,True
269,Northcentral Coromandel Schist Aquifers (Coromandel Coastal Plain),2004,1920,0.997396,0.268551,True
270,Alsatian Aquifer and Upper Rhine Valley,2004,1920,0.951042,0.331672,True
271,Southern Odanah Shale,2004,1920,0.65,0.34632,True
272,Eastern Satpura Basalt Aquifers (Satpura Basalts),2004,1920,1,1.00216,False
273,Southern Hirri Basin (Chhattisgarh Basin),2004,1920,0.721354,0.219895,True
274,Limpopo Plateau,2004,1920,0.3625,-0.0809213,True
275,Southeastern Bengal Basin (Bengal Basin),2004,1920,0.00572917,-0.830014,True
0,Central Parana Basin and Torres Syncline (Guarani Aquifer System),2005,1920,1,0.794899,False
1,Northern Guarani Aquifer (Guarani Aquifer System),2005,1920,0,-0.488178,False
2,Southwestern Chaco-Lower Parana Basin (Guarani Aquifer System),2005,1920,0.7875,0.234973,True
3,Amazonas Basin and Alter de Chao Aquifer System (Amazon Aquifer System),2005,1920,1,0.594172,False
4,Poolowanna Trough and Western Eromanga Basin (Great Artesian Basin),2005,1920,0.957812,0.390502,True
5,Eastern Eromanga Basin (Great Artesian Basin),2005,1920,1,0.78124,False
6,Northern Eromanga Basin (Great Artesian Basin),2005,1920,0.858854,0.51721,True
7,Northern High Plains (High Plains),2005,1920,0.833333,0.428378,True
8,Williston Basin (Northern Great Plains),2005,1920,1,1.68043,False
9,Central Eromanga Depocenter (Great Artesian Basin),2005,1920,1,0.738382,False
10,Western Parecis Basin (Parecis Basin),2005,1920,0.982292,0.449752,True
11,Upper Gangetic Plain (Indo-Gangetic Plain),2005,1920,0.0364583,-0.793364,True
12,Stampriet Kalahari Karoo Aquifer System,2005,1920,0.948958,0.30383,True
13,Northcentral Mega Aquifer System (Mega Aquifer System),2005,1920,0.0395833,-0.71109,True
14,Ozark Plateaus Aquifer System,2005,1920,0.569792,0.0836855,True
15,Western Karoo Basin (Main Karoo Basin),2005,1920,0.746875,0.142875,True
16,Middle Gangetic Plain (Indo-Gangetic Plain),2005,1920,0,-0.7262,False
17,Northern Mega Aquifer System (Mega Aquifer System),2005,1920,0.05625,-0.986405,True
18,Canning Basin,2005,1920,0.483333,-0.00620851,True
19,Central Karoo Basin (Main Karoo Basin),2005,1920,0.436979,-0.0228187,True
20,Southern Carpentaria Basin (Great Artesian Basin),2005,1920,1,0.635385,False
21,Eastern Parecis Basin (Parecis Basin),2005,1920,0.945833,0.498731,True
22,Eastern Poti and Piaui and Cabecas and Serra Grande Aquifers (Parnaiba Basin),2005,1920,0.00416667,-0.615542,True
23,Wiso Basin (Daly-Wiso-Georgina Basins),2005,1920,1,1.01158,False
24,Northern Georgina Basin (Daly-Wiso-Georgina Basins),2005,1920,1,1.13153,False
25,Dakota Aquifer System,2005,1920,1,1.06179,False
26,Arckaringa Basin and Southwestern Great Artesian Basin (Great Artesian Basin),2005,1920,0.501563,0.00402788,True
27,Trans Gangetic Plain (Indo-Gangetic Plain),2005,1920,0,-1.66748,False
28,Southcentral Mega Aquifer System (Mega Aquifer System),2005,1920,0.125521,-0.40706,True
29,Central Mississippi Embayment (Mississippi Embayment),2005,1920,0.530729,0.0234134,True
30,Northern Karoo Basin (Main Karoo Basin),2005,1920,0.602604,0.0486954,True
31,Mississippian-Silurian-Devonian Carbonates (Northern Midwest Aquifer System),2005,1920,0.65,0.188111,True
32,Staten River Embayment and Central Carpentaria Basin (Great Artesian Basin),2005,1920,1,0.605321,False
33,Central Dharwar Craton Banded Gneiss Complex (Dharwar Craton Banded Gneiss Complex),2005,1920,0.172917,-0.168309,True
34,Central Huaihe Plain (Huaihe River Basin),2005,1920,0.00677083,-1.03775,True
35,Central Minnesota Surficial and Buried Sand and Gravel Aquifers,2005,1920,0.460938,-0.0650493,True
36,Southern High Plains (High Plains),2005,1920,0,-1.95219,False
37,Southcentral Karoo Basin (Main Karoo Basin),2005,1920,0.776563,0.223883,True
38,Central High Plains (High Plains),2005,1920,0,-1.75609,False
39,Lower Liaohe River Plain (Liaohe River Basin),2005,1920,0.0614583,-0.323527,True
40,Wadi As-Sirhan Basin,2005,1920,0,-1.02619,False
41,Eastern Saq Aquifer (Ram-Saq Aquifer System),2005,1920,0,-1.02435,False
42,Trinity Aquifer System (Edwards-Trinity Aquifer System),2005,1920,0,-1.19459,False
43,Wisconsin Precambrian Aquifer,2005,1920,0.905729,0.465495,True
44,Lafayette Area (Gulf Coast Regional Aquifer System),2005,1920,0.0776042,-0.396593,True
45,Paskapoo-Scollard,2005,1920,0.764583,0.365651,True
46,Western Surat Basin (Great Artesian Basin),2005,1920,0.934375,0.817061,True
47,Coonamble Embayment (Great Artesian Basin),2005,1920,0.916667,0.667171,True
48,Mimosa Syncline and Eastern Surat Basin (Great Artesian Basin),2005,1920,1,1.1724,False
49,Wuyuer-Shuangyang System (Songnen Plain),2005,1920,0.995833,0.400231,True
50,Powder River Basin (Northern Great Plains),2005,1920,0.925,1.15781,True
51,Central Eucla Basin (Eucla Basin),2005,1920,0.716667,0.147408,True
52,Rio Grande Delta (Gulf Coast Regional Aquifer System),2005,1920,0.177083,-0.276624,True
53,Michigan Basin,2005,1920,0.744792,0.290257,True
54,Southern Piedmont Upland (Piedmont Plateau),2005,1920,0.672396,0.165056,True
55,Eastern Huaihe Plain (Huaihe River Basin),2005,1920,0,-0.956294,False
56,Northern Dharwar Craton Banded Gneiss Complex (Dharwar Craton Banded Gneiss Complex),2005,1920,0.570312,0.027215,True
57,Eastern Mississippi Embayment (Mississippi Embayment),2005,1920,0.545833,0.0310679,True
58,Western Cambrian-Ordovician Aquifers (Northern Midwest Aquifer System),2005,1920,0.588021,0.1544,True
59,Southeastern System (Amadeus Basin),2005,1920,0.738542,0.248934,True
60,Edwards Plateau (Edwards-Trinity Aquifer System),2005,1920,0,-1.33626,False
61,Southcentral Deccan Basalt Plateau (Deccan Plateau),2005,1920,0.770312,0.142501,True
62,Eastside Lower Indus Valley (Indus Basin),2005,1920,0.6875,0.279372,True
63,Central Piedmont Upland (Piedmont Plateau),2005,1920,0.482812,-0.012617,True
64,Eastern Carrizo-Wilcox (Carrizo-Wilcox),2005,1920,0.0708333,-0.588614,True
65,Jiangsu Coastal Plain (Huaihe River Basin),2005,1920,0.0942708,-0.345582,True
66,Eastern Cambrian-Ordovician Aquifers (Northern Midwest Aquifer System),2005,1920,0.761458,0.319507,True
67,Northcentral Deccan Basalt Plateau (Deccan Plateau),2005,1920,0.919792,0.362808,True
68,Eastside Middle Indus Plain (Indus Basin),2005,1920,0.0411458,-0.672013,True
69,Central Allegheny Plateau (Appalachian Plateaus),2005,1920,0.634375,0.141186,True
70,Northeastern Karoo Basin (Main Karoo Basin),2005,1920,0.630729,0.0454929,True
71,Southern Riverine Plains (Murray Basin),2005,1920,0.925,0.686729,True
72,Black Warrior River Aquifer System (Eutaw and McShan Formations and Tuscaloosa Group),2005,1920,0.466146,-0.0208209,True
73,North Carolina and Virginia Coastal Plain (North Atlantic Coastal Plain),2005,1920,0.5,-0.000353244,True
74,Northeastern Deccan Basalt Plateau (Deccan Plateau),2005,1920,0.997917,0.554128,True
75,Ribstone Creek and Northern Judith River Aquifer (Bearpaw-Judith River Aquifer System),2005,1920,0.994792,0.896039,True
76,Southern Dharwar Craton Banded Gneiss Complex (Dharwar Craton Banded Gneiss Complex),2005,1920,0,-0.575283,False
77,Northcentral Valley and Ridge (Valley and Ridge Aquifer System),2005,1920,0.620313,0.117992,True
78,Ivanhoe Plains (Murray Basin),2005,1920,1,0.799231,False
79,Southcentral Piedmont Upland (Piedmont Plateau),2005,1920,0.759896,0.283278,True
80,Weipa Depression and Northern Carpentaria Basin (Great Artesian Basin),2005,1920,1,0.539315,False
81,Western Liaohe River Basin (Liaohe River Basin),2005,1920,0.240625,-0.179735,True
82,Western Carrizo-Wilcox (Carrizo-Wilcox),2005,1920,0,-0.87346,False
83,Northern Valley and Ridge (Valley and Ridge Aquifer System),2005,1920,0.414062,-0.0865125,True
84,Eastern Karoo Basin (Main Karoo Basin),2005,1920,0.539583,0.0252538,True
85,Eastern Paris Basin (Paris Basin),2005,1920,0.994792,0.456643,True
86,Bari Doab (Indus Basin),2005,1920,0,-0.922696,False
87,Eastern Dakota Aquifer,2005,1920,0.590104,0.117913,True
88,Springfield Plain (Central Lowland Till Plain),2005,1920,0.647917,0.16741,True
89,Seymour-Blaine Aquifer System,2005,1920,0,-1.98301,False
90,Central Alluvial-Laucustrine Plain (North China Plain),2005,1920,0.06875,-0.887881,True
91,Southern Malwa Plateau (Malwa Plateau),2005,1920,0.938542,0.740297,True
92,Yellow River Alluvial Plain (North China Plain),2005,1920,0,-1.13427,False
93,Eastern Armorican Massif (Armorican Massif),2005,1920,0.584375,0.088949,True
94,Ocala Uplift (Floridan Aquifer System),2005,1920,0.680208,0.17956,True
95,Pearl and Chattahoochee Aquifer System,2005,1920,0.5375,0.0423773,True
96,Eastern Mekong Delta (Mekong Delta),2005,1920,0.173437,-0.174789,True
97,Jianghan Plain,2005,1920,0.629167,0.128492,True
98,Middle-Upper Devonian Aquifer System (Baltic Artesian Basin),2005,1920,0.892188,0.347026,True
99,Upper Cauvery Banded Gneiss Aquifers (Dharwar Craton Banded Gneiss Complex),2005,1920,0,-0.483004,False
100,Western Mississippi Embayment (Mississippi Embayment),2005,1920,0.321875,-0.165182,True
101,Southern Hills (Gulf Coast Regional Aquifer System),2005,1920,0.436979,-0.0646847,True
102,Lake Frome Embayment (Great Artesian Basin),2005,1920,0.966667,0.790758,True
103,Peedee and Black Creek and Cape Fear Aquifers,2005,1920,0.63125,0.154133,True
104,Western Brahmaputra Basin Aquifer (Brahmaputra Basin Aquifer),2005,1920,0,-1.58261,False
105,Roma Shelf and Northern Surat Basin (Great Artesian Basin),2005,1920,1,1.33013,False
106,Thal Doab (Indus Basin),2005,1920,0.326042,-0.380327,True
107,Stockton Plateau (Edwards-Trinity Aquifer System),2005,1920,0.00989583,-0.959099,True
108,Rechna Doab (Indus Basin),2005,1920,0,-0.920871,False
109,Northern Piedmont and Tista Fan (Bengal Basin),2005,1920,0,-1.53549,False
110,Central Paris Basin (Paris Basin),2005,1920,0.895833,0.324718,True
111,Southern Mallee (Murray Basin),2005,1920,0.95,0.605741,True
112,Victoria Area (Gulf Coast Regional Aquifer System),2005,1920,0,-0.922347,False
113,Central Urucuia Aquifer (Urucuia Aquifer System),2005,1920,0,-1.33218,False
114,Southcentral Floodplains (Bengal Basin),2005,1920,0,-0.865664,False
115,Eastern Silurian-Devonian Aquifers (Northern Midwest Aquifer System),2005,1920,0.71875,0.167583,True
116,Southern Saurashtra Deccan Trap Basalts (Saurashtra Deccan Trap Basalts),2005,1920,0.505729,0.00378097,True
117,Northeast Missouri Carbonates (Northern Midwest Aquifer System),2005,1920,0.733854,0.262032,True
118,Eastern C Aquifer (The C Aquifer),2005,1920,0.0770833,-0.716203,True
119,Southern Huaihe River Basin (Huaihe River Basin),2005,1920,0.08125,-0.555421,True
120,Western Huaihe Plain (Huaihe River Basin),2005,1920,0.0125,-1.06572,True
121,Southeastern Surat Basin (Great Artesian Basin),2005,1920,1,0.924513,False
122,Houston-Galveston Area (Gulf Coast Regional Aquifer System),2005,1920,0,-0.960847,False
123,Western Paris Basin (Paris Basin),2005,1920,0.595313,0.0751798,True
124,Northern Cumberland Plateau and Mountains (Appalachian Plateaus),2005,1920,0.772917,0.285272,True
125,Southeastern Coastal Karoo Basin (Main Karoo Basin),2005,1920,0.465625,-0.0165552,True
126,Mount Vernon Hill County (Central Lowland Till Plain),2005,1920,0.644792,0.16757,True
127,Eastern Riverine Plains (Murray Basin),2005,1920,0.960417,0.70107,True
128,Central Mallee (Murray Basin),2005,1920,1,0.649329,False
129,Northern Allegheny Plateau (Appalachian Plateaus),2005,1920,0.492188,-0.00558594,True
130,Daly Basin (Daly-Wiso-Georgina Basins),2005,1920,0.959375,0.718405,True
131,Blue Mountains and Clearwater Embayment (Columbia Plateau Regional Aquifer System),2005,1920,0.75625,0.231372,True
132,Western Satpura Basalt Aquifers (Satpura Basalts),2005,1920,0.988542,0.799262,True
133,Northern Aquitaine Basin (Aquitaine Basin),2005,1920,0.752604,0.219871,True
134,Central Wabash and Bloomington Ridged Plain (Central Lowland Till Plain),2005,1920,0.626042,0.146921,True
135,Northern Riverine Plains (Murray Basin),2005,1920,0.985417,0.773539,True
136,Upper Peninsula Jacobsville Sandstone and Cambrian-Ordovician and Silurian-Devonian Aquifers (Northern Midwest Aquifer System),2005,1920,0.996875,0.972683,True
137,Eastern Flatwoods Southshores (Floridan Aquifer System),2005,1920,0.730208,0.212659,True
138,Lower Limestone Coast Aquifer System (Murray Basin),2005,1920,0.983854,0.44218,True
139,Eastern Malwa Plateau (Malwa Plateau),2005,1920,0.884896,0.65333,True
140,Southern St. Lawrence Lowlands (St. Lawrence Lowlands),2005,1920,0.783333,0.497467,True
141,Southern Paris Basin (Paris Basin),2005,1920,0.733333,0.136722,True
142,Westside Middle Indus Plain (Indus Basin),2005,1920,0.435937,-0.148854,True
143,Northcentral Piedmont Upland (Piedmont Plateau),2005,1920,0.448958,-0.0677536,True
144,Osage Plains (Osage Cuestas Aquifer System),2005,1920,0.371354,-0.109796,True
145,Eastern Pilbara Granite-Greenstone Terrane (Pilbara Craton),2005,1920,0.205208,-0.194743,True
146,Malwa Plateau Gneiss Complex (Malwa Plateau),2005,1920,0.0317708,-0.412268,True
147,Bluffton Till Plain (Central Lowland Till Plain),2005,1920,0.546875,0.0648701,True
148,Vidalia Upland (Floridan Aquifer System),2005,1920,0.714063,0.243333,True
149,Northern Paris Basin (Paris Basin),2005,1920,0.897917,0.340589,True
150,Southern Valley and Ridge (Valley and Ridge Aquifer System),2005,1920,0.656771,0.154761,True
151,Barind Tract and Central Floodplains (Bengal Basin),2005,1920,0,-1.29128,False
152,Northeastern Judith River (Bearpaw-Judith River Aquifer System),2005,1920,1,1.22291,False
153,Great Plains Dakota Aquifer,2005,1920,0.129688,-0.528203,True
154,Western Armorican Massif (Armorican Massif),2005,1920,0.535417,0.0232101,True
155,Southeastern Allegheny Plateau (Appalachian Plateaus),2005,1920,0.66875,0.18792,True
156,Western Riverine Plains (Murray Basin),2005,1920,0.958333,0.747193,True
157,Southern Deccan Basalt Plateau (Deccan Plateau),2005,1920,0.629167,0.0474395,True
158,Eastern Vindhyan Basin,2005,1920,0.838021,0.440416,True
159,Catahoula Area (Gulf Coast Regional Aquifer System),2005,1920,0.501563,0.000380353,True
160,Milk River,2005,1920,1,1.18788,False
161,Shawnee Hills (Interior Low Plateaus),2005,1920,0.682292,0.196118,True
162,Sea Island (Floridan Aquifer System),2005,1920,0.716667,0.242934,True
163,Missionary Plains Syncline and Mereenie Anticline (Amadeus Basin),2005,1920,0.840104,0.321197,True
164,Flint Hills Upland (Osage Cuestas Aquifer System),2005,1920,0.172917,-0.341321,True
165,Northwestern Malwa Plateau (Malwa Plateau),2005,1920,0.841146,0.57758,True
166,Sundarbans and Southern Delta (Bengal Basin),2005,1920,0.065625,-0.431454,True
167,Transboundary Judith River Aquifer (Bearpaw-Judith River Aquifer System),2005,1920,1,1.64353,False
168,Middle Chao Phraya Basin,2005,1920,0.327604,-0.1075,True
169,Northern Mallee (Murray Basin),2005,1920,1,0.716723,False
170,Alabama Coastal Lowlands (Gulf Coast Regional Aquifer System),2005,1920,0.50625,0.00599795,True
171,Pecos Valley,2005,1920,0.03125,-1.26544,True
172,Eastern Deccan Basalt Plateau (Deccan Plateau),2005,1920,0.884375,0.216895,True
173,Lachlan Alluvium,2005,1920,0.958333,0.740702,True
174,Devonian and Overlying Unconsolidated Aquifers (Southern Ontario Paleozoic Aquifer System),2005,1920,0.661979,0.195,True
175,Nanyang Basin,2005,1920,0.0895833,-0.53141,True
176,Newcastle Till Plain (Central Lowland Till Plain),2005,1920,0.597396,0.0841084,True
177,Southern Mekong Delta (Mekong Delta),2005,1920,0.0536458,-0.341574,True
178,Northern Cambrian-Ordovician Aquifers (Northern Midwest Aquifer System),2005,1920,0.663542,0.148788,True
179,Wimmera Plain (Murray Basin),2005,1920,0.916667,0.527087,True
180,Ghaap Plateau Dolomite Aquifer System,2005,1920,0.607292,0.0673289,True
181,Bighorn Basin,2005,1920,0.884375,0.603443,True
182,Northern San Juan Basin,2005,1920,0.146875,-0.606007,True
183,Southwestern Bengal Basin (Bengal Basin),2005,1920,0.000520833,-0.504627,True
184,Central Carrizo-Wilcox (Carrizo-Wilcox),2005,1920,0,-1.16554,False
185,Northern Pitted Karst Plain (Yucatan Peninsula),2005,1920,0.915104,0.404668,True
186,New Brunswick Carboniferous Basin (Maritimes Basin),2005,1920,0.849479,0.570711,True
187,Madhupur Tract and Eastern Floodplains (Bengal Basin),2005,1920,0,-1.27733,False
188,Southwestern Allegheny Plateau (Appalachian Plateaus),2005,1920,0.688021,0.207,True
189,Black Hills Uplift,2005,1920,0.942708,1.21386,True
190,Central Pilbara Granite-Greenstone Terrane (Pilbara Craton),2005,1920,0.239063,-0.16058,True
191,Northwestern Deccan Basalt Plateau (Deccan Plateau),2005,1920,0.975,0.553224,True
192,Dougherty Plain and Marianna Lowlands (Floridan Aquifer System),2005,1920,0.533333,0.0338537,True
193,Lower Coastal Plain (Floridan Aquifer System),2005,1920,0.726042,0.228305,True
194,Lannemezan Plateau (Aquitaine Basin),2005,1920,0.76875,0.231669,True
195,Springbok Flats Karoo Basin,2005,1920,0.691146,0.103273,True
196,Southcentral Valley and Ridge (Valley and Ridge Aquifer System),2005,1920,0.818229,0.354828,True
197,Northcentral Piedmont Plain (North China Plain),2005,1920,0.0833333,-0.861206,True
198,North-central High Plains (High Plains),2005,1920,0.03125,-1.08125,True
199,Great Bend Prairie (High Plains),2005,1920,0.0208333,-1.01869,True
200,Delmarva Peninsula (North Atlantic Coastal Plain),2005,1920,0.463021,-0.0378154,True
201,Denver Basin,2005,1920,0.372917,-0.135809,True
202,Eastern Second Songhuajiang System (Songnen Plain),2005,1920,0.930208,0.236701,True
203,Western Bengal Basin (Bengal Basin),2005,1920,0,-0.899551,False
204,Eastern Otway Basin (Otway Basin),2005,1920,0.878646,0.367154,True
205,Western Allegheny Plateau (Appalachian Plateaus),2005,1920,0.568229,0.086134,True
206,Laizhou Coastal Plain,2005,1920,0.00208333,-0.755743,True
207,Central Coromandel Fractured Charnockite and Gneiss Aquifers (Coromandel Coastal Plain),2005,1920,0,-0.758908,False
208,Intermediate Aquifer (Floridan Aquifer System),2005,1920,0.692187,0.180154,True
209,Malm Valangnian Aquifer,2005,1920,0.110417,-0.465544,True
210,Southwestern Khorat Plateau (Khorat Plateau Aquifer System),2005,1920,0.371354,-0.0836162,True
211,Western Cambay Basin (Cambay Basin),2005,1920,0.370833,-0.0842455,True
212,Western Pilbara Granite-Greenstone Terrane (Pilbara Craton),2005,1920,0.327604,-0.115361,True
213,Mississippi Delta (Gulf Coast Regional Aquifer System),2005,1920,0.542188,0.030638,True
214,Central Cambay Basin (Cambay Basin),2005,1920,0.333333,-0.102298,True
215,Eastern Duero Basin (Duero Basin),2005,1920,0.831771,0.297763,True
216,Eastern Pennyroyal Plateau (Interior Low Plateaus),2005,1920,0.744792,0.264826,True
217,Gunnedah Basin and Liverpool Plains,2005,1920,1,0.734402,False
218,Northern Piedmont Upland (Piedmont Plateau),2005,1920,0.538542,0.029539,True
219,Lower Athabasca (Lower Athabasca Basin),2005,1920,0.301042,-0.429727,True
220,Southern Nuomin-Taoer System (Songnen Plain),2005,1920,0.958333,0.413163,True
221,Umatilla Basin and Horse Heaven Hills (Columbia Plateau Regional Aquifer System),2005,1920,0.728125,0.192744,True
222,Palouse Slope (Columbia Plateau Regional Aquifer System),2005,1920,0.752604,0.232535,True
223,Letaba Lowveld,2005,1920,0.445312,-0.0218657,True
224,Landes Plain (Aquitaine Basin),2005,1920,0.746875,0.221382,True
225,Transboundary Odanah Shale,2005,1920,0.925521,1.01551,True
226,Northern Hirri Basin (Chhattisgarh Basin),2005,1920,0.78125,0.298672,True
227,Western Second Songhuajiang System (Songnen Plain),2005,1920,0.603125,0.0503263,True
228,Tifton Upland (Floridan Aquifer System),2005,1920,0.658333,0.142769,True
229,South-central High Plains (High Plains),2005,1920,0,-2.06866,False
230,Northern Khorat Plateau (Khorat Plateau Aquifer System),2005,1920,0.678646,0.122722,True
231,Hill Country (Edwards-Trinity Aquifer System),2005,1920,0,-1.2628,False
232,Northern St. Lawrence Lowlands (St. Lawrence Lowlands),2005,1920,0.810417,0.733372,True
233,Chicxulub Sedimentary Basin (Yucatan Peninsula),2005,1920,0.916667,0.359906,True
234,West Jutland Quaternary and Tertiary Sand Aquifer System,2005,1920,0.994792,0.73954,True
235,South Platte Basin,2005,1920,0.642708,0.158551,True
236,North Rewa Basin (Son-Mahandai Valley Basins),2005,1920,0.747917,0.282491,True
237,Southern Coromandel Fractured Charnockite and Gneiss Aquifers (Coromandel Coastal Plain),2005,1920,0,-0.40645,False
238,Chaj Doab (Indus Basin),2005,1920,0.103646,-0.75258,True
239,Rush Springs Aquifer,2005,1920,0,-1.7074,False
240,Silurian and Overlying Unconsolidated Aquifers (Southern Ontario Paleozoic Aquifer System),2005,1920,0.497396,-0.00271199,True
241,Bangkok Basin (Lower Chao Phraya Basin),2005,1920,0.0427083,-0.534318,True
242,Gypsum Hills,2005,1920,0,-1.57842,False
243,Clarence-Moreton Basin and Cecil Plains (Great Artesian Basin),2005,1920,1,1.07931,False
244,Hetao Basin,2005,1920,0.0833333,-0.335718,True
245,Western C Aquifer (The C Aquifer),2005,1920,0.025,-0.717854,True
246,Arrowsmith and Dandaragan Plateau (Perth Basin),2005,1920,0.535417,0.0236459,True
247,Gambier Embayment (Otway Basin),2005,1920,0.942708,0.301093,True
248,Northern Columbia River Basin (Columbia Plateau Regional Aquifer System),2005,1920,0.709375,0.241527,True
249,San Luis Valley (Middle Rio Grande),2005,1920,0.0916667,-0.743036,True
250,Southern Cumberland Plateau - Pottsville Aquifer (Appalachian Plateaus),2005,1920,0.553125,0.0566433,True
251,Sylhet Basin (Bengal Basin),2005,1920,0,-1.20809,False
252,Tuli Karoo Aquifer,2005,1920,0.3125,-0.238542,True
253,Antlers Aquifer,2005,1920,0.133333,-0.58139,True
254,New Jersey Coastal Plain (North Atlantic Coastal Plain),2005,1920,0.610938,0.142192,True
255,Upper Deschutes Basin,2005,1920,0.251563,-0.195543,True
256,Southwestern Flatwoods (Floridan Aquifer System),2005,1920,0.567708,0.0548001,True
257,Central Cumberland Plateau and Sequatchie Valley (Appalachian Plateaus),2005,1920,0.720313,0.24578,True
258,Eastern Malwa Plateau Alluvial Aquifer (Malwa Plateau),2005,1920,0,-0.921904,False
259,Northern Duero Basin (Duero Basin),2005,1920,0.816146,0.286999,True
260,Central Littoral Plain (North China Plain),2005,1920,0.107292,-0.509531,True
261,Red River Delta,2005,1920,0.971875,0.740273,True
262,Tipton Till Plain (Central Lowland Till Plain),2005,1920,0.570312,0.0713876,True
263,Upper Carbonate Aquifer (Northern Midwest Aquifer System),2005,1920,0.529687,0.0550713,True
264,Northern Saurashtra Deccan Trap Basalts (Saurashtra Deccan Trap Basalts),2005,1920,0.471354,-0.0368628,True
265,Kurnool Basin (Cuddapah Sedimentary Basin),2005,1920,0.0770833,-0.256153,True
266,Coatzacoalcos Coastal Aquifer (Coastal Plain of Veracruz),2005,1920,0.954167,0.567698,True
267,Northern Nuomin-Taoer System (Songnen Plain),2005,1920,1,0.751717,False
268,Hatfield Valley,2005,1920,0.982292,1.06247,True
269,Northcentral Coromandel Schist Aquifers (Coromandel Coastal Plain),2005,1920,0,-0.425677,False
270,Alsatian Aquifer and Upper Rhine Valley,2005,1920,0.988542,0.407926,True
271,Southern Odanah Shale,2005,1920,0.735417,0.709517,True
272,Eastern Satpura Basalt Aquifers (Satpura Basalts),2005,1920,1,0.877584,False
273,Southern Hirri Basin (Chhattisgarh Basin),2005,1920,0.776563,0.305867,True
274,Limpopo Plateau,2005,1920,0.545833,0.026391,True
275,Southeastern Bengal Basin (Bengal Basin),2005,1920,0.0307292,-0.809667,True
0,Central Parana Basin and Torres Syncline (Guarani Aquifer System),2006,1920,1,1.35569,False
1,Northern Guarani Aquifer (Guarani Aquifer System),2006,1920,0,-0.677414,False
2,Southwestern Chaco-Lower Parana Basin (Guarani Aquifer System),2006,1920,1,1.02421,False
3,Amazonas Basin and Alter de Chao Aquifer System (Amazon Aquifer System),2006,1920,0,-1.08874,False
4,Poolowanna Trough and Western Eromanga Basin (Great Artesian Basin),2006,1920,0.903646,0.238649,True
5,Eastern Eromanga Basin (Great Artesian Basin),2006,1920,0.998958,0.5671,True
6,Northern Eromanga Basin (Great Artesian Basin),2006,1920,0.58125,0.0536227,True
7,Northern High Plains (High Plains),2006,1920,0.759375,0.292844,True
8,Williston Basin (Northern Great Plains),2006,1920,1,1.69418,False
9,Central Eromanga Depocenter (Great Artesian Basin),2006,1920,1,0.523301,False
10,Western Parecis Basin (Parecis Basin),2006,1920,0.816146,0.137143,True
11,Upper Gangetic Plain (Indo-Gangetic Plain),2006,1920,0.0333333,-0.87353,True
12,Stampriet Kalahari Karoo Aquifer System,2006,1920,0.864062,0.137532,True
13,Northcentral Mega Aquifer System (Mega Aquifer System),2006,1920,0.00833333,-0.611517,True
14,Ozark Plateaus Aquifer System,2006,1920,0.650521,0.138258,True
15,Western Karoo Basin (Main Karoo Basin),2006,1920,0.513542,0.00694459,True
16,Middle Gangetic Plain (Indo-Gangetic Plain),2006,1920,0,-0.984858,False
17,Northern Mega Aquifer System (Mega Aquifer System),2006,1920,0.0666667,-0.837214,True
18,Canning Basin,2006,1920,0.376042,-0.0614062,True
19,Central Karoo Basin (Main Karoo Basin),2006,1920,0.00104167,-0.206811,True
20,Southern Carpentaria Basin (Great Artesian Basin),2006,1920,0.536979,0.0241034,True
21,Eastern Parecis Basin (Parecis Basin),2006,1920,0.556771,0.0635391,True
22,Eastern Poti and Piaui and Cabecas and Serra Grande Aquifers (Parnaiba Basin),2006,1920,0,-1.4318,False
23,Wiso Basin (Daly-Wiso-Georgina Basins),2006,1920,0.979167,0.60407,True
24,Northern Georgina Basin (Daly-Wiso-Georgina Basins),2006,1920,1,0.72221,False
25,Dakota Aquifer System,2006,1920,1,0.966649,False
26,Arckaringa Basin and Southwestern Great Artesian Basin (Great Artesian Basin),2006,1920,0.439063,-0.05039,True
27,Trans Gangetic Plain (Indo-Gangetic Plain),2006,1920,0,-1.4174,False
28,Southcentral Mega Aquifer System (Mega Aquifer System),2006,1920,0.173437,-0.335924,True
29,Central Mississippi Embayment (Mississippi Embayment),2006,1920,0.838542,0.403238,True
30,Northern Karoo Basin (Main Karoo Basin),2006,1920,0.0614583,-0.293817,True
31,Mississippian-Silurian-Devonian Carbonates (Northern Midwest Aquifer System),2006,1920,0.527604,0.0428477,True
32,Staten River Embayment and Central Carpentaria Basin (Great Artesian Basin),2006,1920,0.580729,0.0641042,True
33,Central Dharwar Craton Banded Gneiss Complex (Dharwar Craton Banded Gneiss Complex),2006,1920,0.04375,-0.574905,True
34,Central Huaihe Plain (Huaihe River Basin),2006,1920,0,-0.973233,False
35,Central Minnesota Surficial and Buried Sand and Gravel Aquifers,2006,1920,0.603125,0.186783,True
36,Southern High Plains (High Plains),2006,1920,0,-1.67675,False
37,Southcentral Karoo Basin (Main Karoo Basin),2006,1920,0.757812,0.13459,True
38,Central High Plains (High Plains),2006,1920,0,-1.653,False
39,Lower Liaohe River Plain (Liaohe River Basin),2006,1920,0.0635417,-0.317056,True
40,Wadi As-Sirhan Basin,2006,1920,0,-0.971685,False
41,Eastern Saq Aquifer (Ram-Saq Aquifer System),2006,1920,0,-1.01489,False
42,Trinity Aquifer System (Edwards-Trinity Aquifer System),2006,1920,0,-0.930447,False
43,Wisconsin Precambrian Aquifer,2006,1920,1,1.04566,False
44,Lafayette Area (Gulf Coast Regional Aquifer System),2006,1920,0.505208,0.00290937,True
45,Paskapoo-Scollard,2006,1920,0.703125,0.248031,True
46,Western Surat Basin (Great Artesian Basin),2006,1920,0.951042,0.594813,True
47,Coonamble Embayment (Great Artesian Basin),2006,1920,0.894792,0.532205,True
48,Mimosa Syncline and Eastern Surat Basin (Great Artesian Basin),2006,1920,1,0.897586,False
49,Wuyuer-Shuangyang System (Songnen Plain),2006,1920,1,0.611134,False
50,Powder River Basin (Northern Great Plains),2006,1920,0.925,1.08507,True
51,Central Eucla Basin (Eucla Basin),2006,1920,0.751563,0.193371,True
52,Rio Grande Delta (Gulf Coast Regional Aquifer System),2006,1920,0.226562,-0.243793,True
53,Michigan Basin,2006,1920,0.894792,0.674285,True
54,Southern Piedmont Upland (Piedmont Plateau),2006,1920,0.977083,0.788768,True
55,Eastern Huaihe Plain (Huaihe River Basin),2006,1920,0,-0.962779,False
56,Northern Dharwar Craton Banded Gneiss Complex (Dharwar Craton Banded Gneiss Complex),2006,1920,0.00208333,-0.452474,True
57,Eastern Mississippi Embayment (Mississippi Embayment),2006,1920,0.881771,0.504171,True
58,Western Cambrian-Ordovician Aquifers (Northern Midwest Aquifer System),2006,1920,0.700521,0.399859,True
59,Southeastern System (Amadeus Basin),2006,1920,0.634375,0.126889,True
60,Edwards Plateau (Edwards-Trinity Aquifer System),2006,1920,0,-0.965913,False
61,Southcentral Deccan Basalt Plateau (Deccan Plateau),2006,1920,0.0197917,-0.307376,True
62,Eastside Lower Indus Valley (Indus Basin),2006,1920,0.543229,0.039387,True
63,Central Piedmont Upland (Piedmont Plateau),2006,1920,0.76875,0.352541,True
64,Eastern Carrizo-Wilcox (Carrizo-Wilcox),2006,1920,0.129167,-0.295873,True
65,Jiangsu Coastal Plain (Huaihe River Basin),2006,1920,0.160938,-0.281472,True
66,Eastern Cambrian-Ordovician Aquifers (Northern Midwest Aquifer System),2006,1920,0.7875,0.372798,True
67,Northcentral Deccan Basalt Plateau (Deccan Plateau),2006,1920,0.407813,-0.0497884,True
68,Eastside Middle Indus Plain (Indus Basin),2006,1920,0.154688,-0.46366,True
69,Central Allegheny Plateau (Appalachian Plateaus),2006,1920,0.704167,0.243741,True
70,Northeastern Karoo Basin (Main Karoo Basin),2006,1920,0.0140625,-0.344253,True
71,Southern Riverine Plains (Murray Basin),2006,1920,0.95,0.846665,True
72,Black Warrior River Aquifer System (Eutaw and McShan Formations and Tuscaloosa Group),2006,1920,0.859375,0.515459,True
73,North Carolina and Virginia Coastal Plain (North Atlantic Coastal Plain),2006,1920,0.76875,0.329268,True
74,Northeastern Deccan Basalt Plateau (Deccan Plateau),2006,1920,0.790104,0.240166,True
75,Ribstone Creek and Northern Judith River Aquifer (Bearpaw-Judith River Aquifer System),2006,1920,1,0.989238,False
76,Southern Dharwar Craton Banded Gneiss Complex (Dharwar Craton Banded Gneiss Complex),2006,1920,0,-0.87552,False
77,Northcentral Valley and Ridge (Valley and Ridge Aquifer System),2006,1920,0.795312,0.342092,True
78,Ivanhoe Plains (Murray Basin),2006,1920,1,0.883701,False
79,Southcentral Piedmont Upland (Piedmont Plateau),2006,1920,0.95625,0.824585,True
80,Weipa Depression and Northern Carpentaria Basin (Great Artesian Basin),2006,1920,0.879687,0.257461,True
81,Western Liaohe River Basin (Liaohe River Basin),2006,1920,0.368229,-0.0760033,True
82,Western Carrizo-Wilcox (Carrizo-Wilcox),2006,1920,0.00625,-0.674597,True
83,Northern Valley and Ridge (Valley and Ridge Aquifer System),2006,1920,0.573958,0.0727063,True
84,Eastern Karoo Basin (Main Karoo Basin),2006,1920,0.00416667,-0.228027,True
85,Eastern Paris Basin (Paris Basin),2006,1920,0.859375,0.303648,True
86,Bari Doab (Indus Basin),2006,1920,0.0979167,-0.552083,True
87,Eastern Dakota Aquifer,2006,1920,0.506771,0.0132501,True
88,Springfield Plain (Central Lowland Till Plain),2006,1920,0.672396,0.186279,True
89,Seymour-Blaine Aquifer System,2006,1920,0,-1.56519,False
90,Central Alluvial-Laucustrine Plain (North China Plain),2006,1920,0.0666667,-0.927007,True
91,Southern Malwa Plateau (Malwa Plateau),2006,1920,0.792708,0.497377,True
92,Yellow River Alluvial Plain (North China Plain),2006,1920,0,-1.20742,False
93,Eastern Armorican Massif (Armorican Massif),2006,1920,0.552604,0.0529977,True
94,Ocala Uplift (Floridan Aquifer System),2006,1920,0.957812,0.673729,True
95,Pearl and Chattahoochee Aquifer System,2006,1920,0.960417,0.673627,True
96,Eastern Mekong Delta (Mekong Delta),2006,1920,0.0145833,-0.419527,True
97,Jianghan Plain,2006,1920,0.904687,0.32375,True
98,Middle-Upper Devonian Aquifer System (Baltic Artesian Basin),2006,1920,0.663542,0.124867,True
99,Upper Cauvery Banded Gneiss Aquifers (Dharwar Craton Banded Gneiss Complex),2006,1920,0,-0.643166,False
100,Western Mississippi Embayment (Mississippi Embayment),2006,1920,0.720833,0.209275,True
101,Southern Hills (Gulf Coast Regional Aquifer System),2006,1920,0.86875,0.441915,True
102,Lake Frome Embayment (Great Artesian Basin),2006,1920,0.966667,0.702002,True
103,Peedee and Black Creek and Cape Fear Aquifers,2006,1920,0.880208,0.578622,True
104,Western Brahmaputra Basin Aquifer (Brahmaputra Basin Aquifer),2006,1920,0,-1.61405,False
105,Roma Shelf and Northern Surat Basin (Great Artesian Basin),2006,1920,1,0.992759,False
106,Thal Doab (Indus Basin),2006,1920,0.489063,-0.0477598,True
107,Stockton Plateau (Edwards-Trinity Aquifer System),2006,1920,0.0494792,-0.787686,True
108,Rechna Doab (Indus Basin),2006,1920,0.163021,-0.502493,True
109,Northern Piedmont and Tista Fan (Bengal Basin),2006,1920,0,-1.54921,False
110,Central Paris Basin (Paris Basin),2006,1920,0.742708,0.218359,True
111,Southern Mallee (Murray Basin),2006,1920,0.958333,0.69927,True
112,Victoria Area (Gulf Coast Regional Aquifer System),2006,1920,0.021875,-0.729268,True
113,Central Urucuia Aquifer (Urucuia Aquifer System),2006,1920,0,-1.62125,False
114,Southcentral Floodplains (Bengal Basin),2006,1920,0.0135417,-0.881004,True
115,Eastern Silurian-Devonian Aquifers (Northern Midwest Aquifer System),2006,1920,0.876042,0.387645,True
116,Southern Saurashtra Deccan Trap Basalts (Saurashtra Deccan Trap Basalts),2006,1920,0.0677083,-0.432062,True
117,Northeast Missouri Carbonates (Northern Midwest Aquifer System),2006,1920,0.689583,0.202526,True
118,Eastern C Aquifer (The C Aquifer),2006,1920,0.0520833,-0.680747,True
119,Southern Huaihe River Basin (Huaihe River Basin),2006,1920,0.125521,-0.366238,True
120,Western Huaihe Plain (Huaihe River Basin),2006,1920,0.00416667,-0.959364,True
121,Southeastern Surat Basin (Great Artesian Basin),2006,1920,1,0.719156,False
122,Houston-Galveston Area (Gulf Coast Regional Aquifer System),2006,1920,0.0130208,-0.688896,True
123,Western Paris Basin (Paris Basin),2006,1920,0.557813,0.0481755,True
124,Northern Cumberland Plateau and Mountains (Appalachian Plateaus),2006,1920,0.898958,0.544588,True
125,Southeastern Coastal Karoo Basin (Main Karoo Basin),2006,1920,0.341667,-0.0562192,True
126,Mount Vernon Hill County (Central Lowland Till Plain),2006,1920,0.760938,0.28782,True
127,Eastern Riverine Plains (Murray Basin),2006,1920,0.975,0.886861,True
128,Central Mallee (Murray Basin),2006,1920,1,0.679497,False
129,Northern Allegheny Plateau (Appalachian Plateaus),2006,1920,0.602083,0.134736,True
130,Daly Basin (Daly-Wiso-Georgina Basins),2006,1920,0.744271,0.235247,True
131,Blue Mountains and Clearwater Embayment (Columbia Plateau Regional Aquifer System),2006,1920,0.571354,0.0498998,True
132,Western Satpura Basalt Aquifers (Satpura Basalts),2006,1920,0.8125,0.463609,True
133,Northern Aquitaine Basin (Aquitaine Basin),2006,1920,0.650521,0.126087,True
134,Central Wabash and Bloomington Ridged Plain (Central Lowland Till Plain),2006,1920,0.613542,0.13168,True
135,Northern Riverine Plains (Murray Basin),2006,1920,1,0.910446,False
136,Upper Peninsula Jacobsville Sandstone and Cambrian-Ordovician and Silurian-Devonian Aquifers (Northern Midwest Aquifer System),2006,1920,1,1.64054,False
137,Eastern Flatwoods Southshores (Floridan Aquifer System),2006,1920,0.922917,0.54846,True
138,Lower Limestone Coast Aquifer System (Murray Basin),2006,1920,0.9875,0.494835,True
139,Eastern Malwa Plateau (Malwa Plateau),2006,1920,0.795833,0.579299,True
140,Southern St. Lawrence Lowlands (St. Lawrence Lowlands),2006,1920,0.809375,0.556717,True
141,Southern Paris Basin (Paris Basin),2006,1920,0.573958,0.0609513,True
142,Westside Middle Indus Plain (Indus Basin),2006,1920,0.524479,0.11529,True
143,Northcentral Piedmont Upland (Piedmont Plateau),2006,1920,0.651563,0.174614,True
144,Osage Plains (Osage Cuestas Aquifer System),2006,1920,0.258333,-0.218045,True
145,Eastern Pilbara Granite-Greenstone Terrane (Pilbara Craton),2006,1920,0.190104,-0.18352,True
146,Malwa Plateau Gneiss Complex (Malwa Plateau),2006,1920,0.00520833,-0.471155,True
147,Bluffton Till Plain (Central Lowland Till Plain),2006,1920,0.55625,0.0564654,True
148,Vidalia Upland (Floridan Aquifer System),2006,1920,0.971875,0.892583,True
149,Northern Paris Basin (Paris Basin),2006,1920,0.847396,0.299978,True
150,Southern Valley and Ridge (Valley and Ridge Aquifer System),2006,1920,0.934375,0.664099,True
151,Barind Tract and Central Floodplains (Bengal Basin),2006,1920,0,-1.28885,False
152,Northeastern Judith River (Bearpaw-Judith River Aquifer System),2006,1920,1,1.34987,False
153,Great Plains Dakota Aquifer,2006,1920,0.0817708,-0.719793,True
154,Western Armorican Massif (Armorican Massif),2006,1920,0.545312,0.0409588,True
155,Southeastern Allegheny Plateau (Appalachian Plateaus),2006,1920,0.792708,0.380453,True
156,Western Riverine Plains (Murray Basin),2006,1920,0.975,0.895942,True
157,Southern Deccan Basalt Plateau (Deccan Plateau),2006,1920,0,-0.359094,False
158,Eastern Vindhyan Basin,2006,1920,0.754167,0.413077,True
159,Catahoula Area (Gulf Coast Regional Aquifer System),2006,1920,0.922917,0.578027,True
160,Milk River,2006,1920,1,1.11295,False
161,Shawnee Hills (Interior Low Plateaus),2006,1920,0.807813,0.364867,True
162,Sea Island (Floridan Aquifer System),2006,1920,0.961979,0.779117,True
163,Missionary Plains Syncline and Mereenie Anticline (Amadeus Basin),2006,1920,0.709375,0.200091,True
164,Flint Hills Upland (Osage Cuestas Aquifer System),2006,1920,0.104167,-0.487586,True
165,Northwestern Malwa Plateau (Malwa Plateau),2006,1920,0.746354,0.423108,True
166,Sundarbans and Southern Delta (Bengal Basin),2006,1920,0.0744792,-0.484328,True
167,Transboundary Judith River Aquifer (Bearpaw-Judith River Aquifer System),2006,1920,1,1.63855,False
168,Middle Chao Phraya Basin,2006,1920,0.00104167,-0.690241,True
169,Northern Mallee (Murray Basin),2006,1920,1,0.733808,False
170,Alabama Coastal Lowlands (Gulf Coast Regional Aquifer System),2006,1920,0.910417,0.531371,True
171,Pecos Valley,2006,1920,0.0276042,-1.06543,True
172,Eastern Deccan Basalt Plateau (Deccan Plateau),2006,1920,0.0322917,-0.281766,True
173,Lachlan Alluvium,2006,1920,0.983333,0.836024,True
174,Devonian and Overlying Unconsolidated Aquifers (Southern Ontario Paleozoic Aquifer System),2006,1920,0.848437,0.484357,True
175,Nanyang Basin,2006,1920,0.118229,-0.39927,True
176,Newcastle Till Plain (Central Lowland Till Plain),2006,1920,0.563021,0.0696358,True
177,Southern Mekong Delta (Mekong Delta),2006,1920,0.046875,-0.381181,True
178,Northern Cambrian-Ordovician Aquifers (Northern Midwest Aquifer System),2006,1920,0.975521,0.55146,True
179,Wimmera Plain (Murray Basin),2006,1920,0.941667,0.686102,True
180,Ghaap Plateau Dolomite Aquifer System,2006,1920,0.127083,-0.232611,True
181,Bighorn Basin,2006,1920,0.809375,0.461699,True
182,Northern San Juan Basin,2006,1920,0.102604,-0.605294,True
183,Southwestern Bengal Basin (Bengal Basin),2006,1920,0,-0.54968,False
184,Central Carrizo-Wilcox (Carrizo-Wilcox),2006,1920,0.00208333,-0.872439,True
185,Northern Pitted Karst Plain (Yucatan Peninsula),2006,1920,0.894271,0.351242,True
186,New Brunswick Carboniferous Basin (Maritimes Basin),2006,1920,0.880208,0.667655,True
187,Madhupur Tract and Eastern Floodplains (Bengal Basin),2006,1920,0,-1.26189,False
188,Southwestern Allegheny Plateau (Appalachian Plateaus),2006,1920,0.710938,0.23688,True
189,Black Hills Uplift,2006,1920,0.983333,1.13886,True
190,Central Pilbara Granite-Greenstone Terrane (Pilbara Craton),2006,1920,0.230208,-0.174111,True
191,Northwestern Deccan Basalt Plateau (Deccan Plateau),2006,1920,0.692708,0.161861,True
192,Dougherty Plain and Marianna Lowlands (Floridan Aquifer System),2006,1920,0.892708,0.607483,True
193,Lower Coastal Plain (Floridan Aquifer System),2006,1920,0.959896,0.779185,True
194,Lannemezan Plateau (Aquitaine Basin),2006,1920,0.701042,0.154303,True
195,Springbok Flats Karoo Basin,2006,1920,0.14375,-0.299955,True
196,Southcentral Valley and Ridge (Valley and Ridge Aquifer System),2006,1920,0.951042,0.725869,True
197,Northcentral Piedmont Plain (North China Plain),2006,1920,0.0708333,-0.898476,True
198,North-central High Plains (High Plains),2006,1920,0.0291667,-1.10606,True
199,Great Bend Prairie (High Plains),2006,1920,0.0208333,-1.11396,True
200,Delmarva Peninsula (North Atlantic Coastal Plain),2006,1920,0.645833,0.184554,True
201,Denver Basin,2006,1920,0.395313,-0.117911,True
202,Eastern Second Songhuajiang System (Songnen Plain),2006,1920,0.98125,0.411743,True
203,Western Bengal Basin (Bengal Basin),2006,1920,0,-0.929673,False
204,Eastern Otway Basin (Otway Basin),2006,1920,0.955208,0.54444,True
205,Western Allegheny Plateau (Appalachian Plateaus),2006,1920,0.595833,0.127837,True
206,Laizhou Coastal Plain,2006,1920,0,-0.917729,False
207,Central Coromandel Fractured Charnockite and Gneiss Aquifers (Coromandel Coastal Plain),2006,1920,0,-0.884262,False
208,Intermediate Aquifer (Floridan Aquifer System),2006,1920,0.904167,0.49921,True
209,Malm Valangnian Aquifer,2006,1920,0.64375,0.111397,True
210,Southwestern Khorat Plateau (Khorat Plateau Aquifer System),2006,1920,0.00364583,-0.76571,True
211,Western Cambay Basin (Cambay Basin),2006,1920,0.0625,-0.481169,True
212,Western Pilbara Granite-Greenstone Terrane (Pilbara Craton),2006,1920,0.296875,-0.114508,True
213,Mississippi Delta (Gulf Coast Regional Aquifer System),2006,1920,0.883333,0.471579,True
214,Central Cambay Basin (Cambay Basin),2006,1920,0.05625,-0.459932,True
215,Eastern Duero Basin (Duero Basin),2006,1920,0.688021,0.150482,True
216,Eastern Pennyroyal Plateau (Interior Low Plateaus),2006,1920,0.842708,0.443534,True
217,Gunnedah Basin and Liverpool Plains,2006,1920,0.995833,0.523311,True
218,Northern Piedmont Upland (Piedmont Plateau),2006,1920,0.632812,0.147979,True
219,Lower Athabasca (Lower Athabasca Basin),2006,1920,0.3125,-0.393408,True
220,Southern Nuomin-Taoer System (Songnen Plain),2006,1920,0.96875,0.62378,True
221,Umatilla Basin and Horse Heaven Hills (Columbia Plateau Regional Aquifer System),2006,1920,0.513542,0.0113103,True
222,Palouse Slope (Columbia Plateau Regional Aquifer System),2006,1920,0.546875,0.0424542,True
223,Letaba Lowveld,2006,1920,0.115625,-0.335292,True
224,Landes Plain (Aquitaine Basin),2006,1920,0.665625,0.135605,True
225,Transboundary Odanah Shale,2006,1920,0.977083,1.22105,True
226,Northern Hirri Basin (Chhattisgarh Basin),2006,1920,0.613021,0.132109,True
227,Western Second Songhuajiang System (Songnen Plain),2006,1920,0.822917,0.184229,True
228,Tifton Upland (Floridan Aquifer System),2006,1920,0.969271,0.784927,True
229,South-central High Plains (High Plains),2006,1920,0,-1.85824,False
230,Northern Khorat Plateau (Khorat Plateau Aquifer System),2006,1920,0.0395833,-0.47115,True
231,Hill Country (Edwards-Trinity Aquifer System),2006,1920,0,-0.970782,False
232,Northern St. Lawrence Lowlands (St. Lawrence Lowlands),2006,1920,0.843229,0.832348,True
233,Chicxulub Sedimentary Basin (Yucatan Peninsula),2006,1920,0.892708,0.330434,True
234,West Jutland Quaternary and Tertiary Sand Aquifer System,2006,1920,1,0.789651,False
235,South Platte Basin,2006,1920,0.653125,0.172172,True
236,North Rewa Basin (Son-Mahandai Valley Basins),2006,1920,0.669792,0.18447,True
237,Southern Coromandel Fractured Charnockite and Gneiss Aquifers (Coromandel Coastal Plain),2006,1920,0.0489583,-0.36156,True
238,Chaj Doab (Indus Basin),2006,1920,0.308854,-0.325468,True
239,Rush Springs Aquifer,2006,1920,0,-1.54738,False
240,Silurian and Overlying Unconsolidated Aquifers (Southern Ontario Paleozoic Aquifer System),2006,1920,0.686458,0.384422,True
241,Bangkok Basin (Lower Chao Phraya Basin),2006,1920,0,-0.907446,False
242,Gypsum Hills,2006,1920,0,-1.50744,False
243,Clarence-Moreton Basin and Cecil Plains (Great Artesian Basin),2006,1920,1,0.854622,False
244,Hetao Basin,2006,1920,0.0359375,-0.389656,True
245,Western C Aquifer (The C Aquifer),2006,1920,0.0604167,-0.646265,True
246,Arrowsmith and Dandaragan Plateau (Perth Basin),2006,1920,0.619792,0.0879361,True
247,Gambier Embayment (Otway Basin),2006,1920,0.980208,0.417652,True
248,Northern Columbia River Basin (Columbia Plateau Regional Aquifer System),2006,1920,0.519271,0.0213959,True
249,San Luis Valley (Middle Rio Grande),2006,1920,0.0911458,-0.704249,True
250,Southern Cumberland Plateau - Pottsville Aquifer (Appalachian Plateaus),2006,1920,0.877604,0.534926,True
251,Sylhet Basin (Bengal Basin),2006,1920,0,-1.26261,False
252,Tuli Karoo Aquifer,2006,1920,0,-0.430091,False
253,Antlers Aquifer,2006,1920,0.1125,-0.440313,True
254,New Jersey Coastal Plain (North Atlantic Coastal Plain),2006,1920,0.697396,0.249554,True
255,Upper Deschutes Basin,2006,1920,0.1625,-0.292432,True
256,Southwestern Flatwoods (Floridan Aquifer System),2006,1920,0.806771,0.324816,True
257,Central Cumberland Plateau and Sequatchie Valley (Appalachian Plateaus),2006,1920,0.925,0.669941,True
258,Eastern Malwa Plateau Alluvial Aquifer (Malwa Plateau),2006,1920,0,-0.81114,False
259,Northern Duero Basin (Duero Basin),2006,1920,0.723437,0.162583,True
260,Central Littoral Plain (North China Plain),2006,1920,0.102083,-0.590411,True
261,Red River Delta,2006,1920,0.989583,0.733794,True
262,Tipton Till Plain (Central Lowland Till Plain),2006,1920,0.559896,0.0524594,True
263,Upper Carbonate Aquifer (Northern Midwest Aquifer System),2006,1920,0.536458,0.0932787,True
264,Northern Saurashtra Deccan Trap Basalts (Saurashtra Deccan Trap Basalts),2006,1920,0.0682292,-0.434818,True
265,Kurnool Basin (Cuddapah Sedimentary Basin),2006,1920,0,-0.785418,False
266,Coatzacoalcos Coastal Aquifer (Coastal Plain of Veracruz),2006,1920,0.926042,0.34351,True
267,Northern Nuomin-Taoer System (Songnen Plain),2006,1920,1,0.98353,False
268,Hatfield Valley,2006,1920,0.990625,1.18723,True
269,Northcentral Coromandel Schist Aquifers (Coromandel Coastal Plain),2006,1920,0,-0.833943,False
270,Alsatian Aquifer and Upper Rhine Valley,2006,1920,0.841146,0.249939,True
271,Southern Odanah Shale,2006,1920,0.758333,0.871687,True
272,Eastern Satpura Basalt Aquifers (Satpura Basalts),2006,1920,0.877604,0.586872,True
273,Southern Hirri Basin (Chhattisgarh Basin),2006,1920,0.589063,0.106838,True
274,Limpopo Plateau,2006,1920,0.19375,-0.317767,True
275,Southeastern Bengal Basin (Bengal Basin),2006,1920,0.0270833,-0.878595,True
0,Central Parana Basin and Torres Syncline (Guarani Aquifer System),2007,1920,1,1.57023,False
1,Northern Guarani Aquifer (Guarani Aquifer System),2007,1920,0,-0.486457,False
2,Southwestern Chaco-Lower Parana Basin (Guarani Aquifer System),2007,1920,1,1.44924,False
3,Amazonas Basin and Alter de Chao Aquifer System (Amazon Aquifer System),2007,1920,0,-1.97556,False
4,Poolowanna Trough and Western Eromanga Basin (Great Artesian Basin),2007,1920,0.647396,0.108019,True
5,Eastern Eromanga Basin (Great Artesian Basin),2007,1920,0.832292,0.21683,True
6,Northern Eromanga Basin (Great Artesian Basin),2007,1920,0.1625,-0.274504,True
7,Northern High Plains (High Plains),2007,1920,0.426563,-0.0777683,True
8,Williston Basin (Northern Great Plains),2007,1920,1,1.40892,False
9,Central Eromanga Depocenter (Great Artesian Basin),2007,1920,0.738021,0.188226,True
10,Western Parecis Basin (Parecis Basin),2007,1920,0.41875,-0.0263941,True
11,Upper Gangetic Plain (Indo-Gangetic Plain),2007,1920,0,-1.36961,False
12,Stampriet Kalahari Karoo Aquifer System,2007,1920,0.972917,0.231461,True
13,Northcentral Mega Aquifer System (Mega Aquifer System),2007,1920,0,-0.544213,False
14,Ozark Plateaus Aquifer System,2007,1920,0.251563,-0.227239,True
15,Western Karoo Basin (Main Karoo Basin),2007,1920,0.31875,-0.0392492,True
16,Middle Gangetic Plain (Indo-Gangetic Plain),2007,1920,0,-1.31247,False
17,Northern Mega Aquifer System (Mega Aquifer System),2007,1920,0.132812,-0.543882,True
18,Canning Basin,2007,1920,0.614583,0.0779951,True
19,Central Karoo Basin (Main Karoo Basin),2007,1920,0.146354,-0.0937886,True
20,Southern Carpentaria Basin (Great Artesian Basin),2007,1920,0.221354,-0.192773,True
21,Eastern Parecis Basin (Parecis Basin),2007,1920,0.352083,-0.233391,True
22,Eastern Poti and Piaui and Cabecas and Serra Grande Aquifers (Parnaiba Basin),2007,1920,0,-1.98688,False
23,Wiso Basin (Daly-Wiso-Georgina Basins),2007,1920,0.999479,0.82104,True
24,Northern Georgina Basin (Daly-Wiso-Georgina Basins),2007,1920,0.996875,0.796177,True
25,Dakota Aquifer System,2007,1920,0.921875,0.515615,True
26,Arckaringa Basin and Southwestern Great Artesian Basin (Great Artesian Basin),2007,1920,0.454688,-0.0430684,True
27,Trans Gangetic Plain (Indo-Gangetic Plain),2007,1920,0,-1.66475,False
28,Southcentral Mega Aquifer System (Mega Aquifer System),2007,1920,0.215625,-0.24133,True
29,Central Mississippi Embayment (Mississippi Embayment),2007,1920,0.639583,0.132892,True
30,Northern Karoo Basin (Main Karoo Basin),2007,1920,0.0994792,-0.203251,True
31,Mississippian-Silurian-Devonian Carbonates (Northern Midwest Aquifer System),2007,1920,0.401042,-0.195417,True
32,Staten River Embayment and Central Carpentaria Basin (Great Artesian Basin),2007,1920,0.194271,-0.23413,True
33,Central Dharwar Craton Banded Gneiss Complex (Dharwar Craton Banded Gneiss Complex),2007,1920,0,-0.880908,False
34,Central Huaihe Plain (Huaihe River Basin),2007,1920,0,-0.98214,False
35,Central Minnesota Surficial and Buried Sand and Gravel Aquifers,2007,1920,0.553125,0.0871589,True
36,Southern High Plains (High Plains),2007,1920,0,-1.4717,False
37,Southcentral Karoo Basin (Main Karoo Basin),2007,1920,0.764583,0.0742567,True
38,Central High Plains (High Plains),2007,1920,0,-1.73889,False
39,Lower Liaohe River Plain (Liaohe River Basin),2007,1920,0.0677083,-0.311646,True
40,Wadi As-Sirhan Basin,2007,1920,0,-0.896684,False
41,Eastern Saq Aquifer (Ram-Saq Aquifer System),2007,1920,0,-0.961621,False
42,Trinity Aquifer System (Edwards-Trinity Aquifer System),2007,1920,0,-0.826801,False
43,Wisconsin Precambrian Aquifer,2007,1920,1,1.27132,False
44,Lafayette Area (Gulf Coast Regional Aquifer System),2007,1920,0.492188,-0.00516597,True
45,Paskapoo-Scollard,2007,1920,0.6125,0.116157,True
46,Western Surat Basin (Great Artesian Basin),2007,1920,0.680729,0.131048,True
47,Coonamble Embayment (Great Artesian Basin),2007,1920,0.75,0.223653,True
48,Mimosa Syncline and Eastern Surat Basin (Great Artesian Basin),2007,1920,0.918229,0.261056,True
49,Wuyuer-Shuangyang System (Songnen Plain),2007,1920,1,0.741387,False
50,Powder River Basin (Northern Great Plains),2007,1920,0.893229,0.815617,True
51,Central Eucla Basin (Eucla Basin),2007,1920,0.759375,0.210706,True
52,Rio Grande Delta (Gulf Coast Regional Aquifer System),2007,1920,0.173958,-0.359641,True
53,Michigan Basin,2007,1920,0.970313,1.07784,True
54,Southern Piedmont Upland (Piedmont Plateau),2007,1920,0.952083,0.710116,True
55,Eastern Huaihe Plain (Huaihe River Basin),2007,1920,0,-1.01933,False
56,Northern Dharwar Craton Banded Gneiss Complex (Dharwar Craton Banded Gneiss Complex),2007,1920,0,-0.613399,False
57,Eastern Mississippi Embayment (Mississippi Embayment),2007,1920,0.713542,0.234984,True
58,Western Cambrian-Ordovician Aquifers (Northern Midwest Aquifer System),2007,1920,0.765104,0.418547,True
59,Southeastern System (Amadeus Basin),2007,1920,0.644792,0.132048,True
60,Edwards Plateau (Edwards-Trinity Aquifer System),2007,1920,0,-0.824911,False
61,Southcentral Deccan Basalt Plateau (Deccan Plateau),2007,1920,0.0348958,-0.37464,True
62,Eastside Lower Indus Valley (Indus Basin),2007,1920,0.364583,-0.147431,True
63,Central Piedmont Upland (Piedmont Plateau),2007,1920,0.876042,0.616607,True
64,Eastern Carrizo-Wilcox (Carrizo-Wilcox),2007,1920,0.110417,-0.343472,True
65,Jiangsu Coastal Plain (Huaihe River Basin),2007,1920,0.125521,-0.266987,True
66,Eastern Cambrian-Ordovician Aquifers (Northern Midwest Aquifer System),2007,1920,0.794792,0.402534,True
67,Northcentral Deccan Basalt Plateau (Deccan Plateau),2007,1920,0.53125,0.0236332,True
68,Eastside Middle Indus Plain (Indus Basin),2007,1920,0.206771,-0.530844,True
69,Central Allegheny Plateau (Appalachian Plateaus),2007,1920,0.839583,0.460235,True
70,Northeastern Karoo Basin (Main Karoo Basin),2007,1920,0.015625,-0.323004,True
71,Southern Riverine Plains (Murray Basin),2007,1920,0.95,0.802084,True
72,Black Warrior River Aquifer System (Eutaw and McShan Formations and Tuscaloosa Group),2007,1920,0.726562,0.285525,True
73,North Carolina and Virginia Coastal Plain (North Atlantic Coastal Plain),2007,1920,0.879687,0.568869,True
74,Northeastern Deccan Basalt Plateau (Deccan Plateau),2007,1920,0.783333,0.301704,True
75,Ribstone Creek and Northern Judith River Aquifer (Bearpaw-Judith River Aquifer System),2007,1920,1,1.15798,False
76,Southern Dharwar Craton Banded Gneiss Complex (Dharwar Craton Banded Gneiss Complex),2007,1920,0,-1.14069,False
77,Northcentral Valley and Ridge (Valley and Ridge Aquifer System),2007,1920,0.880208,0.557811,True
78,Ivanhoe Plains (Murray Basin),2007,1920,1,0.782301,False
79,Southcentral Piedmont Upland (Piedmont Plateau),2007,1920,0.954167,0.964184,True
80,Weipa Depression and Northern Carpentaria Basin (Great Artesian Basin),2007,1920,0.590625,0.054976,True
81,Western Liaohe River Basin (Liaohe River Basin),2007,1920,0.482292,-0.0113906,True
82,Western Carrizo-Wilcox (Carrizo-Wilcox),2007,1920,0.0203125,-0.663781,True
83,Northern Valley and Ridge (Valley and Ridge Aquifer System),2007,1920,0.642708,0.154546,True
84,Eastern Karoo Basin (Main Karoo Basin),2007,1920,0.101042,-0.200668,True
85,Eastern Paris Basin (Paris Basin),2007,1920,0.845313,0.315559,True
86,Bari Doab (Indus Basin),2007,1920,0.157292,-0.607338,True
87,Eastern Dakota Aquifer,2007,1920,0.326562,-0.271604,True
88,Springfield Plain (Central Lowland Till Plain),2007,1920,0.522396,0.0309506,True
89,Seymour-Blaine Aquifer System,2007,1920,0,-1.4471,False
90,Central Alluvial-Laucustrine Plain (North China Plain),2007,1920,0.0536458,-1.01651,True
91,Southern Malwa Plateau (Malwa Plateau),2007,1920,0.788021,0.555837,True
92,Yellow River Alluvial Plain (North China Plain),2007,1920,0,-1.35273,False
93,Eastern Armorican Massif (Armorican Massif),2007,1920,0.5125,0.0143515,True
94,Ocala Uplift (Floridan Aquifer System),2007,1920,0.915104,0.543596,True
95,Pearl and Chattahoochee Aquifer System,2007,1920,0.9375,0.618867,True
96,Eastern Mekong Delta (Mekong Delta),2007,1920,0.0677083,-0.326011,True
97,Jianghan Plain,2007,1920,0.971875,0.417599,True
98,Middle-Upper Devonian Aquifer System (Baltic Artesian Basin),2007,1920,0.560937,0.0444063,True
99,Upper Cauvery Banded Gneiss Aquifers (Dharwar Craton Banded Gneiss Complex),2007,1920,0,-0.900832,False
100,Western Mississippi Embayment (Mississippi Embayment),2007,1920,0.49375,-0.00351702,True
101,Southern Hills (Gulf Coast Regional Aquifer System),2007,1920,0.813021,0.338609,True
102,Lake Frome Embayment (Great Artesian Basin),2007,1920,0.966667,0.488906,True
103,Peedee and Black Creek and Cape Fear Aquifers,2007,1920,0.914583,0.772181,True
104,Western Brahmaputra Basin Aquifer (Brahmaputra Basin Aquifer),2007,1920,0,-1.70529,False
105,Roma Shelf and Northern Surat Basin (Great Artesian Basin),2007,1920,0.965625,0.39516,True
106,Thal Doab (Indus Basin),2007,1920,0.466667,-0.0544127,True
107,Stockton Plateau (Edwards-Trinity Aquifer System),2007,1920,0.06875,-0.700749,True
108,Rechna Doab (Indus Basin),2007,1920,0.233333,-0.494788,True
109,Northern Piedmont and Tista Fan (Bengal Basin),2007,1920,0,-1.64915,False
110,Central Paris Basin (Paris Basin),2007,1920,0.789062,0.237639,True
111,Southern Mallee (Murray Basin),2007,1920,0.972917,0.647286,True
112,Victoria Area (Gulf Coast Regional Aquifer System),2007,1920,0.0416667,-0.656377,True
113,Central Urucuia Aquifer (Urucuia Aquifer System),2007,1920,0,-1.8673,False
114,Southcentral Floodplains (Bengal Basin),2007,1920,0.0166667,-0.970583,True
115,Eastern Silurian-Devonian Aquifers (Northern Midwest Aquifer System),2007,1920,0.929688,0.536602,True
116,Southern Saurashtra Deccan Trap Basalts (Saurashtra Deccan Trap Basalts),2007,1920,0.0958333,-0.514826,True
117,Northeast Missouri Carbonates (Northern Midwest Aquifer System),2007,1920,0.344271,-0.153891,True
118,Eastern C Aquifer (The C Aquifer),2007,1920,0.0625,-0.702561,True
119,Southern Huaihe River Basin (Huaihe River Basin),2007,1920,0.135937,-0.28295,True
120,Western Huaihe Plain (Huaihe River Basin),2007,1920,0,-0.983515,False
121,Southeastern Surat Basin (Great Artesian Basin),2007,1920,0.8,0.156362,True
122,Houston-Galveston Area (Gulf Coast Regional Aquifer System),2007,1920,0.0375,-0.596694,True
123,Western Paris Basin (Paris Basin),2007,1920,0.516667,0.0144374,True
124,Northern Cumberland Plateau and Mountains (Appalachian Plateaus),2007,1920,0.920312,0.609152,True
125,Southeastern Coastal Karoo Basin (Main Karoo Basin),2007,1920,0.780729,0.107141,True
126,Mount Vernon Hill County (Central Lowland Till Plain),2007,1920,0.649479,0.16872,True
127,Eastern Riverine Plains (Murray Basin),2007,1920,0.985417,0.862353,True
128,Central Mallee (Murray Basin),2007,1920,1,0.606967,False
129,Northern Allegheny Plateau (Appalachian Plateaus),2007,1920,0.778646,0.383808,True
130,Daly Basin (Daly-Wiso-Georgina Basins),2007,1920,0.717708,0.21558,True
131,Blue Mountains and Clearwater Embayment (Columbia Plateau Regional Aquifer System),2007,1920,0.501563,0.00373437,True
132,Western Satpura Basalt Aquifers (Satpura Basalts),2007,1920,0.815625,0.568197,True
133,Northern Aquitaine Basin (Aquitaine Basin),2007,1920,0.548438,0.0431317,True
134,Central Wabash and Bloomington Ridged Plain (Central Lowland Till Plain),2007,1920,0.5125,0.0124902,True
135,Northern Riverine Plains (Murray Basin),2007,1920,1,0.855864,False
136,Upper Peninsula Jacobsville Sandstone and Cambrian-Ordovician and Silurian-Devonian Aquifers (Northern Midwest Aquifer System),2007,1920,1,1.93015,False
137,Eastern Flatwoods Southshores (Floridan Aquifer System),2007,1920,0.865625,0.449918,True
138,Lower Limestone Coast Aquifer System (Murray Basin),2007,1920,0.979167,0.489025,True
139,Eastern Malwa Plateau (Malwa Plateau),2007,1920,0.726042,0.496516,True
140,Southern St. Lawrence Lowlands (St. Lawrence Lowlands),2007,1920,0.769792,0.472713,True
141,Southern Paris Basin (Paris Basin),2007,1920,0.529167,0.0209092,True
142,Westside Middle Indus Plain (Indus Basin),2007,1920,0.523438,0.0437483,True
143,Northcentral Piedmont Upland (Piedmont Plateau),2007,1920,0.75,0.333503,True
144,Osage Plains (Osage Cuestas Aquifer System),2007,1920,0.0166667,-0.765411,True
145,Eastern Pilbara Granite-Greenstone Terrane (Pilbara Craton),2007,1920,0.347917,-0.106202,True
146,Malwa Plateau Gneiss Complex (Malwa Plateau),2007,1920,0.163021,-0.348303,True
147,Bluffton Till Plain (Central Lowland Till Plain),2007,1920,0.665625,0.232554,True
148,Vidalia Upland (Floridan Aquifer System),2007,1920,0.954688,0.860161,True
149,Northern Paris Basin (Paris Basin),2007,1920,0.867708,0.318405,True
150,Southern Valley and Ridge (Valley and Ridge Aquifer System),2007,1920,0.913021,0.544721,True
151,Barind Tract and Central Floodplains (Bengal Basin),2007,1920,0,-1.39105,False
152,Northeastern Judith River (Bearpaw-Judith River Aquifer System),2007,1920,1,1.48061,False
153,Great Plains Dakota Aquifer,2007,1920,0.0161458,-1.13275,True
154,Western Armorican Massif (Armorican Massif),2007,1920,0.501563,0.00140088,True
155,Southeastern Allegheny Plateau (Appalachian Plateaus),2007,1920,0.868229,0.560408,True
156,Western Riverine Plains (Murray Basin),2007,1920,0.975,0.8425,True
157,Southern Deccan Basalt Plateau (Deccan Plateau),2007,1920,0,-0.552696,False
158,Eastern Vindhyan Basin,2007,1920,0.626042,0.257665,True
159,Catahoula Area (Gulf Coast Regional Aquifer System),2007,1920,0.857292,0.410743,True
160,Milk River,2007,1920,1,1.10465,False
161,Shawnee Hills (Interior Low Plateaus),2007,1920,0.783333,0.32484,True
162,Sea Island (Floridan Aquifer System),2007,1920,0.944792,0.729454,True
163,Missionary Plains Syncline and Mereenie Anticline (Amadeus Basin),2007,1920,0.759896,0.21702,True
164,Flint Hills Upland (Osage Cuestas Aquifer System),2007,1920,0.0145833,-0.98258,True
165,Northwestern Malwa Plateau (Malwa Plateau),2007,1920,0.736979,0.434976,True
166,Sundarbans and Southern Delta (Bengal Basin),2007,1920,0.0703125,-0.530478,True
167,Transboundary Judith River Aquifer (Bearpaw-Judith River Aquifer System),2007,1920,1,1.59299,False
168,Middle Chao Phraya Basin,2007,1920,0,-0.841931,False
169,Northern Mallee (Murray Basin),2007,1920,1,0.630771,False
170,Alabama Coastal Lowlands (Gulf Coast Regional Aquifer System),2007,1920,0.872917,0.436721,True
171,Pecos Valley,2007,1920,0.0338542,-0.914049,True
172,Eastern Deccan Basalt Plateau (Deccan Plateau),2007,1920,0.0583333,-0.314967,True
173,Lachlan Alluvium,2007,1920,0.991667,0.754579,True
174,Devonian and Overlying Unconsolidated Aquifers (Southern Ontario Paleozoic Aquifer System),2007,1920,0.921354,0.909437,True
175,Nanyang Basin,2007,1920,0.0635417,-0.388115,True
176,Newcastle Till Plain (Central Lowland Till Plain),2007,1920,0.648438,0.213192,True
177,Southern Mekong Delta (Mekong Delta),2007,1920,0.239063,-0.152062,True
178,Northern Cambrian-Ordovician Aquifers (Northern Midwest Aquifer System),2007,1920,0.995313,0.817744,True
179,Wimmera Plain (Murray Basin),2007,1920,0.94375,0.659318,True
180,Ghaap Plateau Dolomite Aquifer System,2007,1920,0.0348958,-0.232354,True
181,Bighorn Basin,2007,1920,0.732292,0.323787,True
182,Northern San Juan Basin,2007,1920,0.0880208,-0.63293,True
183,Southwestern Bengal Basin (Bengal Basin),2007,1920,0,-0.61748,False
184,Central Carrizo-Wilcox (Carrizo-Wilcox),2007,1920,0.00729167,-0.7502,True
185,Northern Pitted Karst Plain (Yucatan Peninsula),2007,1920,0.883854,0.38212,True
186,New Brunswick Carboniferous Basin (Maritimes Basin),2007,1920,0.855208,0.672398,True
187,Madhupur Tract and Eastern Floodplains (Bengal Basin),2007,1920,0,-1.38722,False
188,Southwestern Allegheny Plateau (Appalachian Plateaus),2007,1920,0.784375,0.402665,True
189,Black Hills Uplift,2007,1920,0.890625,0.759321,True
190,Central Pilbara Granite-Greenstone Terrane (Pilbara Craton),2007,1920,0.405729,-0.0568181,True
191,Northwestern Deccan Basalt Plateau (Deccan Plateau),2007,1920,0.745313,0.295793,True
192,Dougherty Plain and Marianna Lowlands (Floridan Aquifer System),2007,1920,0.898438,0.563734,True
193,Lower Coastal Plain (Floridan Aquifer System),2007,1920,0.952083,0.867112,True
194,Lannemezan Plateau (Aquitaine Basin),2007,1920,0.564063,0.0518292,True
195,Springbok Flats Karoo Basin,2007,1920,0.11875,-0.289986,True
196,Southcentral Valley and Ridge (Valley and Ridge Aquifer System),2007,1920,0.941667,0.783286,True
197,Northcentral Piedmont Plain (North China Plain),2007,1920,0.0666667,-0.951198,True
198,North-central High Plains (High Plains),2007,1920,0.00677083,-1.30314,True
199,Great Bend Prairie (High Plains),2007,1920,0.00572917,-1.45649,True
200,Delmarva Peninsula (North Atlantic Coastal Plain),2007,1920,0.682292,0.224849,True
201,Denver Basin,2007,1920,0.284375,-0.26009,True
202,Eastern Second Songhuajiang System (Songnen Plain),2007,1920,0.997396,0.574853,True
203,Western Bengal Basin (Bengal Basin),2007,1920,0,-1.01517,False
204,Eastern Otway Basin (Otway Basin),2007,1920,0.951042,0.531188,True
205,Western Allegheny Plateau (Appalachian Plateaus),2007,1920,0.778646,0.361205,True
206,Laizhou Coastal Plain,2007,1920,0,-1.14237,False
207,Central Coromandel Fractured Charnockite and Gneiss Aquifers (Coromandel Coastal Plain),2007,1920,0,-1.08343,False
208,Intermediate Aquifer (Floridan Aquifer System),2007,1920,0.814063,0.419805,True
209,Malm Valangnian Aquifer,2007,1920,0.963542,0.452384,True
210,Southwestern Khorat Plateau (Khorat Plateau Aquifer System),2007,1920,0.00208333,-0.869725,True
211,Western Cambay Basin (Cambay Basin),2007,1920,0.0765625,-0.491882,True
212,Western Pilbara Granite-Greenstone Terrane (Pilbara Craton),2007,1920,0.557813,0.0384628,True
213,Mississippi Delta (Gulf Coast Regional Aquifer System),2007,1920,0.858333,0.414431,True
214,Central Cambay Basin (Cambay Basin),2007,1920,0.075,-0.419433,True
215,Eastern Duero Basin (Duero Basin),2007,1920,0.565625,0.0522997,True
216,Eastern Pennyroyal Plateau (Interior Low Plateaus),2007,1920,0.873958,0.462588,True
217,Gunnedah Basin and Liverpool Plains,2007,1920,0.726042,0.180346,True
218,Northern Piedmont Upland (Piedmont Plateau),2007,1920,0.561979,0.0969682,True
219,Lower Athabasca (Lower Athabasca Basin),2007,1920,0.317188,-0.395448,True
220,Southern Nuomin-Taoer System (Songnen Plain),2007,1920,0.991667,0.746069,True
221,Umatilla Basin and Horse Heaven Hills (Columbia Plateau Regional Aquifer System),2007,1920,0.475521,-0.0132144,True
222,Palouse Slope (Columbia Plateau Regional Aquifer System),2007,1920,0.486458,-0.0105177,True
223,Letaba Lowveld,2007,1920,0.0682292,-0.379295,True
224,Landes Plain (Aquitaine Basin),2007,1920,0.572396,0.0599317,True
225,Transboundary Odanah Shale,2007,1920,0.922917,0.978733,True
226,Northern Hirri Basin (Chhattisgarh Basin),2007,1920,0.533333,0.0403739,True
227,Western Second Songhuajiang System (Songnen Plain),2007,1920,0.955208,0.31402,True
228,Tifton Upland (Floridan Aquifer System),2007,1920,0.948438,0.685942,True
229,South-central High Plains (High Plains),2007,1920,0,-1.87101,False
230,Northern Khorat Plateau (Khorat Plateau Aquifer System),2007,1920,0.0208333,-0.618349,True
231,Hill Country (Edwards-Trinity Aquifer System),2007,1920,0,-0.858778,False
232,Northern St. Lawrence Lowlands (St. Lawrence Lowlands),2007,1920,0.853646,0.834743,True
233,Chicxulub Sedimentary Basin (Yucatan Peninsula),2007,1920,0.871875,0.324942,True
234,West Jutland Quaternary and Tertiary Sand Aquifer System,2007,1920,1,0.6841,False
235,South Platte Basin,2007,1920,0.485417,-0.0119705,True
236,North Rewa Basin (Son-Mahandai Valley Basins),2007,1920,0.609896,0.152778,True
237,Southern Coromandel Fractured Charnockite and Gneiss Aquifers (Coromandel Coastal Plain),2007,1920,0.0380208,-0.424551,True
238,Chaj Doab (Indus Basin),2007,1920,0.348958,-0.249458,True
239,Rush Springs Aquifer,2007,1920,0,-1.68221,False
240,Silurian and Overlying Unconsolidated Aquifers (Southern Ontario Paleozoic Aquifer System),2007,1920,0.869792,0.784523,True
241,Bangkok Basin (Lower Chao Phraya Basin),2007,1920,0,-0.744581,False
242,Gypsum Hills,2007,1920,0,-1.73265,False
243,Clarence-Moreton Basin and Cecil Plains (Great Artesian Basin),2007,1920,1,0.427071,False
244,Hetao Basin,2007,1920,0.00625,-0.530098,True
245,Western C Aquifer (The C Aquifer),2007,1920,0.03125,-0.746275,True
246,Arrowsmith and Dandaragan Plateau (Perth Basin),2007,1920,0.751563,0.16792,True
247,Gambier Embayment (Otway Basin),2007,1920,0.952604,0.425921,True
248,Northern Columbia River Basin (Columbia Plateau Regional Aquifer System),2007,1920,0.448437,-0.0567208,True
249,San Luis Valley (Middle Rio Grande),2007,1920,0.0869792,-0.792458,True
250,Southern Cumberland Plateau - Pottsville Aquifer (Appalachian Plateaus),2007,1920,0.752604,0.323212,True
251,Sylhet Basin (Bengal Basin),2007,1920,0,-1.4035,False
252,Tuli Karoo Aquifer,2007,1920,0.04375,-0.431416,True
253,Antlers Aquifer,2007,1920,0.0682292,-0.662166,True
254,New Jersey Coastal Plain (North Atlantic Coastal Plain),2007,1920,0.632812,0.172857,True
255,Upper Deschutes Basin,2007,1920,0.285938,-0.189778,True
256,Southwestern Flatwoods (Floridan Aquifer System),2007,1920,0.726562,0.28894,True
257,Central Cumberland Plateau and Sequatchie Valley (Appalachian Plateaus),2007,1920,0.90625,0.563657,True
258,Eastern Malwa Plateau Alluvial Aquifer (Malwa Plateau),2007,1920,0,-0.920586,False
259,Northern Duero Basin (Duero Basin),2007,1920,0.643229,0.116531,True
260,Central Littoral Plain (North China Plain),2007,1920,0.0666667,-0.737842,True
261,Red River Delta,2007,1920,0.983854,0.670016,True
262,Tipton Till Plain (Central Lowland Till Plain),2007,1920,0.625521,0.124072,True
263,Upper Carbonate Aquifer (Northern Midwest Aquifer System),2007,1920,0.500521,0.00124533,True
264,Northern Saurashtra Deccan Trap Basalts (Saurashtra Deccan Trap Basalts),2007,1920,0.065625,-0.54775,True
265,Kurnool Basin (Cuddapah Sedimentary Basin),2007,1920,0,-1.07152,False
266,Coatzacoalcos Coastal Aquifer (Coastal Plain of Veracruz),2007,1920,0.6625,0.0888145,True
267,Northern Nuomin-Taoer System (Songnen Plain),2007,1920,1,1.06247,False
268,Hatfield Valley,2007,1920,0.99375,1.29041,True
269,Northcentral Coromandel Schist Aquifers (Coromandel Coastal Plain),2007,1920,0,-1.10376,False
270,Alsatian Aquifer and Upper Rhine Valley,2007,1920,0.650521,0.127884,True
271,Southern Odanah Shale,2007,1920,0.739583,0.734366,True
272,Eastern Satpura Basalt Aquifers (Satpura Basalts),2007,1920,0.844271,0.629639,True
273,Southern Hirri Basin (Chhattisgarh Basin),2007,1920,0.508333,0.00907167,True
274,Limpopo Plateau,2007,1920,0.150521,-0.307451,True
275,Southeastern Bengal Basin (Bengal Basin),2007,1920,0.00260417,-0.987473,True
0,Central Parana Basin and Torres Syncline (Guarani Aquifer System),2008,1920,1,1.86685,False
1,Northern Guarani Aquifer (Guarani Aquifer System),2008,1920,0,-0.55997,False
2,Southwestern Chaco-Lower Parana Basin (Guarani Aquifer System),2008,1920,1,2.24792,False
3,Amazonas Basin and Alter de Chao Aquifer System (Amazon Aquifer System),2008,1920,0,-1.86965,False
4,Poolowanna Trough and Western Eromanga Basin (Great Artesian Basin),2008,1920,0.310417,-0.132326,True
5,Eastern Eromanga Basin (Great Artesian Basin),2008,1920,0.439583,-0.0376893,True
6,Northern Eromanga Basin (Great Artesian Basin),2008,1920,0.015625,-0.606669,True
7,Northern High Plains (High Plains),2008,1920,0.191146,-0.306918,True
8,Williston Basin (Northern Great Plains),2008,1920,1,1.03356,False
9,Central Eromanga Depocenter (Great Artesian Basin),2008,1920,0.35,-0.0928009,True
10,Western Parecis Basin (Parecis Basin),2008,1920,0.719792,0.140446,True
11,Upper Gangetic Plain (Indo-Gangetic Plain),2008,1920,0,-1.8965,False
12,Stampriet Kalahari Karoo Aquifer System,2008,1920,0.769271,0.0861247,True
13,Northcentral Mega Aquifer System (Mega Aquifer System),2008,1920,0.00572917,-0.442986,True
14,Ozark Plateaus Aquifer System,2008,1920,0.180729,-0.327885,True
15,Western Karoo Basin (Main Karoo Basin),2008,1920,0.143229,-0.0690458,True
16,Middle Gangetic Plain (Indo-Gangetic Plain),2008,1920,0,-1.50139,False
17,Northern Mega Aquifer System (Mega Aquifer System),2008,1920,0.214583,-0.315764,True
18,Canning Basin,2008,1920,1,0.595016,False
19,Central Karoo Basin (Main Karoo Basin),2008,1920,0.0791667,-0.163271,True
20,Southern Carpentaria Basin (Great Artesian Basin),2008,1920,0.0458333,-0.538569,True
21,Eastern Parecis Basin (Parecis Basin),2008,1920,0.247396,-0.411481,True
22,Eastern Poti and Piaui and Cabecas and Serra Grande Aquifers (Parnaiba Basin),2008,1920,0,-2.85034,False
23,Wiso Basin (Daly-Wiso-Georgina Basins),2008,1920,1,0.985753,False
24,Northern Georgina Basin (Daly-Wiso-Georgina Basins),2008,1920,0.989062,0.632154,True
25,Dakota Aquifer System,2008,1920,0.629167,0.136782,True
26,Arckaringa Basin and Southwestern Great Artesian Basin (Great Artesian Basin),2008,1920,0.4875,-0.00930147,True
27,Trans Gangetic Plain (Indo-Gangetic Plain),2008,1920,0,-1.95609,False
28,Southcentral Mega Aquifer System (Mega Aquifer System),2008,1920,0.248958,-0.177181,True
29,Central Mississippi Embayment (Mississippi Embayment),2008,1920,0.390625,-0.0937896,True
30,Northern Karoo Basin (Main Karoo Basin),2008,1920,0.0770833,-0.269545,True
31,Mississippian-Silurian-Devonian Carbonates (Northern Midwest Aquifer System),2008,1920,0.328125,-0.303764,True
32,Staten River Embayment and Central Carpentaria Basin (Great Artesian Basin),2008,1920,0.0734375,-0.487707,True
33,Central Dharwar Craton Banded Gneiss Complex (Dharwar Craton Banded Gneiss Complex),2008,1920,0,-1.19777,False
34,Central Huaihe Plain (Huaihe River Basin),2008,1920,0,-1.0435,False
35,Central Minnesota Surficial and Buried Sand and Gravel Aquifers,2008,1920,0.468229,-0.0589463,True
36,Southern High Plains (High Plains),2008,1920,0,-1.05313,False
37,Southcentral Karoo Basin (Main Karoo Basin),2008,1920,0.896875,0.0963666,True
38,Central High Plains (High Plains),2008,1920,0,-1.4635,False
39,Lower Liaohe River Plain (Liaohe River Basin),2008,1920,0.00729167,-0.434854,True
40,Wadi As-Sirhan Basin,2008,1920,0,-0.924688,False
41,Eastern Saq Aquifer (Ram-Saq Aquifer System),2008,1920,0,-1.00904,False
42,Trinity Aquifer System (Edwards-Trinity Aquifer System),2008,1920,0.25,-0.235677,True
43,Wisconsin Precambrian Aquifer,2008,1920,1,1.36811,False
44,Lafayette Area (Gulf Coast Regional Aquifer System),2008,1920,0.666146,0.182382,True
45,Paskapoo-Scollard,2008,1920,0.733854,0.310734,True
46,Western Surat Basin (Great Artesian Basin),2008,1920,0.307812,-0.17937,True
47,Coonamble Embayment (Great Artesian Basin),2008,1920,0.586979,0.0586112,True
48,Mimosa Syncline and Eastern Surat Basin (Great Artesian Basin),2008,1920,0.382292,-0.0765528,True
49,Wuyuer-Shuangyang System (Songnen Plain),2008,1920,0.994792,0.634626,True
50,Powder River Basin (Northern Great Plains),2008,1920,0.783333,0.533791,True
51,Central Eucla Basin (Eucla Basin),2008,1920,0.822396,0.233633,True
52,Rio Grande Delta (Gulf Coast Regional Aquifer System),2008,1920,0.222917,-0.298783,True
53,Michigan Basin,2008,1920,0.991667,1.20938,True
54,Southern Piedmont Upland (Piedmont Plateau),2008,1920,0.848437,0.428098,True
55,Eastern Huaihe Plain (Huaihe River Basin),2008,1920,0,-1.13479,False
56,Northern Dharwar Craton Banded Gneiss Complex (Dharwar Craton Banded Gneiss Complex),2008,1920,0,-0.76683,False
57,Eastern Mississippi Embayment (Mississippi Embayment),2008,1920,0.445312,-0.0739474,True
58,Western Cambrian-Ordovician Aquifers (Northern Midwest Aquifer System),2008,1920,0.752604,0.429583,True
59,Southeastern System (Amadeus Basin),2008,1920,0.593229,0.0711772,True
60,Edwards Plateau (Edwards-Trinity Aquifer System),2008,1920,0.168229,-0.349195,True
61,Southcentral Deccan Basalt Plateau (Deccan Plateau),2008,1920,0.0114583,-0.565674,True
62,Eastside Lower Indus Valley (Indus Basin),2008,1920,0.370312,-0.150939,True
63,Central Piedmont Upland (Piedmont Plateau),2008,1920,0.783854,0.454473,True
64,Eastern Carrizo-Wilcox (Carrizo-Wilcox),2008,1920,0.538542,0.0410442,True
65,Jiangsu Coastal Plain (Huaihe River Basin),2008,1920,0.105729,-0.351486,True
66,Eastern Cambrian-Ordovician Aquifers (Northern Midwest Aquifer System),2008,1920,0.770833,0.365161,True
67,Northcentral Deccan Basalt Plateau (Deccan Plateau),2008,1920,0.43125,-0.0455029,True
68,Eastside Middle Indus Plain (Indus Basin),2008,1920,0.154167,-0.640336,True
69,Central Allegheny Plateau (Appalachian Plateaus),2008,1920,0.817708,0.402391,True
70,Northeastern Karoo Basin (Main Karoo Basin),2008,1920,0,-0.50671,False
71,Southern Riverine Plains (Murray Basin),2008,1920,0.959375,0.833434,True
72,Black Warrior River Aquifer System (Eutaw and McShan Formations and Tuscaloosa Group),2008,1920,0.443229,-0.0752972,True
73,North Carolina and Virginia Coastal Plain (North Atlantic Coastal Plain),2008,1920,0.789062,0.440805,True
74,Northeastern Deccan Basalt Plateau (Deccan Plateau),2008,1920,0.6625,0.252011,True
75,Ribstone Creek and Northern Judith River Aquifer (Bearpaw-Judith River Aquifer System),2008,1920,1,1.31813,False
76,Southern Dharwar Craton Banded Gneiss Complex (Dharwar Craton Banded Gneiss Complex),2008,1920,0,-1.45669,False
77,Northcentral Valley and Ridge (Valley and Ridge Aquifer System),2008,1920,0.827083,0.416022,True
78,Ivanhoe Plains (Murray Basin),2008,1920,1,0.796809,False
79,Southcentral Piedmont Upland (Piedmont Plateau),2008,1920,0.907292,0.742514,True
80,Weipa Depression and Northern Carpentaria Basin (Great Artesian Basin),2008,1920,0.534375,0.0276152,True
81,Western Liaohe River Basin (Liaohe River Basin),2008,1920,0.320833,-0.095151,True
82,Western Carrizo-Wilcox (Carrizo-Wilcox),2008,1920,0.157812,-0.316838,True
83,Northern Valley and Ridge (Valley and Ridge Aquifer System),2008,1920,0.590104,0.103528,True
84,Eastern Karoo Basin (Main Karoo Basin),2008,1920,0.009375,-0.369268,True
85,Eastern Paris Basin (Paris Basin),2008,1920,0.841667,0.343776,True
86,Bari Doab (Indus Basin),2008,1920,0.106771,-0.690446,True
87,Eastern Dakota Aquifer,2008,1920,0.240104,-0.373346,True
88,Springfield Plain (Central Lowland Till Plain),2008,1920,0.369792,-0.171835,True
89,Seymour-Blaine Aquifer System,2008,1920,0,-0.956068,False
90,Central Alluvial-Laucustrine Plain (North China Plain),2008,1920,0.0265625,-1.18976,True
91,Southern Malwa Plateau (Malwa Plateau),2008,1920,0.75,0.518465,True
92,Yellow River Alluvial Plain (North China Plain),2008,1920,0,-1.49465,False
93,Eastern Armorican Massif (Armorican Massif),2008,1920,0.557292,0.0520788,True
94,Ocala Uplift (Floridan Aquifer System),2008,1920,0.715104,0.2521,True
95,Pearl and Chattahoochee Aquifer System,2008,1920,0.793229,0.32553,True
96,Eastern Mekong Delta (Mekong Delta),2008,1920,0.0895833,-0.320659,True
97,Jianghan Plain,2008,1920,0.994792,0.393306,True
98,Middle-Upper Devonian Aquifer System (Baltic Artesian Basin),2008,1920,0.479687,-0.0158786,True
99,Upper Cauvery Banded Gneiss Aquifers (Dharwar Craton Banded Gneiss Complex),2008,1920,0,-1.22393,False
100,Western Mississippi Embayment (Mississippi Embayment),2008,1920,0.511979,0.00865552,True
101,Southern Hills (Gulf Coast Regional Aquifer System),2008,1920,0.718229,0.201407,True
102,Lake Frome Embayment (Great Artesian Basin),2008,1920,0.872917,0.3367,True
103,Peedee and Black Creek and Cape Fear Aquifers,2008,1920,0.843229,0.586933,True
104,Western Brahmaputra Basin Aquifer (Brahmaputra Basin Aquifer),2008,1920,0,-1.6438,False
105,Roma Shelf and Northern Surat Basin (Great Artesian Basin),2008,1920,0.477604,-0.0118045,True
106,Thal Doab (Indus Basin),2008,1920,0.468229,-0.0550468,True
107,Stockton Plateau (Edwards-Trinity Aquifer System),2008,1920,0.154167,-0.407772,True
108,Rechna Doab (Indus Basin),2008,1920,0.21875,-0.522961,True
109,Northern Piedmont and Tista Fan (Bengal Basin),2008,1920,0,-1.67485,False
110,Central Paris Basin (Paris Basin),2008,1920,0.824479,0.304627,True
111,Southern Mallee (Murray Basin),2008,1920,0.978125,0.647385,True
112,Victoria Area (Gulf Coast Regional Aquifer System),2008,1920,0.244792,-0.292633,True
113,Central Urucuia Aquifer (Urucuia Aquifer System),2008,1920,0,-2.38085,False
114,Southcentral Floodplains (Bengal Basin),2008,1920,0.00885417,-0.926541,True
115,Eastern Silurian-Devonian Aquifers (Northern Midwest Aquifer System),2008,1920,0.911458,0.556212,True
116,Southern Saurashtra Deccan Trap Basalts (Saurashtra Deccan Trap Basalts),2008,1920,0.139583,-0.479333,True
117,Northeast Missouri Carbonates (Northern Midwest Aquifer System),2008,1920,0.179688,-0.38183,True
118,Eastern C Aquifer (The C Aquifer),2008,1920,0.0229167,-0.821927,True
119,Southern Huaihe River Basin (Huaihe River Basin),2008,1920,0.0895833,-0.295986,True
120,Western Huaihe Plain (Huaihe River Basin),2008,1920,0,-0.984023,False
121,Southeastern Surat Basin (Great Artesian Basin),2008,1920,0.38125,-0.0781151,True
122,Houston-Galveston Area (Gulf Coast Regional Aquifer System),2008,1920,0.365625,-0.120407,True
123,Western Paris Basin (Paris Basin),2008,1920,0.564063,0.0619018,True
124,Northern Cumberland Plateau and Mountains (Appalachian Plateaus),2008,1920,0.860938,0.478908,True
125,Southeastern Coastal Karoo Basin (Main Karoo Basin),2008,1920,0.775521,0.0980293,True
126,Mount Vernon Hill County (Central Lowland Till Plain),2008,1920,0.475521,-0.0296577,True
127,Eastern Riverine Plains (Murray Basin),2008,1920,1,0.879042,False
128,Central Mallee (Murray Basin),2008,1920,0.983333,0.567161,True
129,Northern Allegheny Plateau (Appalachian Plateaus),2008,1920,0.772917,0.354409,True
130,Daly Basin (Daly-Wiso-Georgina Basins),2008,1920,0.723437,0.229277,True
131,Blue Mountains and Clearwater Embayment (Columbia Plateau Regional Aquifer System),2008,1920,0.629167,0.114512,True
132,Western Satpura Basalt Aquifers (Satpura Basalts),2008,1920,0.777604,0.569041,True
133,Northern Aquitaine Basin (Aquitaine Basin),2008,1920,0.566146,0.0550492,True
134,Central Wabash and Bloomington Ridged Plain (Central Lowland Till Plain),2008,1920,0.451562,-0.0796839,True
135,Northern Riverine Plains (Murray Basin),2008,1920,1,0.841803,False
136,Upper Peninsula Jacobsville Sandstone and Cambrian-Ordovician and Silurian-Devonian Aquifers (Northern Midwest Aquifer System),2008,1920,1,2.07161,False
137,Eastern Flatwoods Southshores (Floridan Aquifer System),2008,1920,0.634375,0.175104,True
138,Lower Limestone Coast Aquifer System (Murray Basin),2008,1920,0.944792,0.448085,True
139,Eastern Malwa Plateau (Malwa Plateau),2008,1920,0.610417,0.262977,True
140,Southern St. Lawrence Lowlands (St. Lawrence Lowlands),2008,1920,0.827604,0.573091,True
141,Southern Paris Basin (Paris Basin),2008,1920,0.623958,0.0948654,True
142,Westside Middle Indus Plain (Indus Basin),2008,1920,0.541667,0.0677845,True
143,Northcentral Piedmont Upland (Piedmont Plateau),2008,1920,0.680729,0.238926,True
144,Osage Plains (Osage Cuestas Aquifer System),2008,1920,0.0286458,-0.782255,True
145,Eastern Pilbara Granite-Greenstone Terrane (Pilbara Craton),2008,1920,0.952604,0.387655,True
146,Malwa Plateau Gneiss Complex (Malwa Plateau),2008,1920,0.238021,-0.420519,True
147,Bluffton Till Plain (Central Lowland Till Plain),2008,1920,0.696354,0.275222,True
148,Vidalia Upland (Floridan Aquifer System),2008,1920,0.875521,0.548197,True
149,Northern Paris Basin (Paris Basin),2008,1920,0.865625,0.333232,True
150,Southern Valley and Ridge (Valley and Ridge Aquifer System),2008,1920,0.733333,0.252395,True
151,Barind Tract and Central Floodplains (Bengal Basin),2008,1920,0,-1.37945,False
152,Northeastern Judith River (Bearpaw-Judith River Aquifer System),2008,1920,1,1.52405,False
153,Great Plains Dakota Aquifer,2008,1920,0.0166667,-1.15081,True
154,Western Armorican Massif (Armorican Massif),2008,1920,0.528125,0.016937,True
155,Southeastern Allegheny Plateau (Appalachian Plateaus),2008,1920,0.826562,0.467691,True
156,Western Riverine Plains (Murray Basin),2008,1920,1,0.866155,False
157,Southern Deccan Basalt Plateau (Deccan Plateau),2008,1920,0,-0.803082,False
158,Eastern Vindhyan Basin,2008,1920,0.460938,-0.0725924,True
159,Catahoula Area (Gulf Coast Regional Aquifer System),2008,1920,0.620833,0.124964,True
160,Milk River,2008,1920,1,1.08687,False
161,Shawnee Hills (Interior Low Plateaus),2008,1920,0.641146,0.178224,True
162,Sea Island (Floridan Aquifer System),2008,1920,0.823958,0.407467,True
163,Missionary Plains Syncline and Mereenie Anticline (Amadeus Basin),2008,1920,0.747396,0.231335,True
164,Flint Hills Upland (Osage Cuestas Aquifer System),2008,1920,0.0166667,-0.956782,True
165,Northwestern Malwa Plateau (Malwa Plateau),2008,1920,0.685417,0.341258,True
166,Sundarbans and Southern Delta (Bengal Basin),2008,1920,0.0604167,-0.485406,True
167,Transboundary Judith River Aquifer (Bearpaw-Judith River Aquifer System),2008,1920,1,1.45923,False
168,Middle Chao Phraya Basin,2008,1920,0,-1.15049,False
169,Northern Mallee (Murray Basin),2008,1920,0.983333,0.563133,True
170,Alabama Coastal Lowlands (Gulf Coast Regional Aquifer System),2008,1920,0.617188,0.146676,True
171,Pecos Valley,2008,1920,0.0822917,-0.632293,True
172,Eastern Deccan Basalt Plateau (Deccan Plateau),2008,1920,0.015625,-0.468892,True
173,Lachlan Alluvium,2008,1920,0.983333,0.703531,True
174,Devonian and Overlying Unconsolidated Aquifers (Southern Ontario Paleozoic Aquifer System),2008,1920,0.940104,1.00126,True
175,Nanyang Basin,2008,1920,0.053125,-0.350912,True
176,Newcastle Till Plain (Central Lowland Till Plain),2008,1920,0.683333,0.228252,True
177,Southern Mekong Delta (Mekong Delta),2008,1920,0.365625,-0.0683358,True
178,Northern Cambrian-Ordovician Aquifers (Northern Midwest Aquifer System),2008,1920,0.995833,0.921829,True
179,Wimmera Plain (Murray Basin),2008,1920,0.948958,0.661008,True
180,Ghaap Plateau Dolomite Aquifer System,2008,1920,0.0583333,-0.256063,True
181,Bighorn Basin,2008,1920,0.620313,0.142865,True
182,Northern San Juan Basin,2008,1920,0.0854167,-0.633895,True
183,Southwestern Bengal Basin (Bengal Basin),2008,1920,0,-0.617987,False
184,Central Carrizo-Wilcox (Carrizo-Wilcox),2008,1920,0.292708,-0.176789,True
185,Northern Pitted Karst Plain (Yucatan Peninsula),2008,1920,0.8125,0.284501,True
186,New Brunswick Carboniferous Basin (Maritimes Basin),2008,1920,0.873437,0.682109,True
187,Madhupur Tract and Eastern Floodplains (Bengal Basin),2008,1920,0,-1.29078,False
188,Southwestern Allegheny Plateau (Appalachian Plateaus),2008,1920,0.778646,0.3776,True
189,Black Hills Uplift,2008,1920,0.715625,0.397698,True
190,Central Pilbara Granite-Greenstone Terrane (Pilbara Craton),2008,1920,0.854167,0.300759,True
191,Northwestern Deccan Basalt Plateau (Deccan Plateau),2008,1920,0.722917,0.287307,True
192,Dougherty Plain and Marianna Lowlands (Floridan Aquifer System),2008,1920,0.755208,0.274498,True
193,Lower Coastal Plain (Floridan Aquifer System),2008,1920,0.889062,0.616449,True
194,Lannemezan Plateau (Aquitaine Basin),2008,1920,0.496354,-0.00273921,True
195,Springbok Flats Karoo Basin,2008,1920,0.0125,-0.428422,True
196,Southcentral Valley and Ridge (Valley and Ridge Aquifer System),2008,1920,0.888021,0.591739,True
197,Northcentral Piedmont Plain (North China Plain),2008,1920,0.0666667,-1.0781,True
198,North-central High Plains (High Plains),2008,1920,0.00833333,-1.19752,True
199,Great Bend Prairie (High Plains),2008,1920,0.00833333,-1.34546,True
200,Delmarva Peninsula (North Atlantic Coastal Plain),2008,1920,0.63125,0.137214,True
201,Denver Basin,2008,1920,0.326562,-0.23172,True
202,Eastern Second Songhuajiang System (Songnen Plain),2008,1920,0.963021,0.505506,True
203,Western Bengal Basin (Bengal Basin),2008,1920,0,-1.02796,False
204,Eastern Otway Basin (Otway Basin),2008,1920,0.964583,0.547891,True
205,Western Allegheny Plateau (Appalachian Plateaus),2008,1920,0.793229,0.396243,True
206,Laizhou Coastal Plain,2008,1920,0,-1.32958,False
207,Central Coromandel Fractured Charnockite and Gneiss Aquifers (Coromandel Coastal Plain),2008,1920,0,-1.32417,False
208,Intermediate Aquifer (Floridan Aquifer System),2008,1920,0.629687,0.162303,True
209,Malm Valangnian Aquifer,2008,1920,0.910417,0.401765,True
210,Southwestern Khorat Plateau (Khorat Plateau Aquifer System),2008,1920,0,-1.18798,False
211,Western Cambay Basin (Cambay Basin),2008,1920,0.146354,-0.401017,True
212,Western Pilbara Granite-Greenstone Terrane (Pilbara Craton),2008,1920,0.801562,0.248553,True
213,Mississippi Delta (Gulf Coast Regional Aquifer System),2008,1920,0.791146,0.318008,True
214,Central Cambay Basin (Cambay Basin),2008,1920,0.198958,-0.358357,True
215,Eastern Duero Basin (Duero Basin),2008,1920,0.444271,-0.0430791,True
216,Eastern Pennyroyal Plateau (Interior Low Plateaus),2008,1920,0.789583,0.347664,True
217,Gunnedah Basin and Liverpool Plains,2008,1920,0.598958,0.0520957,True
218,Northern Piedmont Upland (Piedmont Plateau),2008,1920,0.536979,0.059727,True
219,Lower Athabasca (Lower Athabasca Basin),2008,1920,0.381771,-0.219703,True
220,Southern Nuomin-Taoer System (Songnen Plain),2008,1920,0.975521,0.649452,True
221,Umatilla Basin and Horse Heaven Hills (Columbia Plateau Regional Aquifer System),2008,1920,0.64375,0.120182,True
222,Palouse Slope (Columbia Plateau Regional Aquifer System),2008,1920,0.6375,0.127059,True
223,Letaba Lowveld,2008,1920,0.0161458,-0.361755,True
224,Landes Plain (Aquitaine Basin),2008,1920,0.573958,0.0625984,True
225,Transboundary Odanah Shale,2008,1920,0.853125,0.73458,True
226,Northern Hirri Basin (Chhattisgarh Basin),2008,1920,0.477083,-0.0323848,True
227,Western Second Songhuajiang System (Songnen Plain),2008,1920,0.854167,0.241142,True
228,Tifton Upland (Floridan Aquifer System),2008,1920,0.819792,0.389033,True
229,South-central High Plains (High Plains),2008,1920,0,-1.47038,False
230,Northern Khorat Plateau (Khorat Plateau Aquifer System),2008,1920,0,-1.04084,False
231,Hill Country (Edwards-Trinity Aquifer System),2008,1920,0.165104,-0.32267,True
232,Northern St. Lawrence Lowlands (St. Lawrence Lowlands),2008,1920,0.896354,0.982832,True
233,Chicxulub Sedimentary Basin (Yucatan Peninsula),2008,1920,0.760938,0.197881,True
234,West Jutland Quaternary and Tertiary Sand Aquifer System,2008,1920,1,0.734339,False
235,South Platte Basin,2008,1920,0.452604,-0.0595104,True
236,North Rewa Basin (Son-Mahandai Valley Basins),2008,1920,0.413542,-0.118323,True
237,Southern Coromandel Fractured Charnockite and Gneiss Aquifers (Coromandel Coastal Plain),2008,1920,0.0166667,-0.55602,True
238,Chaj Doab (Indus Basin),2008,1920,0.380208,-0.199995,True
239,Rush Springs Aquifer,2008,1920,0,-1.31383,False
240,Silurian and Overlying Unconsolidated Aquifers (Southern Ontario Paleozoic Aquifer System),2008,1920,0.884896,0.821844,True
241,Bangkok Basin (Lower Chao Phraya Basin),2008,1920,0,-0.840522,False
242,Gypsum Hills,2008,1920,0,-1.5048,False
243,Clarence-Moreton Basin and Cecil Plains (Great Artesian Basin),2008,1920,0.689063,0.155377,True
244,Hetao Basin,2008,1920,0.00416667,-0.507843,True
245,Western C Aquifer (The C Aquifer),2008,1920,0.021875,-0.883789,True
246,Arrowsmith and Dandaragan Plateau (Perth Basin),2008,1920,0.675521,0.100136,True
247,Gambier Embayment (Otway Basin),2008,1920,0.903125,0.406993,True
248,Northern Columbia River Basin (Columbia Plateau Regional Aquifer System),2008,1920,0.638542,0.163752,True
249,San Luis Valley (Middle Rio Grande),2008,1920,0.127604,-0.647345,True
250,Southern Cumberland Plateau - Pottsville Aquifer (Appalachian Plateaus),2008,1920,0.496875,-0.00525311,True
251,Sylhet Basin (Bengal Basin),2008,1920,0,-1.28581,False
252,Tuli Karoo Aquifer,2008,1920,0.144792,-0.340452,True
253,Antlers Aquifer,2008,1920,0.186979,-0.29053,True
254,New Jersey Coastal Plain (North Atlantic Coastal Plain),2008,1920,0.610417,0.137907,True
255,Upper Deschutes Basin,2008,1920,0.467187,-0.050881,True
256,Southwestern Flatwoods (Floridan Aquifer System),2008,1920,0.508854,0.0103467,True
257,Central Cumberland Plateau and Sequatchie Valley (Appalachian Plateaus),2008,1920,0.760417,0.298345,True
258,Eastern Malwa Plateau Alluvial Aquifer (Malwa Plateau),2008,1920,0,-1.18712,False
259,Northern Duero Basin (Duero Basin),2008,1920,0.515625,0.0137271,True
260,Central Littoral Plain (North China Plain),2008,1920,0.0333333,-0.929224,True
261,Red River Delta,2008,1920,0.932292,0.374862,True
262,Tipton Till Plain (Central Lowland Till Plain),2008,1920,0.605729,0.121394,True
263,Upper Carbonate Aquifer (Northern Midwest Aquifer System),2008,1920,0.460938,-0.0452499,True
264,Northern Saurashtra Deccan Trap Basalts (Saurashtra Deccan Trap Basalts),2008,1920,0.119271,-0.536426,True
265,Kurnool Basin (Cuddapah Sedimentary Basin),2008,1920,0,-1.34812,False
266,Coatzacoalcos Coastal Aquifer (Coastal Plain of Veracruz),2008,1920,0.0380208,-0.404315,True
267,Northern Nuomin-Taoer System (Songnen Plain),2008,1920,1,0.874515,False
268,Hatfield Valley,2008,1920,0.995833,1.37434,True
269,Northcentral Coromandel Schist Aquifers (Coromandel Coastal Plain),2008,1920,0,-1.31789,False
270,Alsatian Aquifer and Upper Rhine Valley,2008,1920,0.578125,0.0596898,True
271,Southern Odanah Shale,2008,1920,0.7125,0.556421,True
272,Eastern Satpura Basalt Aquifers (Satpura Basalts),2008,1920,0.779167,0.590718,True
273,Southern Hirri Basin (Chhattisgarh Basin),2008,1920,0.471354,-0.0546507,True
274,Limpopo Plateau,2008,1920,0.0177083,-0.353606,True
275,Southeastern Bengal Basin (Bengal Basin),2008,1920,0.00416667,-0.883816,True
0,Central Parana Basin and Torres Syncline (Guarani Aquifer System),2009,1920,1,1.52281,False
1,Northern Guarani Aquifer (Guarani Aquifer System),2009,1920,0,-0.72809,False
2,Southwestern Chaco-Lower Parana Basin (Guarani Aquifer System),2009,1920,1,2.10538,False
3,Amazonas Basin and Alter de Chao Aquifer System (Amazon Aquifer System),2009,1920,0,-1.68147,False
4,Poolowanna Trough and Western Eromanga Basin (Great Artesian Basin),2009,1920,0,-0.569344,False
5,Eastern Eromanga Basin (Great Artesian Basin),2009,1920,0.000520833,-0.717059,True
6,Northern Eromanga Basin (Great Artesian Basin),2009,1920,0,-1.04736,False
7,Northern High Plains (High Plains),2009,1920,0.294271,-0.181106,True
8,Williston Basin (Northern Great Plains),2009,1920,0.554688,0.0629256,True
9,Central Eromanga Depocenter (Great Artesian Basin),2009,1920,0,-0.798255,False
10,Western Parecis Basin (Parecis Basin),2009,1920,0.891667,0.484122,True
11,Upper Gangetic Plain (Indo-Gangetic Plain),2009,1920,0,-2.198,False
12,Stampriet Kalahari Karoo Aquifer System,2009,1920,0.118229,-0.148024,True
13,Northcentral Mega Aquifer System (Mega Aquifer System),2009,1920,0.015625,-0.335018,True
14,Ozark Plateaus Aquifer System,2009,1920,0.614583,0.108218,True
15,Western Karoo Basin (Main Karoo Basin),2009,1920,0.0546875,-0.146829,True
16,Middle Gangetic Plain (Indo-Gangetic Plain),2009,1920,0,-1.35752,False
17,Northern Mega Aquifer System (Mega Aquifer System),2009,1920,0.23125,-0.258645,True
18,Canning Basin,2009,1920,1,0.760571,False
19,Central Karoo Basin (Main Karoo Basin),2009,1920,0.0291667,-0.311788,True
20,Southern Carpentaria Basin (Great Artesian Basin),2009,1920,0,-0.981561,False
21,Eastern Parecis Basin (Parecis Basin),2009,1920,0.0796875,-0.68175,True
22,Eastern Poti and Piaui and Cabecas and Serra Grande Aquifers (Parnaiba Basin),2009,1920,0,-2.54099,False
23,Wiso Basin (Daly-Wiso-Georgina Basins),2009,1920,0.308854,-0.0962116,True
24,Northern Georgina Basin (Daly-Wiso-Georgina Basins),2009,1920,0.075,-0.312115,True
25,Dakota Aquifer System,2009,1920,0.308854,-0.192076,True
26,Arckaringa Basin and Southwestern Great Artesian Basin (Great Artesian Basin),2009,1920,0.330729,-0.140195,True
27,Trans Gangetic Plain (Indo-Gangetic Plain),2009,1920,0,-2.57495,False
28,Southcentral Mega Aquifer System (Mega Aquifer System),2009,1920,0.24375,-0.122339,True
29,Central Mississippi Embayment (Mississippi Embayment),2009,1920,0.774479,0.295694,True
30,Northern Karoo Basin (Main Karoo Basin),2009,1920,0,-0.494677,False
31,Mississippian-Silurian-Devonian Carbonates (Northern Midwest Aquifer System),2009,1920,0.657813,0.269675,True
32,Staten River Embayment and Central Carpentaria Basin (Great Artesian Basin),2009,1920,0,-0.580407,False
33,Central Dharwar Craton Banded Gneiss Complex (Dharwar Craton Banded Gneiss Complex),2009,1920,0,-1.19746,False
34,Central Huaihe Plain (Huaihe River Basin),2009,1920,0,-1.00214,False
35,Central Minnesota Surficial and Buried Sand and Gravel Aquifers,2009,1920,0.457292,-0.0860255,True
36,Southern High Plains (High Plains),2009,1920,0.0453125,-0.571163,True
37,Southcentral Karoo Basin (Main Karoo Basin),2009,1920,0.494271,-0.00156122,True
38,Central High Plains (High Plains),2009,1920,0.0333333,-0.932498,True
39,Lower Liaohe River Plain (Liaohe River Basin),2009,1920,0,-0.62128,False
40,Wadi As-Sirhan Basin,2009,1920,0,-0.929067,False
41,Eastern Saq Aquifer (Ram-Saq Aquifer System),2009,1920,0,-0.90038,False
42,Trinity Aquifer System (Edwards-Trinity Aquifer System),2009,1920,0.905208,0.530852,True
43,Wisconsin Precambrian Aquifer,2009,1920,1,1.80177,False
44,Lafayette Area (Gulf Coast Regional Aquifer System),2009,1920,0.946354,0.688877,True
45,Paskapoo-Scollard,2009,1920,0.536458,0.0353098,True
46,Western Surat Basin (Great Artesian Basin),2009,1920,0,-0.967661,False
47,Coonamble Embayment (Great Artesian Basin),2009,1920,0,-0.670108,False
48,Mimosa Syncline and Eastern Surat Basin (Great Artesian Basin),2009,1920,0,-0.857327,False
49,Wuyuer-Shuangyang System (Songnen Plain),2009,1920,0.871875,0.258286,True
50,Powder River Basin (Northern Great Plains),2009,1920,0.595313,0.146598,True
51,Central Eucla Basin (Eucla Basin),2009,1920,0.6875,0.0996377,True
52,Rio Grande Delta (Gulf Coast Regional Aquifer System),2009,1920,0.548958,0.0394063,True
53,Michigan Basin,2009,1920,1,1.91042,False
54,Southern Piedmont Upland (Piedmont Plateau),2009,1920,0.871875,0.427128,True
55,Eastern Huaihe Plain (Huaihe River Basin),2009,1920,0,-1.09279,False
56,Northern Dharwar Craton Banded Gneiss Complex (Dharwar Craton Banded Gneiss Complex),2009,1920,0,-0.805471,False
57,Eastern Mississippi Embayment (Mississippi Embayment),2009,1920,0.69375,0.243319,True
58,Western Cambrian-Ordovician Aquifers (Northern Midwest Aquifer System),2009,1920,0.975,0.838432,True
59,Southeastern System (Amadeus Basin),2009,1920,0.00520833,-0.400119,True
60,Edwards Plateau (Edwards-Trinity Aquifer System),2009,1920,0.672917,0.154879,True
61,Southcentral Deccan Basalt Plateau (Deccan Plateau),2009,1920,0,-0.676446,False
62,Eastside Lower Indus Valley (Indus Basin),2009,1920,0,-0.768143,False
63,Central Piedmont Upland (Piedmont Plateau),2009,1920,0.853646,0.487586,True
64,Eastern Carrizo-Wilcox (Carrizo-Wilcox),2009,1920,0.957292,0.762208,True
65,Jiangsu Coastal Plain (Huaihe River Basin),2009,1920,0.176042,-0.252527,True
66,Eastern Cambrian-Ordovician Aquifers (Northern Midwest Aquifer System),2009,1920,0.983854,0.967595,True
67,Northcentral Deccan Basalt Plateau (Deccan Plateau),2009,1920,0.0401042,-0.348755,True
68,Eastside Middle Indus Plain (Indus Basin),2009,1920,0.0421875,-1.31383,True
69,Central Allegheny Plateau (Appalachian Plateaus),2009,1920,0.906771,0.578268,True
70,Northeastern Karoo Basin (Main Karoo Basin),2009,1920,0,-0.716695,False
71,Southern Riverine Plains (Murray Basin),2009,1920,0.655208,0.0927476,True
72,Black Warrior River Aquifer System (Eutaw and McShan Formations and Tuscaloosa Group),2009,1920,0.671875,0.226506,True
73,North Carolina and Virginia Coastal Plain (North Atlantic Coastal Plain),2009,1920,0.834896,0.471463,True
74,Northeastern Deccan Basalt Plateau (Deccan Plateau),2009,1920,0.286458,-0.291134,True
75,Ribstone Creek and Northern Judith River Aquifer (Bearpaw-Judith River Aquifer System),2009,1920,0.991667,0.662022,True
76,Southern Dharwar Craton Banded Gneiss Complex (Dharwar Craton Banded Gneiss Complex),2009,1920,0,-1.36107,False
77,Northcentral Valley and Ridge (Valley and Ridge Aquifer System),2009,1920,0.851562,0.464147,True
78,Ivanhoe Plains (Murray Basin),2009,1920,0.566667,0.0461135,True
79,Southcentral Piedmont Upland (Piedmont Plateau),2009,1920,0.907813,0.66709,True
80,Weipa Depression and Northern Carpentaria Basin (Great Artesian Basin),2009,1920,0.5125,0.00974759,True
81,Western Liaohe River Basin (Liaohe River Basin),2009,1920,0.0703125,-0.26741,True
82,Western Carrizo-Wilcox (Carrizo-Wilcox),2009,1920,0.739583,0.204121,True
83,Northern Valley and Ridge (Valley and Ridge Aquifer System),2009,1920,0.733333,0.291721,True
84,Eastern Karoo Basin (Main Karoo Basin),2009,1920,0,-0.459467,False
85,Eastern Paris Basin (Paris Basin),2009,1920,0.59375,0.0775934,True
86,Bari Doab (Indus Basin),2009,1920,0.00208333,-1.33278,True
87,Eastern Dakota Aquifer,2009,1920,0.606771,0.11502,True
88,Springfield Plain (Central Lowland Till Plain),2009,1920,0.577083,0.130746,True
89,Seymour-Blaine Aquifer System,2009,1920,0.201042,-0.322341,True
90,Central Alluvial-Laucustrine Plain (North China Plain),2009,1920,0,-1.28201,False
91,Southern Malwa Plateau (Malwa Plateau),2009,1920,0.538542,0.0672982,True
92,Yellow River Alluvial Plain (North China Plain),2009,1920,0,-1.53689,False
93,Eastern Armorican Massif (Armorican Massif),2009,1920,0.578125,0.0539823,True
94,Ocala Uplift (Floridan Aquifer System),2009,1920,0.813021,0.291719,True
95,Pearl and Chattahoochee Aquifer System,2009,1920,0.866667,0.41541,True
96,Eastern Mekong Delta (Mekong Delta),2009,1920,0.385417,-0.0730011,True
97,Jianghan Plain,2009,1920,0.992188,0.452591,True
98,Middle-Upper Devonian Aquifer System (Baltic Artesian Basin),2009,1920,0.0723958,-0.405962,True
99,Upper Cauvery Banded Gneiss Aquifers (Dharwar Craton Banded Gneiss Complex),2009,1920,0,-0.971572,False
100,Western Mississippi Embayment (Mississippi Embayment),2009,1920,0.927083,0.560388,True
101,Southern Hills (Gulf Coast Regional Aquifer System),2009,1920,0.942187,0.589903,True
102,Lake Frome Embayment (Great Artesian Basin),2009,1920,0.0130208,-0.358392,True
103,Peedee and Black Creek and Cape Fear Aquifers,2009,1920,0.868229,0.529671,True
104,Western Brahmaputra Basin Aquifer (Brahmaputra Basin Aquifer),2009,1920,0,-1.29352,False
105,Roma Shelf and Northern Surat Basin (Great Artesian Basin),2009,1920,0,-0.83994,False
106,Thal Doab (Indus Basin),2009,1920,0.248958,-0.801737,True
107,Stockton Plateau (Edwards-Trinity Aquifer System),2009,1920,0.45625,-0.0326842,True
108,Rechna Doab (Indus Basin),2009,1920,0.028125,-1.15102,True
109,Northern Piedmont and Tista Fan (Bengal Basin),2009,1920,0,-1.42139,False
110,Central Paris Basin (Paris Basin),2009,1920,0.675,0.116958,True
111,Southern Mallee (Murray Basin),2009,1920,0.641667,0.0776166,True
112,Victoria Area (Gulf Coast Regional Aquifer System),2009,1920,0.815104,0.327216,True
113,Central Urucuia Aquifer (Urucuia Aquifer System),2009,1920,0,-2.99368,False
114,Southcentral Floodplains (Bengal Basin),2009,1920,0.00520833,-0.592925,True
115,Eastern Silurian-Devonian Aquifers (Northern Midwest Aquifer System),2009,1920,1,1.07441,False
116,Southern Saurashtra Deccan Trap Basalts (Saurashtra Deccan Trap Basalts),2009,1920,0.00208333,-0.628645,True
117,Northeast Missouri Carbonates (Northern Midwest Aquifer System),2009,1920,0.468229,-0.0500575,True
118,Eastern C Aquifer (The C Aquifer),2009,1920,0,-0.748552,False
119,Southern Huaihe River Basin (Huaihe River Basin),2009,1920,0.170313,-0.236726,True
120,Western Huaihe Plain (Huaihe River Basin),2009,1920,0,-0.963167,False
121,Southeastern Surat Basin (Great Artesian Basin),2009,1920,0,-0.803527,False
122,Houston-Galveston Area (Gulf Coast Regional Aquifer System),2009,1920,0.953646,0.568673,True
123,Western Paris Basin (Paris Basin),2009,1920,0.557292,0.0372394,True
124,Northern Cumberland Plateau and Mountains (Appalachian Plateaus),2009,1920,0.872917,0.468402,True
125,Southeastern Coastal Karoo Basin (Main Karoo Basin),2009,1920,0.471354,-0.00967901,True
126,Mount Vernon Hill County (Central Lowland Till Plain),2009,1920,0.691146,0.221407,True
127,Eastern Riverine Plains (Murray Basin),2009,1920,0.5875,0.0657578,True
128,Central Mallee (Murray Basin),2009,1920,0.542188,0.0210762,True
129,Northern Allegheny Plateau (Appalachian Plateaus),2009,1920,0.934896,0.693744,True
130,Daly Basin (Daly-Wiso-Georgina Basins),2009,1920,0.0796875,-0.331001,True
131,Blue Mountains and Clearwater Embayment (Columbia Plateau Regional Aquifer System),2009,1920,0.441667,-0.0425857,True
132,Western Satpura Basalt Aquifers (Satpura Basalts),2009,1920,0.621875,0.146871,True
133,Northern Aquitaine Basin (Aquitaine Basin),2009,1920,0.664062,0.123102,True
134,Central Wabash and Bloomington Ridged Plain (Central Lowland Till Plain),2009,1920,0.660937,0.283475,True
135,Northern Riverine Plains (Murray Basin),2009,1920,0.527083,0.0267835,True
136,Upper Peninsula Jacobsville Sandstone and Cambrian-Ordovician and Silurian-Devonian Aquifers (Northern Midwest Aquifer System),2009,1920,1,2.64188,False
137,Eastern Flatwoods Southshores (Floridan Aquifer System),2009,1920,0.655208,0.147425,True
138,Lower Limestone Coast Aquifer System (Murray Basin),2009,1920,0.634375,0.0818991,True
139,Eastern Malwa Plateau (Malwa Plateau),2009,1920,0.466667,-0.195444,True
140,Southern St. Lawrence Lowlands (St. Lawrence Lowlands),2009,1920,0.913542,0.857747,True
141,Southern Paris Basin (Paris Basin),2009,1920,0.620313,0.0788606,True
142,Westside Middle Indus Plain (Indus Basin),2009,1920,0.277604,-0.65607,True
143,Northcentral Piedmont Upland (Piedmont Plateau),2009,1920,0.767188,0.377334,True
144,Osage Plains (Osage Cuestas Aquifer System),2009,1920,0.410938,-0.102316,True
145,Eastern Pilbara Granite-Greenstone Terrane (Pilbara Craton),2009,1920,0.984896,0.413702,True
146,Malwa Plateau Gneiss Complex (Malwa Plateau),2009,1920,0.145833,-0.92337,True
147,Bluffton Till Plain (Central Lowland Till Plain),2009,1920,0.914062,0.605704,True
148,Vidalia Upland (Floridan Aquifer System),2009,1920,0.892708,0.510693,True
149,Northern Paris Basin (Paris Basin),2009,1920,0.689063,0.140419,True
150,Southern Valley and Ridge (Valley and Ridge Aquifer System),2009,1920,0.834375,0.351065,True
151,Barind Tract and Central Floodplains (Bengal Basin),2009,1920,0,-1.07705,False
152,Northeastern Judith River (Bearpaw-Judith River Aquifer System),2009,1920,0.956771,0.580448,True
153,Great Plains Dakota Aquifer,2009,1920,0.130729,-0.543698,True
154,Western Armorican Massif (Armorican Massif),2009,1920,0.489583,-0.00797802,True
155,Southeastern Allegheny Plateau (Appalachian Plateaus),2009,1920,0.835417,0.449883,True
156,Western Riverine Plains (Murray Basin),2009,1920,0.650521,0.101071,True
157,Southern Deccan Basalt Plateau (Deccan Plateau),2009,1920,0,-0.824614,False
158,Eastern Vindhyan Basin,2009,1920,0.261979,-0.360965,True
159,Catahoula Area (Gulf Coast Regional Aquifer System),2009,1920,0.864062,0.442374,True
160,Milk River,2009,1920,0.958854,0.379963,True
161,Shawnee Hills (Interior Low Plateaus),2009,1920,0.796354,0.375556,True
162,Sea Island (Floridan Aquifer System),2009,1920,0.867708,0.421861,True
163,Missionary Plains Syncline and Mereenie Anticline (Amadeus Basin),2009,1920,0.0333333,-0.372757,True
164,Flint Hills Upland (Osage Cuestas Aquifer System),2009,1920,0.263021,-0.242072,True
165,Northwestern Malwa Plateau (Malwa Plateau),2009,1920,0.445312,-0.148858,True
166,Sundarbans and Southern Delta (Bengal Basin),2009,1920,0.198958,-0.193415,True
167,Transboundary Judith River Aquifer (Bearpaw-Judith River Aquifer System),2009,1920,0.970313,0.60353,True
168,Middle Chao Phraya Basin,2009,1920,0.0265625,-0.641175,True
169,Northern Mallee (Murray Basin),2009,1920,0.41875,-0.0420333,True
170,Alabama Coastal Lowlands (Gulf Coast Regional Aquifer System),2009,1920,0.848437,0.406653,True
171,Pecos Valley,2009,1920,0.196354,-0.267261,True
172,Eastern Deccan Basalt Plateau (Deccan Plateau),2009,1920,0,-0.667023,False
173,Lachlan Alluvium,2009,1920,0.301042,-0.106201,True
174,Devonian and Overlying Unconsolidated Aquifers (Southern Ontario Paleozoic Aquifer System),2009,1920,1,1.59627,False
175,Nanyang Basin,2009,1920,0.136979,-0.303588,True
176,Newcastle Till Plain (Central Lowland Till Plain),2009,1920,0.839063,0.477559,True
177,Southern Mekong Delta (Mekong Delta),2009,1920,0.727604,0.120355,True
178,Northern Cambrian-Ordovician Aquifers (Northern Midwest Aquifer System),2009,1920,1,1.5061,False
179,Wimmera Plain (Murray Basin),2009,1920,0.636458,0.0888435,True
180,Ghaap Plateau Dolomite Aquifer System,2009,1920,0.00260417,-0.452602,True
181,Bighorn Basin,2009,1920,0.438542,-0.05577,True
182,Northern San Juan Basin,2009,1920,0.0510417,-0.624259,True
183,Southwestern Bengal Basin (Bengal Basin),2009,1920,0.0703125,-0.361709,True
184,Central Carrizo-Wilcox (Carrizo-Wilcox),2009,1920,0.955208,0.664456,True
185,Northern Pitted Karst Plain (Yucatan Peninsula),2009,1920,0.719792,0.16701,True
186,New Brunswick Carboniferous Basin (Maritimes Basin),2009,1920,0.933854,0.827806,True
187,Madhupur Tract and Eastern Floodplains (Bengal Basin),2009,1920,0,-0.932388,False
188,Southwestern Allegheny Plateau (Appalachian Plateaus),2009,1920,0.842187,0.459599,True
189,Black Hills Uplift,2009,1920,0.499479,-0.00246,True
190,Central Pilbara Granite-Greenstone Terrane (Pilbara Craton),2009,1920,0.859375,0.277654,True
191,Northwestern Deccan Basalt Plateau (Deccan Plateau),2009,1920,0.376563,-0.108153,True
192,Dougherty Plain and Marianna Lowlands (Floridan Aquifer System),2009,1920,0.876042,0.422914,True
193,Lower Coastal Plain (Floridan Aquifer System),2009,1920,0.885417,0.570092,True
194,Lannemezan Plateau (Aquitaine Basin),2009,1920,0.634896,0.0873951,True
195,Springbok Flats Karoo Basin,2009,1920,0,-0.637293,False
196,Southcentral Valley and Ridge (Valley and Ridge Aquifer System),2009,1920,0.891146,0.548079,True
197,Northcentral Piedmont Plain (North China Plain),2009,1920,0,-1.20479,False
198,North-central High Plains (High Plains),2009,1920,0.0729167,-0.75949,True
199,Great Bend Prairie (High Plains),2009,1920,0.101562,-0.681059,True
200,Delmarva Peninsula (North Atlantic Coastal Plain),2009,1920,0.658854,0.22352,True
201,Denver Basin,2009,1920,0.297396,-0.21124,True
202,Eastern Second Songhuajiang System (Songnen Plain),2009,1920,0.76875,0.17776,True
203,Western Bengal Basin (Bengal Basin),2009,1920,0,-0.732875,False
204,Eastern Otway Basin (Otway Basin),2009,1920,0.602083,0.0635909,True
205,Western Allegheny Plateau (Appalachian Plateaus),2009,1920,0.929167,0.656754,True
206,Laizhou Coastal Plain,2009,1920,0,-1.34617,False
207,Central Coromandel Fractured Charnockite and Gneiss Aquifers (Coromandel Coastal Plain),2009,1920,0,-1.18117,False
208,Intermediate Aquifer (Floridan Aquifer System),2009,1920,0.643229,0.142357,True
209,Malm Valangnian Aquifer,2009,1920,0.609375,0.125048,True
210,Southwestern Khorat Plateau (Khorat Plateau Aquifer System),2009,1920,0.0182292,-0.760789,True
211,Western Cambay Basin (Cambay Basin),2009,1920,0,-0.690941,False
212,Western Pilbara Granite-Greenstone Terrane (Pilbara Craton),2009,1920,0.771354,0.189967,True
213,Mississippi Delta (Gulf Coast Regional Aquifer System),2009,1920,0.936979,0.559166,True
214,Central Cambay Basin (Cambay Basin),2009,1920,0,-0.674938,False
215,Eastern Duero Basin (Duero Basin),2009,1920,0.155729,-0.24514,True
216,Eastern Pennyroyal Plateau (Interior Low Plateaus),2009,1920,0.864583,0.453667,True
217,Gunnedah Basin and Liverpool Plains,2009,1920,0,-0.54848,False
218,Northern Piedmont Upland (Piedmont Plateau),2009,1920,0.651042,0.178518,True
219,Lower Athabasca (Lower Athabasca Basin),2009,1920,0.353125,-0.304882,True
220,Southern Nuomin-Taoer System (Songnen Plain),2009,1920,0.919792,0.316876,True
221,Umatilla Basin and Horse Heaven Hills (Columbia Plateau Regional Aquifer System),2009,1920,0.36875,-0.0895121,True
222,Palouse Slope (Columbia Plateau Regional Aquifer System),2009,1920,0.410417,-0.0859988,True
223,Letaba Lowveld,2009,1920,0,-0.509044,False
224,Landes Plain (Aquitaine Basin),2009,1920,0.666667,0.130773,True
225,Transboundary Odanah Shale,2009,1920,0.352604,-0.221125,True
226,Northern Hirri Basin (Chhattisgarh Basin),2009,1920,0.366146,-0.14958,True
227,Western Second Songhuajiang System (Songnen Plain),2009,1920,0.45,-0.0327953,True
228,Tifton Upland (Floridan Aquifer System),2009,1920,0.875,0.430942,True
229,South-central High Plains (High Plains),2009,1920,0.053125,-0.842736,True
230,Northern Khorat Plateau (Khorat Plateau Aquifer System),2009,1920,0.0770833,-0.563171,True
231,Hill Country (Edwards-Trinity Aquifer System),2009,1920,0.877604,0.395038,True
232,Northern St. Lawrence Lowlands (St. Lawrence Lowlands),2009,1920,0.979688,1.23943,True
233,Chicxulub Sedimentary Basin (Yucatan Peninsula),2009,1920,0.696875,0.130091,True
234,West Jutland Quaternary and Tertiary Sand Aquifer System,2009,1920,0.915625,0.318436,True
235,South Platte Basin,2009,1920,0.419271,-0.0946941,True
236,North Rewa Basin (Son-Mahandai Valley Basins),2009,1920,0.25625,-0.296522,True
237,Southern Coromandel Fractured Charnockite and Gneiss Aquifers (Coromandel Coastal Plain),2009,1920,0.0776042,-0.282407,True
238,Chaj Doab (Indus Basin),2009,1920,0.200521,-0.924504,True
239,Rush Springs Aquifer,2009,1920,0.122396,-0.536505,True
240,Silurian and Overlying Unconsolidated Aquifers (Southern Ontario Paleozoic Aquifer System),2009,1920,0.982812,1.49458,True
241,Bangkok Basin (Lower Chao Phraya Basin),2009,1920,0.0729167,-0.426397,True
242,Gypsum Hills,2009,1920,0.0578125,-0.832536,True
243,Clarence-Moreton Basin and Cecil Plains (Great Artesian Basin),2009,1920,0.0333333,-0.59369,True
244,Hetao Basin,2009,1920,0.0333333,-0.356177,True
245,Western C Aquifer (The C Aquifer),2009,1920,0.015625,-0.880467,True
246,Arrowsmith and Dandaragan Plateau (Perth Basin),2009,1920,0.682292,0.0931725,True
247,Gambier Embayment (Otway Basin),2009,1920,0.689583,0.121949,True
248,Northern Columbia River Basin (Columbia Plateau Regional Aquifer System),2009,1920,0.372396,-0.140156,True
249,San Luis Valley (Middle Rio Grande),2009,1920,0.1,-0.567506,True
250,Southern Cumberland Plateau - Pottsville Aquifer (Appalachian Plateaus),2009,1920,0.677604,0.213275,True
251,Sylhet Basin (Bengal Basin),2009,1920,0,-0.878884,False
252,Tuli Karoo Aquifer,2009,1920,0.239583,-0.325087,True
253,Antlers Aquifer,2009,1920,0.892188,0.493085,True
254,New Jersey Coastal Plain (North Atlantic Coastal Plain),2009,1920,0.668229,0.240358,True
255,Upper Deschutes Basin,2009,1920,0.266667,-0.222947,True
256,Southwestern Flatwoods (Floridan Aquifer System),2009,1920,0.539062,0.0333201,True
257,Central Cumberland Plateau and Sequatchie Valley (Appalachian Plateaus),2009,1920,0.857292,0.42336,True
258,Eastern Malwa Plateau Alluvial Aquifer (Malwa Plateau),2009,1920,0,-1.82512,False
259,Northern Duero Basin (Duero Basin),2009,1920,0.222396,-0.194919,True
260,Central Littoral Plain (North China Plain),2009,1920,0.0244792,-1.04946,True
261,Red River Delta,2009,1920,1,0.887594,False
262,Tipton Till Plain (Central Lowland Till Plain),2009,1920,0.785417,0.458704,True
263,Upper Carbonate Aquifer (Northern Midwest Aquifer System),2009,1920,0.815625,0.463341,True
264,Northern Saurashtra Deccan Trap Basalts (Saurashtra Deccan Trap Basalts),2009,1920,0,-0.723709,False
265,Kurnool Basin (Cuddapah Sedimentary Basin),2009,1920,0,-1.30646,False
266,Coatzacoalcos Coastal Aquifer (Coastal Plain of Veracruz),2009,1920,0.00677083,-0.567903,True
267,Northern Nuomin-Taoer System (Songnen Plain),2009,1920,0.991667,0.520704,True
268,Hatfield Valley,2009,1920,0.753646,0.432993,True
269,Northcentral Coromandel Schist Aquifers (Coromandel Coastal Plain),2009,1920,0,-1.24598,False
270,Alsatian Aquifer and Upper Rhine Valley,2009,1920,0.0651042,-0.333302,True
271,Southern Odanah Shale,2009,1920,0.236979,-0.532853,True
272,Eastern Satpura Basalt Aquifers (Satpura Basalts),2009,1920,0.489063,-0.0378498,True
273,Southern Hirri Basin (Chhattisgarh Basin),2009,1920,0.375521,-0.153022,True
274,Limpopo Plateau,2009,1920,0,-0.471924,False
275,Southeastern Bengal Basin (Bengal Basin),2009,1920,0.0265625,-0.503804,True
0,Central Parana Basin and Torres Syncline (Guarani Aquifer System),2010,1920,1,0.88533,False
1,Northern Guarani Aquifer (Guarani Aquifer System),2010,1920,0,-0.952985,False
2,Southwestern Chaco-Lower Parana Basin (Guarani Aquifer System),2010,1920,1,1.89701,False
3,Amazonas Basin and Alter de Chao Aquifer System (Amazon Aquifer System),2010,1920,0.00625,-0.565116,True
4,Poolowanna Trough and Western Eromanga Basin (Great Artesian Basin),2010,1920,0,-1.03755,False
5,Eastern Eromanga Basin (Great Artesian Basin),2010,1920,0,-1.2507,False
6,Northern Eromanga Basin (Great Artesian Basin),2010,1920,0,-1.05655,False
7,Northern High Plains (High Plains),2010,1920,0.958854,0.709666,True
8,Williston Basin (Northern Great Plains),2010,1920,0.281771,-0.238049,True
9,Central Eromanga Depocenter (Great Artesian Basin),2010,1920,0,-1.13045,False
10,Western Parecis Basin (Parecis Basin),2010,1920,0.991667,0.634216,True
11,Upper Gangetic Plain (Indo-Gangetic Plain),2010,1920,0,-2.45332,False
12,Stampriet Kalahari Karoo Aquifer System,2010,1920,0.0223958,-0.356858,True
13,Northcentral Mega Aquifer System (Mega Aquifer System),2010,1920,0.2375,-0.0859576,True
14,Ozark Plateaus Aquifer System,2010,1920,1,1.19951,False
15,Western Karoo Basin (Main Karoo Basin),2010,1920,0.148958,-0.296168,True
16,Middle Gangetic Plain (Indo-Gangetic Plain),2010,1920,0,-1.10287,False
17,Northern Mega Aquifer System (Mega Aquifer System),2010,1920,0.594792,0.0482091,True
18,Canning Basin,2010,1920,0.894271,0.42499,True
19,Central Karoo Basin (Main Karoo Basin),2010,1920,0.0401042,-0.430576,True
20,Southern Carpentaria Basin (Great Artesian Basin),2010,1920,0,-1.12709,False
21,Eastern Parecis Basin (Parecis Basin),2010,1920,0.025,-0.486406,True
22,Eastern Poti and Piaui and Cabecas and Serra Grande Aquifers (Parnaiba Basin),2010,1920,0,-1.09674,False
23,Wiso Basin (Daly-Wiso-Georgina Basins),2010,1920,0,-1.21822,False
24,Northern Georgina Basin (Daly-Wiso-Georgina Basins),2010,1920,0,-1.41808,False
25,Dakota Aquifer System,2010,1920,0.902604,0.451699,True
26,Arckaringa Basin and Southwestern Great Artesian Basin (Great Artesian Basin),2010,1920,0.210417,-0.391984,True
27,Trans Gangetic Plain (Indo-Gangetic Plain),2010,1920,0,-3.25771,False
28,Southcentral Mega Aquifer System (Mega Aquifer System),2010,1920,0.595833,0.0449502,True
29,Central Mississippi Embayment (Mississippi Embayment),2010,1920,1,1.39994,False
30,Northern Karoo Basin (Main Karoo Basin),2010,1920,0,-0.651527,False
31,Mississippian-Silurian-Devonian Carbonates (Northern Midwest Aquifer System),2010,1920,0.976042,1.2014,True
32,Staten River Embayment and Central Carpentaria Basin (Great Artesian Basin),2010,1920,0,-0.684216,False
33,Central Dharwar Craton Banded Gneiss Complex (Dharwar Craton Banded Gneiss Complex),2010,1920,0,-0.837497,False
34,Central Huaihe Plain (Huaihe River Basin),2010,1920,0,-1.32939,False
35,Central Minnesota Surficial and Buried Sand and Gravel Aquifers,2010,1920,0.732292,0.376474,True
36,Southern High Plains (High Plains),2010,1920,0.355729,-0.170112,True
37,Southcentral Karoo Basin (Main Karoo Basin),2010,1920,0.198958,-0.2695,True
38,Central High Plains (High Plains),2010,1920,0.427083,-0.134479,True
39,Lower Liaohe River Plain (Liaohe River Basin),2010,1920,0,-0.803324,False
40,Wadi As-Sirhan Basin,2010,1920,0,-0.821213,False
41,Eastern Saq Aquifer (Ram-Saq Aquifer System),2010,1920,0,-0.813337,False
42,Trinity Aquifer System (Edwards-Trinity Aquifer System),2010,1920,1,1.26114,False
43,Wisconsin Precambrian Aquifer,2010,1920,1,2.63605,False
44,Lafayette Area (Gulf Coast Regional Aquifer System),2010,1920,1,1.52323,False
45,Paskapoo-Scollard,2010,1920,0.191146,-0.34885,True
46,Western Surat Basin (Great Artesian Basin),2010,1920,0,-1.5297,False
47,Coonamble Embayment (Great Artesian Basin),2010,1920,0,-1.32227,False
48,Mimosa Syncline and Eastern Surat Basin (Great Artesian Basin),2010,1920,0,-1.50919,False
49,Wuyuer-Shuangyang System (Songnen Plain),2010,1920,0.904687,0.298316,True
50,Powder River Basin (Northern Great Plains),2010,1920,0.745313,0.41151,True
51,Central Eucla Basin (Eucla Basin),2010,1920,0.392708,-0.0700501,True
52,Rio Grande Delta (Gulf Coast Regional Aquifer System),2010,1920,0.428646,-0.0578615,True
53,Michigan Basin,2010,1920,1,3.10071,False
54,Southern Piedmont Upland (Piedmont Plateau),2010,1920,0.997917,0.915302,True
55,Eastern Huaihe Plain (Huaihe River Basin),2010,1920,0,-1.32094,False
56,Northern Dharwar Craton Banded Gneiss Complex (Dharwar Craton Banded Gneiss Complex),2010,1920,0.00416667,-0.645579,True
57,Eastern Mississippi Embayment (Mississippi Embayment),2010,1920,1,1.23995,False
58,Western Cambrian-Ordovician Aquifers (Northern Midwest Aquifer System),2010,1920,1,1.57247,False
59,Southeastern System (Amadeus Basin),2010,1920,0,-0.809289,False
60,Edwards Plateau (Edwards-Trinity Aquifer System),2010,1920,0.907292,0.418165,True
61,Southcentral Deccan Basalt Plateau (Deccan Plateau),2010,1920,0.0625,-0.352435,True
62,Eastside Lower Indus Valley (Indus Basin),2010,1920,0,-1.21656,False
63,Central Piedmont Upland (Piedmont Plateau),2010,1920,0.903646,0.552143,True
64,Eastern Carrizo-Wilcox (Carrizo-Wilcox),2010,1920,1,1.81996,False
65,Jiangsu Coastal Plain (Huaihe River Basin),2010,1920,0.139063,-0.416053,True
66,Eastern Cambrian-Ordovician Aquifers (Northern Midwest Aquifer System),2010,1920,1,1.94396,False
67,Northcentral Deccan Basalt Plateau (Deccan Plateau),2010,1920,0.331771,-0.13506,True
68,Eastside Middle Indus Plain (Indus Basin),2010,1920,0,-1.97616,False
69,Central Allegheny Plateau (Appalachian Plateaus),2010,1920,0.805208,0.516169,True
70,Northeastern Karoo Basin (Main Karoo Basin),2010,1920,0,-0.770064,False
71,Southern Riverine Plains (Murray Basin),2010,1920,0,-0.780029,False
72,Black Warrior River Aquifer System (Eutaw and McShan Formations and Tuscaloosa Group),2010,1920,0.993229,1.17582,True
73,North Carolina and Virginia Coastal Plain (North Atlantic Coastal Plain),2010,1920,0.885417,0.527199,True
74,Northeastern Deccan Basalt Plateau (Deccan Plateau),2010,1920,0.361979,-0.177936,True
75,Ribstone Creek and Northern Judith River Aquifer (Bearpaw-Judith River Aquifer System),2010,1920,0.258854,-0.232378,True
76,Southern Dharwar Craton Banded Gneiss Complex (Dharwar Craton Banded Gneiss Complex),2010,1920,0,-1.03473,False
77,Northcentral Valley and Ridge (Valley and Ridge Aquifer System),2010,1920,0.825521,0.453778,True
78,Ivanhoe Plains (Murray Basin),2010,1920,0.009375,-0.780014,True
79,Southcentral Piedmont Upland (Piedmont Plateau),2010,1920,0.953646,0.714652,True
80,Weipa Depression and Northern Carpentaria Basin (Great Artesian Basin),2010,1920,0.321354,-0.103045,True
81,Western Liaohe River Basin (Liaohe River Basin),2010,1920,0.015625,-0.437937,True
82,Western Carrizo-Wilcox (Carrizo-Wilcox),2010,1920,0.818229,0.268683,True
83,Northern Valley and Ridge (Valley and Ridge Aquifer System),2010,1920,0.853646,0.470595,True
84,Eastern Karoo Basin (Main Karoo Basin),2010,1920,0.00208333,-0.545224,True
85,Eastern Paris Basin (Paris Basin),2010,1920,0.0427083,-0.457382,True
86,Bari Doab (Indus Basin),2010,1920,0,-1.94348,False
87,Eastern Dakota Aquifer,2010,1920,0.986979,0.998946,True
88,Springfield Plain (Central Lowland Till Plain),2010,1920,0.895312,0.773464,True
89,Seymour-Blaine Aquifer System,2010,1920,0.747917,0.323069,True
90,Central Alluvial-Laucustrine Plain (North China Plain),2010,1920,0,-1.7907,False
91,Southern Malwa Plateau (Malwa Plateau),2010,1920,0.527083,0.0819288,True
92,Yellow River Alluvial Plain (North China Plain),2010,1920,0,-1.84937,False
93,Eastern Armorican Massif (Armorican Massif),2010,1920,0.400521,-0.0649999,True
94,Ocala Uplift (Floridan Aquifer System),2010,1920,0.935937,0.59935,True
95,Pearl and Chattahoochee Aquifer System,2010,1920,0.999479,0.997589,True
96,Eastern Mekong Delta (Mekong Delta),2010,1920,0.733333,0.120829,True
97,Jianghan Plain,2010,1920,0.671354,0.128927,True
98,Middle-Upper Devonian Aquifer System (Baltic Artesian Basin),2010,1920,0.0328125,-0.566526,True
99,Upper Cauvery Banded Gneiss Aquifers (Dharwar Craton Banded Gneiss Complex),2010,1920,0,-0.639257,False
100,Western Mississippi Embayment (Mississippi Embayment),2010,1920,1,1.74622,False
101,Southern Hills (Gulf Coast Regional Aquifer System),2010,1920,1,1.45422,False
102,Lake Frome Embayment (Great Artesian Basin),2010,1920,0,-0.938701,False
103,Peedee and Black Creek and Cape Fear Aquifers,2010,1920,0.931771,0.646476,True
104,Western Brahmaputra Basin Aquifer (Brahmaputra Basin Aquifer),2010,1920,0,-0.958692,False
105,Roma Shelf and Northern Surat Basin (Great Artesian Basin),2010,1920,0,-1.52745,False
106,Thal Doab (Indus Basin),2010,1920,0.0661458,-1.31697,True
107,Stockton Plateau (Edwards-Trinity Aquifer System),2010,1920,0.609896,0.0710577,True
108,Rechna Doab (Indus Basin),2010,1920,0,-1.70433,False
109,Northern Piedmont and Tista Fan (Bengal Basin),2010,1920,0,-1.04866,False
110,Central Paris Basin (Paris Basin),2010,1920,0.119792,-0.309578,True
111,Southern Mallee (Murray Basin),2010,1920,0,-0.559412,False
112,Victoria Area (Gulf Coast Regional Aquifer System),2010,1920,0.977604,0.641763,True
113,Central Urucuia Aquifer (Urucuia Aquifer System),2010,1920,0,-2.90864,False
114,Southcentral Floodplains (Bengal Basin),2010,1920,0.0984375,-0.303992,True
115,Eastern Silurian-Devonian Aquifers (Northern Midwest Aquifer System),2010,1920,1,2.20588,False
116,Southern Saurashtra Deccan Trap Basalts (Saurashtra Deccan Trap Basalts),2010,1920,0.00260417,-0.54759,True
117,Northeast Missouri Carbonates (Northern Midwest Aquifer System),2010,1920,0.898958,0.844238,True
118,Eastern C Aquifer (The C Aquifer),2010,1920,0.0708333,-0.504645,True
119,Southern Huaihe River Basin (Huaihe River Basin),2010,1920,0.021875,-0.566377,True
120,Western Huaihe Plain (Huaihe River Basin),2010,1920,0,-1.31607,False
121,Southeastern Surat Basin (Great Artesian Basin),2010,1920,0,-1.41389,False
122,Houston-Galveston Area (Gulf Coast Regional Aquifer System),2010,1920,1,1.2123,False
123,Western Paris Basin (Paris Basin),2010,1920,0.231771,-0.190607,True
124,Northern Cumberland Plateau and Mountains (Appalachian Plateaus),2010,1920,0.960417,0.702866,True
125,Southeastern Coastal Karoo Basin (Main Karoo Basin),2010,1920,0.296354,-0.0979911,True
126,Mount Vernon Hill County (Central Lowland Till Plain),2010,1920,0.965104,0.827828,True
127,Eastern Riverine Plains (Murray Basin),2010,1920,0,-0.904992,False
128,Central Mallee (Murray Basin),2010,1920,0,-0.576629,False
129,Northern Allegheny Plateau (Appalachian Plateaus),2010,1920,0.969271,0.932216,True
130,Daly Basin (Daly-Wiso-Georgina Basins),2010,1920,0,-1.16245,False
131,Blue Mountains and Clearwater Embayment (Columbia Plateau Regional Aquifer System),2010,1920,0.059375,-0.312929,True
132,Western Satpura Basalt Aquifers (Satpura Basalts),2010,1920,0.647396,0.270517,True
133,Northern Aquitaine Basin (Aquitaine Basin),2010,1920,0.335938,-0.107559,True
134,Central Wabash and Bloomington Ridged Plain (Central Lowland Till Plain),2010,1920,0.953646,1.02069,True
135,Northern Riverine Plains (Murray Basin),2010,1920,0,-0.90292,False
136,Upper Peninsula Jacobsville Sandstone and Cambrian-Ordovician and Silurian-Devonian Aquifers (Northern Midwest Aquifer System),2010,1920,1,3.62174,False
137,Eastern Flatwoods Southshores (Floridan Aquifer System),2010,1920,0.778125,0.243302,True
138,Lower Limestone Coast Aquifer System (Murray Basin),2010,1920,0.0333333,-0.350876,True
139,Eastern Malwa Plateau (Malwa Plateau),2010,1920,0.442188,-0.266611,True
140,Southern St. Lawrence Lowlands (St. Lawrence Lowlands),2010,1920,0.974479,1.09684,True
141,Southern Paris Basin (Paris Basin),2010,1920,0.190625,-0.238586,True
142,Westside Middle Indus Plain (Indus Basin),2010,1920,0.075,-1.14585,True
143,Northcentral Piedmont Upland (Piedmont Plateau),2010,1920,0.842708,0.461874,True
144,Osage Plains (Osage Cuestas Aquifer System),2010,1920,1,1.05384,False
145,Eastern Pilbara Granite-Greenstone Terrane (Pilbara Craton),2010,1920,0.618229,0.0641492,True
146,Malwa Plateau Gneiss Complex (Malwa Plateau),2010,1920,0.0473958,-1.29715,True
147,Bluffton Till Plain (Central Lowland Till Plain),2010,1920,0.999479,1.11966,True
148,Vidalia Upland (Floridan Aquifer System),2010,1920,0.969792,0.809852,True
149,Northern Paris Basin (Paris Basin),2010,1920,0.151562,-0.266431,True
150,Southern Valley and Ridge (Valley and Ridge Aquifer System),2010,1920,1,1.00257,False
151,Barind Tract and Central Floodplains (Bengal Basin),2010,1920,0,-0.70902,False
152,Northeastern Judith River (Bearpaw-Judith River Aquifer System),2010,1920,0.194792,-0.522084,True
153,Great Plains Dakota Aquifer,2010,1920,0.901563,0.587045,True
154,Western Armorican Massif (Armorican Massif),2010,1920,0.455729,-0.0336411,True
155,Southeastern Allegheny Plateau (Appalachian Plateaus),2010,1920,0.801562,0.426543,True
156,Western Riverine Plains (Murray Basin),2010,1920,0,-0.7995,False
157,Southern Deccan Basalt Plateau (Deccan Plateau),2010,1920,0.0046875,-0.394465,True
158,Eastern Vindhyan Basin,2010,1920,0.221875,-0.39525,True
159,Catahoula Area (Gulf Coast Regional Aquifer System),2010,1920,1,1.31855,False
160,Milk River,2010,1920,0.196875,-0.266581,True
161,Shawnee Hills (Interior Low Plateaus),2010,1920,0.980208,0.874517,True
162,Sea Island (Floridan Aquifer System),2010,1920,0.945833,0.665478,True
163,Missionary Plains Syncline and Mereenie Anticline (Amadeus Basin),2010,1920,0,-0.898099,False
164,Flint Hills Upland (Osage Cuestas Aquifer System),2010,1920,0.996354,0.896792,True
165,Northwestern Malwa Plateau (Malwa Plateau),2010,1920,0.403125,-0.221893,True
166,Sundarbans and Southern Delta (Bengal Basin),2010,1920,0.511979,0.00582281,True
167,Transboundary Judith River Aquifer (Bearpaw-Judith River Aquifer System),2010,1920,0.442708,-0.0608714,True
168,Middle Chao Phraya Basin,2010,1920,0,-0.891196,False
169,Northern Mallee (Murray Basin),2010,1920,0,-0.695574,False
170,Alabama Coastal Lowlands (Gulf Coast Regional Aquifer System),2010,1920,0.997917,1.13779,True
171,Pecos Valley,2010,1920,0.319792,-0.128238,True
172,Eastern Deccan Basalt Plateau (Deccan Plateau),2010,1920,0.0671875,-0.434322,True
173,Lachlan Alluvium,2010,1920,0,-1.00498,False
174,Devonian and Overlying Unconsolidated Aquifers (Southern Ontario Paleozoic Aquifer System),2010,1920,1,2.54225,False
175,Nanyang Basin,2010,1920,0.0515625,-0.554726,True
176,Newcastle Till Plain (Central Lowland Till Plain),2010,1920,0.932813,0.803144,True
177,Southern Mekong Delta (Mekong Delta),2010,1920,0.917708,0.281351,True
178,Northern Cambrian-Ordovician Aquifers (Northern Midwest Aquifer System),2010,1920,1,2.53714,False
179,Wimmera Plain (Murray Basin),2010,1920,0.0078125,-0.547669,True
180,Ghaap Plateau Dolomite Aquifer System,2010,1920,0.0015625,-0.623142,True
181,Bighorn Basin,2010,1920,0.646875,0.141569,True
182,Northern San Juan Basin,2010,1920,0.0583333,-0.414784,True
183,Southwestern Bengal Basin (Bengal Basin),2010,1920,0.342187,-0.104064,True
184,Central Carrizo-Wilcox (Carrizo-Wilcox),2010,1920,1,1.3135,False
185,Northern Pitted Karst Plain (Yucatan Peninsula),2010,1920,0.190625,-0.223038,True
186,New Brunswick Carboniferous Basin (Maritimes Basin),2010,1920,0.842708,0.660862,True
187,Madhupur Tract and Eastern Floodplains (Bengal Basin),2010,1920,0,-0.623458,False
188,Southwestern Allegheny Plateau (Appalachian Plateaus),2010,1920,0.775,0.46356,True
189,Black Hills Uplift,2010,1920,0.782813,0.490421,True
190,Central Pilbara Granite-Greenstone Terrane (Pilbara Craton),2010,1920,0.444271,-0.032715,True
191,Northwestern Deccan Basalt Plateau (Deccan Plateau),2010,1920,0.551042,0.0742583,True
192,Dougherty Plain and Marianna Lowlands (Floridan Aquifer System),2010,1920,0.998958,0.993211,True
193,Lower Coastal Plain (Floridan Aquifer System),2010,1920,0.933333,0.659074,True
194,Lannemezan Plateau (Aquitaine Basin),2010,1920,0.320833,-0.120885,True
195,Springbok Flats Karoo Basin,2010,1920,0,-0.848741,False
196,Southcentral Valley and Ridge (Valley and Ridge Aquifer System),2010,1920,0.971354,0.731657,True
197,Northcentral Piedmont Plain (North China Plain),2010,1920,0,-1.72058,False
198,North-central High Plains (High Plains),2010,1920,0.632292,0.16141,True
199,Great Bend Prairie (High Plains),2010,1920,0.795833,0.420187,True
200,Delmarva Peninsula (North Atlantic Coastal Plain),2010,1920,0.809375,0.422791,True
201,Denver Basin,2010,1920,0.743229,0.214831,True
202,Eastern Second Songhuajiang System (Songnen Plain),2010,1920,0.860417,0.254329,True
203,Western Bengal Basin (Bengal Basin),2010,1920,0.0447917,-0.443282,True
204,Eastern Otway Basin (Otway Basin),2010,1920,0.0296875,-0.397735,True
205,Western Allegheny Plateau (Appalachian Plateaus),2010,1920,0.902083,0.837383,True
206,Laizhou Coastal Plain,2010,1920,0,-1.43363,False
207,Central Coromandel Fractured Charnockite and Gneiss Aquifers (Coromandel Coastal Plain),2010,1920,0,-0.899156,False
208,Intermediate Aquifer (Floridan Aquifer System),2010,1920,0.805208,0.266655,True
209,Malm Valangnian Aquifer,2010,1920,0.0859375,-0.409305,True
210,Southwestern Khorat Plateau (Khorat Plateau Aquifer System),2010,1920,0.00833333,-0.85276,True
211,Western Cambay Basin (Cambay Basin),2010,1920,0,-0.801528,False
212,Western Pilbara Granite-Greenstone Terrane (Pilbara Craton),2010,1920,0.433854,-0.0352726,True
213,Mississippi Delta (Gulf Coast Regional Aquifer System),2010,1920,1,1.09709,False
214,Central Cambay Basin (Cambay Basin),2010,1920,0,-0.889753,False
215,Eastern Duero Basin (Duero Basin),2010,1920,0.00416667,-0.530534,True
216,Eastern Pennyroyal Plateau (Interior Low Plateaus),2010,1920,0.972396,0.807533,True
217,Gunnedah Basin and Liverpool Plains,2010,1920,0,-1.18395,False
218,Northern Piedmont Upland (Piedmont Plateau),2010,1920,0.861458,0.468974,True
219,Lower Athabasca (Lower Athabasca Basin),2010,1920,0.386458,-0.259544,True
220,Southern Nuomin-Taoer System (Songnen Plain),2010,1920,0.900521,0.308731,True
221,Umatilla Basin and Horse Heaven Hills (Columbia Plateau Regional Aquifer System),2010,1920,0.0197917,-0.427384,True
222,Palouse Slope (Columbia Plateau Regional Aquifer System),2010,1920,0.0598958,-0.491467,True
223,Letaba Lowveld,2010,1920,0,-0.821054,False
224,Landes Plain (Aquitaine Basin),2010,1920,0.397917,-0.0646893,True
225,Transboundary Odanah Shale,2010,1920,0.228125,-0.782757,True
226,Northern Hirri Basin (Chhattisgarh Basin),2010,1920,0.471354,-0.0254961,True
227,Western Second Songhuajiang System (Songnen Plain),2010,1920,0.420833,-0.0477998,True
228,Tifton Upland (Floridan Aquifer System),2010,1920,0.988021,0.852053,True
229,South-central High Plains (High Plains),2010,1920,0.489583,-0.0244875,True
230,Northern Khorat Plateau (Khorat Plateau Aquifer System),2010,1920,0.00885417,-0.795052,True
231,Hill Country (Edwards-Trinity Aquifer System),2010,1920,0.986458,0.644351,True
232,Northern St. Lawrence Lowlands (St. Lawrence Lowlands),2010,1920,1,1.36023,False
233,Chicxulub Sedimentary Basin (Yucatan Peninsula),2010,1920,0.186458,-0.216075,True
234,West Jutland Quaternary and Tertiary Sand Aquifer System,2010,1920,0.557292,0.0353506,True
235,South Platte Basin,2010,1920,0.840104,0.427517,True
236,North Rewa Basin (Son-Mahandai Valley Basins),2010,1920,0.366146,-0.177483,True
237,Southern Coromandel Fractured Charnockite and Gneiss Aquifers (Coromandel Coastal Plain),2010,1920,0.222917,-0.134984,True
238,Chaj Doab (Indus Basin),2010,1920,0.00625,-1.2943,True
239,Rush Springs Aquifer,2010,1920,0.785937,0.432092,True
240,Silurian and Overlying Unconsolidated Aquifers (Southern Ontario Paleozoic Aquifer System),2010,1920,1,2.38179,False
241,Bangkok Basin (Lower Chao Phraya Basin),2010,1920,0.05625,-0.545434,True
242,Gypsum Hills,2010,1920,0.617188,0.204319,True
243,Clarence-Moreton Basin and Cecil Plains (Great Artesian Basin),2010,1920,0,-1.2822,False
244,Hetao Basin,2010,1920,0.0239583,-0.322234,True
245,Western C Aquifer (The C Aquifer),2010,1920,0.0421875,-0.649454,True
246,Arrowsmith and Dandaragan Plateau (Perth Basin),2010,1920,0.576042,0.0414889,True
247,Gambier Embayment (Otway Basin),2010,1920,0.185938,-0.206776,True
248,Northern Columbia River Basin (Columbia Plateau Regional Aquifer System),2010,1920,0.0822917,-0.643095,True
249,San Luis Valley (Middle Rio Grande),2010,1920,0.176563,-0.312493,True
250,Southern Cumberland Plateau - Pottsville Aquifer (Appalachian Plateaus),2010,1920,0.992188,1.1063,True
251,Sylhet Basin (Bengal Basin),2010,1920,0.00364583,-0.62042,True
252,Tuli Karoo Aquifer,2010,1920,0.230208,-0.548561,True
253,Antlers Aquifer,2010,1920,1,1.62652,False
254,New Jersey Coastal Plain (North Atlantic Coastal Plain),2010,1920,0.84375,0.484433,True
255,Upper Deschutes Basin,2010,1920,0.0432292,-0.491285,True
256,Southwestern Flatwoods (Floridan Aquifer System),2010,1920,0.690104,0.14121,True
257,Central Cumberland Plateau and Sequatchie Valley (Appalachian Plateaus),2010,1920,1,1.01827,False
258,Eastern Malwa Plateau Alluvial Aquifer (Malwa Plateau),2010,1920,0,-2.45759,False
259,Northern Duero Basin (Duero Basin),2010,1920,0.0197917,-0.426483,True
260,Central Littoral Plain (North China Plain),2010,1920,0,-1.49248,False
261,Red River Delta,2010,1920,0.991146,0.475921,True
262,Tipton Till Plain (Central Lowland Till Plain),2010,1920,0.984896,1.05027,True
263,Upper Carbonate Aquifer (Northern Midwest Aquifer System),2010,1920,1,1.34142,False
264,Northern Saurashtra Deccan Trap Basalts (Saurashtra Deccan Trap Basalts),2010,1920,0,-0.731201,False
265,Kurnool Basin (Cuddapah Sedimentary Basin),2010,1920,0,-1.02107,False
266,Coatzacoalcos Coastal Aquifer (Coastal Plain of Veracruz),2010,1920,0,-1.28569,False
267,Northern Nuomin-Taoer System (Songnen Plain),2010,1920,0.995833,0.621685,True
268,Hatfield Valley,2010,1920,0.204167,-0.682458,True
269,Northcentral Coromandel Schist Aquifers (Coromandel Coastal Plain),2010,1920,0,-0.975103,False
270,Alsatian Aquifer and Upper Rhine Valley,2010,1920,0,-0.781836,False
271,Southern Odanah Shale,2010,1920,0.100521,-1.45551,True
272,Eastern Satpura Basalt Aquifers (Satpura Basalts),2010,1920,0.542708,0.102414,True
273,Southern Hirri Basin (Chhattisgarh Basin),2010,1920,0.389583,-0.0880693,True
274,Limpopo Plateau,2010,1920,0,-0.729331,False
275,Southeastern Bengal Basin (Bengal Basin),2010,1920,0.138021,-0.294151,True
0,Central Parana Basin and Torres Syncline (Guarani Aquifer System),2011,1920,0.808854,0.179775,True
1,Northern Guarani Aquifer (Guarani Aquifer System),2011,1920,0,-1.50305,False
2,Southwestern Chaco-Lower Parana Basin (Guarani Aquifer System),2011,1920,1,1.1572,False
3,Amazonas Basin and Alter de Chao Aquifer System (Amazon Aquifer System),2011,1920,0.0322917,-0.727759,True
4,Poolowanna Trough and Western Eromanga Basin (Great Artesian Basin),2011,1920,0,-0.89744,False
5,Eastern Eromanga Basin (Great Artesian Basin),2011,1920,0,-1.07518,False
6,Northern Eromanga Basin (Great Artesian Basin),2011,1920,0.0046875,-0.865736,True
7,Northern High Plains (High Plains),2011,1920,1,1.1074,False
8,Williston Basin (Northern Great Plains),2011,1920,0.179167,-0.541716,True
9,Central Eromanga Depocenter (Great Artesian Basin),2011,1920,0,-0.923111,False
10,Western Parecis Basin (Parecis Basin),2011,1920,0.00208333,-0.466157,True
11,Upper Gangetic Plain (Indo-Gangetic Plain),2011,1920,0,-2.75541,False
12,Stampriet Kalahari Karoo Aquifer System,2011,1920,0.0760417,-0.341313,True
13,Northcentral Mega Aquifer System (Mega Aquifer System),2011,1920,0.300521,-0.0574331,True
14,Ozark Plateaus Aquifer System,2011,1920,1,1.40539,False
15,Western Karoo Basin (Main Karoo Basin),2011,1920,0.08125,-0.38409,True
16,Middle Gangetic Plain (Indo-Gangetic Plain),2011,1920,0.0078125,-0.8151,True
17,Northern Mega Aquifer System (Mega Aquifer System),2011,1920,0.807813,0.135017,True
18,Canning Basin,2011,1920,0.588542,0.0922549,True
19,Central Karoo Basin (Main Karoo Basin),2011,1920,0.071875,-0.410882,True
20,Southern Carpentaria Basin (Great Artesian Basin),2011,1920,0,-0.993387,False
21,Eastern Parecis Basin (Parecis Basin),2011,1920,0,-1.31254,False
22,Eastern Poti and Piaui and Cabecas and Serra Grande Aquifers (Parnaiba Basin),2011,1920,0.463542,-0.0214003,True
23,Wiso Basin (Daly-Wiso-Georgina Basins),2011,1920,0,-1.52344,False
24,Northern Georgina Basin (Daly-Wiso-Georgina Basins),2011,1920,0,-1.75493,False
25,Dakota Aquifer System,2011,1920,0.990625,0.676818,True
26,Arckaringa Basin and Southwestern Great Artesian Basin (Great Artesian Basin),2011,1920,0.213021,-0.367859,True
27,Trans Gangetic Plain (Indo-Gangetic Plain),2011,1920,0,-3.79791,False
28,Southcentral Mega Aquifer System (Mega Aquifer System),2011,1920,0.478646,-0.0106656,True
29,Central Mississippi Embayment (Mississippi Embayment),2011,1920,0.999479,1.51337,True
30,Northern Karoo Basin (Main Karoo Basin),2011,1920,0.0015625,-0.529363,True
31,Mississippian-Silurian-Devonian Carbonates (Northern Midwest Aquifer System),2011,1920,0.991667,1.50879,True
32,Staten River Embayment and Central Carpentaria Basin (Great Artesian Basin),2011,1920,0,-0.570635,False
33,Central Dharwar Craton Banded Gneiss Complex (Dharwar Craton Banded Gneiss Complex),2011,1920,0.870833,0.222059,True
34,Central Huaihe Plain (Huaihe River Basin),2011,1920,0,-0.869281,False
35,Central Minnesota Surficial and Buried Sand and Gravel Aquifers,2011,1920,0.706771,0.340827,True
36,Southern High Plains (High Plains),2011,1920,0.511458,0.0147711,True
37,Southcentral Karoo Basin (Main Karoo Basin),2011,1920,0.0484375,-0.409519,True
38,Central High Plains (High Plains),2011,1920,0.689583,0.264958,True
39,Lower Liaohe River Plain (Liaohe River Basin),2011,1920,0.0119792,-0.570468,True
40,Wadi As-Sirhan Basin,2011,1920,0,-0.768619,False
41,Eastern Saq Aquifer (Ram-Saq Aquifer System),2011,1920,0,-0.848053,False
42,Trinity Aquifer System (Edwards-Trinity Aquifer System),2011,1920,1,1.50783,False
43,Wisconsin Precambrian Aquifer,2011,1920,1,2.61033,False
44,Lafayette Area (Gulf Coast Regional Aquifer System),2011,1920,1,1.63746,False
45,Paskapoo-Scollard,2011,1920,0.134375,-0.450016,True
46,Western Surat Basin (Great Artesian Basin),2011,1920,0,-1.24937,False
47,Coonamble Embayment (Great Artesian Basin),2011,1920,0,-0.997488,False
48,Mimosa Syncline and Eastern Surat Basin (Great Artesian Basin),2011,1920,0,-1.36883,False
49,Wuyuer-Shuangyang System (Songnen Plain),2011,1920,0.996875,0.451632,True
50,Powder River Basin (Northern Great Plains),2011,1920,0.733333,0.348039,True
51,Central Eucla Basin (Eucla Basin),2011,1920,0.321354,-0.129296,True
52,Rio Grande Delta (Gulf Coast Regional Aquifer System),2011,1920,0.769792,0.23496,True
53,Michigan Basin,2011,1920,1,3.26114,False
54,Southern Piedmont Upland (Piedmont Plateau),2011,1920,1,1.17335,False
55,Eastern Huaihe Plain (Huaihe River Basin),2011,1920,0,-0.883677,False
56,Northern Dharwar Craton Banded Gneiss Complex (Dharwar Craton Banded Gneiss Complex),2011,1920,0.960938,0.380496,True
57,Eastern Mississippi Embayment (Mississippi Embayment),2011,1920,1,1.42256,False
58,Western Cambrian-Ordovician Aquifers (Northern Midwest Aquifer System),2011,1920,1,1.66798,False
59,Southeastern System (Amadeus Basin),2011,1920,0.00260417,-0.740292,True
60,Edwards Plateau (Edwards-Trinity Aquifer System),2011,1920,0.9625,0.536502,True
61,Southcentral Deccan Basalt Plateau (Deccan Plateau),2011,1920,0.980208,0.527037,True
62,Eastside Lower Indus Valley (Indus Basin),2011,1920,0,-1.33778,False
63,Central Piedmont Upland (Piedmont Plateau),2011,1920,0.945833,0.79687,True
64,Eastern Carrizo-Wilcox (Carrizo-Wilcox),2011,1920,1,1.98309,False
65,Jiangsu Coastal Plain (Huaihe River Basin),2011,1920,0.348958,-0.113125,True
66,Eastern Cambrian-Ordovician Aquifers (Northern Midwest Aquifer System),2011,1920,1,2.20063,False
67,Northcentral Deccan Basalt Plateau (Deccan Plateau),2011,1920,0.939583,0.55279,True
68,Eastside Middle Indus Plain (Indus Basin),2011,1920,0,-2.39035,False
69,Central Allegheny Plateau (Appalachian Plateaus),2011,1920,0.711979,0.390522,True
70,Northeastern Karoo Basin (Main Karoo Basin),2011,1920,0.0432292,-0.611614,True
71,Southern Riverine Plains (Murray Basin),2011,1920,0,-0.819101,False
72,Black Warrior River Aquifer System (Eutaw and McShan Formations and Tuscaloosa Group),2011,1920,1,1.44722,False
73,North Carolina and Virginia Coastal Plain (North Atlantic Coastal Plain),2011,1920,0.917188,0.634354,True
74,Northeastern Deccan Basalt Plateau (Deccan Plateau),2011,1920,0.838542,0.411535,True
75,Ribstone Creek and Northern Judith River Aquifer (Bearpaw-Judith River Aquifer System),2011,1920,0.147917,-0.411241,True
76,Southern Dharwar Craton Banded Gneiss Complex (Dharwar Craton Banded Gneiss Complex),2011,1920,0.315104,-0.103682,True
77,Northcentral Valley and Ridge (Valley and Ridge Aquifer System),2011,1920,0.870833,0.489416,True
78,Ivanhoe Plains (Murray Basin),2011,1920,0,-0.907117,False
79,Southcentral Piedmont Upland (Piedmont Plateau),2011,1920,0.986979,0.989453,True
80,Weipa Depression and Northern Carpentaria Basin (Great Artesian Basin),2011,1920,0.360417,-0.0827371,True
81,Western Liaohe River Basin (Liaohe River Basin),2011,1920,0.1,-0.314829,True
82,Western Carrizo-Wilcox (Carrizo-Wilcox),2011,1920,0.959896,0.494779,True
83,Northern Valley and Ridge (Valley and Ridge Aquifer System),2011,1920,0.751042,0.355688,True
84,Eastern Karoo Basin (Main Karoo Basin),2011,1920,0.0895833,-0.449668,True
85,Eastern Paris Basin (Paris Basin),2011,1920,0.00416667,-0.817741,True
86,Bari Doab (Indus Basin),2011,1920,0,-2.34696,False
87,Eastern Dakota Aquifer,2011,1920,1,1.27073,False
88,Springfield Plain (Central Lowland Till Plain),2011,1920,0.938542,0.929826,True
89,Seymour-Blaine Aquifer System,2011,1920,0.969792,0.697526,True
90,Central Alluvial-Laucustrine Plain (North China Plain),2011,1920,0,-1.74189,False
91,Southern Malwa Plateau (Malwa Plateau),2011,1920,0.479167,-0.0600632,True
92,Yellow River Alluvial Plain (North China Plain),2011,1920,0,-1.69599,False
93,Eastern Armorican Massif (Armorican Massif),2011,1920,0.36875,-0.101198,True
94,Ocala Uplift (Floridan Aquifer System),2011,1920,0.970313,0.815757,True
95,Pearl and Chattahoochee Aquifer System,2011,1920,1,1.25951,False
96,Eastern Mekong Delta (Mekong Delta),2011,1920,0.153125,-0.252235,True
97,Jianghan Plain,2011,1920,0.99375,0.786653,True
98,Middle-Upper Devonian Aquifer System (Baltic Artesian Basin),2011,1920,0.046875,-0.517073,True
99,Upper Cauvery Banded Gneiss Aquifers (Dharwar Craton Banded Gneiss Complex),2011,1920,0.553646,0.0298456,True
100,Western Mississippi Embayment (Mississippi Embayment),2011,1920,1,1.83419,False
101,Southern Hills (Gulf Coast Regional Aquifer System),2011,1920,1,1.47566,False
102,Lake Frome Embayment (Great Artesian Basin),2011,1920,0.009375,-0.906178,True
103,Peedee and Black Creek and Cape Fear Aquifers,2011,1920,0.950521,0.901061,True
104,Western Brahmaputra Basin Aquifer (Brahmaputra Basin Aquifer),2011,1920,0.227604,-0.323646,True
105,Roma Shelf and Northern Surat Basin (Great Artesian Basin),2011,1920,0,-1.42943,False
106,Thal Doab (Indus Basin),2011,1920,0.0078125,-1.52583,True
107,Stockton Plateau (Edwards-Trinity Aquifer System),2011,1920,0.640104,0.0845441,True
108,Rechna Doab (Indus Basin),2011,1920,0,-1.99189,False
109,Northern Piedmont and Tista Fan (Bengal Basin),2011,1920,0.0208333,-0.425241,True
110,Central Paris Basin (Paris Basin),2011,1920,0.01875,-0.561716,True
111,Southern Mallee (Murray Basin),2011,1920,0.003125,-0.706316,True
112,Victoria Area (Gulf Coast Regional Aquifer System),2011,1920,0.996875,0.851228,True
113,Central Urucuia Aquifer (Urucuia Aquifer System),2011,1920,0,-2.39318,False
114,Southcentral Floodplains (Bengal Basin),2011,1920,0.564583,0.0558223,True
115,Eastern Silurian-Devonian Aquifers (Northern Midwest Aquifer System),2011,1920,1,2.41719,False
116,Southern Saurashtra Deccan Trap Basalts (Saurashtra Deccan Trap Basalts),2011,1920,0.107813,-0.285778,True
117,Northeast Missouri Carbonates (Northern Midwest Aquifer System),2011,1920,0.938542,1.06873,True
118,Eastern C Aquifer (The C Aquifer),2011,1920,0.196354,-0.394578,True
119,Southern Huaihe River Basin (Huaihe River Basin),2011,1920,0.580208,0.120366,True
120,Western Huaihe Plain (Huaihe River Basin),2011,1920,0,-0.933639,False
121,Southeastern Surat Basin (Great Artesian Basin),2011,1920,0,-1.23158,False
122,Houston-Galveston Area (Gulf Coast Regional Aquifer System),2011,1920,1,1.38818,False
123,Western Paris Basin (Paris Basin),2011,1920,0.206771,-0.27605,True
124,Northern Cumberland Plateau and Mountains (Appalachian Plateaus),2011,1920,0.961458,0.730562,True
125,Southeastern Coastal Karoo Basin (Main Karoo Basin),2011,1920,0.209896,-0.188814,True
126,Mount Vernon Hill County (Central Lowland Till Plain),2011,1920,0.957812,0.924921,True
127,Eastern Riverine Plains (Murray Basin),2011,1920,0,-0.89796,False
128,Central Mallee (Murray Basin),2011,1920,0,-0.71741,False
129,Northern Allegheny Plateau (Appalachian Plateaus),2011,1920,0.898438,0.826072,True
130,Daly Basin (Daly-Wiso-Georgina Basins),2011,1920,0,-1.44436,False
131,Blue Mountains and Clearwater Embayment (Columbia Plateau Regional Aquifer System),2011,1920,0.00208333,-0.527013,True
132,Western Satpura Basalt Aquifers (Satpura Basalts),2011,1920,0.688542,0.394307,True
133,Northern Aquitaine Basin (Aquitaine Basin),2011,1920,0.333854,-0.134319,True
134,Central Wabash and Bloomington Ridged Plain (Central Lowland Till Plain),2011,1920,0.979688,1.19891,True
135,Northern Riverine Plains (Murray Basin),2011,1920,0,-0.931385,False
136,Upper Peninsula Jacobsville Sandstone and Cambrian-Ordovician and Silurian-Devonian Aquifers (Northern Midwest Aquifer System),2011,1920,1,3.64923,False
137,Eastern Flatwoods Southshores (Floridan Aquifer System),2011,1920,0.86875,0.375111,True
138,Lower Limestone Coast Aquifer System (Murray Basin),2011,1920,0,-0.462985,False
139,Eastern Malwa Plateau (Malwa Plateau),2011,1920,0.235417,-0.630034,True
140,Southern St. Lawrence Lowlands (St. Lawrence Lowlands),2011,1920,0.882292,0.799503,True
141,Southern Paris Basin (Paris Basin),2011,1920,0.135417,-0.374905,True
142,Westside Middle Indus Plain (Indus Basin),2011,1920,0.00833333,-1.34883,True
143,Northcentral Piedmont Upland (Piedmont Plateau),2011,1920,0.858333,0.438258,True
144,Osage Plains (Osage Cuestas Aquifer System),2011,1920,1,1.40327,False
145,Eastern Pilbara Granite-Greenstone Terrane (Pilbara Craton),2011,1920,0.0671875,-0.268581,True
146,Malwa Plateau Gneiss Complex (Malwa Plateau),2011,1920,0,-1.78858,False
147,Bluffton Till Plain (Central Lowland Till Plain),2011,1920,0.984375,1.09974,True
148,Vidalia Upland (Floridan Aquifer System),2011,1920,0.993229,1.00507,True
149,Northern Paris Basin (Paris Basin),2011,1920,0.0625,-0.446642,True
150,Southern Valley and Ridge (Valley and Ridge Aquifer System),2011,1920,1,1.26312,False
151,Barind Tract and Central Floodplains (Bengal Basin),2011,1920,0.322396,-0.150325,True
152,Northeastern Judith River (Bearpaw-Judith River Aquifer System),2011,1920,0.102083,-0.814366,True
153,Great Plains Dakota Aquifer,2011,1920,0.996354,1.16553,True
154,Western Armorican Massif (Armorican Massif),2011,1920,0.377083,-0.0759938,True
155,Southeastern Allegheny Plateau (Appalachian Plateaus),2011,1920,0.825521,0.377474,True
156,Western Riverine Plains (Murray Basin),2011,1920,0,-0.903816,False
157,Southern Deccan Basalt Plateau (Deccan Plateau),2011,1920,0.963021,0.413316,True
158,Eastern Vindhyan Basin,2011,1920,0.0994792,-0.607204,True
159,Catahoula Area (Gulf Coast Regional Aquifer System),2011,1920,1,1.41394,False
160,Milk River,2011,1920,0.0729167,-0.488549,True
161,Shawnee Hills (Interior Low Plateaus),2011,1920,0.966667,0.948472,True
162,Sea Island (Floridan Aquifer System),2011,1920,0.970833,0.889723,True
163,Missionary Plains Syncline and Mereenie Anticline (Amadeus Basin),2011,1920,0,-0.83419,False
164,Flint Hills Upland (Osage Cuestas Aquifer System),2011,1920,1,1.34489,False
165,Northwestern Malwa Plateau (Malwa Plateau),2011,1920,0.3,-0.640856,True
166,Sundarbans and Southern Delta (Bengal Basin),2011,1920,0.768229,0.182349,True
167,Transboundary Judith River Aquifer (Bearpaw-Judith River Aquifer System),2011,1920,0.177604,-0.373319,True
168,Middle Chao Phraya Basin,2011,1920,0,-1.49776,False
169,Northern Mallee (Murray Basin),2011,1920,0,-0.815059,False
170,Alabama Coastal Lowlands (Gulf Coast Regional Aquifer System),2011,1920,1,1.29777,False
171,Pecos Valley,2011,1920,0.363021,-0.138182,True
172,Eastern Deccan Basalt Plateau (Deccan Plateau),2011,1920,0.971875,0.558519,True
173,Lachlan Alluvium,2011,1920,0.0276042,-0.845526,True
174,Devonian and Overlying Unconsolidated Aquifers (Southern Ontario Paleozoic Aquifer System),2011,1920,1,2.60636,False
175,Nanyang Basin,2011,1920,0.392708,-0.0618173,True
176,Newcastle Till Plain (Central Lowland Till Plain),2011,1920,0.833333,0.686249,True
177,Southern Mekong Delta (Mekong Delta),2011,1920,0.478646,-0.0132025,True
178,Northern Cambrian-Ordovician Aquifers (Northern Midwest Aquifer System),2011,1920,1,2.70789,False
179,Wimmera Plain (Murray Basin),2011,1920,0.0333333,-0.663129,True
180,Ghaap Plateau Dolomite Aquifer System,2011,1920,0.0171875,-0.525329,True
181,Bighorn Basin,2011,1920,0.544792,0.040413,True
182,Northern San Juan Basin,2011,1920,0.078125,-0.381749,True
183,Southwestern Bengal Basin (Bengal Basin),2011,1920,0.622917,0.0661155,True
184,Central Carrizo-Wilcox (Carrizo-Wilcox),2011,1920,1,1.5012,False
185,Northern Pitted Karst Plain (Yucatan Peninsula),2011,1920,0.602604,0.0776478,True
186,New Brunswick Carboniferous Basin (Maritimes Basin),2011,1920,0.706771,0.412897,True
187,Madhupur Tract and Eastern Floodplains (Bengal Basin),2011,1920,0.488021,-0.0102439,True
188,Southwestern Allegheny Plateau (Appalachian Plateaus),2011,1920,0.711979,0.335073,True
189,Black Hills Uplift,2011,1920,0.847917,0.555101,True
190,Central Pilbara Granite-Greenstone Terrane (Pilbara Craton),2011,1920,0.0473958,-0.30588,True
191,Northwestern Deccan Basalt Plateau (Deccan Plateau),2011,1920,0.829688,0.502518,True
192,Dougherty Plain and Marianna Lowlands (Floridan Aquifer System),2011,1920,1,1.21876,False
193,Lower Coastal Plain (Floridan Aquifer System),2011,1920,0.969792,0.925337,True
194,Lannemezan Plateau (Aquitaine Basin),2011,1920,0.430208,-0.0499874,True
195,Springbok Flats Karoo Basin,2011,1920,0,-0.681505,False
196,Southcentral Valley and Ridge (Valley and Ridge Aquifer System),2011,1920,0.9875,0.835317,True
197,Northcentral Piedmont Plain (North China Plain),2011,1920,0,-1.74362,False
198,North-central High Plains (High Plains),2011,1920,0.927604,0.597819,True
199,Great Bend Prairie (High Plains),2011,1920,0.969792,1.05125,True
200,Delmarva Peninsula (North Atlantic Coastal Plain),2011,1920,0.79375,0.423016,True
201,Denver Basin,2011,1920,0.778646,0.320841,True
202,Eastern Second Songhuajiang System (Songnen Plain),2011,1920,0.998958,0.536775,True
203,Western Bengal Basin (Bengal Basin),2011,1920,0.339583,-0.0978259,True
204,Eastern Otway Basin (Otway Basin),2011,1920,0.01875,-0.433148,True
205,Western Allegheny Plateau (Appalachian Plateaus),2011,1920,0.790625,0.722021,True
206,Laizhou Coastal Plain,2011,1920,0,-1.1073,False
207,Central Coromandel Fractured Charnockite and Gneiss Aquifers (Coromandel Coastal Plain),2011,1920,0.133854,-0.289534,True
208,Intermediate Aquifer (Floridan Aquifer System),2011,1920,0.89375,0.446814,True
209,Malm Valangnian Aquifer,2011,1920,0.00416667,-0.556666,True
210,Southwestern Khorat Plateau (Khorat Plateau Aquifer System),2011,1920,0,-1.14348,False
211,Western Cambay Basin (Cambay Basin),2011,1920,0,-0.708154,False
212,Western Pilbara Granite-Greenstone Terrane (Pilbara Craton),2011,1920,0.0807292,-0.268834,True
213,Mississippi Delta (Gulf Coast Regional Aquifer System),2011,1920,1,1.11253,False
214,Central Cambay Basin (Cambay Basin),2011,1920,0,-0.892457,False
215,Eastern Duero Basin (Duero Basin),2011,1920,0.0916667,-0.370325,True
216,Eastern Pennyroyal Plateau (Interior Low Plateaus),2011,1920,0.969271,0.824473,True
217,Gunnedah Basin and Liverpool Plains,2011,1920,0,-0.939513,False
218,Northern Piedmont Upland (Piedmont Plateau),2011,1920,0.791146,0.379886,True
219,Lower Athabasca (Lower Athabasca Basin),2011,1920,0.661458,0.335102,True
220,Southern Nuomin-Taoer System (Songnen Plain),2011,1920,0.980729,0.376885,True
221,Umatilla Basin and Horse Heaven Hills (Columbia Plateau Regional Aquifer System),2011,1920,0,-0.649607,False
222,Palouse Slope (Columbia Plateau Regional Aquifer System),2011,1920,0.0104167,-0.714461,True
223,Letaba Lowveld,2011,1920,0,-0.686931,False
224,Landes Plain (Aquitaine Basin),2011,1920,0.466146,-0.0267876,True
225,Transboundary Odanah Shale,2011,1920,0.146875,-1.05765,True
226,Northern Hirri Basin (Chhattisgarh Basin),2011,1920,0.589063,0.0696782,True
227,Western Second Songhuajiang System (Songnen Plain),2011,1920,0.890104,0.190306,True
228,Tifton Upland (Floridan Aquifer System),2011,1920,1,1.08049,False
229,South-central High Plains (High Plains),2011,1920,0.733854,0.399069,True
230,Northern Khorat Plateau (Khorat Plateau Aquifer System),2011,1920,0.0015625,-1.08392,True
231,Hill Country (Edwards-Trinity Aquifer System),2011,1920,0.998958,0.840608,True
232,Northern St. Lawrence Lowlands (St. Lawrence Lowlands),2011,1920,0.928125,0.99525,True
233,Chicxulub Sedimentary Basin (Yucatan Peninsula),2011,1920,0.653646,0.109664,True
234,West Jutland Quaternary and Tertiary Sand Aquifer System,2011,1920,0.457813,-0.0349939,True
235,South Platte Basin,2011,1920,0.908333,0.598706,True
236,North Rewa Basin (Son-Mahandai Valley Basins),2011,1920,0.1875,-0.274704,True
237,Southern Coromandel Fractured Charnockite and Gneiss Aquifers (Coromandel Coastal Plain),2011,1920,0.582292,0.0416411,True
238,Chaj Doab (Indus Basin),2011,1920,0,-1.51683,False
239,Rush Springs Aquifer,2011,1920,0.966667,0.970181,True
240,Silurian and Overlying Unconsolidated Aquifers (Southern Ontario Paleozoic Aquifer System),2011,1920,1,2.42685,False
241,Bangkok Basin (Lower Chao Phraya Basin),2011,1920,0.01875,-0.906003,True
242,Gypsum Hills,2011,1920,0.923438,0.698227,True
243,Clarence-Moreton Basin and Cecil Plains (Great Artesian Basin),2011,1920,0,-1.21908,False
244,Hetao Basin,2011,1920,0.0447917,-0.300458,True
245,Western C Aquifer (The C Aquifer),2011,1920,0.113021,-0.475861,True
246,Arrowsmith and Dandaragan Plateau (Perth Basin),2011,1920,0.2125,-0.172273,True
247,Gambier Embayment (Otway Basin),2011,1920,0.0244792,-0.300434,True
248,Northern Columbia River Basin (Columbia Plateau Regional Aquifer System),2011,1920,0.021875,-0.853451,True
249,San Luis Valley (Middle Rio Grande),2011,1920,0.223958,-0.320368,True
250,Southern Cumberland Plateau - Pottsville Aquifer (Appalachian Plateaus),2011,1920,1,1.36602,False
251,Sylhet Basin (Bengal Basin),2011,1920,0.469271,-0.0373364,True
252,Tuli Karoo Aquifer,2011,1920,0.291146,-0.349009,True
253,Antlers Aquifer,2011,1920,1,1.86742,False
254,New Jersey Coastal Plain (North Atlantic Coastal Plain),2011,1920,0.808854,0.420536,True
255,Upper Deschutes Basin,2011,1920,0,-0.657325,False
256,Southwestern Flatwoods (Floridan Aquifer System),2011,1920,0.829167,0.29705,True
257,Central Cumberland Plateau and Sequatchie Valley (Appalachian Plateaus),2011,1920,1,1.21169,False
258,Eastern Malwa Plateau Alluvial Aquifer (Malwa Plateau),2011,1920,0,-3.16593,False
259,Northern Duero Basin (Duero Basin),2011,1920,0.115625,-0.338119,True
260,Central Littoral Plain (North China Plain),2011,1920,0,-1.42519,False
261,Red River Delta,2011,1920,0.573958,0.0367479,True
262,Tipton Till Plain (Central Lowland Till Plain),2011,1920,0.982812,1.11788,True
263,Upper Carbonate Aquifer (Northern Midwest Aquifer System),2011,1920,0.996354,1.54187,True
264,Northern Saurashtra Deccan Trap Basalts (Saurashtra Deccan Trap Basalts),2011,1920,0,-0.552097,False
265,Kurnool Basin (Cuddapah Sedimentary Basin),2011,1920,0.686979,0.0897519,True
266,Coatzacoalcos Coastal Aquifer (Coastal Plain of Veracruz),2011,1920,0,-1.0593,False
267,Northern Nuomin-Taoer System (Songnen Plain),2011,1920,1,0.701335,False
268,Hatfield Valley,2011,1920,0.147917,-0.961774,True
269,Northcentral Coromandel Schist Aquifers (Coromandel Coastal Plain),2011,1920,0.391667,-0.0772232,True
270,Alsatian Aquifer and Upper Rhine Valley,2011,1920,0,-1.01372,False
271,Southern Odanah Shale,2011,1920,0.0541667,-1.85526,True
272,Eastern Satpura Basalt Aquifers (Satpura Basalts),2011,1920,0.711979,0.369135,True
273,Southern Hirri Basin (Chhattisgarh Basin),2011,1920,0.716667,0.175603,True
274,Limpopo Plateau,2011,1920,0,-0.556027,False
275,Southeastern Bengal Basin (Bengal Basin),2011,1920,0.550521,0.0442507,True
0,Central Parana Basin and Torres Syncline (Guarani Aquifer System),2012,1920,0,-0.657538,False
1,Northern Guarani Aquifer (Guarani Aquifer System),2012,1920,0,-1.77199,False
2,Southwestern Chaco-Lower Parana Basin (Guarani Aquifer System),2012,1920,0.742188,0.155401,True
3,Amazonas Basin and Alter de Chao Aquifer System (Amazon Aquifer System),2012,1920,1,0.699313,False
4,Poolowanna Trough and Western Eromanga Basin (Great Artesian Basin),2012,1920,0,-0.517473,False
5,Eastern Eromanga Basin (Great Artesian Basin),2012,1920,0.00520833,-0.70394,True
6,Northern Eromanga Basin (Great Artesian Basin),2012,1920,0.101042,-0.492832,True
7,Northern High Plains (High Plains),2012,1920,1,1.25515,False
8,Williston Basin (Northern Great Plains),2012,1920,0.0864583,-0.725907,True
9,Central Eromanga Depocenter (Great Artesian Basin),2012,1920,0,-0.689429,False
10,Western Parecis Basin (Parecis Basin),2012,1920,0,-0.894777,False
11,Upper Gangetic Plain (Indo-Gangetic Plain),2012,1920,0,-2.14564,False
12,Stampriet Kalahari Karoo Aquifer System,2012,1920,0.803646,0.203986,True
13,Northcentral Mega Aquifer System (Mega Aquifer System),2012,1920,0.383333,-0.0451744,True
14,Ozark Plateaus Aquifer System,2012,1920,1,1.37026,False
15,Western Karoo Basin (Main Karoo Basin),2012,1920,0.241146,-0.171394,True
16,Middle Gangetic Plain (Indo-Gangetic Plain),2012,1920,0.550521,0.0635892,True
17,Northern Mega Aquifer System (Mega Aquifer System),2012,1920,0.376042,-0.0476845,True
18,Canning Basin,2012,1920,0.819271,0.288331,True
19,Central Karoo Basin (Main Karoo Basin),2012,1920,0.383333,-0.0544587,True
20,Southern Carpentaria Basin (Great Artesian Basin),2012,1920,0.000520833,-0.500524,True
21,Eastern Parecis Basin (Parecis Basin),2012,1920,0,-1.11224,False
22,Eastern Poti and Piaui and Cabecas and Serra Grande Aquifers (Parnaiba Basin),2012,1920,1,1.09551,False
23,Wiso Basin (Daly-Wiso-Georgina Basins),2012,1920,0,-1.07473,False
24,Northern Georgina Basin (Daly-Wiso-Georgina Basins),2012,1920,0,-1.0878,False
25,Dakota Aquifer System,2012,1920,0.963021,0.598118,True
26,Arckaringa Basin and Southwestern Great Artesian Basin (Great Artesian Basin),2012,1920,0.326042,-0.187482,True
27,Trans Gangetic Plain (Indo-Gangetic Plain),2012,1920,0,-3.74982,False
28,Southcentral Mega Aquifer System (Mega Aquifer System),2012,1920,0.391146,-0.0544997,True
29,Central Mississippi Embayment (Mississippi Embayment),2012,1920,1,1.43206,False
30,Northern Karoo Basin (Main Karoo Basin),2012,1920,0.653646,0.0580808,True
31,Mississippian-Silurian-Devonian Carbonates (Northern Midwest Aquifer System),2012,1920,0.989583,1.31635,True
32,Staten River Embayment and Central Carpentaria Basin (Great Artesian Basin),2012,1920,0.280208,-0.123506,True
33,Central Dharwar Craton Banded Gneiss Complex (Dharwar Craton Banded Gneiss Complex),2012,1920,1,1.28233,False
34,Central Huaihe Plain (Huaihe River Basin),2012,1920,0.482812,-0.0112293,True
35,Central Minnesota Surficial and Buried Sand and Gravel Aquifers,2012,1920,0.509896,0.0127631,True
36,Southern High Plains (High Plains),2012,1920,0.393229,-0.148476,True
37,Southcentral Karoo Basin (Main Karoo Basin),2012,1920,0.104688,-0.27281,True
38,Central High Plains (High Plains),2012,1920,0.690104,0.261124,True
39,Lower Liaohe River Plain (Liaohe River Basin),2012,1920,0.196354,-0.178937,True
40,Wadi As-Sirhan Basin,2012,1920,0,-0.805514,False
41,Eastern Saq Aquifer (Ram-Saq Aquifer System),2012,1920,0,-0.899337,False
42,Trinity Aquifer System (Edwards-Trinity Aquifer System),2012,1920,1,1.22009,False
43,Wisconsin Precambrian Aquifer,2012,1920,1,1.76412,False
44,Lafayette Area (Gulf Coast Regional Aquifer System),2012,1920,1,1.34636,False
45,Paskapoo-Scollard,2012,1920,0.0505208,-0.607443,True
46,Western Surat Basin (Great Artesian Basin),2012,1920,0,-0.723578,False
47,Coonamble Embayment (Great Artesian Basin),2012,1920,0.0729167,-0.397528,True
48,Mimosa Syncline and Eastern Surat Basin (Great Artesian Basin),2012,1920,0,-0.837556,False
49,Wuyuer-Shuangyang System (Songnen Plain),2012,1920,1,0.508506,False
50,Powder River Basin (Northern Great Plains),2012,1920,0.723958,0.310476,True
51,Central Eucla Basin (Eucla Basin),2012,1920,0.148438,-0.187513,True
52,Rio Grande Delta (Gulf Coast Regional Aquifer System),2012,1920,0.621354,0.084974,True
53,Michigan Basin,2012,1920,1,2.59457,False
54,Southern Piedmont Upland (Piedmont Plateau),2012,1920,0.991667,1.01916,True
55,Eastern Huaihe Plain (Huaihe River Basin),2012,1920,0.285417,-0.110655,True
56,Northern Dharwar Craton Banded Gneiss Complex (Dharwar Craton Banded Gneiss Complex),2012,1920,1,1.24439,False
57,Eastern Mississippi Embayment (Mississippi Embayment),2012,1920,1,1.42135,False
58,Western Cambrian-Ordovician Aquifers (Northern Midwest Aquifer System),2012,1920,1,1.2433,False
59,Southeastern System (Amadeus Basin),2012,1920,0.00104167,-0.434626,True
60,Edwards Plateau (Edwards-Trinity Aquifer System),2012,1920,0.838021,0.280401,True
61,Southcentral Deccan Basalt Plateau (Deccan Plateau),2012,1920,1,1.3703,False
62,Eastside Lower Indus Valley (Indus Basin),2012,1920,0,-1.12557,False
63,Central Piedmont Upland (Piedmont Plateau),2012,1920,0.9125,0.550246,True
64,Eastern Carrizo-Wilcox (Carrizo-Wilcox),2012,1920,1,1.57544,False
65,Jiangsu Coastal Plain (Huaihe River Basin),2012,1920,0.943229,0.242905,True
66,Eastern Cambrian-Ordovician Aquifers (Northern Midwest Aquifer System),2012,1920,1,1.81613,False
67,Northcentral Deccan Basalt Plateau (Deccan Plateau),2012,1920,1,1.18439,False
68,Eastside Middle Indus Plain (Indus Basin),2012,1920,0,-2.59765,False
69,Central Allegheny Plateau (Appalachian Plateaus),2012,1920,0.71875,0.411123,True
70,Northeastern Karoo Basin (Main Karoo Basin),2012,1920,0.344271,-0.0998364,True
71,Southern Riverine Plains (Murray Basin),2012,1920,0.05,-0.449924,True
72,Black Warrior River Aquifer System (Eutaw and McShan Formations and Tuscaloosa Group),2012,1920,1,1.44181,False
73,North Carolina and Virginia Coastal Plain (North Atlantic Coastal Plain),2012,1920,0.846354,0.4767,True
74,Northeastern Deccan Basalt Plateau (Deccan Plateau),2012,1920,1,0.97977,False
75,Ribstone Creek and Northern Judith River Aquifer (Bearpaw-Judith River Aquifer System),2012,1920,0.0322917,-0.864359,True
76,Southern Dharwar Craton Banded Gneiss Complex (Dharwar Craton Banded Gneiss Complex),2012,1920,1,1.01498,False
77,Northcentral Valley and Ridge (Valley and Ridge Aquifer System),2012,1920,0.805208,0.330337,True
78,Ivanhoe Plains (Murray Basin),2012,1920,0,-0.705395,False
79,Southcentral Piedmont Upland (Piedmont Plateau),2012,1920,0.961979,0.729213,True
80,Weipa Depression and Northern Carpentaria Basin (Great Artesian Basin),2012,1920,0.783854,0.179397,True
81,Western Liaohe River Basin (Liaohe River Basin),2012,1920,0.414583,-0.0517562,True
82,Western Carrizo-Wilcox (Carrizo-Wilcox),2012,1920,0.871875,0.334777,True
83,Northern Valley and Ridge (Valley and Ridge Aquifer System),2012,1920,0.855208,0.456699,True
84,Eastern Karoo Basin (Main Karoo Basin),2012,1920,0.388021,-0.0601537,True
85,Eastern Paris Basin (Paris Basin),2012,1920,0.00208333,-0.972425,True
86,Bari Doab (Indus Basin),2012,1920,0,-2.61436,False
87,Eastern Dakota Aquifer,2012,1920,1,1.2082,False
88,Springfield Plain (Central Lowland Till Plain),2012,1920,0.93125,0.897208,True
89,Seymour-Blaine Aquifer System,2012,1920,0.916667,0.541738,True
90,Central Alluvial-Laucustrine Plain (North China Plain),2012,1920,0.00260417,-1.00699,True
91,Southern Malwa Plateau (Malwa Plateau),2012,1920,0.559896,0.112299,True
92,Yellow River Alluvial Plain (North China Plain),2012,1920,0.0161458,-0.817477,True
93,Eastern Armorican Massif (Armorican Massif),2012,1920,0.271875,-0.210604,True
94,Ocala Uplift (Floridan Aquifer System),2012,1920,0.953125,0.639443,True
95,Pearl and Chattahoochee Aquifer System,2012,1920,1,1.09844,False
96,Eastern Mekong Delta (Mekong Delta),2012,1920,0.730729,0.12812,True
97,Jianghan Plain,2012,1920,1,0.929802,False
98,Middle-Upper Devonian Aquifer System (Baltic Artesian Basin),2012,1920,0.131771,-0.356658,True
99,Upper Cauvery Banded Gneiss Aquifers (Dharwar Craton Banded Gneiss Complex),2012,1920,1,0.9732,False
100,Western Mississippi Embayment (Mississippi Embayment),2012,1920,0.997917,1.47334,True
101,Southern Hills (Gulf Coast Regional Aquifer System),2012,1920,1,1.23942,False
102,Lake Frome Embayment (Great Artesian Basin),2012,1920,0.0203125,-0.792576,True
103,Peedee and Black Creek and Cape Fear Aquifers,2012,1920,0.934375,0.651952,True
104,Western Brahmaputra Basin Aquifer (Brahmaputra Basin Aquifer),2012,1920,0.254167,-0.16838,True
105,Roma Shelf and Northern Surat Basin (Great Artesian Basin),2012,1920,0,-1.01672,False
106,Thal Doab (Indus Basin),2012,1920,0.000520833,-1.72824,True
107,Stockton Plateau (Edwards-Trinity Aquifer System),2012,1920,0.230729,-0.185436,True
108,Rechna Doab (Indus Basin),2012,1920,0,-2.36327,False
109,Northern Piedmont and Tista Fan (Bengal Basin),2012,1920,0.409375,-0.0531672,True
110,Central Paris Basin (Paris Basin),2012,1920,0.009375,-0.739493,True
111,Southern Mallee (Murray Basin),2012,1920,0.0333333,-0.555234,True
112,Victoria Area (Gulf Coast Regional Aquifer System),2012,1920,0.978125,0.704716,True
113,Central Urucuia Aquifer (Urucuia Aquifer System),2012,1920,0,-1.32368,False
114,Southcentral Floodplains (Bengal Basin),2012,1920,0.934375,0.355785,True
115,Eastern Silurian-Devonian Aquifers (Northern Midwest Aquifer System),2012,1920,1,1.91001,False
116,Southern Saurashtra Deccan Trap Basalts (Saurashtra Deccan Trap Basalts),2012,1920,0.794271,0.216885,True
117,Northeast Missouri Carbonates (Northern Midwest Aquifer System),2012,1920,0.925521,1.02723,True
118,Eastern C Aquifer (The C Aquifer),2012,1920,0.159896,-0.433507,True
119,Southern Huaihe River Basin (Huaihe River Basin),2012,1920,0.927604,0.521329,True
120,Western Huaihe Plain (Huaihe River Basin),2012,1920,0.5,0.000148574,True
121,Southeastern Surat Basin (Great Artesian Basin),2012,1920,0,-0.594107,False
122,Houston-Galveston Area (Gulf Coast Regional Aquifer System),2012,1920,1,1.13682,False
123,Western Paris Basin (Paris Basin),2012,1920,0.150521,-0.394992,True
124,Northern Cumberland Plateau and Mountains (Appalachian Plateaus),2012,1920,0.946354,0.652501,True
125,Southeastern Coastal Karoo Basin (Main Karoo Basin),2012,1920,0.395833,-0.0590321,True
126,Mount Vernon Hill County (Central Lowland Till Plain),2012,1920,0.978125,0.933658,True
127,Eastern Riverine Plains (Murray Basin),2012,1920,0.0427083,-0.425836,True
128,Central Mallee (Murray Basin),2012,1920,0,-0.627654,False
129,Northern Allegheny Plateau (Appalachian Plateaus),2012,1920,0.914062,0.776695,True
130,Daly Basin (Daly-Wiso-Georgina Basins),2012,1920,0,-0.905541,False
131,Blue Mountains and Clearwater Embayment (Columbia Plateau Regional Aquifer System),2012,1920,0.0114583,-0.565427,True
132,Western Satpura Basalt Aquifers (Satpura Basalts),2012,1920,0.893229,0.626246,True
133,Northern Aquitaine Basin (Aquitaine Basin),2012,1920,0.244792,-0.257085,True
134,Central Wabash and Bloomington Ridged Plain (Central Lowland Till Plain),2012,1920,0.95625,1.04207,True
135,Northern Riverine Plains (Murray Basin),2012,1920,0.0291667,-0.553029,True
136,Upper Peninsula Jacobsville Sandstone and Cambrian-Ordovician and Silurian-Devonian Aquifers (Northern Midwest Aquifer System),2012,1920,1,2.64112,False
137,Eastern Flatwoods Southshores (Floridan Aquifer System),2012,1920,0.758333,0.221987,True
138,Lower Limestone Coast Aquifer System (Murray Basin),2012,1920,0.0078125,-0.396401,True
139,Eastern Malwa Plateau (Malwa Plateau),2012,1920,0.283854,-0.412083,True
140,Southern St. Lawrence Lowlands (St. Lawrence Lowlands),2012,1920,0.833333,0.669859,True
141,Southern Paris Basin (Paris Basin),2012,1920,0.0583333,-0.536947,True
142,Westside Middle Indus Plain (Indus Basin),2012,1920,0.00208333,-1.56004,True
143,Northcentral Piedmont Upland (Piedmont Plateau),2012,1920,0.844792,0.432047,True
144,Osage Plains (Osage Cuestas Aquifer System),2012,1920,1,1.41418,False
145,Eastern Pilbara Granite-Greenstone Terrane (Pilbara Craton),2012,1920,0.0932292,-0.237334,True
146,Malwa Plateau Gneiss Complex (Malwa Plateau),2012,1920,0,-1.83565,False
147,Bluffton Till Plain (Central Lowland Till Plain),2012,1920,0.978125,1.02854,True
148,Vidalia Upland (Floridan Aquifer System),2012,1920,0.926562,0.757051,True
149,Northern Paris Basin (Paris Basin),2012,1920,0.0354167,-0.55463,True
150,Southern Valley and Ridge (Valley and Ridge Aquifer System),2012,1920,1,1.17456,False
151,Barind Tract and Central Floodplains (Bengal Basin),2012,1920,0.882292,0.253474,True
152,Northeastern Judith River (Bearpaw-Judith River Aquifer System),2012,1920,0.0260417,-1.29686,True
153,Great Plains Dakota Aquifer,2012,1920,1,1.30622,False
154,Western Armorican Massif (Armorican Massif),2012,1920,0.240104,-0.179982,True
155,Southeastern Allegheny Plateau (Appalachian Plateaus),2012,1920,0.76875,0.347235,True
156,Western Riverine Plains (Murray Basin),2012,1920,0.0119792,-0.558547,True
157,Southern Deccan Basalt Plateau (Deccan Plateau),2012,1920,1,1.31107,False
158,Eastern Vindhyan Basin,2012,1920,0.335417,-0.15805,True
159,Catahoula Area (Gulf Coast Regional Aquifer System),2012,1920,1,1.27099,False
160,Milk River,2012,1920,0.0135417,-0.741527,True
161,Shawnee Hills (Interior Low Plateaus),2012,1920,0.975521,0.949238,True
162,Sea Island (Floridan Aquifer System),2012,1920,0.923958,0.586559,True
163,Missionary Plains Syncline and Mereenie Anticline (Amadeus Basin),2012,1920,0.00104167,-0.514451,True
164,Flint Hills Upland (Osage Cuestas Aquifer System),2012,1920,1,1.432,False
165,Northwestern Malwa Plateau (Malwa Plateau),2012,1920,0.282292,-0.517651,True
166,Sundarbans and Southern Delta (Bengal Basin),2012,1920,0.971354,0.449582,True
167,Transboundary Judith River Aquifer (Bearpaw-Judith River Aquifer System),2012,1920,0.0541667,-0.681341,True
168,Middle Chao Phraya Basin,2012,1920,0.003125,-0.71486,True
169,Northern Mallee (Murray Basin),2012,1920,0,-0.726806,False
170,Alabama Coastal Lowlands (Gulf Coast Regional Aquifer System),2012,1920,1,1.20749,False
171,Pecos Valley,2012,1920,0.171875,-0.335581,True
172,Eastern Deccan Basalt Plateau (Deccan Plateau),2012,1920,1,1.4125,False
173,Lachlan Alluvium,2012,1920,0.144271,-0.303062,True
174,Devonian and Overlying Unconsolidated Aquifers (Southern Ontario Paleozoic Aquifer System),2012,1920,1,2.27651,False
175,Nanyang Basin,2012,1920,1,0.783142,False
176,Newcastle Till Plain (Central Lowland Till Plain),2012,1920,0.852083,0.709986,True
177,Southern Mekong Delta (Mekong Delta),2012,1920,0.845313,0.197569,True
178,Northern Cambrian-Ordovician Aquifers (Northern Midwest Aquifer System),2012,1920,1,1.98237,False
179,Wimmera Plain (Murray Basin),2012,1920,0.0609375,-0.509245,True
180,Ghaap Plateau Dolomite Aquifer System,2012,1920,0.663542,0.102091,True
181,Bighorn Basin,2012,1920,0.527083,0.0300747,True
182,Northern San Juan Basin,2012,1920,0.0427083,-0.435472,True
183,Southwestern Bengal Basin (Bengal Basin),2012,1920,0.996354,0.55335,True
184,Central Carrizo-Wilcox (Carrizo-Wilcox),2012,1920,1,1.19785,False
185,Northern Pitted Karst Plain (Yucatan Peninsula),2012,1920,0.683854,0.134628,True
186,New Brunswick Carboniferous Basin (Maritimes Basin),2012,1920,0.673958,0.316098,True
187,Madhupur Tract and Eastern Floodplains (Bengal Basin),2012,1920,0.845313,0.249809,True
188,Southwestern Allegheny Plateau (Appalachian Plateaus),2012,1920,0.7125,0.408697,True
189,Black Hills Uplift,2012,1920,0.854167,0.576254,True
190,Central Pilbara Granite-Greenstone Terrane (Pilbara Craton),2012,1920,0.0447917,-0.324728,True
191,Northwestern Deccan Basalt Plateau (Deccan Plateau),2012,1920,0.997917,0.902474,True
192,Dougherty Plain and Marianna Lowlands (Floridan Aquifer System),2012,1920,1,1.08546,False
193,Lower Coastal Plain (Floridan Aquifer System),2012,1920,0.916146,0.624464,True
194,Lannemezan Plateau (Aquitaine Basin),2012,1920,0.313542,-0.182616,True
195,Springbok Flats Karoo Basin,2012,1920,0.114583,-0.22195,True
196,Southcentral Valley and Ridge (Valley and Ridge Aquifer System),2012,1920,0.982292,0.738964,True
197,Northcentral Piedmont Plain (North China Plain),2012,1920,0.000520833,-1.10252,True
198,North-central High Plains (High Plains),2012,1920,0.959375,0.700185,True
199,Great Bend Prairie (High Plains),2012,1920,0.9875,1.16257,True
200,Delmarva Peninsula (North Atlantic Coastal Plain),2012,1920,0.841667,0.47193,True
201,Denver Basin,2012,1920,0.792708,0.396792,True
202,Eastern Second Songhuajiang System (Songnen Plain),2012,1920,0.966667,0.478228,True
203,Western Bengal Basin (Bengal Basin),2012,1920,0.953125,0.434492,True
204,Eastern Otway Basin (Otway Basin),2012,1920,0.0666667,-0.288906,True
205,Western Allegheny Plateau (Appalachian Plateaus),2012,1920,0.850521,0.702313,True
206,Laizhou Coastal Plain,2012,1920,0.05,-0.420541,True
207,Central Coromandel Fractured Charnockite and Gneiss Aquifers (Coromandel Coastal Plain),2012,1920,1,0.633578,False
208,Intermediate Aquifer (Floridan Aquifer System),2012,1920,0.829167,0.334096,True
209,Malm Valangnian Aquifer,2012,1920,0,-0.702166,False
210,Southwestern Khorat Plateau (Khorat Plateau Aquifer System),2012,1920,0.0541667,-0.281275,True
211,Western Cambay Basin (Cambay Basin),2012,1920,0.05625,-0.339958,True
212,Western Pilbara Granite-Greenstone Terrane (Pilbara Craton),2012,1920,0.034375,-0.340184,True
213,Mississippi Delta (Gulf Coast Regional Aquifer System),2012,1920,0.988021,0.945109,True
214,Central Cambay Basin (Cambay Basin),2012,1920,0.00104167,-0.607488,True
215,Eastern Duero Basin (Duero Basin),2012,1920,0.0739583,-0.505818,True
216,Eastern Pennyroyal Plateau (Interior Low Plateaus),2012,1920,0.972396,0.785657,True
217,Gunnedah Basin and Liverpool Plains,2012,1920,0.101042,-0.299852,True
218,Northern Piedmont Upland (Piedmont Plateau),2012,1920,0.903125,0.535986,True
219,Lower Athabasca (Lower Athabasca Basin),2012,1920,0.696875,0.412184,True
220,Southern Nuomin-Taoer System (Songnen Plain),2012,1920,0.998958,0.483094,True
221,Umatilla Basin and Horse Heaven Hills (Columbia Plateau Regional Aquifer System),2012,1920,0,-0.675521,False
222,Palouse Slope (Columbia Plateau Regional Aquifer System),2012,1920,0.003125,-0.743388,True
223,Letaba Lowveld,2012,1920,0.0317708,-0.424813,True
224,Landes Plain (Aquitaine Basin),2012,1920,0.321875,-0.146515,True
225,Transboundary Odanah Shale,2012,1920,0.0604167,-1.4525,True
226,Northern Hirri Basin (Chhattisgarh Basin),2012,1920,0.898958,0.466553,True
227,Western Second Songhuajiang System (Songnen Plain),2012,1920,0.922917,0.258797,True
228,Tifton Upland (Floridan Aquifer System),2012,1920,0.997396,0.89706,True
229,South-central High Plains (High Plains),2012,1920,0.704167,0.29588,True
230,Northern Khorat Plateau (Khorat Plateau Aquifer System),2012,1920,0.179167,-0.230713,True
231,Hill Country (Edwards-Trinity Aquifer System),2012,1920,0.969792,0.613837,True
232,Northern St. Lawrence Lowlands (St. Lawrence Lowlands),2012,1920,0.902604,0.898177,True
233,Chicxulub Sedimentary Basin (Yucatan Peninsula),2012,1920,0.669792,0.121469,True
234,West Jutland Quaternary and Tertiary Sand Aquifer System,2012,1920,0.46875,-0.0249062,True
235,South Platte Basin,2012,1920,0.924479,0.675071,True
236,North Rewa Basin (Son-Mahandai Valley Basins),2012,1920,0.717187,0.201468,True
237,Southern Coromandel Fractured Charnockite and Gneiss Aquifers (Coromandel Coastal Plain),2012,1920,1,0.481236,False
238,Chaj Doab (Indus Basin),2012,1920,0,-1.89128,False
239,Rush Springs Aquifer,2012,1920,0.964583,0.956686,True
240,Silurian and Overlying Unconsolidated Aquifers (Southern Ontario Paleozoic Aquifer System),2012,1920,1,2.03302,False
241,Bangkok Basin (Lower Chao Phraya Basin),2012,1920,0.114583,-0.295017,True
242,Gypsum Hills,2012,1920,0.945312,0.799938,True
243,Clarence-Moreton Basin and Cecil Plains (Great Artesian Basin),2012,1920,0,-0.651331,False
244,Hetao Basin,2012,1920,0.0739583,-0.288452,True
245,Western C Aquifer (The C Aquifer),2012,1920,0.161458,-0.466559,True
246,Arrowsmith and Dandaragan Plateau (Perth Basin),2012,1920,0.219271,-0.158204,True
247,Gambier Embayment (Otway Basin),2012,1920,0.0546875,-0.244666,True
248,Northern Columbia River Basin (Columbia Plateau Regional Aquifer System),2012,1920,0.0104167,-0.865818,True
249,San Luis Valley (Middle Rio Grande),2012,1920,0.24375,-0.320785,True
250,Southern Cumberland Plateau - Pottsville Aquifer (Appalachian Plateaus),2012,1920,1,1.36838,False
251,Sylhet Basin (Bengal Basin),2012,1920,0.709896,0.139603,True
252,Tuli Karoo Aquifer,2012,1920,0.516667,0.0177804,True
253,Antlers Aquifer,2012,1920,1,1.53135,False
254,New Jersey Coastal Plain (North Atlantic Coastal Plain),2012,1920,0.895312,0.582861,True
255,Upper Deschutes Basin,2012,1920,0,-0.708856,False
256,Southwestern Flatwoods (Floridan Aquifer System),2012,1920,0.75,0.215067,True
257,Central Cumberland Plateau and Sequatchie Valley (Appalachian Plateaus),2012,1920,0.995833,1.15874,True
258,Eastern Malwa Plateau Alluvial Aquifer (Malwa Plateau),2012,1920,0,-3.0279,False
259,Northern Duero Basin (Duero Basin),2012,1920,0.0885417,-0.448487,True
260,Central Littoral Plain (North China Plain),2012,1920,0.00208333,-0.734985,True
261,Red River Delta,2012,1920,0.4625,-0.0183007,True
262,Tipton Till Plain (Central Lowland Till Plain),2012,1920,0.982812,0.966476,True
263,Upper Carbonate Aquifer (Northern Midwest Aquifer System),2012,1920,0.992708,1.28958,True
264,Northern Saurashtra Deccan Trap Basalts (Saurashtra Deccan Trap Basalts),2012,1920,0.186979,-0.171711,True
265,Kurnool Basin (Cuddapah Sedimentary Basin),2012,1920,1,1.1979,False
266,Coatzacoalcos Coastal Aquifer (Coastal Plain of Veracruz),2012,1920,0,-0.782839,False
267,Northern Nuomin-Taoer System (Songnen Plain),2012,1920,1,0.728246,False
268,Hatfield Valley,2012,1920,0.0447917,-1.41881,True
269,Northcentral Coromandel Schist Aquifers (Coromandel Coastal Plain),2012,1920,1,0.955865,False
270,Alsatian Aquifer and Upper Rhine Valley,2012,1920,0,-1.06004,False
271,Southern Odanah Shale,2012,1920,0.0130208,-2.15503,True
272,Eastern Satpura Basalt Aquifers (Satpura Basalts),2012,1920,0.985417,0.765733,True
273,Southern Hirri Basin (Chhattisgarh Basin),2012,1920,0.898958,0.54929,True
274,Limpopo Plateau,2012,1920,0.0807292,-0.230372,True
275,Southeastern Bengal Basin (Bengal Basin),2012,1920,0.834375,0.202207,True
0,Central Parana Basin and Torres Syncline (Guarani Aquifer System),2013,1920,0,-1.23624,False
1,Northern Guarani Aquifer (Guarani Aquifer System),2013,1920,0,-1.86946,False
2,Southwestern Chaco-Lower Parana Basin (Guarani Aquifer System),2013,1920,0.00104167,-0.956286,True
3,Amazonas Basin and Alter de Chao Aquifer System (Amazon Aquifer System),2013,1920,1,0.99912,False
4,Poolowanna Trough and Western Eromanga Basin (Great Artesian Basin),2013,1920,0.104688,-0.268242,True
5,Eastern Eromanga Basin (Great Artesian Basin),2013,1920,0.134375,-0.210222,True
6,Northern Eromanga Basin (Great Artesian Basin),2013,1920,0.428646,-0.0431958,True
7,Northern High Plains (High Plains),2013,1920,0.832292,0.464733,True
8,Williston Basin (Northern Great Plains),2013,1920,0.0166667,-1.09761,True
9,Central Eromanga Depocenter (Great Artesian Basin),2013,1920,0,-0.420141,False
10,Western Parecis Basin (Parecis Basin),2013,1920,0,-1.49169,False
11,Upper Gangetic Plain (Indo-Gangetic Plain),2013,1920,0,-1.90933,False
12,Stampriet Kalahari Karoo Aquifer System,2013,1920,0.957812,0.319869,True
13,Northcentral Mega Aquifer System (Mega Aquifer System),2013,1920,0.371354,-0.0858322,True
14,Ozark Plateaus Aquifer System,2013,1920,0.855208,0.473845,True
15,Western Karoo Basin (Main Karoo Basin),2013,1920,0.630729,0.109066,True
16,Middle Gangetic Plain (Indo-Gangetic Plain),2013,1920,0.663021,0.226986,True
17,Northern Mega Aquifer System (Mega Aquifer System),2013,1920,0.0828125,-0.346256,True
18,Canning Basin,2013,1920,0.859896,0.337177,True
19,Central Karoo Basin (Main Karoo Basin),2013,1920,0.948438,0.447746,True
20,Southern Carpentaria Basin (Great Artesian Basin),2013,1920,0.367708,-0.0565158,True
21,Eastern Parecis Basin (Parecis Basin),2013,1920,0,-1.14806,False
22,Eastern Poti and Piaui and Cabecas and Serra Grande Aquifers (Parnaiba Basin),2013,1920,1,1.94426,False
23,Wiso Basin (Daly-Wiso-Georgina Basins),2013,1920,0,-0.893704,False
24,Northern Georgina Basin (Daly-Wiso-Georgina Basins),2013,1920,0,-0.689617,False
25,Dakota Aquifer System,2013,1920,0.201042,-0.258773,True
26,Arckaringa Basin and Southwestern Great Artesian Basin (Great Artesian Basin),2013,1920,0.379167,-0.100666,True
27,Trans Gangetic Plain (Indo-Gangetic Plain),2013,1920,0,-3.77457,False
28,Southcentral Mega Aquifer System (Mega Aquifer System),2013,1920,0.24375,-0.131305,True
29,Central Mississippi Embayment (Mississippi Embayment),2013,1920,0.932813,0.611957,True
30,Northern Karoo Basin (Main Karoo Basin),2013,1920,1,0.620859,False
31,Mississippian-Silurian-Devonian Carbonates (Northern Midwest Aquifer System),2013,1920,0.678646,0.272105,True
32,Staten River Embayment and Central Carpentaria Basin (Great Artesian Basin),2013,1920,0.894792,0.222513,True
33,Central Dharwar Craton Banded Gneiss Complex (Dharwar Craton Banded Gneiss Complex),2013,1920,1,1.86964,False
34,Central Huaihe Plain (Huaihe River Basin),2013,1920,0.942708,0.410021,True
35,Central Minnesota Surficial and Buried Sand and Gravel Aquifers,2013,1920,0.0895833,-0.574424,True
36,Southern High Plains (High Plains),2013,1920,0.0682292,-0.586722,True
37,Southcentral Karoo Basin (Main Karoo Basin),2013,1920,0.429688,-0.0472631,True
38,Central High Plains (High Plains),2013,1920,0.271354,-0.251082,True
39,Lower Liaohe River Plain (Liaohe River Basin),2013,1920,1,0.586839,False
40,Wadi As-Sirhan Basin,2013,1920,0,-0.872836,False
41,Eastern Saq Aquifer (Ram-Saq Aquifer System),2013,1920,0,-0.862523,False
42,Trinity Aquifer System (Edwards-Trinity Aquifer System),2013,1920,0.892708,0.431591,True
43,Wisconsin Precambrian Aquifer,2013,1920,0.972917,0.595681,True
44,Lafayette Area (Gulf Coast Regional Aquifer System),2013,1920,0.979688,0.706857,True
45,Paskapoo-Scollard,2013,1920,0.00520833,-0.818066,True
46,Western Surat Basin (Great Artesian Basin),2013,1920,0.586458,0.0469115,True
47,Coonamble Embayment (Great Artesian Basin),2013,1920,0.943229,0.465513,True
48,Mimosa Syncline and Eastern Surat Basin (Great Artesian Basin),2013,1920,0.176563,-0.132022,True
49,Wuyuer-Shuangyang System (Songnen Plain),2013,1920,1,0.704808,False
50,Powder River Basin (Northern Great Plains),2013,1920,0.272396,-0.256725,True
51,Central Eucla Basin (Eucla Basin),2013,1920,0.0901042,-0.229314,True
52,Rio Grande Delta (Gulf Coast Regional Aquifer System),2013,1920,0.150521,-0.240247,True
53,Michigan Basin,2013,1920,0.991146,1.03976,True
54,Southern Piedmont Upland (Piedmont Plateau),2013,1920,0.73125,0.278401,True
55,Eastern Huaihe Plain (Huaihe River Basin),2013,1920,0.945833,0.36891,True
56,Northern Dharwar Craton Banded Gneiss Complex (Dharwar Craton Banded Gneiss Complex),2013,1920,1,1.74951,False
57,Eastern Mississippi Embayment (Mississippi Embayment),2013,1920,0.965625,0.69496,True
58,Western Cambrian-Ordovician Aquifers (Northern Midwest Aquifer System),2013,1920,0.828125,0.254772,True
59,Southeastern System (Amadeus Basin),2013,1920,0.0416667,-0.335583,True
60,Edwards Plateau (Edwards-Trinity Aquifer System),2013,1920,0.198958,-0.207313,True
61,Southcentral Deccan Basalt Plateau (Deccan Plateau),2013,1920,1,1.78538,False
62,Eastside Lower Indus Valley (Indus Basin),2013,1920,0.204687,-0.567833,True
63,Central Piedmont Upland (Piedmont Plateau),2013,1920,0.597396,0.0896805,True
64,Eastern Carrizo-Wilcox (Carrizo-Wilcox),2013,1920,0.929688,0.642841,True
65,Jiangsu Coastal Plain (Huaihe River Basin),2013,1920,1,0.379726,False
66,Eastern Cambrian-Ordovician Aquifers (Northern Midwest Aquifer System),2013,1920,0.955208,0.653612,True
67,Northcentral Deccan Basalt Plateau (Deccan Plateau),2013,1920,1,1.45771,False
68,Eastside Middle Indus Plain (Indus Basin),2013,1920,0,-2.46347,False
69,Central Allegheny Plateau (Appalachian Plateaus),2013,1920,0.426563,-0.0972922,True
70,Northeastern Karoo Basin (Main Karoo Basin),2013,1920,0.891146,0.466415,True
71,Southern Riverine Plains (Murray Basin),2013,1920,0.702604,0.111316,True
72,Black Warrior River Aquifer System (Eutaw and McShan Formations and Tuscaloosa Group),2013,1920,0.966667,0.711014,True
73,North Carolina and Virginia Coastal Plain (North Atlantic Coastal Plain),2013,1920,0.675,0.150934,True
74,Northeastern Deccan Basalt Plateau (Deccan Plateau),2013,1920,1,1.28208,False
75,Ribstone Creek and Northern Judith River Aquifer (Bearpaw-Judith River Aquifer System),2013,1920,0.00625,-1.11634,True
76,Southern Dharwar Craton Banded Gneiss Complex (Dharwar Craton Banded Gneiss Complex),2013,1920,1,1.73575,False
77,Northcentral Valley and Ridge (Valley and Ridge Aquifer System),2013,1920,0.424479,-0.0730309,True
78,Ivanhoe Plains (Murray Basin),2013,1920,0.103125,-0.22911,True
79,Southcentral Piedmont Upland (Piedmont Plateau),2013,1920,0.598437,0.0942048,True
80,Weipa Depression and Northern Carpentaria Basin (Great Artesian Basin),2013,1920,0.946875,0.315602,True
81,Western Liaohe River Basin (Liaohe River Basin),2013,1920,0.979167,0.446702,True
82,Western Carrizo-Wilcox (Carrizo-Wilcox),2013,1920,0.308333,-0.117816,True
83,Northern Valley and Ridge (Valley and Ridge Aquifer System),2013,1920,0.593229,0.103212,True
84,Eastern Karoo Basin (Main Karoo Basin),2013,1920,0.882812,0.448899,True
85,Eastern Paris Basin (Paris Basin),2013,1920,0,-1.24529,False
86,Bari Doab (Indus Basin),2013,1920,0,-2.87734,False
87,Eastern Dakota Aquifer,2013,1920,0.650521,0.167878,True
88,Springfield Plain (Central Lowland Till Plain),2013,1920,0.563021,0.0738916,True
89,Seymour-Blaine Aquifer System,2013,1920,0.367708,-0.115098,True
90,Central Alluvial-Laucustrine Plain (North China Plain),2013,1920,0.308333,-0.13542,True
91,Southern Malwa Plateau (Malwa Plateau),2013,1920,0.744792,0.401458,True
92,Yellow River Alluvial Plain (North China Plain),2013,1920,0.544271,0.0330306,True
93,Eastern Armorican Massif (Armorican Massif),2013,1920,0.183333,-0.372583,True
94,Ocala Uplift (Floridan Aquifer System),2013,1920,0.884896,0.445006,True
95,Pearl and Chattahoochee Aquifer System,2013,1920,0.854167,0.431523,True
96,Eastern Mekong Delta (Mekong Delta),2013,1920,0.960417,0.40958,True
97,Jianghan Plain,2013,1920,0.934896,0.360073,True
98,Middle-Upper Devonian Aquifer System (Baltic Artesian Basin),2013,1920,0.419792,-0.0677726,True
99,Upper Cauvery Banded Gneiss Aquifers (Dharwar Craton Banded Gneiss Complex),2013,1920,1,1.59537,False
100,Western Mississippi Embayment (Mississippi Embayment),2013,1920,0.890104,0.628187,True
101,Southern Hills (Gulf Coast Regional Aquifer System),2013,1920,0.988542,0.760684,True
102,Lake Frome Embayment (Great Artesian Basin),2013,1920,0.028125,-0.481345,True
103,Peedee and Black Creek and Cape Fear Aquifers,2013,1920,0.708854,0.189757,True
104,Western Brahmaputra Basin Aquifer (Brahmaputra Basin Aquifer),2013,1920,0.534375,0.0330031,True
105,Roma Shelf and Northern Surat Basin (Great Artesian Basin),2013,1920,0.0109375,-0.414019,True
106,Thal Doab (Indus Basin),2013,1920,0,-1.85231,False
107,Stockton Plateau (Edwards-Trinity Aquifer System),2013,1920,0.034375,-0.560903,True
108,Rechna Doab (Indus Basin),2013,1920,0,-2.74095,False
109,Northern Piedmont and Tista Fan (Bengal Basin),2013,1920,0.563542,0.0359594,True
110,Central Paris Basin (Paris Basin),2013,1920,0,-0.984268,False
111,Southern Mallee (Murray Basin),2013,1920,0.220833,-0.182342,True
112,Victoria Area (Gulf Coast Regional Aquifer System),2013,1920,0.775521,0.23919,True
113,Central Urucuia Aquifer (Urucuia Aquifer System),2013,1920,0.404687,-0.0928147,True
114,Southcentral Floodplains (Bengal Basin),2013,1920,0.930729,0.370779,True
115,Eastern Silurian-Devonian Aquifers (Northern Midwest Aquifer System),2013,1920,0.972917,0.593436,True
116,Southern Saurashtra Deccan Trap Basalts (Saurashtra Deccan Trap Basalts),2013,1920,1,0.510287,False
117,Northeast Missouri Carbonates (Northern Midwest Aquifer System),2013,1920,0.58125,0.125381,True
118,Eastern C Aquifer (The C Aquifer),2013,1920,0.11875,-0.573345,True
119,Southern Huaihe River Basin (Huaihe River Basin),2013,1920,0.900521,0.415758,True
120,Western Huaihe Plain (Huaihe River Basin),2013,1920,0.98125,0.517213,True
121,Southeastern Surat Basin (Great Artesian Basin),2013,1920,0.792708,0.159817,True
122,Houston-Galveston Area (Gulf Coast Regional Aquifer System),2013,1920,0.943229,0.535423,True
123,Western Paris Basin (Paris Basin),2013,1920,0.0927083,-0.586618,True
124,Northern Cumberland Plateau and Mountains (Appalachian Plateaus),2013,1920,0.468229,-0.0281893,True
125,Southeastern Coastal Karoo Basin (Main Karoo Basin),2013,1920,0.802604,0.222695,True
126,Mount Vernon Hill County (Central Lowland Till Plain),2013,1920,0.657292,0.158877,True
127,Eastern Riverine Plains (Murray Basin),2013,1920,0.908333,0.362365,True
128,Central Mallee (Murray Basin),2013,1920,0.0776042,-0.304859,True
129,Northern Allegheny Plateau (Appalachian Plateaus),2013,1920,0.565104,0.0844135,True
130,Daly Basin (Daly-Wiso-Georgina Basins),2013,1920,0.0166667,-0.840717,True
131,Blue Mountains and Clearwater Embayment (Columbia Plateau Regional Aquifer System),2013,1920,0.0239583,-0.609814,True
132,Western Satpura Basalt Aquifers (Satpura Basalts),2013,1920,1,0.89694,False
133,Northern Aquitaine Basin (Aquitaine Basin),2013,1920,0.144792,-0.531005,True
134,Central Wabash and Bloomington Ridged Plain (Central Lowland Till Plain),2013,1920,0.6625,0.166986,True
135,Northern Riverine Plains (Murray Basin),2013,1920,0.796354,0.192089,True
136,Upper Peninsula Jacobsville Sandstone and Cambrian-Ordovician and Silurian-Devonian Aquifers (Northern Midwest Aquifer System),2013,1920,1,1.18958,False
137,Eastern Flatwoods Southshores (Floridan Aquifer System),2013,1920,0.743229,0.222033,True
138,Lower Limestone Coast Aquifer System (Murray Basin),2013,1920,0.179688,-0.166025,True
139,Eastern Malwa Plateau (Malwa Plateau),2013,1920,0.347396,-0.153377,True
140,Southern St. Lawrence Lowlands (St. Lawrence Lowlands),2013,1920,0.700521,0.376563,True
141,Southern Paris Basin (Paris Basin),2013,1920,0.0375,-0.796253,True
142,Westside Middle Indus Plain (Indus Basin),2013,1920,0.0197917,-1.62546,True
143,Northcentral Piedmont Upland (Piedmont Plateau),2013,1920,0.639062,0.11928,True
144,Osage Plains (Osage Cuestas Aquifer System),2013,1920,0.8875,0.543365,True
145,Eastern Pilbara Granite-Greenstone Terrane (Pilbara Craton),2013,1920,0.053125,-0.327324,True
146,Malwa Plateau Gneiss Complex (Malwa Plateau),2013,1920,0,-1.53768,False
147,Bluffton Till Plain (Central Lowland Till Plain),2013,1920,0.569792,0.0671916,True
148,Vidalia Upland (Floridan Aquifer System),2013,1920,0.658333,0.191344,True
149,Northern Paris Basin (Paris Basin),2013,1920,0.0104167,-0.732589,True
150,Southern Valley and Ridge (Valley and Ridge Aquifer System),2013,1920,0.839583,0.413883,True
151,Barind Tract and Central Floodplains (Bengal Basin),2013,1920,0.917188,0.294749,True
152,Northeastern Judith River (Bearpaw-Judith River Aquifer System),2013,1920,0.003125,-1.51948,True
153,Great Plains Dakota Aquifer,2013,1920,0.831771,0.454278,True
154,Western Armorican Massif (Armorican Massif),2013,1920,0.157292,-0.309934,True
155,Southeastern Allegheny Plateau (Appalachian Plateaus),2013,1920,0.333333,-0.195463,True
156,Western Riverine Plains (Murray Basin),2013,1920,0.568229,0.0282873,True
157,Southern Deccan Basalt Plateau (Deccan Plateau),2013,1920,1,1.75575,False
158,Eastern Vindhyan Basin,2013,1920,0.624479,0.0855881,True
159,Catahoula Area (Gulf Coast Regional Aquifer System),2013,1920,0.9875,0.784335,True
160,Milk River,2013,1920,0,-1.01932,False
161,Shawnee Hills (Interior Low Plateaus),2013,1920,0.691146,0.199976,True
162,Sea Island (Floridan Aquifer System),2013,1920,0.780208,0.278432,True
163,Missionary Plains Syncline and Mereenie Anticline (Amadeus Basin),2013,1920,0.021875,-0.432497,True
164,Flint Hills Upland (Osage Cuestas Aquifer System),2013,1920,0.903646,0.555436,True
165,Northwestern Malwa Plateau (Malwa Plateau),2013,1920,0.346875,-0.227989,True
166,Sundarbans and Southern Delta (Bengal Basin),2013,1920,0.934896,0.480116,True
167,Transboundary Judith River Aquifer (Bearpaw-Judith River Aquifer System),2013,1920,0.00833333,-1.11885,True
168,Middle Chao Phraya Basin,2013,1920,0.702083,0.125339,True
169,Northern Mallee (Murray Basin),2013,1920,0.0239583,-0.382526,True
170,Alabama Coastal Lowlands (Gulf Coast Regional Aquifer System),2013,1920,0.959896,0.660077,True
171,Pecos Valley,2013,1920,0.025,-0.648031,True
172,Eastern Deccan Basalt Plateau (Deccan Plateau),2013,1920,1,1.74838,False
173,Lachlan Alluvium,2013,1920,0.952083,0.563709,True
174,Devonian and Overlying Unconsolidated Aquifers (Southern Ontario Paleozoic Aquifer System),2013,1920,0.995833,0.967213,True
175,Nanyang Basin,2013,1920,0.999479,0.798159,True
176,Newcastle Till Plain (Central Lowland Till Plain),2013,1920,0.448958,-0.0845749,True
177,Southern Mekong Delta (Mekong Delta),2013,1920,0.89375,0.356832,True
178,Northern Cambrian-Ordovician Aquifers (Northern Midwest Aquifer System),2013,1920,0.953125,0.59449,True
179,Wimmera Plain (Murray Basin),2013,1920,0.292708,-0.146114,True
180,Ghaap Plateau Dolomite Aquifer System,2013,1920,0.958854,0.566143,True
181,Bighorn Basin,2013,1920,0.102083,-0.468954,True
182,Northern San Juan Basin,2013,1920,0,-0.754079,False
183,Southwestern Bengal Basin (Bengal Basin),2013,1920,1,0.662423,False
184,Central Carrizo-Wilcox (Carrizo-Wilcox),2013,1920,0.929688,0.482991,True
185,Northern Pitted Karst Plain (Yucatan Peninsula),2013,1920,0.688021,0.134424,True
186,New Brunswick Carboniferous Basin (Maritimes Basin),2013,1920,0.604167,0.173155,True
187,Madhupur Tract and Eastern Floodplains (Bengal Basin),2013,1920,0.923958,0.292644,True
188,Southwestern Allegheny Plateau (Appalachian Plateaus),2013,1920,0.347396,-0.221329,True
189,Black Hills Uplift,2013,1920,0.525521,0.023644,True
190,Central Pilbara Granite-Greenstone Terrane (Pilbara Craton),2013,1920,0.0265625,-0.447808,True
191,Northwestern Deccan Basalt Plateau (Deccan Plateau),2013,1920,1,1.15515,False
192,Dougherty Plain and Marianna Lowlands (Floridan Aquifer System),2013,1920,0.90625,0.520239,True
193,Lower Coastal Plain (Floridan Aquifer System),2013,1920,0.655208,0.16179,True
194,Lannemezan Plateau (Aquitaine Basin),2013,1920,0.128646,-0.502843,True
195,Springbok Flats Karoo Basin,2013,1920,0.711979,0.217782,True
196,Southcentral Valley and Ridge (Valley and Ridge Aquifer System),2013,1920,0.540625,0.0289126,True
197,Northcentral Piedmont Plain (North China Plain),2013,1920,0.173437,-0.289767,True
198,North-central High Plains (High Plains),2013,1920,0.653646,0.13963,True
199,Great Bend Prairie (High Plains),2013,1920,0.75625,0.351656,True
200,Delmarva Peninsula (North Atlantic Coastal Plain),2013,1920,0.717187,0.231889,True
201,Denver Basin,2013,1920,0.389583,-0.113471,True
202,Eastern Second Songhuajiang System (Songnen Plain),2013,1920,0.966667,0.616521,True
203,Western Bengal Basin (Bengal Basin),2013,1920,0.99375,0.488923,True
204,Eastern Otway Basin (Otway Basin),2013,1920,0.360417,-0.0767019,True
205,Western Allegheny Plateau (Appalachian Plateaus),2013,1920,0.464062,-0.041299,True
206,Laizhou Coastal Plain,2013,1920,0.979167,0.27335,True
207,Central Coromandel Fractured Charnockite and Gneiss Aquifers (Coromandel Coastal Plain),2013,1920,1,1.34119,False
208,Intermediate Aquifer (Floridan Aquifer System),2013,1920,0.858854,0.380443,True
209,Malm Valangnian Aquifer,2013,1920,0,-1.16924,False
210,Southwestern Khorat Plateau (Khorat Plateau Aquifer System),2013,1920,1,0.500466,False
211,Western Cambay Basin (Cambay Basin),2013,1920,0.657813,0.108783,True
212,Western Pilbara Granite-Greenstone Terrane (Pilbara Craton),2013,1920,0.0109375,-0.469501,True
213,Mississippi Delta (Gulf Coast Regional Aquifer System),2013,1920,0.972396,0.630003,True
214,Central Cambay Basin (Cambay Basin),2013,1920,0.245312,-0.157639,True
215,Eastern Duero Basin (Duero Basin),2013,1920,0.0177083,-0.740493,True
216,Eastern Pennyroyal Plateau (Interior Low Plateaus),2013,1920,0.583854,0.071927,True
217,Gunnedah Basin and Liverpool Plains,2013,1920,0.967187,0.456547,True
218,Northern Piedmont Upland (Piedmont Plateau),2013,1920,0.736458,0.255417,True
219,Lower Athabasca (Lower Athabasca Basin),2013,1920,0.583854,0.151822,True
220,Southern Nuomin-Taoer System (Songnen Plain),2013,1920,1,0.652174,False
221,Umatilla Basin and Horse Heaven Hills (Columbia Plateau Regional Aquifer System),2013,1920,0.00104167,-0.654143,True
222,Palouse Slope (Columbia Plateau Regional Aquifer System),2013,1920,0.0109375,-0.773549,True
223,Letaba Lowveld,2013,1920,0.273958,-0.21451,True
224,Landes Plain (Aquitaine Basin),2013,1920,0.196875,-0.439123,True
225,Transboundary Odanah Shale,2013,1920,0.0114583,-1.56246,True
226,Northern Hirri Basin (Chhattisgarh Basin),2013,1920,0.907292,0.733923,True
227,Western Second Songhuajiang System (Songnen Plain),2013,1920,0.978125,0.649806,True
228,Tifton Upland (Floridan Aquifer System),2013,1920,0.849479,0.354814,True
229,South-central High Plains (High Plains),2013,1920,0.270833,-0.254026,True
230,Northern Khorat Plateau (Khorat Plateau Aquifer System),2013,1920,1,0.511593,False
231,Hill Country (Edwards-Trinity Aquifer System),2013,1920,0.6,0.063421,True
232,Northern St. Lawrence Lowlands (St. Lawrence Lowlands),2013,1920,0.857292,0.763988,True
233,Chicxulub Sedimentary Basin (Yucatan Peninsula),2013,1920,0.723437,0.161583,True
234,West Jutland Quaternary and Tertiary Sand Aquifer System,2013,1920,0.43125,-0.0662712,True
235,South Platte Basin,2013,1920,0.616667,0.131928,True
236,North Rewa Basin (Son-Mahandai Valley Basins),2013,1920,0.9,0.385903,True
237,Southern Coromandel Fractured Charnockite and Gneiss Aquifers (Coromandel Coastal Plain),2013,1920,0.997917,0.708764,True
238,Chaj Doab (Indus Basin),2013,1920,0,-2.33635,False
239,Rush Springs Aquifer,2013,1920,0.630729,0.14968,True
240,Silurian and Overlying Unconsolidated Aquifers (Southern Ontario Paleozoic Aquifer System),2013,1920,0.882292,0.793391,True
241,Bangkok Basin (Lower Chao Phraya Basin),2013,1920,0.802604,0.233387,True
242,Gypsum Hills,2013,1920,0.543229,0.0498424,True
243,Clarence-Moreton Basin and Cecil Plains (Great Artesian Basin),2013,1920,0.442188,-0.0190603,True
244,Hetao Basin,2013,1920,0.108854,-0.2971,True
245,Western C Aquifer (The C Aquifer),2013,1920,0.165104,-0.531849,True
246,Arrowsmith and Dandaragan Plateau (Perth Basin),2013,1920,0.180208,-0.199508,True
247,Gambier Embayment (Otway Basin),2013,1920,0.26875,-0.105783,True
248,Northern Columbia River Basin (Columbia Plateau Regional Aquifer System),2013,1920,0.0104167,-0.908353,True
249,San Luis Valley (Middle Rio Grande),2013,1920,0.034375,-0.735797,True
250,Southern Cumberland Plateau - Pottsville Aquifer (Appalachian Plateaus),2013,1920,0.936458,0.610947,True
251,Sylhet Basin (Bengal Basin),2013,1920,0.911979,0.274034,True
252,Tuli Karoo Aquifer,2013,1920,0.633854,0.111102,True
253,Antlers Aquifer,2013,1920,0.903125,0.564428,True
254,New Jersey Coastal Plain (North Atlantic Coastal Plain),2013,1920,0.767188,0.340578,True
255,Upper Deschutes Basin,2013,1920,0.00833333,-0.669152,True
256,Southwestern Flatwoods (Floridan Aquifer System),2013,1920,0.783854,0.283466,True
257,Central Cumberland Plateau and Sequatchie Valley (Appalachian Plateaus),2013,1920,0.815625,0.393572,True
258,Eastern Malwa Plateau Alluvial Aquifer (Malwa Plateau),2013,1920,0,-2.61336,False
259,Northern Duero Basin (Duero Basin),2013,1920,0.0453125,-0.661926,True
260,Central Littoral Plain (North China Plain),2013,1920,0.539062,0.0221564,True
261,Red River Delta,2013,1920,0.784896,0.179589,True
262,Tipton Till Plain (Central Lowland Till Plain),2013,1920,0.616146,0.148138,True
263,Upper Carbonate Aquifer (Northern Midwest Aquifer System),2013,1920,0.728646,0.248249,True
264,Northern Saurashtra Deccan Trap Basalts (Saurashtra Deccan Trap Basalts),2013,1920,0.7375,0.13549,True
265,Kurnool Basin (Cuddapah Sedimentary Basin),2013,1920,1,1.91566,False
266,Coatzacoalcos Coastal Aquifer (Coastal Plain of Veracruz),2013,1920,0.0109375,-0.620693,True
267,Northern Nuomin-Taoer System (Songnen Plain),2013,1920,1,0.707705,False
268,Hatfield Valley,2013,1920,0.0166667,-1.57383,True
269,Northcentral Coromandel Schist Aquifers (Coromandel Coastal Plain),2013,1920,1,1.68309,False
270,Alsatian Aquifer and Upper Rhine Valley,2013,1920,0,-1.29659,False
271,Southern Odanah Shale,2013,1920,0,-2.16113,False
272,Eastern Satpura Basalt Aquifers (Satpura Basalts),2013,1920,0.99375,0.932841,True
273,Southern Hirri Basin (Chhattisgarh Basin),2013,1920,0.91875,0.845912,True
274,Limpopo Plateau,2013,1920,0.482292,-0.0138531,True
275,Southeastern Bengal Basin (Bengal Basin),2013,1920,0.868229,0.261666,True
0,Central Parana Basin and Torres Syncline (Guarani Aquifer System),2014,1920,0,-1.41202,False
1,Northern Guarani Aquifer (Guarani Aquifer System),2014,1920,0,-1.55536,False
2,Southwestern Chaco-Lower Parana Basin (Guarani Aquifer System),2014,1920,0,-1.81092,False
3,Amazonas Basin and Alter de Chao Aquifer System (Amazon Aquifer System),2014,1920,0.982812,0.677481,True
4,Poolowanna Trough and Western Eromanga Basin (Great Artesian Basin),2014,1920,0.209375,-0.174877,True
5,Eastern Eromanga Basin (Great Artesian Basin),2014,1920,0.241667,-0.126,True
6,Northern Eromanga Basin (Great Artesian Basin),2014,1920,0.666667,0.0906955,True
7,Northern High Plains (High Plains),2014,1920,0.355208,-0.150343,True
8,Williston Basin (Northern Great Plains),2014,1920,0.009375,-1.14736,True
9,Central Eromanga Depocenter (Great Artesian Basin),2014,1920,0.0140625,-0.362895,True
10,Western Parecis Basin (Parecis Basin),2014,1920,0,-1.69382,False
11,Upper Gangetic Plain (Indo-Gangetic Plain),2014,1920,0,-1.26269,False
12,Stampriet Kalahari Karoo Aquifer System,2014,1920,0.709896,0.115591,True
13,Northcentral Mega Aquifer System (Mega Aquifer System),2014,1920,0.413021,-0.0648877,True
14,Ozark Plateaus Aquifer System,2014,1920,0.297917,-0.167734,True
15,Western Karoo Basin (Main Karoo Basin),2014,1920,0.815625,0.246356,True
16,Middle Gangetic Plain (Indo-Gangetic Plain),2014,1920,0.622917,0.142169,True
17,Northern Mega Aquifer System (Mega Aquifer System),2014,1920,0.0520833,-0.502313,True
18,Canning Basin,2014,1920,0.945833,0.493203,True
19,Central Karoo Basin (Main Karoo Basin),2014,1920,0.989583,0.738309,True
20,Southern Carpentaria Basin (Great Artesian Basin),2014,1920,0.964063,0.344699,True
21,Eastern Parecis Basin (Parecis Basin),2014,1920,0,-0.834343,False
22,Eastern Poti and Piaui and Cabecas and Serra Grande Aquifers (Parnaiba Basin),2014,1920,1,2.36455,False
23,Wiso Basin (Daly-Wiso-Georgina Basins),2014,1920,0.220312,-0.159202,True
24,Northern Georgina Basin (Daly-Wiso-Georgina Basins),2014,1920,0.416146,-0.0617235,True
25,Dakota Aquifer System,2014,1920,0.0380208,-0.67473,True
26,Arckaringa Basin and Southwestern Great Artesian Basin (Great Artesian Basin),2014,1920,0.383333,-0.107389,True
27,Trans Gangetic Plain (Indo-Gangetic Plain),2014,1920,0,-3.3717,False
28,Southcentral Mega Aquifer System (Mega Aquifer System),2014,1920,0.234375,-0.210133,True
29,Central Mississippi Embayment (Mississippi Embayment),2014,1920,0.453125,-0.0527645,True
30,Northern Karoo Basin (Main Karoo Basin),2014,1920,1,0.763416,False
31,Mississippian-Silurian-Devonian Carbonates (Northern Midwest Aquifer System),2014,1920,0.0447917,-0.690807,True
32,Staten River Embayment and Central Carpentaria Basin (Great Artesian Basin),2014,1920,0.953646,0.415887,True
33,Central Dharwar Craton Banded Gneiss Complex (Dharwar Craton Banded Gneiss Complex),2014,1920,1,1.9199,False
34,Central Huaihe Plain (Huaihe River Basin),2014,1920,0.966146,0.695387,True
35,Central Minnesota Surficial and Buried Sand and Gravel Aquifers,2014,1920,0.025,-0.939536,True
36,Southern High Plains (High Plains),2014,1920,0,-1.13363,False
37,Southcentral Karoo Basin (Main Karoo Basin),2014,1920,0.592187,0.0791665,True
38,Central High Plains (High Plains),2014,1920,0.0333333,-0.773716,True
39,Lower Liaohe River Plain (Liaohe River Basin),2014,1920,1,1.10502,False
40,Wadi As-Sirhan Basin,2014,1920,0.00833333,-0.975694,True
41,Eastern Saq Aquifer (Ram-Saq Aquifer System),2014,1920,0,-0.731464,False
42,Trinity Aquifer System (Edwards-Trinity Aquifer System),2014,1920,0.213542,-0.243874,True
43,Wisconsin Precambrian Aquifer,2014,1920,0.102083,-0.489552,True
44,Lafayette Area (Gulf Coast Regional Aquifer System),2014,1920,0.584896,0.0776898,True
45,Paskapoo-Scollard,2014,1920,0,-1.09635,False
46,Western Surat Basin (Great Artesian Basin),2014,1920,0.759896,0.166337,True
47,Coonamble Embayment (Great Artesian Basin),2014,1920,0.988542,0.591518,True
48,Mimosa Syncline and Eastern Surat Basin (Great Artesian Basin),2014,1920,0.465104,-0.0172933,True
49,Wuyuer-Shuangyang System (Songnen Plain),2014,1920,1,1.07354,False
50,Powder River Basin (Northern Great Plains),2014,1920,0.270833,-0.267173,True
51,Central Eucla Basin (Eucla Basin),2014,1920,0.0520833,-0.342581,True
52,Rio Grande Delta (Gulf Coast Regional Aquifer System),2014,1920,0.0734375,-0.453402,True
53,Michigan Basin,2014,1920,0.290104,-0.222384,True
54,Southern Piedmont Upland (Piedmont Plateau),2014,1920,0.630729,0.149627,True
55,Eastern Huaihe Plain (Huaihe River Basin),2014,1920,0.9875,0.742088,True
56,Northern Dharwar Craton Banded Gneiss Complex (Dharwar Craton Banded Gneiss Complex),2014,1920,1,1.97447,False
57,Eastern Mississippi Embayment (Mississippi Embayment),2014,1920,0.640104,0.13854,True
58,Western Cambrian-Ordovician Aquifers (Northern Midwest Aquifer System),2014,1920,0.145313,-0.559068,True
59,Southeastern System (Amadeus Basin),2014,1920,0.0291667,-0.358658,True
60,Edwards Plateau (Edwards-Trinity Aquifer System),2014,1920,0.00260417,-0.785722,True
61,Southcentral Deccan Basalt Plateau (Deccan Plateau),2014,1920,1,1.85854,False
62,Eastside Lower Indus Valley (Indus Basin),2014,1920,0.486458,-0.0814041,True
63,Central Piedmont Upland (Piedmont Plateau),2014,1920,0.373958,-0.10498,True
64,Eastern Carrizo-Wilcox (Carrizo-Wilcox),2014,1920,0.410417,-0.0801698,True
65,Jiangsu Coastal Plain (Huaihe River Basin),2014,1920,0.969271,0.479289,True
66,Eastern Cambrian-Ordovician Aquifers (Northern Midwest Aquifer System),2014,1920,0.0901042,-0.502315,True
67,Northcentral Deccan Basalt Plateau (Deccan Plateau),2014,1920,1,1.69612,False
68,Eastside Middle Indus Plain (Indus Basin),2014,1920,0,-2.17697,False
69,Central Allegheny Plateau (Appalachian Plateaus),2014,1920,0.169271,-0.387559,True
70,Northeastern Karoo Basin (Main Karoo Basin),2014,1920,0.959896,0.806122,True
71,Southern Riverine Plains (Murray Basin),2014,1920,0.963021,0.483321,True
72,Black Warrior River Aquifer System (Eutaw and McShan Formations and Tuscaloosa Group),2014,1920,0.79375,0.314047,True
73,North Carolina and Virginia Coastal Plain (North Atlantic Coastal Plain),2014,1920,0.571354,0.0918892,True
74,Northeastern Deccan Basalt Plateau (Deccan Plateau),2014,1920,1,1.67408,False
75,Ribstone Creek and Northern Judith River Aquifer (Bearpaw-Judith River Aquifer System),2014,1920,0,-1.41403,False
76,Southern Dharwar Craton Banded Gneiss Complex (Dharwar Craton Banded Gneiss Complex),2014,1920,1,1.82131,False
77,Northcentral Valley and Ridge (Valley and Ridge Aquifer System),2014,1920,0.196354,-0.294219,True
78,Ivanhoe Plains (Murray Basin),2014,1920,0.498958,-0.000621102,True
79,Southcentral Piedmont Upland (Piedmont Plateau),2014,1920,0.365625,-0.0981014,True
80,Weipa Depression and Northern Carpentaria Basin (Great Artesian Basin),2014,1920,0.915625,0.314354,True
81,Western Liaohe River Basin (Liaohe River Basin),2014,1920,1,0.942092,False
82,Western Carrizo-Wilcox (Carrizo-Wilcox),2014,1920,0.0442708,-0.542072,True
83,Northern Valley and Ridge (Valley and Ridge Aquifer System),2014,1920,0.440625,-0.0733464,True
84,Eastern Karoo Basin (Main Karoo Basin),2014,1920,0.942187,0.793595,True
85,Eastern Paris Basin (Paris Basin),2014,1920,0.00729167,-0.971651,True
86,Bari Doab (Indus Basin),2014,1920,0,-2.72719,False
87,Eastern Dakota Aquifer,2014,1920,0.0854167,-0.612036,True
88,Springfield Plain (Central Lowland Till Plain),2014,1920,0.06875,-0.544974,True
89,Seymour-Blaine Aquifer System,2014,1920,0.05,-0.752847,True
90,Central Alluvial-Laucustrine Plain (North China Plain),2014,1920,0.891667,0.506572,True
91,Southern Malwa Plateau (Malwa Plateau),2014,1920,1,0.868446,False
92,Yellow River Alluvial Plain (North China Plain),2014,1920,0.964583,0.73163,True
93,Eastern Armorican Massif (Armorican Massif),2014,1920,0.30625,-0.177353,True
94,Ocala Uplift (Floridan Aquifer System),2014,1920,0.882292,0.46035,True
95,Pearl and Chattahoochee Aquifer System,2014,1920,0.775,0.320261,True
96,Eastern Mekong Delta (Mekong Delta),2014,1920,0.972917,0.476197,True
97,Jianghan Plain,2014,1920,0.455729,-0.0288404,True
98,Middle-Upper Devonian Aquifer System (Baltic Artesian Basin),2014,1920,0.657292,0.143631,True
99,Upper Cauvery Banded Gneiss Aquifers (Dharwar Craton Banded Gneiss Complex),2014,1920,1,1.57702,False
100,Western Mississippi Embayment (Mississippi Embayment),2014,1920,0.430208,-0.0710965,True
101,Southern Hills (Gulf Coast Regional Aquifer System),2014,1920,0.652083,0.138834,True
102,Lake Frome Embayment (Great Artesian Basin),2014,1920,0.0625,-0.352855,True
103,Peedee and Black Creek and Cape Fear Aquifers,2014,1920,0.597917,0.0936868,True
104,Western Brahmaputra Basin Aquifer (Brahmaputra Basin Aquifer),2014,1920,0.195312,-0.27673,True
105,Roma Shelf and Northern Surat Basin (Great Artesian Basin),2014,1920,0.084375,-0.281555,True
106,Thal Doab (Indus Basin),2014,1920,0,-1.79462,False
107,Stockton Plateau (Edwards-Trinity Aquifer System),2014,1920,0,-1.06379,False
108,Rechna Doab (Indus Basin),2014,1920,0,-2.80898,False
109,Northern Piedmont and Tista Fan (Bengal Basin),2014,1920,0.078125,-0.271605,True
110,Central Paris Basin (Paris Basin),2014,1920,0.0145833,-0.738101,True
111,Southern Mallee (Murray Basin),2014,1920,0.608333,0.0794376,True
112,Victoria Area (Gulf Coast Regional Aquifer System),2014,1920,0.163021,-0.265573,True
113,Central Urucuia Aquifer (Urucuia Aquifer System),2014,1920,0.925,0.833866,True
114,Southcentral Floodplains (Bengal Basin),2014,1920,0.770312,0.12363,True
115,Eastern Silurian-Devonian Aquifers (Northern Midwest Aquifer System),2014,1920,0.0723958,-0.564207,True
116,Southern Saurashtra Deccan Trap Basalts (Saurashtra Deccan Trap Basalts),2014,1920,1,0.763311,False
117,Northeast Missouri Carbonates (Northern Midwest Aquifer System),2014,1920,0.059375,-0.652394,True
118,Eastern C Aquifer (The C Aquifer),2014,1920,0.221354,-0.451008,True
119,Southern Huaihe River Basin (Huaihe River Basin),2014,1920,0.813021,0.237702,True
120,Western Huaihe Plain (Huaihe River Basin),2014,1920,1,0.955733,False
121,Southeastern Surat Basin (Great Artesian Basin),2014,1920,0.894271,0.279667,True
122,Houston-Galveston Area (Gulf Coast Regional Aquifer System),2014,1920,0.360417,-0.0960886,True
123,Western Paris Basin (Paris Basin),2014,1920,0.179688,-0.348533,True
124,Northern Cumberland Plateau and Mountains (Appalachian Plateaus),2014,1920,0.334375,-0.158517,True
125,Southeastern Coastal Karoo Basin (Main Karoo Basin),2014,1920,0.905729,0.439503,True
126,Mount Vernon Hill County (Central Lowland Till Plain),2014,1920,0.131771,-0.392648,True
127,Eastern Riverine Plains (Murray Basin),2014,1920,0.992188,0.681847,True
128,Central Mallee (Murray Basin),2014,1920,0.353646,-0.0941975,True
129,Northern Allegheny Plateau (Appalachian Plateaus),2014,1920,0.242188,-0.373303,True
130,Daly Basin (Daly-Wiso-Georgina Basins),2014,1920,0.128646,-0.364556,True
131,Blue Mountains and Clearwater Embayment (Columbia Plateau Regional Aquifer System),2014,1920,0.075,-0.521074,True
132,Western Satpura Basalt Aquifers (Satpura Basalts),2014,1920,1,1.32933,False
133,Northern Aquitaine Basin (Aquitaine Basin),2014,1920,0.231771,-0.3665,True
134,Central Wabash and Bloomington Ridged Plain (Central Lowland Till Plain),2014,1920,0.0770833,-0.539171,True
135,Northern Riverine Plains (Murray Basin),2014,1920,0.930208,0.457983,True
136,Upper Peninsula Jacobsville Sandstone and Cambrian-Ordovician and Silurian-Devonian Aquifers (Northern Midwest Aquifer System),2014,1920,0.365625,-0.136077,True
137,Eastern Flatwoods Southshores (Floridan Aquifer System),2014,1920,0.809375,0.300522,True
138,Lower Limestone Coast Aquifer System (Murray Basin),2014,1920,0.548958,0.0279121,True
139,Eastern Malwa Plateau (Malwa Plateau),2014,1920,0.84375,0.308077,True
140,Southern St. Lawrence Lowlands (St. Lawrence Lowlands),2014,1920,0.715104,0.37237,True
141,Southern Paris Basin (Paris Basin),2014,1920,0.084375,-0.521889,True
142,Westside Middle Indus Plain (Indus Basin),2014,1920,0.059375,-1.57156,True
143,Northcentral Piedmont Upland (Piedmont Plateau),2014,1920,0.492188,-0.0155597,True
144,Osage Plains (Osage Cuestas Aquifer System),2014,1920,0.384896,-0.114673,True
145,Eastern Pilbara Granite-Greenstone Terrane (Pilbara Craton),2014,1920,0.0447917,-0.37623,True
146,Malwa Plateau Gneiss Complex (Malwa Plateau),2014,1920,0,-0.967416,False
147,Bluffton Till Plain (Central Lowland Till Plain),2014,1920,0.165104,-0.434431,True
148,Vidalia Upland (Floridan Aquifer System),2014,1920,0.615625,0.120997,True
149,Northern Paris Basin (Paris Basin),2014,1920,0.0770833,-0.484665,True
150,Southern Valley and Ridge (Valley and Ridge Aquifer System),2014,1920,0.682813,0.209056,True
151,Barind Tract and Central Floodplains (Bengal Basin),2014,1920,0.394271,-0.044406,True
152,Northeastern Judith River (Bearpaw-Judith River Aquifer System),2014,1920,0,-1.71178,False
153,Great Plains Dakota Aquifer,2014,1920,0.260417,-0.259832,True
154,Western Armorican Massif (Armorican Massif),2014,1920,0.305208,-0.119271,True
155,Southeastern Allegheny Plateau (Appalachian Plateaus),2014,1920,0.167187,-0.341192,True
156,Western Riverine Plains (Murray Basin),2014,1920,0.886979,0.317035,True
157,Southern Deccan Basalt Plateau (Deccan Plateau),2014,1920,1,1.67242,False
158,Eastern Vindhyan Basin,2014,1920,0.984896,0.426938,True
159,Catahoula Area (Gulf Coast Regional Aquifer System),2014,1920,0.742188,0.228583,True
160,Milk River,2014,1920,0,-1.20385,False
161,Shawnee Hills (Interior Low Plateaus),2014,1920,0.284375,-0.189013,True
162,Sea Island (Floridan Aquifer System),2014,1920,0.763021,0.267883,True
163,Missionary Plains Syncline and Mereenie Anticline (Amadeus Basin),2014,1920,0.0354167,-0.423905,True
164,Flint Hills Upland (Osage Cuestas Aquifer System),2014,1920,0.392188,-0.117688,True
165,Northwestern Malwa Plateau (Malwa Plateau),2014,1920,0.723437,0.297916,True
166,Sundarbans and Southern Delta (Bengal Basin),2014,1920,0.928646,0.294626,True
167,Transboundary Judith River Aquifer (Bearpaw-Judith River Aquifer System),2014,1920,0,-1.19914,False
168,Middle Chao Phraya Basin,2014,1920,0.964063,0.399753,True
169,Northern Mallee (Murray Basin),2014,1920,0.211979,-0.192798,True
170,Alabama Coastal Lowlands (Gulf Coast Regional Aquifer System),2014,1920,0.815104,0.330249,True
171,Pecos Valley,2014,1920,0,-1.15125,False
172,Eastern Deccan Basalt Plateau (Deccan Plateau),2014,1920,1,2.08117,False
173,Lachlan Alluvium,2014,1920,0.999479,0.792297,True
174,Devonian and Overlying Unconsolidated Aquifers (Southern Ontario Paleozoic Aquifer System),2014,1920,0.489063,-0.0191249,True
175,Nanyang Basin,2014,1920,1,0.846372,False
176,Newcastle Till Plain (Central Lowland Till Plain),2014,1920,0.166667,-0.368659,True
177,Southern Mekong Delta (Mekong Delta),2014,1920,0.850521,0.28429,True
178,Northern Cambrian-Ordovician Aquifers (Northern Midwest Aquifer System),2014,1920,0.01875,-0.722849,True
179,Wimmera Plain (Murray Basin),2014,1920,0.719792,0.138491,True
180,Ghaap Plateau Dolomite Aquifer System,2014,1920,0.954167,0.61081,True
181,Bighorn Basin,2014,1920,0.176042,-0.368389,True
182,Northern San Juan Basin,2014,1920,0.0421875,-0.626369,True
183,Southwestern Bengal Basin (Bengal Basin),2014,1920,0.958854,0.395072,True
184,Central Carrizo-Wilcox (Carrizo-Wilcox),2014,1920,0.216667,-0.21319,True
185,Northern Pitted Karst Plain (Yucatan Peninsula),2014,1920,0.802083,0.246491,True
186,New Brunswick Carboniferous Basin (Maritimes Basin),2014,1920,0.675,0.287632,True
187,Madhupur Tract and Eastern Floodplains (Bengal Basin),2014,1920,0.40625,-0.0415051,True
188,Southwestern Allegheny Plateau (Appalachian Plateaus),2014,1920,0.168229,-0.434553,True
189,Black Hills Uplift,2014,1920,0.396354,-0.11935,True
190,Central Pilbara Granite-Greenstone Terrane (Pilbara Craton),2014,1920,0.0125,-0.545493,True
191,Northwestern Deccan Basalt Plateau (Deccan Plateau),2014,1920,1,1.46442,False
192,Dougherty Plain and Marianna Lowlands (Floridan Aquifer System),2014,1920,0.859896,0.402876,True
193,Lower Coastal Plain (Floridan Aquifer System),2014,1920,0.56875,0.0728137,True
194,Lannemezan Plateau (Aquitaine Basin),2014,1920,0.103646,-0.378778,True
195,Springbok Flats Karoo Basin,2014,1920,0.809896,0.432289,True
196,Southcentral Valley and Ridge (Valley and Ridge Aquifer System),2014,1920,0.379167,-0.107374,True
197,Northcentral Piedmont Plain (North China Plain),2014,1920,0.826562,0.349685,True
198,North-central High Plains (High Plains),2014,1920,0.133854,-0.409194,True
199,Great Bend Prairie (High Plains),2014,1920,0.218229,-0.311318,True
200,Delmarva Peninsula (North Atlantic Coastal Plain),2014,1920,0.681771,0.195113,True
201,Denver Basin,2014,1920,0.171354,-0.385417,True
202,Eastern Second Songhuajiang System (Songnen Plain),2014,1920,0.966667,0.983554,True
203,Western Bengal Basin (Bengal Basin),2014,1920,0.833333,0.173244,True
204,Eastern Otway Basin (Otway Basin),2014,1920,0.742188,0.142555,True
205,Western Allegheny Plateau (Appalachian Plateaus),2014,1920,0.153646,-0.444596,True
206,Laizhou Coastal Plain,2014,1920,1,0.913149,False
207,Central Coromandel Fractured Charnockite and Gneiss Aquifers (Coromandel Coastal Plain),2014,1920,1,1.36313,False
208,Intermediate Aquifer (Floridan Aquifer System),2014,1920,0.895312,0.489646,True
209,Malm Valangnian Aquifer,2014,1920,0,-1.1774,False
210,Southwestern Khorat Plateau (Khorat Plateau Aquifer System),2014,1920,1,0.763887,False
211,Western Cambay Basin (Cambay Basin),2014,1920,0.951042,0.513145,True
212,Western Pilbara Granite-Greenstone Terrane (Pilbara Craton),2014,1920,0.00625,-0.607939,True
213,Mississippi Delta (Gulf Coast Regional Aquifer System),2014,1920,0.710938,0.190617,True
214,Central Cambay Basin (Cambay Basin),2014,1920,0.81875,0.291028,True
215,Eastern Duero Basin (Duero Basin),2014,1920,0.0677083,-0.536183,True
216,Eastern Pennyroyal Plateau (Interior Low Plateaus),2014,1920,0.3625,-0.122046,True
217,Gunnedah Basin and Liverpool Plains,2014,1920,1,0.577859,False
218,Northern Piedmont Upland (Piedmont Plateau),2014,1920,0.715625,0.243505,True
219,Lower Athabasca (Lower Athabasca Basin),2014,1920,0.375,-0.303669,True
220,Southern Nuomin-Taoer System (Songnen Plain),2014,1920,1,1.04361,False
221,Umatilla Basin and Horse Heaven Hills (Columbia Plateau Regional Aquifer System),2014,1920,0.0177083,-0.581264,True
222,Palouse Slope (Columbia Plateau Regional Aquifer System),2014,1920,0.0697917,-0.719884,True
223,Letaba Lowveld,2014,1920,0.719271,0.230249,True
224,Landes Plain (Aquitaine Basin),2014,1920,0.249479,-0.283447,True
225,Transboundary Odanah Shale,2014,1920,0.00104167,-1.66724,True
226,Northern Hirri Basin (Chhattisgarh Basin),2014,1920,0.927083,0.948859,True
227,Western Second Songhuajiang System (Songnen Plain),2014,1920,0.96875,1.08215,True
228,Tifton Upland (Floridan Aquifer System),2014,1920,0.816146,0.315346,True
229,South-central High Plains (High Plains),2014,1920,0.0197917,-0.810188,True
230,Northern Khorat Plateau (Khorat Plateau Aquifer System),2014,1920,1,0.720544,False
231,Hill Country (Edwards-Trinity Aquifer System),2014,1920,0.0682292,-0.510173,True
232,Northern St. Lawrence Lowlands (St. Lawrence Lowlands),2014,1920,0.873958,0.828145,True
233,Chicxulub Sedimentary Basin (Yucatan Peninsula),2014,1920,0.88125,0.324652,True
234,West Jutland Quaternary and Tertiary Sand Aquifer System,2014,1920,0.564063,0.0572536,True
235,South Platte Basin,2014,1920,0.344271,-0.191397,True
236,North Rewa Basin (Son-Mahandai Valley Basins),2014,1920,0.939583,0.631733,True
237,Southern Coromandel Fractured Charnockite and Gneiss Aquifers (Coromandel Coastal Plain),2014,1920,0.978646,0.646694,True
238,Chaj Doab (Indus Basin),2014,1920,0,-2.43535,False
239,Rush Springs Aquifer,2014,1920,0.114062,-0.4637,True
240,Silurian and Overlying Unconsolidated Aquifers (Southern Ontario Paleozoic Aquifer System),2014,1920,0.371354,-0.131356,True
241,Bangkok Basin (Lower Chao Phraya Basin),2014,1920,0.951562,0.382762,True
242,Gypsum Hills,2014,1920,0.0942708,-0.536506,True
243,Clarence-Moreton Basin and Cecil Plains (Great Artesian Basin),2014,1920,0.708333,0.0936538,True
244,Hetao Basin,2014,1920,0.0958333,-0.418941,True
245,Western C Aquifer (The C Aquifer),2014,1920,0.283333,-0.306813,True
246,Arrowsmith and Dandaragan Plateau (Perth Basin),2014,1920,0.090625,-0.311539,True
247,Gambier Embayment (Otway Basin),2014,1920,0.661979,0.0816824,True
248,Northern Columbia River Basin (Columbia Plateau Regional Aquifer System),2014,1920,0.0489583,-0.946486,True
249,San Luis Valley (Middle Rio Grande),2014,1920,0.0114583,-0.797575,True
250,Southern Cumberland Plateau - Pottsville Aquifer (Appalachian Plateaus),2014,1920,0.773438,0.299468,True
251,Sylhet Basin (Bengal Basin),2014,1920,0.423958,-0.0429318,True
252,Tuli Karoo Aquifer,2014,1920,0.692708,0.197445,True
253,Antlers Aquifer,2014,1920,0.385417,-0.107538,True
254,New Jersey Coastal Plain (North Atlantic Coastal Plain),2014,1920,0.768229,0.333516,True
255,Upper Deschutes Basin,2014,1920,0.071875,-0.612619,True
256,Southwestern Flatwoods (Floridan Aquifer System),2014,1920,0.870833,0.429535,True
257,Central Cumberland Plateau and Sequatchie Valley (Appalachian Plateaus),2014,1920,0.65,0.154705,True
258,Eastern Malwa Plateau Alluvial Aquifer (Malwa Plateau),2014,1920,0,-1.94047,False
259,Northern Duero Basin (Duero Basin),2014,1920,0.0947917,-0.421922,True
260,Central Littoral Plain (North China Plain),2014,1920,0.932292,0.615071,True
261,Red River Delta,2014,1920,0.433854,-0.0329913,True
262,Tipton Till Plain (Central Lowland Till Plain),2014,1920,0.163021,-0.364151,True
263,Upper Carbonate Aquifer (Northern Midwest Aquifer System),2014,1920,0.104688,-0.607764,True
264,Northern Saurashtra Deccan Trap Basalts (Saurashtra Deccan Trap Basalts),2014,1920,1,0.449015,False
265,Kurnool Basin (Cuddapah Sedimentary Basin),2014,1920,1,2.03087,False
266,Coatzacoalcos Coastal Aquifer (Coastal Plain of Veracruz),2014,1920,0.0338542,-0.563669,True
267,Northern Nuomin-Taoer System (Songnen Plain),2014,1920,1,0.955802,False
268,Hatfield Valley,2014,1920,0,-1.76838,False
269,Northcentral Coromandel Schist Aquifers (Coromandel Coastal Plain),2014,1920,1,1.74529,False
270,Alsatian Aquifer and Upper Rhine Valley,2014,1920,0,-0.983124,False
271,Southern Odanah Shale,2014,1920,0,-2.3237,False
272,Eastern Satpura Basalt Aquifers (Satpura Basalts),2014,1920,1,1.33379,False
273,Southern Hirri Basin (Chhattisgarh Basin),2014,1920,0.934375,1.06756,True
274,Limpopo Plateau,2014,1920,0.675521,0.219584,True
275,Southeastern Bengal Basin (Bengal Basin),2014,1920,0.602604,0.0550889,True
0,Central Parana Basin and Torres Syncline (Guarani Aquifer System),2015,1920,0,-1.96283,False
1,Northern Guarani Aquifer (Guarani Aquifer System),2015,1920,0,-2.42357,False
2,Southwestern Chaco-Lower Parana Basin (Guarani Aquifer System),2015,1920,0,-2.2187,False
3,Amazonas Basin and Alter de Chao Aquifer System (Amazon Aquifer System),2015,1920,0.683333,0.152195,True
4,Poolowanna Trough and Western Eromanga Basin (Great Artesian Basin),2015,1920,0.188542,-0.214147,True
5,Eastern Eromanga Basin (Great Artesian Basin),2015,1920,0.439583,-0.0279344,True
6,Northern Eromanga Basin (Great Artesian Basin),2015,1920,0.820833,0.150615,True
7,Northern High Plains (High Plains),2015,1920,0.0130208,-0.91501,True
8,Williston Basin (Northern Great Plains),2015,1920,0.0208333,-1.02147,True
9,Central Eromanga Depocenter (Great Artesian Basin),2015,1920,0.119792,-0.236767,True
10,Western Parecis Basin (Parecis Basin),2015,1920,0,-1.77753,False
11,Upper Gangetic Plain (Indo-Gangetic Plain),2015,1920,0.184375,-0.419943,True
12,Stampriet Kalahari Karoo Aquifer System,2015,1920,0.656771,0.0854339,True
13,Northcentral Mega Aquifer System (Mega Aquifer System),2015,1920,0.351042,-0.108958,True
14,Ozark Plateaus Aquifer System,2015,1920,0.0265625,-0.709855,True
15,Western Karoo Basin (Main Karoo Basin),2015,1920,0.961458,0.402329,True
16,Middle Gangetic Plain (Indo-Gangetic Plain),2015,1920,0.798438,0.282407,True
17,Northern Mega Aquifer System (Mega Aquifer System),2015,1920,0.126042,-0.705535,True
18,Canning Basin,2015,1920,0.997396,0.513548,True
19,Central Karoo Basin (Main Karoo Basin),2015,1920,0.994271,0.763855,True
20,Southern Carpentaria Basin (Great Artesian Basin),2015,1920,1,0.849484,False
21,Eastern Parecis Basin (Parecis Basin),2015,1920,0.1375,-0.256636,True
22,Eastern Poti and Piaui and Cabecas and Serra Grande Aquifers (Parnaiba Basin),2015,1920,1,2.90372,False
23,Wiso Basin (Daly-Wiso-Georgina Basins),2015,1920,1,1.71703,False
24,Northern Georgina Basin (Daly-Wiso-Georgina Basins),2015,1920,1,1.5054,False
25,Dakota Aquifer System,2015,1920,0,-0.926109,False
26,Arckaringa Basin and Southwestern Great Artesian Basin (Great Artesian Basin),2015,1920,0.164062,-0.209369,True
27,Trans Gangetic Plain (Indo-Gangetic Plain),2015,1920,0,-2.77503,False
28,Southcentral Mega Aquifer System (Mega Aquifer System),2015,1920,0.413021,-0.114128,True
29,Central Mississippi Embayment (Mississippi Embayment),2015,1920,0.0171875,-0.678287,True
30,Northern Karoo Basin (Main Karoo Basin),2015,1920,1,0.931608,False
31,Mississippian-Silurian-Devonian Carbonates (Northern Midwest Aquifer System),2015,1920,0,-1.19432,False
32,Staten River Embayment and Central Carpentaria Basin (Great Artesian Basin),2015,1920,1,0.769707,False
33,Central Dharwar Craton Banded Gneiss Complex (Dharwar Craton Banded Gneiss Complex),2015,1920,1,2.20809,False
34,Central Huaihe Plain (Huaihe River Basin),2015,1920,0.957292,0.765988,True
35,Central Minnesota Surficial and Buried Sand and Gravel Aquifers,2015,1920,0.00520833,-1.16482,True
36,Southern High Plains (High Plains),2015,1920,0,-1.74929,False
37,Southcentral Karoo Basin (Main Karoo Basin),2015,1920,0.819792,0.250225,True
38,Central High Plains (High Plains),2015,1920,0,-1.48488,False
39,Lower Liaohe River Plain (Liaohe River Basin),2015,1920,1,1.4655,False
40,Wadi As-Sirhan Basin,2015,1920,0,-1.18243,False
41,Eastern Saq Aquifer (Ram-Saq Aquifer System),2015,1920,0,-0.692815,False
42,Trinity Aquifer System (Edwards-Trinity Aquifer System),2015,1920,0.003125,-1.07502,True
43,Wisconsin Precambrian Aquifer,2015,1920,0,-1.24211,False
44,Lafayette Area (Gulf Coast Regional Aquifer System),2015,1920,0.0317708,-0.495361,True
45,Paskapoo-Scollard,2015,1920,0,-1.20481,False
46,Western Surat Basin (Great Artesian Basin),2015,1920,0.979688,0.309915,True
47,Coonamble Embayment (Great Artesian Basin),2015,1920,1,0.748495,False
48,Mimosa Syncline and Eastern Surat Basin (Great Artesian Basin),2015,1920,0.9375,0.262453,True
49,Wuyuer-Shuangyang System (Songnen Plain),2015,1920,1,1.38124,False
50,Powder River Basin (Northern Great Plains),2015,1920,0.0661458,-0.559305,True
51,Central Eucla Basin (Eucla Basin),2015,1920,0,-0.392665,False
52,Rio Grande Delta (Gulf Coast Regional Aquifer System),2015,1920,0.127604,-0.467269,True
53,Michigan Basin,2015,1920,0,-1.74109,False
54,Southern Piedmont Upland (Piedmont Plateau),2015,1920,0.545833,0.037101,True
55,Eastern Huaihe Plain (Huaihe River Basin),2015,1920,1,0.892999,False
56,Northern Dharwar Craton Banded Gneiss Complex (Dharwar Craton Banded Gneiss Complex),2015,1920,1,2.26982,False
57,Eastern Mississippi Embayment (Mississippi Embayment),2015,1920,0.0890625,-0.457558,True
58,Western Cambrian-Ordovician Aquifers (Northern Midwest Aquifer System),2015,1920,0.0145833,-1.12463,True
59,Southeastern System (Amadeus Basin),2015,1920,0.219792,-0.234562,True
60,Edwards Plateau (Edwards-Trinity Aquifer System),2015,1920,0,-1.57109,False
61,Southcentral Deccan Basalt Plateau (Deccan Plateau),2015,1920,1,2.11253,False
62,Eastside Lower Indus Valley (Indus Basin),2015,1920,0.769271,0.445521,True
63,Central Piedmont Upland (Piedmont Plateau),2015,1920,0.101562,-0.432568,True
64,Eastern Carrizo-Wilcox (Carrizo-Wilcox),2015,1920,0.0145833,-0.723061,True
65,Jiangsu Coastal Plain (Huaihe River Basin),2015,1920,0.973437,0.428712,True
66,Eastern Cambrian-Ordovician Aquifers (Northern Midwest Aquifer System),2015,1920,0,-1.22155,False
67,Northcentral Deccan Basalt Plateau (Deccan Plateau),2015,1920,1,2.00112,False
68,Eastside Middle Indus Plain (Indus Basin),2015,1920,0,-1.69784,False
69,Central Allegheny Plateau (Appalachian Plateaus),2015,1920,0.0140625,-0.713631,True
70,Northeastern Karoo Basin (Main Karoo Basin),2015,1920,0.991146,1.05387,True
71,Southern Riverine Plains (Murray Basin),2015,1920,1,0.561362,False
72,Black Warrior River Aquifer System (Eutaw and McShan Formations and Tuscaloosa Group),2015,1920,0.289062,-0.191228,True
73,North Carolina and Virginia Coastal Plain (North Atlantic Coastal Plain),2015,1920,0.320312,-0.157614,True
74,Northeastern Deccan Basalt Plateau (Deccan Plateau),2015,1920,1,2.02175,False
75,Ribstone Creek and Northern Judith River Aquifer (Bearpaw-Judith River Aquifer System),2015,1920,0,-1.46226,False
76,Southern Dharwar Craton Banded Gneiss Complex (Dharwar Craton Banded Gneiss Complex),2015,1920,1,1.99486,False
77,Northcentral Valley and Ridge (Valley and Ridge Aquifer System),2015,1920,0.0208333,-0.602953,True
78,Ivanhoe Plains (Murray Basin),2015,1920,0.848437,0.238662,True
79,Southcentral Piedmont Upland (Piedmont Plateau),2015,1920,0.261458,-0.215135,True
80,Weipa Depression and Northern Carpentaria Basin (Great Artesian Basin),2015,1920,1,0.47592,False
81,Western Liaohe River Basin (Liaohe River Basin),2015,1920,1,1.40681,False
82,Western Carrizo-Wilcox (Carrizo-Wilcox),2015,1920,0,-1.0634,False
83,Northern Valley and Ridge (Valley and Ridge Aquifer System),2015,1920,0.145833,-0.446547,True
84,Eastern Karoo Basin (Main Karoo Basin),2015,1920,0.955208,0.796654,True
85,Eastern Paris Basin (Paris Basin),2015,1920,0.265104,-0.133809,True
86,Bari Doab (Indus Basin),2015,1920,0,-2.46627,False
87,Eastern Dakota Aquifer,2015,1920,0,-1.32407,False
88,Springfield Plain (Central Lowland Till Plain),2015,1920,0,-0.9605,False
89,Seymour-Blaine Aquifer System,2015,1920,0,-1.68069,False
90,Central Alluvial-Laucustrine Plain (North China Plain),2015,1920,1,1.15178,False
91,Southern Malwa Plateau (Malwa Plateau),2015,1920,1,1.5244,False
92,Yellow River Alluvial Plain (North China Plain),2015,1920,1,1.25908,False
93,Eastern Armorican Massif (Armorican Massif),2015,1920,0.536979,0.0139195,True
94,Ocala Uplift (Floridan Aquifer System),2015,1920,0.8625,0.470875,True
95,Pearl and Chattahoochee Aquifer System,2015,1920,0.692187,0.179697,True
96,Eastern Mekong Delta (Mekong Delta),2015,1920,1,0.433126,False
97,Jianghan Plain,2015,1920,0.101562,-0.337125,True
98,Middle-Upper Devonian Aquifer System (Baltic Artesian Basin),2015,1920,0.778646,0.287949,True
99,Upper Cauvery Banded Gneiss Aquifers (Dharwar Craton Banded Gneiss Complex),2015,1920,1,1.71546,False
100,Western Mississippi Embayment (Mississippi Embayment),2015,1920,0.0125,-0.649781,True
101,Southern Hills (Gulf Coast Regional Aquifer System),2015,1920,0.107292,-0.405009,True
102,Lake Frome Embayment (Great Artesian Basin),2015,1920,0.186458,-0.213049,True
103,Peedee and Black Creek and Cape Fear Aquifers,2015,1920,0.443229,-0.0550312,True
104,Western Brahmaputra Basin Aquifer (Brahmaputra Basin Aquifer),2015,1920,0,-0.661517,False
105,Roma Shelf and Northern Surat Basin (Great Artesian Basin),2015,1920,0.501563,0.00057394,True
106,Thal Doab (Indus Basin),2015,1920,0.025,-1.65193,True
107,Stockton Plateau (Edwards-Trinity Aquifer System),2015,1920,0,-1.67212,False
108,Rechna Doab (Indus Basin),2015,1920,0,-2.7688,False
109,Northern Piedmont and Tista Fan (Bengal Basin),2015,1920,0.00208333,-0.572965,True
110,Central Paris Basin (Paris Basin),2015,1920,0.416146,-0.0552159,True
111,Southern Mallee (Murray Basin),2015,1920,0.797917,0.167833,True
112,Victoria Area (Gulf Coast Regional Aquifer System),2015,1920,0.00208333,-0.849236,True
113,Central Urucuia Aquifer (Urucuia Aquifer System),2015,1920,1,1.47989,False
114,Southcentral Floodplains (Bengal Basin),2015,1920,0.197917,-0.147066,True
115,Eastern Silurian-Devonian Aquifers (Northern Midwest Aquifer System),2015,1920,0,-1.4976,False
116,Southern Saurashtra Deccan Trap Basalts (Saurashtra Deccan Trap Basalts),2015,1920,1,1.08577,False
117,Northeast Missouri Carbonates (Northern Midwest Aquifer System),2015,1920,0,-1.03117,False
118,Eastern C Aquifer (The C Aquifer),2015,1920,0.243229,-0.459166,True
119,Southern Huaihe River Basin (Huaihe River Basin),2015,1920,0.625521,0.0814335,True
120,Western Huaihe Plain (Huaihe River Basin),2015,1920,1,1.06735,False
121,Southeastern Surat Basin (Great Artesian Basin),2015,1920,1,0.527869,False
122,Houston-Galveston Area (Gulf Coast Regional Aquifer System),2015,1920,0,-0.816413,False
123,Western Paris Basin (Paris Basin),2015,1920,0.483333,-0.0102013,True
124,Northern Cumberland Plateau and Mountains (Appalachian Plateaus),2015,1920,0.0416667,-0.506067,True
125,Southeastern Coastal Karoo Basin (Main Karoo Basin),2015,1920,0.885417,0.322471,True
126,Mount Vernon Hill County (Central Lowland Till Plain),2015,1920,0.0015625,-0.837173,True
127,Eastern Riverine Plains (Murray Basin),2015,1920,1,0.775633,False
128,Central Mallee (Murray Basin),2015,1920,0.458854,-0.0236194,True
129,Northern Allegheny Plateau (Appalachian Plateaus),2015,1920,0.0380208,-0.843252,True
130,Daly Basin (Daly-Wiso-Georgina Basins),2015,1920,0.916146,0.461477,True
131,Blue Mountains and Clearwater Embayment (Columbia Plateau Regional Aquifer System),2015,1920,0.0223958,-0.658219,True
132,Western Satpura Basalt Aquifers (Satpura Basalts),2015,1920,1,1.80373,False
133,Northern Aquitaine Basin (Aquitaine Basin),2015,1920,0.41875,-0.0579713,True
134,Central Wabash and Bloomington Ridged Plain (Central Lowland Till Plain),2015,1920,0,-1.08106,False
135,Northern Riverine Plains (Murray Basin),2015,1920,1,0.72143,False
136,Upper Peninsula Jacobsville Sandstone and Cambrian-Ordovician and Silurian-Devonian Aquifers (Northern Midwest Aquifer System),2015,1920,0,-1.24686,False
137,Eastern Flatwoods Southshores (Floridan Aquifer System),2015,1920,0.834375,0.334705,True
138,Lower Limestone Coast Aquifer System (Murray Basin),2015,1920,0.495312,-0.00238983,True
139,Eastern Malwa Plateau (Malwa Plateau),2015,1920,1,1.10644,False
140,Southern St. Lawrence Lowlands (St. Lawrence Lowlands),2015,1920,0.632292,0.175666,True
141,Southern Paris Basin (Paris Basin),2015,1920,0.328646,-0.110517,True
142,Westside Middle Indus Plain (Indus Basin),2015,1920,0.127083,-1.41061,True
143,Northcentral Piedmont Upland (Piedmont Plateau),2015,1920,0.15625,-0.378423,True
144,Osage Plains (Osage Cuestas Aquifer System),2015,1920,0.0989583,-0.784629,True
145,Eastern Pilbara Granite-Greenstone Terrane (Pilbara Craton),2015,1920,0.0197917,-0.421283,True
146,Malwa Plateau Gneiss Complex (Malwa Plateau),2015,1920,0.259896,-0.256983,True
147,Bluffton Till Plain (Central Lowland Till Plain),2015,1920,0,-1.10418,False
148,Vidalia Upland (Floridan Aquifer System),2015,1920,0.723437,0.22126,True
149,Northern Paris Basin (Paris Basin),2015,1920,0.708854,0.139826,True
150,Southern Valley and Ridge (Valley and Ridge Aquifer System),2015,1920,0.398958,-0.0955885,True
151,Barind Tract and Central Floodplains (Bengal Basin),2015,1920,0.0494792,-0.310949,True
152,Northeastern Judith River (Bearpaw-Judith River Aquifer System),2015,1920,0,-1.64366,False
153,Great Plains Dakota Aquifer,2015,1920,0,-1.15269,False
154,Western Armorican Massif (Armorican Massif),2015,1920,0.592708,0.0515144,True
155,Southeastern Allegheny Plateau (Appalachian Plateaus),2015,1920,0.009375,-0.659708,True
156,Western Riverine Plains (Murray Basin),2015,1920,1,0.558615,False
157,Southern Deccan Basalt Plateau (Deccan Plateau),2015,1920,1,1.92146,False
158,Eastern Vindhyan Basin,2015,1920,1,1.19122,False
159,Catahoula Area (Gulf Coast Regional Aquifer System),2015,1920,0.213021,-0.262588,True
160,Milk River,2015,1920,0.00416667,-1.01176,True
161,Shawnee Hills (Interior Low Plateaus),2015,1920,0.03125,-0.660468,True
162,Sea Island (Floridan Aquifer System),2015,1920,0.834375,0.404214,True
163,Missionary Plains Syncline and Mereenie Anticline (Amadeus Basin),2015,1920,0.454688,-0.0620099,True
164,Flint Hills Upland (Osage Cuestas Aquifer System),2015,1920,0.025,-0.90263,True
165,Northwestern Malwa Plateau (Malwa Plateau),2015,1920,1,1.09628,False
166,Sundarbans and Southern Delta (Bengal Basin),2015,1920,0.630729,0.0882635,True
167,Transboundary Judith River Aquifer (Bearpaw-Judith River Aquifer System),2015,1920,0,-1.18496,False
168,Middle Chao Phraya Basin,2015,1920,1,0.78424,False
169,Northern Mallee (Murray Basin),2015,1920,0.388021,-0.0680546,True
170,Alabama Coastal Lowlands (Gulf Coast Regional Aquifer System),2015,1920,0.4875,-0.0123786,True
171,Pecos Valley,2015,1920,0,-1.74415,False
172,Eastern Deccan Basalt Plateau (Deccan Plateau),2015,1920,1,2.38336,False
173,Lachlan Alluvium,2015,1920,1,0.911828,False
174,Devonian and Overlying Unconsolidated Aquifers (Southern Ontario Paleozoic Aquifer System),2015,1920,0.0161458,-1.11038,True
175,Nanyang Basin,2015,1920,0.998437,0.771015,True
176,Newcastle Till Plain (Central Lowland Till Plain),2015,1920,0,-0.908299,False
177,Southern Mekong Delta (Mekong Delta),2015,1920,0.649479,0.0890125,True
178,Northern Cambrian-Ordovician Aquifers (Northern Midwest Aquifer System),2015,1920,0,-1.73693,False
179,Wimmera Plain (Murray Basin),2015,1920,0.850521,0.231421,True
180,Ghaap Plateau Dolomite Aquifer System,2015,1920,0.991667,0.711993,True
181,Bighorn Basin,2015,1920,0.0604167,-0.529167,True
182,Northern San Juan Basin,2015,1920,0.129167,-0.5415,True
183,Southwestern Bengal Basin (Bengal Basin),2015,1920,0.884896,0.291527,True
184,Central Carrizo-Wilcox (Carrizo-Wilcox),2015,1920,0,-1.0001,False
185,Northern Pitted Karst Plain (Yucatan Peninsula),2015,1920,0.982292,0.659747,True
186,New Brunswick Carboniferous Basin (Maritimes Basin),2015,1920,0.635417,0.215965,True
187,Madhupur Tract and Eastern Floodplains (Bengal Basin),2015,1920,0.0109375,-0.418248,True
188,Southwestern Allegheny Plateau (Appalachian Plateaus),2015,1920,0.0046875,-0.793747,True
189,Black Hills Uplift,2015,1920,0.0796875,-0.459272,True
190,Central Pilbara Granite-Greenstone Terrane (Pilbara Craton),2015,1920,0.00572917,-0.596669,True
191,Northwestern Deccan Basalt Plateau (Deccan Plateau),2015,1920,1,1.85287,False
192,Dougherty Plain and Marianna Lowlands (Floridan Aquifer System),2015,1920,0.744792,0.252768,True
193,Lower Coastal Plain (Floridan Aquifer System),2015,1920,0.670312,0.144547,True
194,Lannemezan Plateau (Aquitaine Basin),2015,1920,0.220833,-0.16792,True
195,Springbok Flats Karoo Basin,2015,1920,0.963542,0.72376,True
196,Southcentral Valley and Ridge (Valley and Ridge Aquifer System),2015,1920,0.110417,-0.390842,True
197,Northcentral Piedmont Plain (North China Plain),2015,1920,1,0.987157,False
198,North-central High Plains (High Plains),2015,1920,0,-1.19062,False
199,Great Bend Prairie (High Plains),2015,1920,0,-1.21302,False
200,Delmarva Peninsula (North Atlantic Coastal Plain),2015,1920,0.376563,-0.117721,True
201,Denver Basin,2015,1920,0.0213542,-0.793288,True
202,Eastern Second Songhuajiang System (Songnen Plain),2015,1920,1,1.23623,False
203,Western Bengal Basin (Bengal Basin),2015,1920,0.493229,-0.0026685,True
204,Eastern Otway Basin (Otway Basin),2015,1920,0.720313,0.127547,True
205,Western Allegheny Plateau (Appalachian Plateaus),2015,1920,0.00520833,-0.928777,True
206,Laizhou Coastal Plain,2015,1920,1,1.26952,False
207,Central Coromandel Fractured Charnockite and Gneiss Aquifers (Coromandel Coastal Plain),2015,1920,1,1.48184,False
208,Intermediate Aquifer (Floridan Aquifer System),2015,1920,0.871875,0.467971,True
209,Malm Valangnian Aquifer,2015,1920,0,-1.35267,False
210,Southwestern Khorat Plateau (Khorat Plateau Aquifer System),2015,1920,1,0.940464,False
211,Western Cambay Basin (Cambay Basin),2015,1920,1,1.04166,False
212,Western Pilbara Granite-Greenstone Terrane (Pilbara Craton),2015,1920,0,-0.715814,False
213,Mississippi Delta (Gulf Coast Regional Aquifer System),2015,1920,0.328125,-0.171592,True
214,Central Cambay Basin (Cambay Basin),2015,1920,1,0.847325,False
215,Eastern Duero Basin (Duero Basin),2015,1920,0.178646,-0.180774,True
216,Eastern Pennyroyal Plateau (Interior Low Plateaus),2015,1920,0.0541667,-0.549382,True
217,Gunnedah Basin and Liverpool Plains,2015,1920,1,0.810503,False
218,Northern Piedmont Upland (Piedmont Plateau),2015,1920,0.439583,-0.0740628,True
219,Lower Athabasca (Lower Athabasca Basin),2015,1920,0.28125,-0.608855,True
220,Southern Nuomin-Taoer System (Songnen Plain),2015,1920,1,1.41557,False
221,Umatilla Basin and Horse Heaven Hills (Columbia Plateau Regional Aquifer System),2015,1920,0.0385417,-0.585009,True
222,Palouse Slope (Columbia Plateau Regional Aquifer System),2015,1920,0.01875,-0.863604,True
223,Letaba Lowveld,2015,1920,0.832812,0.504276,True
224,Landes Plain (Aquitaine Basin),2015,1920,0.450521,-0.0341027,True
225,Transboundary Odanah Shale,2015,1920,0.00833333,-1.16463,True
226,Northern Hirri Basin (Chhattisgarh Basin),2015,1920,1,1.41718,False
227,Western Second Songhuajiang System (Songnen Plain),2015,1920,1,1.47748,False
228,Tifton Upland (Floridan Aquifer System),2015,1920,0.793229,0.342127,True
229,South-central High Plains (High Plains),2015,1920,0,-1.64669,False
230,Northern Khorat Plateau (Khorat Plateau Aquifer System),2015,1920,1,0.879483,False
231,Hill Country (Edwards-Trinity Aquifer System),2015,1920,0,-1.24089,False
232,Northern St. Lawrence Lowlands (St. Lawrence Lowlands),2015,1920,0.826042,0.636356,True
233,Chicxulub Sedimentary Basin (Yucatan Peninsula),2015,1920,0.984896,0.759189,True
234,West Jutland Quaternary and Tertiary Sand Aquifer System,2015,1920,0.945833,0.38016,True
235,South Platte Basin,2015,1920,0.0395833,-0.719131,True
236,North Rewa Basin (Son-Mahandai Valley Basins),2015,1920,1,1.28545,False
237,Southern Coromandel Fractured Charnockite and Gneiss Aquifers (Coromandel Coastal Plain),2015,1920,0.994271,0.694537,True
238,Chaj Doab (Indus Basin),2015,1920,0,-2.49973,False
239,Rush Springs Aquifer,2015,1920,0,-1.41422,False
240,Silurian and Overlying Unconsolidated Aquifers (Southern Ontario Paleozoic Aquifer System),2015,1920,0,-1.33043,False
241,Bangkok Basin (Lower Chao Phraya Basin),2015,1920,0.971354,0.410199,True
242,Gypsum Hills,2015,1920,0,-1.43007,False
243,Clarence-Moreton Basin and Cecil Plains (Great Artesian Basin),2015,1920,0.999479,0.37803,True
244,Hetao Basin,2015,1920,0.129167,-0.381407,True
245,Western C Aquifer (The C Aquifer),2015,1920,0.197917,-0.345493,True
246,Arrowsmith and Dandaragan Plateau (Perth Basin),2015,1920,0.107813,-0.288629,True
247,Gambier Embayment (Otway Basin),2015,1920,0.5375,0.0141642,True
248,Northern Columbia River Basin (Columbia Plateau Regional Aquifer System),2015,1920,0.00572917,-1.10889,True
249,San Luis Valley (Middle Rio Grande),2015,1920,0.0291667,-0.786143,True
250,Southern Cumberland Plateau - Pottsville Aquifer (Appalachian Plateaus),2015,1920,0.357292,-0.135549,True
251,Sylhet Basin (Bengal Basin),2015,1920,0.00208333,-0.439988,True
252,Tuli Karoo Aquifer,2015,1920,0.730208,0.259591,True
253,Antlers Aquifer,2015,1920,0.0859375,-0.742429,True
254,New Jersey Coastal Plain (North Atlantic Coastal Plain),2015,1920,0.592708,0.105387,True
255,Upper Deschutes Basin,2015,1920,0.0932292,-0.474716,True
256,Southwestern Flatwoods (Floridan Aquifer System),2015,1920,0.831771,0.353319,True
257,Central Cumberland Plateau and Sequatchie Valley (Appalachian Plateaus),2015,1920,0.307812,-0.206108,True
258,Eastern Malwa Plateau Alluvial Aquifer (Malwa Plateau),2015,1920,0,-1.11535,False
259,Northern Duero Basin (Duero Basin),2015,1920,0.445833,-0.0244552,True
260,Central Littoral Plain (North China Plain),2015,1920,1,1.2044,False
261,Red River Delta,2015,1920,0.505729,0.00320772,True
262,Tipton Till Plain (Central Lowland Till Plain),2015,1920,0,-1.01384,False
263,Upper Carbonate Aquifer (Northern Midwest Aquifer System),2015,1920,0,-1.2618,False
264,Northern Saurashtra Deccan Trap Basalts (Saurashtra Deccan Trap Basalts),2015,1920,1,0.803036,False
265,Kurnool Basin (Cuddapah Sedimentary Basin),2015,1920,1,2.27678,False
266,Coatzacoalcos Coastal Aquifer (Coastal Plain of Veracruz),2015,1920,0.372917,-0.100397,True
267,Northern Nuomin-Taoer System (Songnen Plain),2015,1920,1,1.15658,False
268,Hatfield Valley,2015,1920,0.00572917,-1.69936,True
269,Northcentral Coromandel Schist Aquifers (Coromandel Coastal Plain),2015,1920,1,1.95393,False
270,Alsatian Aquifer and Upper Rhine Valley,2015,1920,0.113021,-0.27593,True
271,Southern Odanah Shale,2015,1920,0,-1.79179,False
272,Eastern Satpura Basalt Aquifers (Satpura Basalts),2015,1920,1,1.68312,False
273,Southern Hirri Basin (Chhattisgarh Basin),2015,1920,1,1.51758,False
274,Limpopo Plateau,2015,1920,0.848958,0.459909,True
275,Southeastern Bengal Basin (Bengal Basin),2015,1920,0.040625,-0.277577,True
0,Central Parana Basin and Torres Syncline (Guarani Aquifer System),2016,1920,0,-1.7906,False
1,Northern Guarani Aquifer (Guarani Aquifer System),2016,1920,0,-2.60217,False
2,Southwestern Chaco-Lower Parana Basin (Guarani Aquifer System),2016,1920,0,-2.12407,False
3,Amazonas Basin and Alter de Chao Aquifer System (Amazon Aquifer System),2016,1920,0,-0.876123,False
4,Poolowanna Trough and Western Eromanga Basin (Great Artesian Basin),2016,1920,0.45,-0.0347433,True
5,Eastern Eromanga Basin (Great Artesian Basin),2016,1920,0.919792,0.290419,True
6,Northern Eromanga Basin (Great Artesian Basin),2016,1920,0.901563,0.332545,True
7,Northern High Plains (High Plains),2016,1920,0,-1.44928,False
8,Williston Basin (Northern Great Plains),2016,1920,0.00208333,-1.08946,True
9,Central Eromanga Depocenter (Great Artesian Basin),2016,1920,0.794792,0.159746,True
10,Western Parecis Basin (Parecis Basin),2016,1920,0,-1.8508,False
11,Upper Gangetic Plain (Indo-Gangetic Plain),2016,1920,0.886458,0.281417,True
12,Stampriet Kalahari Karoo Aquifer System,2016,1920,0.791146,0.179224,True
13,Northcentral Mega Aquifer System (Mega Aquifer System),2016,1920,0.250521,-0.26128,True
14,Ozark Plateaus Aquifer System,2016,1920,0.0416667,-0.847784,True
15,Western Karoo Basin (Main Karoo Basin),2016,1920,1,0.527587,False
16,Middle Gangetic Plain (Indo-Gangetic Plain),2016,1920,1,0.513278,False
17,Northern Mega Aquifer System (Mega Aquifer System),2016,1920,0.00104167,-1.09434,True
18,Canning Basin,2016,1920,0.643229,0.140753,True
19,Central Karoo Basin (Main Karoo Basin),2016,1920,1,0.799733,False
20,Southern Carpentaria Basin (Great Artesian Basin),2016,1920,1,1.0627,False
21,Eastern Parecis Basin (Parecis Basin),2016,1920,0.0046875,-0.420739,True
22,Eastern Poti and Piaui and Cabecas and Serra Grande Aquifers (Parnaiba Basin),2016,1920,1,2.2276,False
23,Wiso Basin (Daly-Wiso-Georgina Basins),2016,1920,1,2.25488,False
24,Northern Georgina Basin (Daly-Wiso-Georgina Basins),2016,1920,1,2.07053,False
25,Dakota Aquifer System,2016,1920,0,-1.21316,False
26,Arckaringa Basin and Southwestern Great Artesian Basin (Great Artesian Basin),2016,1920,0.0140625,-0.393957,True
27,Trans Gangetic Plain (Indo-Gangetic Plain),2016,1920,0,-1.81804,False
28,Southcentral Mega Aquifer System (Mega Aquifer System),2016,1920,0.379167,-0.131266,True
29,Central Mississippi Embayment (Mississippi Embayment),2016,1920,0.0338542,-0.703362,True
30,Northern Karoo Basin (Main Karoo Basin),2016,1920,1,1.03997,False
31,Mississippian-Silurian-Devonian Carbonates (Northern Midwest Aquifer System),2016,1920,0,-1.49525,False
32,Staten River Embayment and Central Carpentaria Basin (Great Artesian Basin),2016,1920,1,0.759874,False
33,Central Dharwar Craton Banded Gneiss Complex (Dharwar Craton Banded Gneiss Complex),2016,1920,1,2.35958,False
34,Central Huaihe Plain (Huaihe River Basin),2016,1920,1,0.875035,False
35,Central Minnesota Surficial and Buried Sand and Gravel Aquifers,2016,1920,0,-1.56001,False
36,Southern High Plains (High Plains),2016,1920,0,-1.80081,False
37,Southcentral Karoo Basin (Main Karoo Basin),2016,1920,0.969792,0.43081,True
38,Central High Plains (High Plains),2016,1920,0,-1.61883,False
39,Lower Liaohe River Plain (Liaohe River Basin),2016,1920,1,1.53313,False
40,Wadi As-Sirhan Basin,2016,1920,0,-1.22151,False
41,Eastern Saq Aquifer (Ram-Saq Aquifer System),2016,1920,0,-0.785367,False
42,Trinity Aquifer System (Edwards-Trinity Aquifer System),2016,1920,0,-1.40997,False
43,Wisconsin Precambrian Aquifer,2016,1920,0,-1.85557,False
44,Lafayette Area (Gulf Coast Regional Aquifer System),2016,1920,0.0604167,-0.636447,True
45,Paskapoo-Scollard,2016,1920,0,-1.61307,False
46,Western Surat Basin (Great Artesian Basin),2016,1920,1,0.707366,False
47,Coonamble Embayment (Great Artesian Basin),2016,1920,1,1.01377,False
48,Mimosa Syncline and Eastern Surat Basin (Great Artesian Basin),2016,1920,1,0.603263,False
49,Wuyuer-Shuangyang System (Songnen Plain),2016,1920,1,1.32762,False
50,Powder River Basin (Northern Great Plains),2016,1920,0.0046875,-0.844745,True
51,Central Eucla Basin (Eucla Basin),2016,1920,0,-0.496554,False
52,Rio Grande Delta (Gulf Coast Regional Aquifer System),2016,1920,0.0859375,-0.54404,True
53,Michigan Basin,2016,1920,0,-2.75972,False
54,Southern Piedmont Upland (Piedmont Plateau),2016,1920,0.260417,-0.234049,True
55,Eastern Huaihe Plain (Huaihe River Basin),2016,1920,1,1.0625,False
56,Northern Dharwar Craton Banded Gneiss Complex (Dharwar Craton Banded Gneiss Complex),2016,1920,1,2.32806,False
57,Eastern Mississippi Embayment (Mississippi Embayment),2016,1920,0.0536458,-0.59108,True
58,Western Cambrian-Ordovician Aquifers (Northern Midwest Aquifer System),2016,1920,0,-1.63582,False
59,Southeastern System (Amadeus Basin),2016,1920,0.224479,-0.311392,True
60,Edwards Plateau (Edwards-Trinity Aquifer System),2016,1920,0,-1.69332,False
61,Southcentral Deccan Basalt Plateau (Deccan Plateau),2016,1920,1,2.11612,False
62,Eastside Lower Indus Valley (Indus Basin),2016,1920,0.978125,1.02045,True
63,Central Piedmont Upland (Piedmont Plateau),2016,1920,0.0458333,-0.583398,True
64,Eastern Carrizo-Wilcox (Carrizo-Wilcox),2016,1920,0,-0.996707,False
65,Jiangsu Coastal Plain (Huaihe River Basin),2016,1920,0.9875,0.570117,True
66,Eastern Cambrian-Ordovician Aquifers (Northern Midwest Aquifer System),2016,1920,0,-1.69497,False
67,Northcentral Deccan Basalt Plateau (Deccan Plateau),2016,1920,1,2.16012,False
68,Eastside Middle Indus Plain (Indus Basin),2016,1920,0,-0.941904,False
69,Central Allegheny Plateau (Appalachian Plateaus),2016,1920,0.00208333,-1.01044,True
70,Northeastern Karoo Basin (Main Karoo Basin),2016,1920,1,1.17219,False
71,Southern Riverine Plains (Murray Basin),2016,1920,0.980729,0.47733,True
72,Black Warrior River Aquifer System (Eutaw and McShan Formations and Tuscaloosa Group),2016,1920,0.078125,-0.479028,True
73,North Carolina and Virginia Coastal Plain (North Atlantic Coastal Plain),2016,1920,0.217708,-0.321038,True
74,Northeastern Deccan Basalt Plateau (Deccan Plateau),2016,1920,1,2.23802,False
75,Ribstone Creek and Northern Judith River Aquifer (Bearpaw-Judith River Aquifer System),2016,1920,0,-1.57449,False
76,Southern Dharwar Craton Banded Gneiss Complex (Dharwar Craton Banded Gneiss Complex),2016,1920,1,2.18867,False
77,Northcentral Valley and Ridge (Valley and Ridge Aquifer System),2016,1920,0.00520833,-0.805057,True
78,Ivanhoe Plains (Murray Basin),2016,1920,0.941667,0.324192,True
79,Southcentral Piedmont Upland (Piedmont Plateau),2016,1920,0.170833,-0.370908,True
80,Weipa Depression and Northern Carpentaria Basin (Great Artesian Basin),2016,1920,0.975521,0.365548,True
81,Western Liaohe River Basin (Liaohe River Basin),2016,1920,1,1.54665,False
82,Western Carrizo-Wilcox (Carrizo-Wilcox),2016,1920,0,-1.32962,False
83,Northern Valley and Ridge (Valley and Ridge Aquifer System),2016,1920,0.0765625,-0.635356,True
84,Eastern Karoo Basin (Main Karoo Basin),2016,1920,1,0.841292,False
85,Eastern Paris Basin (Paris Basin),2016,1920,0.454688,-0.0224528,True
86,Bari Doab (Indus Basin),2016,1920,0,-1.78839,False
87,Eastern Dakota Aquifer,2016,1920,0,-1.75937,False
88,Springfield Plain (Central Lowland Till Plain),2016,1920,0.025,-1.07206,True
89,Seymour-Blaine Aquifer System,2016,1920,0,-1.69935,False
90,Central Alluvial-Laucustrine Plain (North China Plain),2016,1920,1,1.61918,False
91,Southern Malwa Plateau (Malwa Plateau),2016,1920,1,2.1174,False
92,Yellow River Alluvial Plain (North China Plain),2016,1920,1,1.61979,False
93,Eastern Armorican Massif (Armorican Massif),2016,1920,0.594271,0.0648131,True
94,Ocala Uplift (Floridan Aquifer System),2016,1920,0.784375,0.338363,True
95,Pearl and Chattahoochee Aquifer System,2016,1920,0.385417,-0.129888,True
96,Eastern Mekong Delta (Mekong Delta),2016,1920,0.977083,0.417832,True
97,Jianghan Plain,2016,1920,0.0494792,-0.495606,True
98,Middle-Upper Devonian Aquifer System (Baltic Artesian Basin),2016,1920,0.778125,0.308335,True
99,Upper Cauvery Banded Gneiss Aquifers (Dharwar Craton Banded Gneiss Complex),2016,1920,1,1.93042,False
100,Western Mississippi Embayment (Mississippi Embayment),2016,1920,0.0473958,-0.744843,True
101,Southern Hills (Gulf Coast Regional Aquifer System),2016,1920,0.0776042,-0.499099,True
102,Lake Frome Embayment (Great Artesian Basin),2016,1920,0.543229,0.0252726,True
103,Peedee and Black Creek and Cape Fear Aquifers,2016,1920,0.375521,-0.136901,True
104,Western Brahmaputra Basin Aquifer (Brahmaputra Basin Aquifer),2016,1920,0.00677083,-0.610669,True
105,Roma Shelf and Northern Surat Basin (Great Artesian Basin),2016,1920,0.938542,0.346905,True
106,Thal Doab (Indus Basin),2016,1920,0.157292,-1.3324,True
107,Stockton Plateau (Edwards-Trinity Aquifer System),2016,1920,0,-1.77368,False
108,Rechna Doab (Indus Basin),2016,1920,0,-2.20817,False
109,Northern Piedmont and Tista Fan (Bengal Basin),2016,1920,0.0526042,-0.486694,True
110,Central Paris Basin (Paris Basin),2016,1920,0.455208,-0.033695,True
111,Southern Mallee (Murray Basin),2016,1920,0.694792,0.163662,True
112,Victoria Area (Gulf Coast Regional Aquifer System),2016,1920,0,-1.18943,False
113,Central Urucuia Aquifer (Urucuia Aquifer System),2016,1920,1,1.41776,False
114,Southcentral Floodplains (Bengal Basin),2016,1920,0.606771,0.102878,True
115,Eastern Silurian-Devonian Aquifers (Northern Midwest Aquifer System),2016,1920,0,-2.1921,False
116,Southern Saurashtra Deccan Trap Basalts (Saurashtra Deccan Trap Basalts),2016,1920,1,1.47095,False
117,Northeast Missouri Carbonates (Northern Midwest Aquifer System),2016,1920,0.0317708,-1.13994,True
118,Eastern C Aquifer (The C Aquifer),2016,1920,0.260417,-0.465207,True
119,Southern Huaihe River Basin (Huaihe River Basin),2016,1920,0.55625,0.0297306,True
120,Western Huaihe Plain (Huaihe River Basin),2016,1920,1,1.14046,False
121,Southeastern Surat Basin (Great Artesian Basin),2016,1920,1,0.843733,False
122,Houston-Galveston Area (Gulf Coast Regional Aquifer System),2016,1920,0,-1.17959,False
123,Western Paris Basin (Paris Basin),2016,1920,0.525,0.0180828,True
124,Northern Cumberland Plateau and Mountains (Appalachian Plateaus),2016,1920,0.00572917,-0.781727,True
125,Southeastern Coastal Karoo Basin (Main Karoo Basin),2016,1920,0.958854,0.368418,True
126,Mount Vernon Hill County (Central Lowland Till Plain),2016,1920,0.0317708,-0.903032,True
127,Eastern Riverine Plains (Murray Basin),2016,1920,1,0.718681,False
128,Central Mallee (Murray Basin),2016,1920,0.439583,-0.0587114,True
129,Northern Allegheny Plateau (Appalachian Plateaus),2016,1920,0,-1.27354,False
130,Daly Basin (Daly-Wiso-Georgina Basins),2016,1920,0.935417,0.750313,True
131,Blue Mountains and Clearwater Embayment (Columbia Plateau Regional Aquifer System),2016,1920,0.00625,-0.905237,True
132,Western Satpura Basalt Aquifers (Satpura Basalts),2016,1920,1,2.17285,False
133,Northern Aquitaine Basin (Aquitaine Basin),2016,1920,0.463021,-0.0237753,True
134,Central Wabash and Bloomington Ridged Plain (Central Lowland Till Plain),2016,1920,0.000520833,-1.348,True
135,Northern Riverine Plains (Murray Basin),2016,1920,1,0.738388,False
136,Upper Peninsula Jacobsville Sandstone and Cambrian-Ordovician and Silurian-Devonian Aquifers (Northern Midwest Aquifer System),2016,1920,0,-2.07523,False
137,Eastern Flatwoods Southshores (Floridan Aquifer System),2016,1920,0.809896,0.339212,True
138,Lower Limestone Coast Aquifer System (Murray Basin),2016,1920,0.409896,-0.0987195,True
139,Eastern Malwa Plateau (Malwa Plateau),2016,1920,1,1.91186,False
140,Southern St. Lawrence Lowlands (St. Lawrence Lowlands),2016,1920,0.405208,-0.172975,True
141,Southern Paris Basin (Paris Basin),2016,1920,0.377604,-0.0750277,True
142,Westside Middle Indus Plain (Indus Basin),2016,1920,0.167187,-1.08258,True
143,Northcentral Piedmont Upland (Piedmont Plateau),2016,1920,0.0734375,-0.535466,True
144,Osage Plains (Osage Cuestas Aquifer System),2016,1920,0.00104167,-1.15754,True
145,Eastern Pilbara Granite-Greenstone Terrane (Pilbara Craton),2016,1920,0.000520833,-0.729568,True
146,Malwa Plateau Gneiss Complex (Malwa Plateau),2016,1920,0.960417,0.722328,True
147,Bluffton Till Plain (Central Lowland Till Plain),2016,1920,0,-1.68767,False
148,Vidalia Upland (Floridan Aquifer System),2016,1920,0.591667,0.0925565,True
149,Northern Paris Basin (Paris Basin),2016,1920,0.683333,0.117647,True
150,Southern Valley and Ridge (Valley and Ridge Aquifer System),2016,1920,0.121354,-0.40642,True
151,Barind Tract and Central Floodplains (Bengal Basin),2016,1920,0.395313,-0.0965351,True
152,Northeastern Judith River (Bearpaw-Judith River Aquifer System),2016,1920,0,-1.64295,False
153,Great Plains Dakota Aquifer,2016,1920,0,-1.60795,False
154,Western Armorican Massif (Armorican Massif),2016,1920,0.651563,0.101978,True
155,Southeastern Allegheny Plateau (Appalachian Plateaus),2016,1920,0,-0.917183,False
156,Western Riverine Plains (Murray Basin),2016,1920,1,0.581863,False
157,Southern Deccan Basalt Plateau (Deccan Plateau),2016,1920,1,1.99972,False
158,Eastern Vindhyan Basin,2016,1920,1,1.63474,False
159,Catahoula Area (Gulf Coast Regional Aquifer System),2016,1920,0.0963542,-0.467613,True
160,Milk River,2016,1920,0.00833333,-1.11305,True
161,Shawnee Hills (Interior Low Plateaus),2016,1920,0.0192708,-0.804403,True
162,Sea Island (Floridan Aquifer System),2016,1920,0.765625,0.32485,True
163,Missionary Plains Syncline and Mereenie Anticline (Amadeus Basin),2016,1920,0.418229,-0.111907,True
164,Flint Hills Upland (Osage Cuestas Aquifer System),2016,1920,0,-1.30491,False
165,Northwestern Malwa Plateau (Malwa Plateau),2016,1920,1,1.87853,False
166,Sundarbans and Southern Delta (Bengal Basin),2016,1920,0.74375,0.314309,True
167,Transboundary Judith River Aquifer (Bearpaw-Judith River Aquifer System),2016,1920,0,-1.27615,False
168,Middle Chao Phraya Basin,2016,1920,1,1.2197,False
169,Northern Mallee (Murray Basin),2016,1920,0.477083,-0.0274459,True
170,Alabama Coastal Lowlands (Gulf Coast Regional Aquifer System),2016,1920,0.188021,-0.351326,True
171,Pecos Valley,2016,1920,0,-1.84967,False
172,Eastern Deccan Basalt Plateau (Deccan Plateau),2016,1920,1,2.44025,False
173,Lachlan Alluvium,2016,1920,1,0.983904,False
174,Devonian and Overlying Unconsolidated Aquifers (Southern Ontario Paleozoic Aquifer System),2016,1920,0,-2.08123,False
175,Nanyang Basin,2016,1920,0.998958,0.671353,True
176,Newcastle Till Plain (Central Lowland Till Plain),2016,1920,0,-1.34978,False
177,Southern Mekong Delta (Mekong Delta),2016,1920,0.522396,0.0146845,True
178,Northern Cambrian-Ordovician Aquifers (Northern Midwest Aquifer System),2016,1920,0,-2.52301,False
179,Wimmera Plain (Murray Basin),2016,1920,0.742188,0.213035,True
180,Ghaap Plateau Dolomite Aquifer System,2016,1920,1,0.915655,False
181,Bighorn Basin,2016,1920,0,-0.900483,False
182,Northern San Juan Basin,2016,1920,0.119792,-0.553739,True
183,Southwestern Bengal Basin (Bengal Basin),2016,1920,1,0.630109,False
184,Central Carrizo-Wilcox (Carrizo-Wilcox),2016,1920,0,-1.42367,False
185,Northern Pitted Karst Plain (Yucatan Peninsula),2016,1920,0.975,0.618763,True
186,New Brunswick Carboniferous Basin (Maritimes Basin),2016,1920,0.715625,0.349504,True
187,Madhupur Tract and Eastern Floodplains (Bengal Basin),2016,1920,0.2625,-0.191534,True
188,Southwestern Allegheny Plateau (Appalachian Plateaus),2016,1920,0,-1.14395,False
189,Black Hills Uplift,2016,1920,0.0192708,-0.735237,True
190,Central Pilbara Granite-Greenstone Terrane (Pilbara Craton),2016,1920,0,-0.819088,False
191,Northwestern Deccan Basalt Plateau (Deccan Plateau),2016,1920,1,2.09241,False
192,Dougherty Plain and Marianna Lowlands (Floridan Aquifer System),2016,1920,0.41875,-0.074559,True
193,Lower Coastal Plain (Floridan Aquifer System),2016,1920,0.584375,0.0923838,True
194,Lannemezan Plateau (Aquitaine Basin),2016,1920,0.30625,-0.116769,True
195,Springbok Flats Karoo Basin,2016,1920,1,0.883993,False
196,Southcentral Valley and Ridge (Valley and Ridge Aquifer System),2016,1920,0.028125,-0.647848,True
197,Northcentral Piedmont Plain (North China Plain),2016,1920,1,1.48783,False
198,North-central High Plains (High Plains),2016,1920,0,-1.45638,False
199,Great Bend Prairie (High Plains),2016,1920,0,-1.52619,False
200,Delmarva Peninsula (North Atlantic Coastal Plain),2016,1920,0.238021,-0.276819,True
201,Denver Basin,2016,1920,0.00729167,-1.00081,True
202,Eastern Second Songhuajiang System (Songnen Plain),2016,1920,1,1.06126,False
203,Western Bengal Basin (Bengal Basin),2016,1920,0.847396,0.287863,True
204,Eastern Otway Basin (Otway Basin),2016,1920,0.598437,0.0623273,True
205,Western Allegheny Plateau (Appalachian Plateaus),2016,1920,0,-1.39262,False
206,Laizhou Coastal Plain,2016,1920,1,1.56059,False
207,Central Coromandel Fractured Charnockite and Gneiss Aquifers (Coromandel Coastal Plain),2016,1920,1,1.64691,False
208,Intermediate Aquifer (Floridan Aquifer System),2016,1920,0.828125,0.447816,True
209,Malm Valangnian Aquifer,2016,1920,0,-1.53237,False
210,Southwestern Khorat Plateau (Khorat Plateau Aquifer System),2016,1920,1,1.09299,False
211,Western Cambay Basin (Cambay Basin),2016,1920,1,1.70146,False
212,Western Pilbara Granite-Greenstone Terrane (Pilbara Craton),2016,1920,0,-0.841454,False
213,Mississippi Delta (Gulf Coast Regional Aquifer System),2016,1920,0.282292,-0.196801,True
214,Central Cambay Basin (Cambay Basin),2016,1920,1,1.57548,False
215,Eastern Duero Basin (Duero Basin),2016,1920,0.349479,-0.0792072,True
216,Eastern Pennyroyal Plateau (Interior Low Plateaus),2016,1920,0.00520833,-0.799145,True
217,Gunnedah Basin and Liverpool Plains,2016,1920,1,1.0255,False
218,Northern Piedmont Upland (Piedmont Plateau),2016,1920,0.2125,-0.329267,True
219,Lower Athabasca (Lower Athabasca Basin),2016,1920,0.248438,-1.2111,True
220,Southern Nuomin-Taoer System (Songnen Plain),2016,1920,1,1.43039,False
221,Umatilla Basin and Horse Heaven Hills (Columbia Plateau Regional Aquifer System),2016,1920,0.0145833,-0.770579,True
222,Palouse Slope (Columbia Plateau Regional Aquifer System),2016,1920,0.00677083,-1.16431,True
223,Letaba Lowveld,2016,1920,0.8625,0.49041,True
224,Landes Plain (Aquitaine Basin),2016,1920,0.507812,0.00307369,True
225,Transboundary Odanah Shale,2016,1920,0,-1.03049,False
226,Northern Hirri Basin (Chhattisgarh Basin),2016,1920,1,1.59733,False
227,Western Second Songhuajiang System (Songnen Plain),2016,1920,1,1.39064,False
228,Tifton Upland (Floridan Aquifer System),2016,1920,0.602604,0.107921,True
229,South-central High Plains (High Plains),2016,1920,0,-1.72999,False
230,Northern Khorat Plateau (Khorat Plateau Aquifer System),2016,1920,1,1.27305,False
231,Hill Country (Edwards-Trinity Aquifer System),2016,1920,0,-1.58884,False
232,Northern St. Lawrence Lowlands (St. Lawrence Lowlands),2016,1920,0.647396,0.243313,True
233,Chicxulub Sedimentary Basin (Yucatan Peninsula),2016,1920,0.979688,0.683816,True
234,West Jutland Quaternary and Tertiary Sand Aquifer System,2016,1920,0.991667,0.526803,True
235,South Platte Basin,2016,1920,0.00625,-1.00936,True
236,North Rewa Basin (Son-Mahandai Valley Basins),2016,1920,1,1.56056,False
237,Southern Coromandel Fractured Charnockite and Gneiss Aquifers (Coromandel Coastal Plain),2016,1920,1,0.773783,False
238,Chaj Doab (Indus Basin),2016,1920,0,-2.1647,False
239,Rush Springs Aquifer,2016,1920,0,-1.51237,False
240,Silurian and Overlying Unconsolidated Aquifers (Southern Ontario Paleozoic Aquifer System),2016,1920,0,-2.23231,False
241,Bangkok Basin (Lower Chao Phraya Basin),2016,1920,0.93125,0.537785,True
242,Gypsum Hills,2016,1920,0,-1.59819,False
243,Clarence-Moreton Basin and Cecil Plains (Great Artesian Basin),2016,1920,1,0.626227,False
244,Hetao Basin,2016,1920,0.292708,-0.156667,True
245,Western C Aquifer (The C Aquifer),2016,1920,0.198958,-0.363716,True
246,Arrowsmith and Dandaragan Plateau (Perth Basin),2016,1920,0.241146,-0.19039,True
247,Gambier Embayment (Otway Basin),2016,1920,0.452083,-0.0542745,True
248,Northern Columbia River Basin (Columbia Plateau Regional Aquifer System),2016,1920,0,-1.44249,False
249,San Luis Valley (Middle Rio Grande),2016,1920,0.0177083,-0.852427,True
250,Southern Cumberland Plateau - Pottsville Aquifer (Appalachian Plateaus),2016,1920,0.0875,-0.470773,True
251,Sylhet Basin (Bengal Basin),2016,1920,0.158333,-0.197932,True
252,Tuli Karoo Aquifer,2016,1920,0.593229,0.0757139,True
253,Antlers Aquifer,2016,1920,0.0114583,-0.996684,True
254,New Jersey Coastal Plain (North Atlantic Coastal Plain),2016,1920,0.341146,-0.173548,True
255,Upper Deschutes Basin,2016,1920,0.0557292,-0.598447,True
256,Southwestern Flatwoods (Floridan Aquifer System),2016,1920,0.808333,0.349803,True
257,Central Cumberland Plateau and Sequatchie Valley (Appalachian Plateaus),2016,1920,0.0921875,-0.485059,True
258,Eastern Malwa Plateau Alluvial Aquifer (Malwa Plateau),2016,1920,0.636979,0.132905,True
259,Northern Duero Basin (Duero Basin),2016,1920,0.663021,0.087439,True
260,Central Littoral Plain (North China Plain),2016,1920,1,1.65651,False
261,Red River Delta,2016,1920,0.901042,0.402825,True
262,Tipton Till Plain (Central Lowland Till Plain),2016,1920,0,-1.44778,False
263,Upper Carbonate Aquifer (Northern Midwest Aquifer System),2016,1920,0,-1.66254,False
264,Northern Saurashtra Deccan Trap Basalts (Saurashtra Deccan Trap Basalts),2016,1920,1,1.29513,False
265,Kurnool Basin (Cuddapah Sedimentary Basin),2016,1920,1,2.40893,False
266,Coatzacoalcos Coastal Aquifer (Coastal Plain of Veracruz),2016,1920,0.764062,0.209815,True
267,Northern Nuomin-Taoer System (Songnen Plain),2016,1920,1,1.12906,False
268,Hatfield Valley,2016,1920,0,-1.6774,False
269,Northcentral Coromandel Schist Aquifers (Coromandel Coastal Plain),2016,1920,1,2.01556,False
270,Alsatian Aquifer and Upper Rhine Valley,2016,1920,0.308333,-0.106395,True
271,Southern Odanah Shale,2016,1920,0,-1.62843,False
272,Eastern Satpura Basalt Aquifers (Satpura Basalts),2016,1920,1,2.04428,False
273,Southern Hirri Basin (Chhattisgarh Basin),2016,1920,1,1.70736,False
274,Limpopo Plateau,2016,1920,0.908854,0.519874,True
275,Southeastern Bengal Basin (Bengal Basin),2016,1920,0.54375,0.0299878,True
