recipe_id,acc_all,acc_sub,acc_supra,n_sub,fully_corrected,filter,gia_model,centre,truncation,geocenter,s90
CSR_0,0.876712328767123,0.816326530612245,1,49,FALSE,G300,none,CSR,60,none,0.396181265229462
CSR_1,0.876712328767123,0.816326530612245,1,49,FALSE,G300,none,CSR,60,GravIS,0.396181265229462
CSR_10,0.904109589041096,0.857142857142857,1,49,FALSE,G300,Geruo_ICE5G_VM2,CSR,60,none,0.268849656374332
CSR_100,0.89041095890411,0.836734693877551,1,49,FALSE,Swenson_G300,none,CSR,60,none,0.301428895147703
CSR_101,0.89041095890411,0.836734693877551,1,49,FALSE,Swenson_G300,none,CSR,60,GravIS,0.301428895147703
CSR_102,0.89041095890411,0.836734693877551,1,49,FALSE,Swenson_G300,none,CSR,60,none,0.301428895147703
CSR_103,0.876712328767123,0.816326530612245,1,49,FALSE,Swenson_G300,none,CSR,60,GravIS,0.333992233875437
CSR_104,0.863013698630137,0.836734693877551,0.916666666666667,49,FALSE,Swenson_G300,Geruo_ICE5G_VM2,CSR,60,none,0.680463168055888
CSR_105,0.931506849315068,0.897959183673469,1,49,TRUE,Swenson_G300,Geruo_ICE5G_VM2,CSR,60,GravIS,0.195588990331147
CSR_106,0.89041095890411,0.857142857142857,0.958333333333333,49,FALSE,Swenson_G300,Geruo_ICE5G_VM2,CSR,60,none,0.379566484413659
CSR_107,0.931506849315068,0.897959183673469,1,49,FALSE,Swenson_G300,Geruo_ICE5G_VM2,CSR,60,GravIS,0.195588990331147
CSR_108,0.89041095890411,0.877551020408163,0.916666666666667,49,FALSE,Swenson_G300,Geruo_ICE5G_VM2,CSR,60,none,0.415956237502629
CSR_109,0.917808219178082,0.877551020408163,1,49,FALSE,Swenson_G300,Geruo_ICE5G_VM2,CSR,60,GravIS,0.241145710668156
CSR_11,0.917808219178082,0.877551020408163,1,49,FALSE,G300,Geruo_ICE5G_VM2,CSR,60,GravIS,0.247529993721524
CSR_110,0.904109589041096,0.877551020408163,0.958333333333333,49,FALSE,Swenson_G300,Geruo_ICE5G_VM2,CSR,60,none,0.306893756965012
CSR_111,0.917808219178082,0.877551020408163,1,49,FALSE,Swenson_G300,Geruo_ICE5G_VM2,CSR,60,GravIS,0.241145710668156
CSR_112,0.835616438356164,0.795918367346939,0.916666666666667,49,FALSE,Swenson_G300,Caron_2018,CSR,60,none,1.13924459964854
CSR_113,0.849315068493151,0.816326530612245,0.916666666666667,49,TRUE,Swenson_G300,Caron_2018,CSR,60,GravIS,0.846413610156491
CSR_114,0.821917808219178,0.775510204081633,0.916666666666667,49,FALSE,Swenson_G300,Caron_2018,CSR,60,none,1.2319536980093
CSR_115,0.863013698630137,0.836734693877551,0.916666666666667,49,FALSE,Swenson_G300,Caron_2018,CSR,60,GravIS,0.676542129869121
CSR_116,0.835616438356164,0.795918367346939,0.916666666666667,49,FALSE,Swenson_G300,Caron_2018,CSR,60,none,0.989839127423398
CSR_117,0.835616438356164,0.795918367346939,0.916666666666667,49,FALSE,Swenson_G300,Caron_2018,CSR,60,GravIS,0.989839127423398
CSR_118,0.835616438356164,0.795918367346939,0.916666666666667,49,FALSE,Swenson_G300,Caron_2018,CSR,60,none,0.989839127423398
CSR_119,0.849315068493151,0.816326530612245,0.916666666666667,49,FALSE,Swenson_G300,Caron_2018,CSR,60,GravIS,0.846413610156491
CSR_12,0.904109589041096,0.857142857142857,1,49,FALSE,G300,Geruo_ICE5G_VM2,CSR,60,none,0.268849656374332
CSR_120,0.821917808219178,0.775510204081633,0.916666666666667,49,FALSE,Swenson_G300,Peltier_ICE6G_D,CSR,60,none,1.37931632132015
CSR_121,0.849315068493151,0.795918367346939,0.958333333333333,49,TRUE,Swenson_G300,Peltier_ICE6G_D,CSR,60,GravIS,0.706910124287742
CSR_122,0.808219178082192,0.755102040816326,0.916666666666667,49,FALSE,Swenson_G300,Peltier_ICE6G_D,CSR,60,none,1.73769136657925
CSR_123,0.849315068493151,0.795918367346939,0.958333333333333,49,FALSE,Swenson_G300,Peltier_ICE6G_D,CSR,60,GravIS,0.706910124287742
CSR_124,0.821917808219178,0.775510204081633,0.916666666666667,49,FALSE,Swenson_G300,Peltier_ICE6G_D,CSR,60,none,1.37931632132015
CSR_125,0.835616438356164,0.775510204081633,0.958333333333333,49,FALSE,Swenson_G300,Peltier_ICE6G_D,CSR,60,GravIS,0.850461584518563
CSR_126,0.835616438356164,0.775510204081633,0.958333333333333,49,FALSE,Swenson_G300,Peltier_ICE6G_D,CSR,60,none,0.850461584518563
CSR_127,0.835616438356164,0.775510204081633,0.958333333333333,49,FALSE,Swenson_G300,Peltier_ICE6G_D,CSR,60,GravIS,0.850461584518563
CSR_128,0.876712328767123,0.836734693877551,0.958333333333333,49,FALSE,Swenson_G500,none,CSR,60,none,0.394079981786907
CSR_129,0.863013698630137,0.816326530612245,0.958333333333333,49,FALSE,Swenson_G500,none,CSR,60,GravIS,0.404001048227248
CSR_13,0.904109589041096,0.857142857142857,1,49,FALSE,G300,Geruo_ICE5G_VM2,CSR,60,GravIS,0.268849656374332
CSR_130,0.876712328767123,0.836734693877551,0.958333333333333,49,FALSE,Swenson_G500,none,CSR,60,none,0.394079981786907
CSR_131,0.876712328767123,0.836734693877551,0.958333333333333,49,FALSE,Swenson_G500,none,CSR,60,GravIS,0.394079981786907
CSR_132,0.89041095890411,0.857142857142857,0.958333333333333,49,FALSE,Swenson_G500,none,CSR,60,none,0.351014087526036
CSR_133,0.876712328767123,0.836734693877551,0.958333333333333,49,FALSE,Swenson_G500,none,CSR,60,GravIS,0.394079981786907
CSR_134,0.904109589041096,0.877551020408163,0.958333333333333,49,FALSE,Swenson_G500,none,CSR,60,none,0.306115005488261
CSR_135,0.904109589041096,0.877551020408163,0.958333333333333,49,FALSE,Swenson_G500,none,CSR,60,GravIS,0.306115005488261
CSR_136,0.89041095890411,0.857142857142857,0.958333333333333,49,FALSE,Swenson_G500,Geruo_ICE5G_VM2,CSR,60,none,0.389754128171697
CSR_137,0.89041095890411,0.857142857142857,0.958333333333333,49,TRUE,Swenson_G500,Geruo_ICE5G_VM2,CSR,60,GravIS,0.389754128171697
CSR_138,0.89041095890411,0.857142857142857,0.958333333333333,49,FALSE,Swenson_G500,Geruo_ICE5G_VM2,CSR,60,none,0.389754128171697
CSR_139,0.89041095890411,0.857142857142857,0.958333333333333,49,FALSE,Swenson_G500,Geruo_ICE5G_VM2,CSR,60,GravIS,0.389754128171697
CSR_14,0.904109589041096,0.857142857142857,1,49,FALSE,G300,Geruo_ICE5G_VM2,CSR,60,none,0.268849656374332
CSR_140,0.876712328767123,0.857142857142857,0.916666666666667,49,FALSE,Swenson_G500,Geruo_ICE5G_VM2,CSR,60,none,0.532422430206195
CSR_141,0.89041095890411,0.857142857142857,0.958333333333333,49,FALSE,Swenson_G500,Geruo_ICE5G_VM2,CSR,60,GravIS,0.389754128171697
CSR_142,0.89041095890411,0.857142857142857,0.958333333333333,49,FALSE,Swenson_G500,Geruo_ICE5G_VM2,CSR,60,none,0.389754128171697
CSR_143,0.904109589041096,0.857142857142857,1,49,FALSE,Swenson_G500,Geruo_ICE5G_VM2,CSR,60,GravIS,0.295085089354064
CSR_144,0.794520547945206,0.755102040816326,0.875,49,FALSE,Swenson_G500,Caron_2018,CSR,60,none,2.99287577249991
CSR_145,0.821917808219178,0.775510204081633,0.916666666666667,49,TRUE,Swenson_G500,Caron_2018,CSR,60,GravIS,1.29485772854445
CSR_146,0.808219178082192,0.755102040816326,0.916666666666667,49,FALSE,Swenson_G500,Caron_2018,CSR,60,none,1.57472589839435
CSR_147,0.821917808219178,0.775510204081633,0.916666666666667,49,FALSE,Swenson_G500,Caron_2018,CSR,60,GravIS,1.29485772854445
CSR_148,0.794520547945206,0.755102040816326,0.875,49,FALSE,Swenson_G500,Caron_2018,CSR,60,none,2.99287577249991
CSR_149,0.808219178082192,0.755102040816326,0.916666666666667,49,FALSE,Swenson_G500,Caron_2018,CSR,60,GravIS,1.57472589839435
CSR_15,0.904109589041096,0.857142857142857,1,49,FALSE,G300,Geruo_ICE5G_VM2,CSR,60,GravIS,0.268849656374332
CSR_150,0.808219178082192,0.755102040816326,0.916666666666667,49,FALSE,Swenson_G500,Caron_2018,CSR,60,none,1.57472589839435
CSR_151,0.808219178082192,0.755102040816326,0.916666666666667,49,FALSE,Swenson_G500,Caron_2018,CSR,60,GravIS,1.57472589839435
CSR_152,0.780821917808219,0.73469387755102,0.875,49,FALSE,Swenson_G500,Peltier_ICE6G_D,CSR,60,none,2.75369370126085
CSR_153,0.794520547945206,0.755102040816326,0.875,49,TRUE,Swenson_G500,Peltier_ICE6G_D,CSR,60,GravIS,2.38333578751918
CSR_154,0.780821917808219,0.73469387755102,0.875,49,FALSE,Swenson_G500,Peltier_ICE6G_D,CSR,60,none,2.75369370126085
CSR_155,0.808219178082192,0.775510204081633,0.875,49,FALSE,Swenson_G500,Peltier_ICE6G_D,CSR,60,GravIS,2.02554652824619
CSR_156,0.780821917808219,0.73469387755102,0.875,49,FALSE,Swenson_G500,Peltier_ICE6G_D,CSR,60,none,2.75369370126085
CSR_157,0.780821917808219,0.73469387755102,0.875,49,FALSE,Swenson_G500,Peltier_ICE6G_D,CSR,60,GravIS,2.75369370126085
CSR_158,0.780821917808219,0.73469387755102,0.875,49,FALSE,Swenson_G500,Peltier_ICE6G_D,CSR,60,none,2.75369370126085
CSR_159,0.808219178082192,0.755102040816326,0.916666666666667,49,FALSE,Swenson_G500,Peltier_ICE6G_D,CSR,60,GravIS,1.32110789737816
CSR_16,0.821917808219178,0.755102040816326,0.958333333333333,49,FALSE,G300,Caron_2018,CSR,60,none,0.664992764601997
CSR_160,0.876712328767123,0.816326530612245,1,49,FALSE,DDK2,none,CSR,60,none,0.38950649909417
CSR_161,0.876712328767123,0.816326530612245,1,49,FALSE,DDK2,none,CSR,60,GravIS,0.405652475588574
CSR_162,0.876712328767123,0.816326530612245,1,49,FALSE,DDK2,none,CSR,60,none,0.405652475588574
CSR_163,0.876712328767123,0.816326530612245,1,49,FALSE,DDK2,none,CSR,60,GravIS,0.405652475588574
CSR_164,0.89041095890411,0.836734693877551,1,49,FALSE,DDK2,none,CSR,60,none,0.35618532695336
CSR_165,0.876712328767123,0.816326530612245,1,49,FALSE,DDK2,none,CSR,60,GravIS,0.405652475588574
CSR_166,0.89041095890411,0.836734693877551,1,49,FALSE,DDK2,none,CSR,60,none,0.35618532695336
CSR_167,0.89041095890411,0.836734693877551,1,49,FALSE,DDK2,none,CSR,60,GravIS,0.35618532695336
CSR_168,0.945205479452055,0.918367346938776,1,49,FALSE,DDK2,Geruo_ICE5G_VM2,CSR,60,none,0.153513866150932
CSR_169,0.945205479452055,0.918367346938776,1,49,TRUE,DDK2,Geruo_ICE5G_VM2,CSR,60,GravIS,0.153513866150932
CSR_17,0.863013698630137,0.816326530612245,0.958333333333333,49,TRUE,G300,Caron_2018,CSR,60,GravIS,0.58478956171881
CSR_170,0.945205479452055,0.918367346938776,1,49,FALSE,DDK2,Geruo_ICE5G_VM2,CSR,60,none,0.153513866150932
CSR_171,0.945205479452055,0.918367346938776,1,49,FALSE,DDK2,Geruo_ICE5G_VM2,CSR,60,GravIS,0.153513866150932
CSR_172,0.945205479452055,0.918367346938776,1,49,FALSE,DDK2,Geruo_ICE5G_VM2,CSR,60,none,0.153513866150932
CSR_173,0.945205479452055,0.918367346938776,1,49,FALSE,DDK2,Geruo_ICE5G_VM2,CSR,60,GravIS,0.153513866150932
CSR_174,0.945205479452055,0.918367346938776,1,49,FALSE,DDK2,Geruo_ICE5G_VM2,CSR,60,none,0.153513866150932
CSR_175,0.945205479452055,0.918367346938776,1,49,FALSE,DDK2,Geruo_ICE5G_VM2,CSR,60,GravIS,0.153513866150932
CSR_176,0.904109589041096,0.877551020408163,0.958333333333333,49,FALSE,DDK2,Caron_2018,CSR,60,none,0.311869817369421
CSR_177,0.917808219178082,0.897959183673469,0.958333333333333,49,TRUE,DDK2,Caron_2018,CSR,60,GravIS,0.248774199388565
CSR_178,0.917808219178082,0.897959183673469,0.958333333333333,49,FALSE,DDK2,Caron_2018,CSR,60,none,0.248774199388565
CSR_179,0.917808219178082,0.897959183673469,0.958333333333333,49,FALSE,DDK2,Caron_2018,CSR,60,GravIS,0.248774199388565
CSR_18,0.849315068493151,0.795918367346939,0.958333333333333,49,FALSE,G300,Caron_2018,CSR,60,none,0.508919247400646
CSR_180,0.904109589041096,0.877551020408163,0.958333333333333,49,FALSE,DDK2,Caron_2018,CSR,60,none,0.311869817369421
CSR_181,0.917808219178082,0.897959183673469,0.958333333333333,49,FALSE,DDK2,Caron_2018,CSR,60,GravIS,0.248774199388565
CSR_182,0.917808219178082,0.897959183673469,0.958333333333333,49,FALSE,DDK2,Caron_2018,CSR,60,none,0.248774199388565
CSR_183,0.917808219178082,0.897959183673469,0.958333333333333,49,FALSE,DDK2,Caron_2018,CSR,60,GravIS,0.248774199388565
CSR_184,0.917808219178082,0.877551020408163,1,49,FALSE,DDK2,Peltier_ICE6G_D,CSR,60,none,0.24300390715726
CSR_185,0.931506849315068,0.897959183673469,1,49,TRUE,DDK2,Peltier_ICE6G_D,CSR,60,GravIS,0.195588990331147
CSR_186,0.917808219178082,0.877551020408163,1,49,FALSE,DDK2,Peltier_ICE6G_D,CSR,60,none,0.24300390715726
CSR_187,0.945205479452055,0.918367346938776,1,49,FALSE,DDK2,Peltier_ICE6G_D,CSR,60,GravIS,0.153513866150932
CSR_188,0.904109589041096,0.857142857142857,1,49,FALSE,DDK2,Peltier_ICE6G_D,CSR,60,none,0.296147515967604
CSR_189,0.904109589041096,0.857142857142857,1,49,FALSE,DDK2,Peltier_ICE6G_D,CSR,60,GravIS,0.296147515967604
CSR_19,0.876712328767123,0.836734693877551,0.958333333333333,49,FALSE,G300,Caron_2018,CSR,60,GravIS,0.38350049316263
CSR_190,0.904109589041096,0.857142857142857,1,49,FALSE,DDK2,Peltier_ICE6G_D,CSR,60,none,0.296147515967604
CSR_191,0.917808219178082,0.877551020408163,1,49,FALSE,DDK2,Peltier_ICE6G_D,CSR,60,GravIS,0.241663393372488
CSR_192,0.89041095890411,0.836734693877551,1,49,FALSE,DDK3,none,CSR,60,none,0.374279195320778
CSR_193,0.876712328767123,0.816326530612245,1,49,FALSE,DDK3,none,CSR,60,GravIS,0.394761301222248
CSR_194,0.876712328767123,0.816326530612245,1,49,FALSE,DDK3,none,CSR,60,none,0.422443390655576
CSR_195,0.89041095890411,0.836734693877551,1,49,FALSE,DDK3,none,CSR,60,GravIS,0.351509734640042
CSR_196,0.904109589041096,0.857142857142857,1,49,FALSE,DDK3,none,CSR,60,none,0.304040973772566
CSR_197,0.89041095890411,0.836734693877551,1,49,FALSE,DDK3,none,CSR,60,GravIS,0.351509734640042
CSR_198,0.917808219178082,0.877551020408163,1,49,FALSE,DDK3,none,CSR,60,none,0.249533960451667
CSR_199,0.89041095890411,0.836734693877551,1,49,FALSE,DDK3,none,CSR,60,GravIS,0.351509734640042
CSR_2,0.89041095890411,0.836734693877551,1,49,FALSE,G300,none,CSR,60,none,0.34595281194785
CSR_20,0.808219178082192,0.755102040816326,0.916666666666667,49,FALSE,G300,Caron_2018,CSR,60,none,0.866286430047051
CSR_200,0.931506849315068,0.897959183673469,1,49,FALSE,DDK3,Geruo_ICE5G_VM2,CSR,60,none,0.184787098018069
CSR_201,0.917808219178082,0.877551020408163,1,49,TRUE,DDK3,Geruo_ICE5G_VM2,CSR,60,GravIS,0.247100600332411
CSR_202,0.945205479452055,0.918367346938776,1,49,FALSE,DDK3,Geruo_ICE5G_VM2,CSR,60,none,0.128475438180072
CSR_203,0.931506849315068,0.918367346938776,0.958333333333333,49,FALSE,DDK3,Geruo_ICE5G_VM2,CSR,60,GravIS,0.188467718614919
CSR_204,0.958904109589041,0.938775510204082,1,49,FALSE,DDK3,Geruo_ICE5G_VM2,CSR,60,none,0.093754229292422
CSR_205,0.945205479452055,0.918367346938776,1,49,FALSE,DDK3,Geruo_ICE5G_VM2,CSR,60,GravIS,0.144227943636318
CSR_206,0.958904109589041,0.938775510204082,1,49,FALSE,DDK3,Geruo_ICE5G_VM2,CSR,60,none,0.093754229292422
CSR_207,0.958904109589041,0.938775510204082,1,49,FALSE,DDK3,Geruo_ICE5G_VM2,CSR,60,GravIS,0.107132487066539
CSR_208,0.904109589041096,0.877551020408163,0.958333333333333,49,FALSE,DDK3,Caron_2018,CSR,60,none,0.353759093016078
CSR_209,0.917808219178082,0.897959183673469,0.958333333333333,49,TRUE,DDK3,Caron_2018,CSR,60,GravIS,0.249658004396598
CSR_21,0.876712328767123,0.836734693877551,0.958333333333333,49,FALSE,G300,Caron_2018,CSR,60,GravIS,0.38350049316263
CSR_210,0.904109589041096,0.877551020408163,0.958333333333333,49,FALSE,DDK3,Caron_2018,CSR,60,none,0.353759093016078
CSR_211,0.904109589041096,0.877551020408163,0.958333333333333,49,FALSE,DDK3,Caron_2018,CSR,60,GravIS,0.345511963265872
CSR_212,0.917808219178082,0.897959183673469,0.958333333333333,49,FALSE,DDK3,Caron_2018,CSR,60,none,0.236836943318838
CSR_213,0.917808219178082,0.897959183673469,0.958333333333333,49,FALSE,DDK3,Caron_2018,CSR,60,GravIS,0.236836943318838
CSR_214,0.917808219178082,0.897959183673469,0.958333333333333,49,FALSE,DDK3,Caron_2018,CSR,60,none,0.236836943318838
CSR_215,0.917808219178082,0.897959183673469,0.958333333333333,49,FALSE,DDK3,Caron_2018,CSR,60,GravIS,0.249658004396598
CSR_216,0.904109589041096,0.857142857142857,1,49,FALSE,DDK3,Peltier_ICE6G_D,CSR,60,none,0.327506749213202
CSR_217,0.917808219178082,0.897959183673469,0.958333333333333,49,TRUE,DDK3,Peltier_ICE6G_D,CSR,60,GravIS,0.251560755495133
CSR_218,0.904109589041096,0.857142857142857,1,49,FALSE,DDK3,Peltier_ICE6G_D,CSR,60,none,0.327506749213202
CSR_219,0.917808219178082,0.897959183673469,0.958333333333333,49,FALSE,DDK3,Peltier_ICE6G_D,CSR,60,GravIS,0.251560755495133
CSR_22,0.835616438356164,0.775510204081633,0.958333333333333,49,FALSE,G300,Caron_2018,CSR,60,none,0.577141184313849
CSR_220,0.917808219178082,0.877551020408163,1,49,FALSE,DDK3,Peltier_ICE6G_D,CSR,60,none,0.253015609361344
CSR_221,0.917808219178082,0.877551020408163,1,49,FALSE,DDK3,Peltier_ICE6G_D,CSR,60,GravIS,0.253015609361344
CSR_222,0.917808219178082,0.877551020408163,1,49,FALSE,DDK3,Peltier_ICE6G_D,CSR,60,none,0.253015609361344
CSR_223,0.917808219178082,0.877551020408163,1,49,FALSE,DDK3,Peltier_ICE6G_D,CSR,60,GravIS,0.253015609361344
CSR_224,0.876712328767123,0.816326530612245,1,49,FALSE,DDK5,none,CSR,60,none,0.40832556871563
CSR_225,0.863013698630137,0.816326530612245,0.958333333333333,49,FALSE,DDK5,none,CSR,60,GravIS,0.52648389786365
CSR_226,0.876712328767123,0.816326530612245,1,49,FALSE,DDK5,none,CSR,60,none,0.40832556871563
CSR_227,0.863013698630137,0.816326530612245,0.958333333333333,49,FALSE,DDK5,none,CSR,60,GravIS,0.52648389786365
CSR_228,0.876712328767123,0.816326530612245,1,49,FALSE,DDK5,none,CSR,60,none,0.40832556871563
CSR_229,0.863013698630137,0.816326530612245,0.958333333333333,49,FALSE,DDK5,none,CSR,60,GravIS,0.52648389786365
CSR_23,0.89041095890411,0.836734693877551,1,49,FALSE,G300,Caron_2018,CSR,60,GravIS,0.297992927908551
CSR_230,0.876712328767123,0.816326530612245,1,49,FALSE,DDK5,none,CSR,60,none,0.40832556871563
CSR_231,0.863013698630137,0.816326530612245,0.958333333333333,49,FALSE,DDK5,none,CSR,60,GravIS,0.52648389786365
CSR_232,0.863013698630137,0.795918367346939,1,49,FALSE,DDK5,Geruo_ICE5G_VM2,CSR,60,none,0.506862858637659
CSR_233,0.849315068493151,0.795918367346939,0.958333333333333,49,TRUE,DDK5,Geruo_ICE5G_VM2,CSR,60,GravIS,0.671320941770654
CSR_234,0.849315068493151,0.795918367346939,0.958333333333333,49,FALSE,DDK5,Geruo_ICE5G_VM2,CSR,60,none,0.671320941770654
CSR_235,0.849315068493151,0.795918367346939,0.958333333333333,49,FALSE,DDK5,Geruo_ICE5G_VM2,CSR,60,GravIS,0.671320941770654
CSR_236,0.863013698630137,0.795918367346939,1,49,FALSE,DDK5,Geruo_ICE5G_VM2,CSR,60,none,0.506862858637659
CSR_237,0.849315068493151,0.795918367346939,0.958333333333333,49,FALSE,DDK5,Geruo_ICE5G_VM2,CSR,60,GravIS,0.671320941770654
CSR_238,0.876712328767123,0.816326530612245,1,49,FALSE,DDK5,Geruo_ICE5G_VM2,CSR,60,none,0.48639923242047
CSR_239,0.863013698630137,0.816326530612245,0.958333333333333,49,FALSE,DDK5,Geruo_ICE5G_VM2,CSR,60,GravIS,0.678838473508617
CSR_24,0.863013698630137,0.795918367346939,1,49,FALSE,G300,Peltier_ICE6G_D,CSR,60,none,0.425980973671881
CSR_240,0.835616438356164,0.755102040816326,1,49,FALSE,DDK5,Caron_2018,CSR,60,none,0.767693528641026
CSR_241,0.821917808219178,0.755102040816326,0.958333333333333,49,TRUE,DDK5,Caron_2018,CSR,60,GravIS,1.07104307868727
CSR_242,0.835616438356164,0.755102040816326,1,49,FALSE,DDK5,Caron_2018,CSR,60,none,0.767693528641026
CSR_243,0.808219178082192,0.73469387755102,0.958333333333333,49,FALSE,DDK5,Caron_2018,CSR,60,GravIS,1.35080917575764
CSR_244,0.835616438356164,0.755102040816326,1,49,FALSE,DDK5,Caron_2018,CSR,60,none,0.767693528641026
CSR_245,0.821917808219178,0.755102040816326,0.958333333333333,49,FALSE,DDK5,Caron_2018,CSR,60,GravIS,1.07104307868727
CSR_246,0.835616438356164,0.755102040816326,1,49,FALSE,DDK5,Caron_2018,CSR,60,none,0.767693528641026
CSR_247,0.821917808219178,0.755102040816326,0.958333333333333,49,FALSE,DDK5,Caron_2018,CSR,60,GravIS,1.07104307868727
CSR_248,0.794520547945206,0.714285714285714,0.958333333333333,49,FALSE,DDK5,Peltier_ICE6G_D,CSR,60,none,1.69609990826777
CSR_249,0.780821917808219,0.693877551020408,0.958333333333333,49,TRUE,DDK5,Peltier_ICE6G_D,CSR,60,GravIS,1.63827230450134
CSR_25,0.876712328767123,0.816326530612245,1,49,TRUE,G300,Peltier_ICE6G_D,CSR,60,GravIS,0.376131356565776
CSR_250,0.794520547945206,0.714285714285714,0.958333333333333,49,FALSE,DDK5,Peltier_ICE6G_D,CSR,60,none,1.69609990826777
CSR_251,0.808219178082192,0.73469387755102,0.958333333333333,49,FALSE,DDK5,Peltier_ICE6G_D,CSR,60,GravIS,1.22421317400384
CSR_252,0.794520547945206,0.714285714285714,0.958333333333333,49,FALSE,DDK5,Peltier_ICE6G_D,CSR,60,none,1.69609990826777
CSR_253,0.794520547945206,0.714285714285714,0.958333333333333,49,FALSE,DDK5,Peltier_ICE6G_D,CSR,60,GravIS,1.33089203587456
CSR_254,0.794520547945206,0.714285714285714,0.958333333333333,49,FALSE,DDK5,Peltier_ICE6G_D,CSR,60,none,1.69609990826777
CSR_255,0.780821917808219,0.693877551020408,0.958333333333333,49,FALSE,DDK5,Peltier_ICE6G_D,CSR,60,GravIS,1.63827230450134
CSR_256,0.835616438356164,0.775510204081633,0.958333333333333,49,FALSE,DDK7,none,CSR,60,none,0.557354138945534
CSR_257,0.821917808219178,0.755102040816326,0.958333333333333,49,FALSE,DDK7,none,CSR,60,GravIS,0.569590855635135
CSR_258,0.835616438356164,0.775510204081633,0.958333333333333,49,FALSE,DDK7,none,CSR,60,none,0.557354138945534
CSR_259,0.821917808219178,0.755102040816326,0.958333333333333,49,FALSE,DDK7,none,CSR,60,GravIS,0.569590855635135
CSR_26,0.863013698630137,0.795918367346939,1,49,FALSE,G300,Peltier_ICE6G_D,CSR,60,none,0.425980973671881
CSR_260,0.835616438356164,0.775510204081633,0.958333333333333,49,FALSE,DDK7,none,CSR,60,none,0.557354138945534
CSR_261,0.821917808219178,0.755102040816326,0.958333333333333,49,FALSE,DDK7,none,CSR,60,GravIS,0.569590855635135
CSR_262,0.835616438356164,0.775510204081633,0.958333333333333,49,FALSE,DDK7,none,CSR,60,none,0.557354138945534
CSR_263,0.821917808219178,0.755102040816326,0.958333333333333,49,FALSE,DDK7,none,CSR,60,GravIS,0.569590855635135
CSR_264,0.753424657534247,0.653061224489796,0.958333333333333,49,FALSE,DDK7,Geruo_ICE5G_VM2,CSR,60,none,1.08225309537075
CSR_265,0.73972602739726,0.63265306122449,0.958333333333333,49,TRUE,DDK7,Geruo_ICE5G_VM2,CSR,60,GravIS,1.02445506306592
CSR_266,0.73972602739726,0.63265306122449,0.958333333333333,49,FALSE,DDK7,Geruo_ICE5G_VM2,CSR,60,none,1.02445506306592
CSR_267,0.73972602739726,0.63265306122449,0.958333333333333,49,FALSE,DDK7,Geruo_ICE5G_VM2,CSR,60,GravIS,1.02445506306592
CSR_268,0.753424657534247,0.653061224489796,0.958333333333333,49,FALSE,DDK7,Geruo_ICE5G_VM2,CSR,60,none,1.08225309537075
CSR_269,0.73972602739726,0.63265306122449,0.958333333333333,49,FALSE,DDK7,Geruo_ICE5G_VM2,CSR,60,GravIS,1.02445506306592
CSR_27,0.863013698630137,0.795918367346939,1,49,FALSE,G300,Peltier_ICE6G_D,CSR,60,GravIS,0.403239003063123
CSR_270,0.753424657534247,0.653061224489796,0.958333333333333,49,FALSE,DDK7,Geruo_ICE5G_VM2,CSR,60,none,1.08225309537075
CSR_271,0.73972602739726,0.63265306122449,0.958333333333333,49,FALSE,DDK7,Geruo_ICE5G_VM2,CSR,60,GravIS,1.02445506306592
CSR_272,0.73972602739726,0.63265306122449,0.958333333333333,49,FALSE,DDK7,Caron_2018,CSR,60,none,1.03439023490206
CSR_273,0.726027397260274,0.612244897959184,0.958333333333333,49,TRUE,DDK7,Caron_2018,CSR,60,GravIS,0.975603216113914
CSR_274,0.726027397260274,0.612244897959184,0.958333333333333,49,FALSE,DDK7,Caron_2018,CSR,60,none,0.975603216113914
CSR_275,0.726027397260274,0.612244897959184,0.958333333333333,49,FALSE,DDK7,Caron_2018,CSR,60,GravIS,0.975603216113914
CSR_276,0.73972602739726,0.63265306122449,0.958333333333333,49,FALSE,DDK7,Caron_2018,CSR,60,none,1.03439023490206
CSR_277,0.726027397260274,0.612244897959184,0.958333333333333,49,FALSE,DDK7,Caron_2018,CSR,60,GravIS,0.975603216113914
CSR_278,0.726027397260274,0.612244897959184,0.958333333333333,49,FALSE,DDK7,Caron_2018,CSR,60,none,0.975603216113914
CSR_279,0.726027397260274,0.612244897959184,0.958333333333333,49,FALSE,DDK7,Caron_2018,CSR,60,GravIS,0.975603216113914
CSR_28,0.863013698630137,0.795918367346939,1,49,FALSE,G300,Peltier_ICE6G_D,CSR,60,none,0.425980973671881
CSR_280,0.698630136986301,0.571428571428571,0.958333333333333,49,FALSE,DDK7,Peltier_ICE6G_D,CSR,60,none,1.25293491374354
CSR_281,0.698630136986301,0.571428571428571,0.958333333333333,49,TRUE,DDK7,Peltier_ICE6G_D,CSR,60,GravIS,1.25293491374354
CSR_282,0.698630136986301,0.571428571428571,0.958333333333333,49,FALSE,DDK7,Peltier_ICE6G_D,CSR,60,none,1.25293491374354
CSR_283,0.698630136986301,0.571428571428571,0.958333333333333,49,FALSE,DDK7,Peltier_ICE6G_D,CSR,60,GravIS,1.25293491374354
CSR_284,0.698630136986301,0.571428571428571,0.958333333333333,49,FALSE,DDK7,Peltier_ICE6G_D,CSR,60,none,1.25293491374354
CSR_285,0.698630136986301,0.571428571428571,0.958333333333333,49,FALSE,DDK7,Peltier_ICE6G_D,CSR,60,GravIS,1.25293491374354
CSR_286,0.698630136986301,0.571428571428571,0.958333333333333,49,FALSE,DDK7,Peltier_ICE6G_D,CSR,60,none,1.25293491374354
CSR_287,0.698630136986301,0.571428571428571,0.958333333333333,49,FALSE,DDK7,Peltier_ICE6G_D,CSR,60,GravIS,1.25293491374354
CSR_288,0.808219178082192,0.73469387755102,0.958333333333333,49,FALSE,DDK8,none,CSR,60,none,0.654436743751499
CSR_289,0.794520547945206,0.714285714285714,0.958333333333333,49,FALSE,DDK8,none,CSR,60,GravIS,0.679333996683855
CSR_29,0.863013698630137,0.795918367346939,1,49,FALSE,G300,Peltier_ICE6G_D,CSR,60,GravIS,0.425980973671881
CSR_290,0.808219178082192,0.73469387755102,0.958333333333333,49,FALSE,DDK8,none,CSR,60,none,0.654436743751499
CSR_291,0.808219178082192,0.73469387755102,0.958333333333333,49,FALSE,DDK8,none,CSR,60,GravIS,0.654436743751499
CSR_292,0.821917808219178,0.755102040816326,0.958333333333333,49,FALSE,DDK8,none,CSR,60,none,0.649154914540176
CSR_293,0.808219178082192,0.73469387755102,0.958333333333333,49,FALSE,DDK8,none,CSR,60,GravIS,0.654436743751499
CSR_294,0.808219178082192,0.73469387755102,0.958333333333333,49,FALSE,DDK8,none,CSR,60,none,0.654436743751499
CSR_295,0.808219178082192,0.73469387755102,0.958333333333333,49,FALSE,DDK8,none,CSR,60,GravIS,0.654436743751499
CSR_296,0.726027397260274,0.612244897959184,0.958333333333333,49,FALSE,DDK8,Geruo_ICE5G_VM2,CSR,60,none,1.02269920592533
CSR_297,0.726027397260274,0.612244897959184,0.958333333333333,49,TRUE,DDK8,Geruo_ICE5G_VM2,CSR,60,GravIS,1.02269920592533
CSR_298,0.726027397260274,0.612244897959184,0.958333333333333,49,FALSE,DDK8,Geruo_ICE5G_VM2,CSR,60,none,1.02269920592533
CSR_299,0.726027397260274,0.612244897959184,0.958333333333333,49,FALSE,DDK8,Geruo_ICE5G_VM2,CSR,60,GravIS,1.02269920592533
CSR_3,0.876712328767123,0.816326530612245,1,49,FALSE,G300,none,CSR,60,GravIS,0.396181265229462
CSR_30,0.863013698630137,0.795918367346939,1,49,FALSE,G300,Peltier_ICE6G_D,CSR,60,none,0.425980973671881
CSR_300,0.726027397260274,0.612244897959184,0.958333333333333,49,FALSE,DDK8,Geruo_ICE5G_VM2,CSR,60,none,1.02269920592533
CSR_301,0.726027397260274,0.612244897959184,0.958333333333333,49,FALSE,DDK8,Geruo_ICE5G_VM2,CSR,60,GravIS,1.02269920592533
CSR_302,0.726027397260274,0.612244897959184,0.958333333333333,49,FALSE,DDK8,Geruo_ICE5G_VM2,CSR,60,none,1.02269920592533
CSR_303,0.726027397260274,0.612244897959184,0.958333333333333,49,FALSE,DDK8,Geruo_ICE5G_VM2,CSR,60,GravIS,1.02269920592533
CSR_304,0.712328767123288,0.591836734693878,0.958333333333333,49,FALSE,DDK8,Caron_2018,CSR,60,none,0.981597750114732
CSR_305,0.712328767123288,0.591836734693878,0.958333333333333,49,TRUE,DDK8,Caron_2018,CSR,60,GravIS,0.981597750114732
CSR_306,0.712328767123288,0.591836734693878,0.958333333333333,49,FALSE,DDK8,Caron_2018,CSR,60,none,0.981597750114732
CSR_307,0.712328767123288,0.591836734693878,0.958333333333333,49,FALSE,DDK8,Caron_2018,CSR,60,GravIS,0.981597750114732
CSR_308,0.712328767123288,0.591836734693878,0.958333333333333,49,FALSE,DDK8,Caron_2018,CSR,60,none,0.981597750114732
CSR_309,0.712328767123288,0.591836734693878,0.958333333333333,49,FALSE,DDK8,Caron_2018,CSR,60,GravIS,0.981597750114732
CSR_31,0.863013698630137,0.795918367346939,1,49,FALSE,G300,Peltier_ICE6G_D,CSR,60,GravIS,0.403239003063123
CSR_310,0.712328767123288,0.591836734693878,0.958333333333333,49,FALSE,DDK8,Caron_2018,CSR,60,none,0.981597750114732
CSR_311,0.712328767123288,0.591836734693878,0.958333333333333,49,FALSE,DDK8,Caron_2018,CSR,60,GravIS,0.981597750114732
CSR_312,0.698630136986301,0.571428571428571,0.958333333333333,49,FALSE,DDK8,Peltier_ICE6G_D,CSR,60,none,1.25293491374354
CSR_313,0.698630136986301,0.571428571428571,0.958333333333333,49,TRUE,DDK8,Peltier_ICE6G_D,CSR,60,GravIS,1.25293491374354
CSR_314,0.684931506849315,0.551020408163265,0.958333333333333,49,FALSE,DDK8,Peltier_ICE6G_D,CSR,60,none,1.39099918341134
CSR_315,0.684931506849315,0.551020408163265,0.958333333333333,49,FALSE,DDK8,Peltier_ICE6G_D,CSR,60,GravIS,1.39099918341134
CSR_316,0.698630136986301,0.571428571428571,0.958333333333333,49,FALSE,DDK8,Peltier_ICE6G_D,CSR,60,none,1.25293491374354
CSR_317,0.698630136986301,0.571428571428571,0.958333333333333,49,FALSE,DDK8,Peltier_ICE6G_D,CSR,60,GravIS,1.25293491374354
CSR_318,0.698630136986301,0.571428571428571,0.958333333333333,49,FALSE,DDK8,Peltier_ICE6G_D,CSR,60,none,1.25293491374354
CSR_319,0.712328767123288,0.591836734693878,0.958333333333333,49,FALSE,DDK8,Peltier_ICE6G_D,CSR,60,GravIS,1.17009188988408
CSR_32,0.904109589041096,0.857142857142857,1,49,FALSE,G400,none,CSR,60,none,0.298252473527834
CSR_320,0.863013698630137,0.816326530612245,0.958333333333333,49,FALSE,G300,none,CSR,96,none,0.472385232763141
CSR_321,0.849315068493151,0.795918367346939,0.958333333333333,49,FALSE,G300,none,CSR,96,GravIS,0.5710240337393
CSR_322,0.876712328767123,0.836734693877551,0.958333333333333,49,FALSE,G300,none,CSR,96,none,0.427786087042361
CSR_323,0.849315068493151,0.795918367346939,0.958333333333333,49,FALSE,G300,none,CSR,96,GravIS,0.5710240337393
CSR_324,0.876712328767123,0.836734693877551,0.958333333333333,49,FALSE,G300,none,CSR,96,none,0.427786087042361
CSR_325,0.863013698630137,0.816326530612245,0.958333333333333,49,FALSE,G300,none,CSR,96,GravIS,0.526072879657995
CSR_326,0.876712328767123,0.836734693877551,0.958333333333333,49,FALSE,G300,none,CSR,96,none,0.427786087042361
CSR_327,0.863013698630137,0.816326530612245,0.958333333333333,49,FALSE,G300,none,CSR,96,GravIS,0.526072879657995
CSR_328,0.808219178082192,0.775510204081633,0.875,49,FALSE,G300,Geruo_ICE5G_VM2,CSR,96,none,0.989525960507078
CSR_329,0.808219178082192,0.755102040816326,0.916666666666667,49,TRUE,G300,Geruo_ICE5G_VM2,CSR,96,GravIS,0.890915626224252
CSR_33,0.89041095890411,0.836734693877551,1,49,FALSE,G400,none,CSR,60,GravIS,0.347684143156928
CSR_330,0.808219178082192,0.775510204081633,0.875,49,FALSE,G300,Geruo_ICE5G_VM2,CSR,96,none,0.989525960507078
CSR_331,0.808219178082192,0.755102040816326,0.916666666666667,49,FALSE,G300,Geruo_ICE5G_VM2,CSR,96,GravIS,0.890915626224252
CSR_332,0.808219178082192,0.775510204081633,0.875,49,FALSE,G300,Geruo_ICE5G_VM2,CSR,96,none,0.989525960507078
CSR_333,0.808219178082192,0.775510204081633,0.875,49,FALSE,G300,Geruo_ICE5G_VM2,CSR,96,GravIS,0.989525960507078
CSR_334,0.808219178082192,0.775510204081633,0.875,49,FALSE,G300,Geruo_ICE5G_VM2,CSR,96,none,0.989525960507078
CSR_335,0.808219178082192,0.755102040816326,0.916666666666667,49,FALSE,G300,Geruo_ICE5G_VM2,CSR,96,GravIS,0.890915626224252
CSR_336,0.808219178082192,0.755102040816326,0.916666666666667,49,FALSE,G300,Caron_2018,CSR,96,none,0.821946882476964
CSR_337,0.808219178082192,0.755102040816326,0.916666666666667,49,TRUE,G300,Caron_2018,CSR,96,GravIS,0.821946882476964
CSR_338,0.808219178082192,0.755102040816326,0.916666666666667,49,FALSE,G300,Caron_2018,CSR,96,none,0.821946882476964
CSR_339,0.794520547945206,0.73469387755102,0.916666666666667,49,FALSE,G300,Caron_2018,CSR,96,GravIS,0.984051959083942
CSR_34,0.904109589041096,0.857142857142857,1,49,FALSE,G400,none,CSR,60,none,0.298252473527834
CSR_340,0.835616438356164,0.795918367346939,0.916666666666667,49,FALSE,G300,Caron_2018,CSR,96,none,0.699391669133882
CSR_341,0.821917808219178,0.775510204081633,0.916666666666667,49,FALSE,G300,Caron_2018,CSR,96,GravIS,0.718466297335594
CSR_342,0.821917808219178,0.775510204081633,0.916666666666667,49,FALSE,G300,Caron_2018,CSR,96,none,0.896291812327014
CSR_343,0.821917808219178,0.775510204081633,0.916666666666667,49,FALSE,G300,Caron_2018,CSR,96,GravIS,0.896291812327014
CSR_344,0.794520547945206,0.73469387755102,0.916666666666667,49,FALSE,G300,Peltier_ICE6G_D,CSR,96,none,1.00089698620497
CSR_345,0.794520547945206,0.73469387755102,0.916666666666667,49,TRUE,G300,Peltier_ICE6G_D,CSR,96,GravIS,1.00089698620497
CSR_346,0.794520547945206,0.73469387755102,0.916666666666667,49,FALSE,G300,Peltier_ICE6G_D,CSR,96,none,1.00089698620497
CSR_347,0.794520547945206,0.73469387755102,0.916666666666667,49,FALSE,G300,Peltier_ICE6G_D,CSR,96,GravIS,1.00089698620497
CSR_348,0.821917808219178,0.775510204081633,0.916666666666667,49,FALSE,G300,Peltier_ICE6G_D,CSR,96,none,0.911675841539848
CSR_349,0.794520547945206,0.73469387755102,0.916666666666667,49,FALSE,G300,Peltier_ICE6G_D,CSR,96,GravIS,1.00089698620497
CSR_35,0.904109589041096,0.857142857142857,1,49,FALSE,G400,none,CSR,60,GravIS,0.298252473527834
CSR_350,0.808219178082192,0.755102040816326,0.916666666666667,49,FALSE,G300,Peltier_ICE6G_D,CSR,96,none,1.13695519318262
CSR_351,0.808219178082192,0.755102040816326,0.916666666666667,49,FALSE,G300,Peltier_ICE6G_D,CSR,96,GravIS,1.13695519318262
CSR_352,0.917808219178082,0.877551020408163,1,49,FALSE,G400,none,CSR,96,none,0.237237893582022
CSR_353,0.89041095890411,0.857142857142857,0.958333333333333,49,FALSE,G400,none,CSR,96,GravIS,0.359232583552359
CSR_354,0.931506849315068,0.897959183673469,1,49,FALSE,G400,none,CSR,96,none,0.196670193657273
CSR_355,0.917808219178082,0.897959183673469,0.958333333333333,49,FALSE,G400,none,CSR,96,GravIS,0.250487798125549
CSR_356,0.945205479452055,0.918367346938776,1,49,FALSE,G400,none,CSR,96,none,0.149871173180229
CSR_357,0.931506849315068,0.918367346938776,0.958333333333333,49,FALSE,G400,none,CSR,96,GravIS,0.188944858892002
CSR_358,0.931506849315068,0.897959183673469,1,49,FALSE,G400,none,CSR,96,none,0.192163086232197
CSR_359,0.931506849315068,0.897959183673469,1,49,FALSE,G400,none,CSR,96,GravIS,0.192163086232197
CSR_36,0.904109589041096,0.857142857142857,1,49,FALSE,G400,none,CSR,60,none,0.298252473527834
CSR_360,0.917808219178082,0.877551020408163,1,49,FALSE,G400,Geruo_ICE5G_VM2,CSR,96,none,0.242876198113421
CSR_361,0.945205479452055,0.918367346938776,1,49,TRUE,G400,Geruo_ICE5G_VM2,CSR,96,GravIS,0.153476218739156
CSR_362,0.917808219178082,0.877551020408163,1,49,FALSE,G400,Geruo_ICE5G_VM2,CSR,96,none,0.242876198113421
CSR_363,0.945205479452055,0.918367346938776,1,49,FALSE,G400,Geruo_ICE5G_VM2,CSR,96,GravIS,0.153476218739156
CSR_364,0.917808219178082,0.877551020408163,1,49,FALSE,G400,Geruo_ICE5G_VM2,CSR,96,none,0.242178915898514
CSR_365,0.945205479452055,0.918367346938776,1,49,FALSE,G400,Geruo_ICE5G_VM2,CSR,96,GravIS,0.153476218739156
CSR_366,0.945205479452055,0.918367346938776,1,49,FALSE,G400,Geruo_ICE5G_VM2,CSR,96,none,0.153476218739156
CSR_367,0.945205479452055,0.918367346938776,1,49,FALSE,G400,Geruo_ICE5G_VM2,CSR,96,GravIS,0.153476218739156
CSR_368,0.876712328767123,0.836734693877551,0.958333333333333,49,FALSE,G400,Caron_2018,CSR,96,none,0.461417163591286
CSR_369,0.876712328767123,0.836734693877551,0.958333333333333,49,TRUE,G400,Caron_2018,CSR,96,GravIS,0.461417163591286
CSR_37,0.904109589041096,0.857142857142857,1,49,FALSE,G400,none,CSR,60,GravIS,0.298252473527834
CSR_370,0.876712328767123,0.836734693877551,0.958333333333333,49,FALSE,G400,Caron_2018,CSR,96,none,0.461417163591286
CSR_371,0.904109589041096,0.877551020408163,0.958333333333333,49,FALSE,G400,Caron_2018,CSR,96,GravIS,0.310387131715321
CSR_372,0.876712328767123,0.836734693877551,0.958333333333333,49,FALSE,G400,Caron_2018,CSR,96,none,0.461417163591286
CSR_373,0.876712328767123,0.836734693877551,0.958333333333333,49,FALSE,G400,Caron_2018,CSR,96,GravIS,0.461417163591286
CSR_374,0.876712328767123,0.836734693877551,0.958333333333333,49,FALSE,G400,Caron_2018,CSR,96,none,0.461417163591286
CSR_375,0.89041095890411,0.857142857142857,0.958333333333333,49,FALSE,G400,Caron_2018,CSR,96,GravIS,0.381189731710161
CSR_376,0.876712328767123,0.836734693877551,0.958333333333333,49,FALSE,G400,Peltier_ICE6G_D,CSR,96,none,0.449208165500819
CSR_377,0.876712328767123,0.836734693877551,0.958333333333333,49,TRUE,G400,Peltier_ICE6G_D,CSR,96,GravIS,0.449208165500819
CSR_378,0.876712328767123,0.836734693877551,0.958333333333333,49,FALSE,G400,Peltier_ICE6G_D,CSR,96,none,0.449208165500819
CSR_379,0.876712328767123,0.836734693877551,0.958333333333333,49,FALSE,G400,Peltier_ICE6G_D,CSR,96,GravIS,0.449208165500819
CSR_38,0.904109589041096,0.857142857142857,1,49,FALSE,G400,none,CSR,60,none,0.298252473527834
CSR_380,0.863013698630137,0.836734693877551,0.916666666666667,49,FALSE,G400,Peltier_ICE6G_D,CSR,96,none,0.604881955722469
CSR_381,0.876712328767123,0.836734693877551,0.958333333333333,49,FALSE,G400,Peltier_ICE6G_D,CSR,96,GravIS,0.449208165500819
CSR_382,0.876712328767123,0.836734693877551,0.958333333333333,49,FALSE,G400,Peltier_ICE6G_D,CSR,96,none,0.449208165500819
CSR_383,0.876712328767123,0.836734693877551,0.958333333333333,49,FALSE,G400,Peltier_ICE6G_D,CSR,96,GravIS,0.449208165500819
CSR_384,0.876712328767123,0.836734693877551,0.958333333333333,49,FALSE,G500,none,CSR,96,none,0.381580231087114
CSR_385,0.863013698630137,0.816326530612245,0.958333333333333,49,FALSE,G500,none,CSR,96,GravIS,0.419618244374489
CSR_386,0.89041095890411,0.857142857142857,0.958333333333333,49,FALSE,G500,none,CSR,96,none,0.35740391900231
CSR_387,0.89041095890411,0.857142857142857,0.958333333333333,49,FALSE,G500,none,CSR,96,GravIS,0.35740391900231
CSR_388,0.89041095890411,0.857142857142857,0.958333333333333,49,FALSE,G500,none,CSR,96,none,0.35740391900231
CSR_389,0.89041095890411,0.857142857142857,0.958333333333333,49,FALSE,G500,none,CSR,96,GravIS,0.35740391900231
CSR_39,0.917808219178082,0.877551020408163,1,49,FALSE,G400,none,CSR,60,GravIS,0.249533960451667
CSR_390,0.89041095890411,0.857142857142857,0.958333333333333,49,FALSE,G500,none,CSR,96,none,0.35740391900231
CSR_391,0.89041095890411,0.857142857142857,0.958333333333333,49,FALSE,G500,none,CSR,96,GravIS,0.35740391900231
CSR_392,0.917808219178082,0.897959183673469,0.958333333333333,49,FALSE,G500,Geruo_ICE5G_VM2,CSR,96,none,0.246436089622943
CSR_393,0.931506849315068,0.918367346938776,0.958333333333333,49,TRUE,G500,Geruo_ICE5G_VM2,CSR,96,GravIS,0.196420857393825
CSR_394,0.931506849315068,0.918367346938776,0.958333333333333,49,FALSE,G500,Geruo_ICE5G_VM2,CSR,96,none,0.196420857393825
CSR_395,0.931506849315068,0.918367346938776,0.958333333333333,49,FALSE,G500,Geruo_ICE5G_VM2,CSR,96,GravIS,0.196420857393825
CSR_396,0.917808219178082,0.897959183673469,0.958333333333333,49,FALSE,G500,Geruo_ICE5G_VM2,CSR,96,none,0.246436089622943
CSR_397,0.931506849315068,0.918367346938776,0.958333333333333,49,FALSE,G500,Geruo_ICE5G_VM2,CSR,96,GravIS,0.196420857393825
CSR_398,0.931506849315068,0.918367346938776,0.958333333333333,49,FALSE,G500,Geruo_ICE5G_VM2,CSR,96,none,0.196420857393825
CSR_399,0.931506849315068,0.918367346938776,0.958333333333333,49,FALSE,G500,Geruo_ICE5G_VM2,CSR,96,GravIS,0.196420857393825
CSR_4,0.89041095890411,0.836734693877551,1,49,FALSE,G300,none,CSR,60,none,0.3494104232943
CSR_40,0.945205479452055,0.918367346938776,1,49,FALSE,G400,Geruo_ICE5G_VM2,CSR,60,none,0.153002609334746
CSR_400,0.835616438356164,0.795918367346939,0.916666666666667,49,FALSE,G500,Caron_2018,CSR,96,none,0.776903565449492
CSR_401,0.876712328767123,0.857142857142857,0.916666666666667,49,TRUE,G500,Caron_2018,CSR,96,GravIS,0.458625177051973
CSR_402,0.849315068493151,0.816326530612245,0.916666666666667,49,FALSE,G500,Caron_2018,CSR,96,none,0.646402568858562
CSR_403,0.876712328767123,0.857142857142857,0.916666666666667,49,FALSE,G500,Caron_2018,CSR,96,GravIS,0.458625177051973
CSR_404,0.849315068493151,0.816326530612245,0.916666666666667,49,FALSE,G500,Caron_2018,CSR,96,none,0.646402568858562
CSR_405,0.849315068493151,0.816326530612245,0.916666666666667,49,FALSE,G500,Caron_2018,CSR,96,GravIS,0.646402568858562
CSR_406,0.849315068493151,0.816326530612245,0.916666666666667,49,FALSE,G500,Caron_2018,CSR,96,none,0.646402568858562
CSR_407,0.863013698630137,0.836734693877551,0.916666666666667,49,FALSE,G500,Caron_2018,CSR,96,GravIS,0.547094549044236
CSR_408,0.849315068493151,0.795918367346939,0.958333333333333,49,FALSE,G500,Peltier_ICE6G_D,CSR,96,none,0.650218767049559
CSR_409,0.863013698630137,0.816326530612245,0.958333333333333,49,TRUE,G500,Peltier_ICE6G_D,CSR,96,GravIS,0.560571160661149
CSR_41,0.917808219178082,0.877551020408163,1,49,TRUE,G400,Geruo_ICE5G_VM2,CSR,60,GravIS,0.242970841839431
CSR_410,0.849315068493151,0.795918367346939,0.958333333333333,49,FALSE,G500,Peltier_ICE6G_D,CSR,96,none,0.650218767049559
CSR_411,0.876712328767123,0.836734693877551,0.958333333333333,49,FALSE,G500,Peltier_ICE6G_D,CSR,96,GravIS,0.464959565248819
CSR_412,0.849315068493151,0.795918367346939,0.958333333333333,49,FALSE,G500,Peltier_ICE6G_D,CSR,96,none,0.650218767049559
CSR_413,0.863013698630137,0.816326530612245,0.958333333333333,49,FALSE,G500,Peltier_ICE6G_D,CSR,96,GravIS,0.560571160661149
CSR_414,0.849315068493151,0.795918367346939,0.958333333333333,49,FALSE,G500,Peltier_ICE6G_D,CSR,96,none,0.650218767049559
CSR_415,0.863013698630137,0.816326530612245,0.958333333333333,49,FALSE,G500,Peltier_ICE6G_D,CSR,96,GravIS,0.560571160661149
CSR_416,0.89041095890411,0.836734693877551,1,49,FALSE,Swenson_G300,none,CSR,96,none,0.280803282053507
CSR_417,0.89041095890411,0.836734693877551,1,49,FALSE,Swenson_G300,none,CSR,96,GravIS,0.280803282053507
CSR_418,0.863013698630137,0.795918367346939,1,49,FALSE,Swenson_G300,none,CSR,96,none,0.376792909984082
CSR_419,0.89041095890411,0.836734693877551,1,49,FALSE,Swenson_G300,none,CSR,96,GravIS,0.280803282053507
CSR_42,0.945205479452055,0.918367346938776,1,49,FALSE,G400,Geruo_ICE5G_VM2,CSR,60,none,0.153002609334746
CSR_420,0.904109589041096,0.857142857142857,1,49,FALSE,Swenson_G300,none,CSR,96,none,0.269840386005066
CSR_421,0.904109589041096,0.857142857142857,1,49,FALSE,Swenson_G300,none,CSR,96,GravIS,0.257664762490804
CSR_422,0.904109589041096,0.857142857142857,1,49,FALSE,Swenson_G300,none,CSR,96,none,0.269840386005066
CSR_423,0.917808219178082,0.877551020408163,1,49,FALSE,Swenson_G300,none,CSR,96,GravIS,0.225281608037845
CSR_424,0.808219178082192,0.755102040816326,0.916666666666667,49,FALSE,Swenson_G300,Geruo_ICE5G_VM2,CSR,96,none,1.17637269008523
CSR_425,0.863013698630137,0.816326530612245,0.958333333333333,49,TRUE,Swenson_G300,Geruo_ICE5G_VM2,CSR,96,GravIS,0.493249524374792
CSR_426,0.821917808219178,0.755102040816326,0.958333333333333,49,FALSE,Swenson_G300,Geruo_ICE5G_VM2,CSR,96,none,0.844943109421981
CSR_427,0.863013698630137,0.816326530612245,0.958333333333333,49,FALSE,Swenson_G300,Geruo_ICE5G_VM2,CSR,96,GravIS,0.493249524374792
CSR_428,0.794520547945206,0.73469387755102,0.916666666666667,49,FALSE,Swenson_G300,Geruo_ICE5G_VM2,CSR,96,none,1.29848000706478
CSR_429,0.863013698630137,0.816326530612245,0.958333333333333,49,FALSE,Swenson_G300,Geruo_ICE5G_VM2,CSR,96,GravIS,0.488909910517698
CSR_43,0.945205479452055,0.918367346938776,1,49,FALSE,G400,Geruo_ICE5G_VM2,CSR,60,GravIS,0.153002609334746
CSR_430,0.835616438356164,0.795918367346939,0.916666666666667,49,FALSE,Swenson_G300,Geruo_ICE5G_VM2,CSR,96,none,0.772533521293238
CSR_431,0.876712328767123,0.816326530612245,1,49,FALSE,Swenson_G300,Geruo_ICE5G_VM2,CSR,96,GravIS,0.373092146633715
CSR_432,0.794520547945206,0.73469387755102,0.916666666666667,49,FALSE,Swenson_G300,Caron_2018,CSR,96,none,1.34819612066376
CSR_433,0.794520547945206,0.73469387755102,0.916666666666667,49,TRUE,Swenson_G300,Caron_2018,CSR,96,GravIS,1.34819612066376
CSR_434,0.794520547945206,0.73469387755102,0.916666666666667,49,FALSE,Swenson_G300,Caron_2018,CSR,96,none,1.34819612066376
CSR_435,0.794520547945206,0.73469387755102,0.916666666666667,49,FALSE,Swenson_G300,Caron_2018,CSR,96,GravIS,1.34819612066376
CSR_436,0.780821917808219,0.714285714285714,0.916666666666667,49,FALSE,Swenson_G300,Caron_2018,CSR,96,none,1.46866507588493
CSR_437,0.808219178082192,0.755102040816326,0.916666666666667,49,FALSE,Swenson_G300,Caron_2018,CSR,96,GravIS,1.13140544151649
CSR_438,0.794520547945206,0.73469387755102,0.916666666666667,49,FALSE,Swenson_G300,Caron_2018,CSR,96,none,1.34819612066376
CSR_439,0.808219178082192,0.755102040816326,0.916666666666667,49,FALSE,Swenson_G300,Caron_2018,CSR,96,GravIS,1.13140544151649
CSR_44,0.945205479452055,0.918367346938776,1,49,FALSE,G400,Geruo_ICE5G_VM2,CSR,60,none,0.153002609334746
CSR_440,0.753424657534247,0.673469387755102,0.916666666666667,49,FALSE,Swenson_G300,Peltier_ICE6G_D,CSR,96,none,2.14157288117178
CSR_441,0.753424657534247,0.673469387755102,0.916666666666667,49,TRUE,Swenson_G300,Peltier_ICE6G_D,CSR,96,GravIS,2.14157288117178
CSR_442,0.753424657534247,0.673469387755102,0.916666666666667,49,FALSE,Swenson_G300,Peltier_ICE6G_D,CSR,96,none,2.14157288117178
CSR_443,0.753424657534247,0.673469387755102,0.916666666666667,49,FALSE,Swenson_G300,Peltier_ICE6G_D,CSR,96,GravIS,2.14157288117178
CSR_444,0.753424657534247,0.673469387755102,0.916666666666667,49,FALSE,Swenson_G300,Peltier_ICE6G_D,CSR,96,none,2.03219004620697
CSR_445,0.767123287671233,0.693877551020408,0.916666666666667,49,FALSE,Swenson_G300,Peltier_ICE6G_D,CSR,96,GravIS,1.82620279145971
CSR_446,0.767123287671233,0.693877551020408,0.916666666666667,49,FALSE,Swenson_G300,Peltier_ICE6G_D,CSR,96,none,1.82620279145971
CSR_447,0.767123287671233,0.693877551020408,0.916666666666667,49,FALSE,Swenson_G300,Peltier_ICE6G_D,CSR,96,GravIS,1.82620279145971
CSR_448,0.835616438356164,0.775510204081633,0.958333333333333,49,FALSE,Swenson_G500,none,CSR,96,none,0.519924405993026
CSR_449,0.835616438356164,0.775510204081633,0.958333333333333,49,FALSE,Swenson_G500,none,CSR,96,GravIS,0.473671836775306
CSR_45,0.931506849315068,0.897959183673469,1,49,FALSE,G400,Geruo_ICE5G_VM2,CSR,60,GravIS,0.196203119106036
CSR_450,0.863013698630137,0.816326530612245,0.958333333333333,49,FALSE,Swenson_G500,none,CSR,96,none,0.471541669602812
CSR_451,0.876712328767123,0.836734693877551,0.958333333333333,49,FALSE,Swenson_G500,none,CSR,96,GravIS,0.381580231087114
CSR_452,0.904109589041096,0.877551020408163,0.958333333333333,49,FALSE,Swenson_G500,none,CSR,96,none,0.306115005488261
CSR_453,0.89041095890411,0.857142857142857,0.958333333333333,49,FALSE,Swenson_G500,none,CSR,96,GravIS,0.35740391900231
CSR_454,0.89041095890411,0.857142857142857,0.958333333333333,49,FALSE,Swenson_G500,none,CSR,96,none,0.382185390999343
CSR_455,0.904109589041096,0.877551020408163,0.958333333333333,49,FALSE,Swenson_G500,none,CSR,96,GravIS,0.306115005488261
CSR_456,0.863013698630137,0.836734693877551,0.916666666666667,49,FALSE,Swenson_G500,Geruo_ICE5G_VM2,CSR,96,none,0.659099829096304
CSR_457,0.89041095890411,0.857142857142857,0.958333333333333,49,TRUE,Swenson_G500,Geruo_ICE5G_VM2,CSR,96,GravIS,0.389754128171697
CSR_458,0.876712328767123,0.836734693877551,0.958333333333333,49,FALSE,Swenson_G500,Geruo_ICE5G_VM2,CSR,96,none,0.475334597286035
CSR_459,0.89041095890411,0.857142857142857,0.958333333333333,49,FALSE,Swenson_G500,Geruo_ICE5G_VM2,CSR,96,GravIS,0.389754128171697
CSR_46,0.945205479452055,0.918367346938776,1,49,FALSE,G400,Geruo_ICE5G_VM2,CSR,60,none,0.153002609334746
CSR_460,0.863013698630137,0.836734693877551,0.916666666666667,49,FALSE,Swenson_G500,Geruo_ICE5G_VM2,CSR,96,none,0.659099829096304
CSR_461,0.89041095890411,0.857142857142857,0.958333333333333,49,FALSE,Swenson_G500,Geruo_ICE5G_VM2,CSR,96,GravIS,0.389754128171697
CSR_462,0.876712328767123,0.857142857142857,0.916666666666667,49,FALSE,Swenson_G500,Geruo_ICE5G_VM2,CSR,96,none,0.532422430206195
CSR_463,0.89041095890411,0.857142857142857,0.958333333333333,49,FALSE,Swenson_G500,Geruo_ICE5G_VM2,CSR,96,GravIS,0.389754128171697
CSR_464,0.808219178082192,0.755102040816326,0.916666666666667,49,FALSE,Swenson_G500,Caron_2018,CSR,96,none,1.57472589839435
CSR_465,0.808219178082192,0.755102040816326,0.916666666666667,49,TRUE,Swenson_G500,Caron_2018,CSR,96,GravIS,1.57472589839435
CSR_466,0.808219178082192,0.755102040816326,0.916666666666667,49,FALSE,Swenson_G500,Caron_2018,CSR,96,none,1.57472589839435
CSR_467,0.821917808219178,0.775510204081633,0.916666666666667,49,FALSE,Swenson_G500,Caron_2018,CSR,96,GravIS,1.29485772854445
CSR_468,0.808219178082192,0.755102040816326,0.916666666666667,49,FALSE,Swenson_G500,Caron_2018,CSR,96,none,1.57472589839435
CSR_469,0.808219178082192,0.755102040816326,0.916666666666667,49,FALSE,Swenson_G500,Caron_2018,CSR,96,GravIS,1.57472589839435
CSR_47,0.945205479452055,0.918367346938776,1,49,FALSE,G400,Geruo_ICE5G_VM2,CSR,60,GravIS,0.153002609334746
CSR_470,0.808219178082192,0.755102040816326,0.916666666666667,49,FALSE,Swenson_G500,Caron_2018,CSR,96,none,1.57472589839435
CSR_471,0.808219178082192,0.755102040816326,0.916666666666667,49,FALSE,Swenson_G500,Caron_2018,CSR,96,GravIS,1.57472589839435
CSR_472,0.767123287671233,0.714285714285714,0.875,49,FALSE,Swenson_G500,Peltier_ICE6G_D,CSR,96,none,3.95802799458877
CSR_473,0.794520547945206,0.755102040816326,0.875,49,TRUE,Swenson_G500,Peltier_ICE6G_D,CSR,96,GravIS,2.38333578751918
CSR_474,0.767123287671233,0.714285714285714,0.875,49,FALSE,Swenson_G500,Peltier_ICE6G_D,CSR,96,none,3.95802799458877
CSR_475,0.794520547945206,0.755102040816326,0.875,49,FALSE,Swenson_G500,Peltier_ICE6G_D,CSR,96,GravIS,2.38333578751918
CSR_476,0.767123287671233,0.714285714285714,0.875,49,FALSE,Swenson_G500,Peltier_ICE6G_D,CSR,96,none,3.95802799458877
CSR_477,0.780821917808219,0.73469387755102,0.875,49,FALSE,Swenson_G500,Peltier_ICE6G_D,CSR,96,GravIS,2.75369370126085
CSR_478,0.767123287671233,0.714285714285714,0.875,49,FALSE,Swenson_G500,Peltier_ICE6G_D,CSR,96,none,3.95802799458877
CSR_479,0.780821917808219,0.73469387755102,0.875,49,FALSE,Swenson_G500,Peltier_ICE6G_D,CSR,96,GravIS,2.75369370126085
CSR_48,0.89041095890411,0.877551020408163,0.916666666666667,49,FALSE,G400,Caron_2018,CSR,60,none,0.426838894814761
CSR_480,0.904109589041096,0.857142857142857,1,49,FALSE,DDK2,none,CSR,96,none,0.254894871118149
CSR_481,0.89041095890411,0.836734693877551,1,49,FALSE,DDK2,none,CSR,96,GravIS,0.283203274635535
CSR_482,0.904109589041096,0.857142857142857,1,49,FALSE,DDK2,none,CSR,96,none,0.254894871118149
CSR_483,0.904109589041096,0.857142857142857,1,49,FALSE,DDK2,none,CSR,96,GravIS,0.254894871118149
CSR_484,0.904109589041096,0.857142857142857,1,49,FALSE,DDK2,none,CSR,96,none,0.254894871118149
CSR_485,0.904109589041096,0.857142857142857,1,49,FALSE,DDK2,none,CSR,96,GravIS,0.254894871118149
CSR_486,0.904109589041096,0.857142857142857,1,49,FALSE,DDK2,none,CSR,96,none,0.254894871118149
CSR_487,0.904109589041096,0.857142857142857,1,49,FALSE,DDK2,none,CSR,96,GravIS,0.254894871118149
CSR_488,0.931506849315068,0.897959183673469,1,49,FALSE,DDK2,Geruo_ICE5G_VM2,CSR,96,none,0.195588990331147
CSR_489,0.931506849315068,0.897959183673469,1,49,TRUE,DDK2,Geruo_ICE5G_VM2,CSR,96,GravIS,0.195588990331147
CSR_49,0.904109589041096,0.877551020408163,0.958333333333333,49,TRUE,G400,Caron_2018,CSR,60,GravIS,0.311251132633945
CSR_490,0.931506849315068,0.897959183673469,1,49,FALSE,DDK2,Geruo_ICE5G_VM2,CSR,96,none,0.195588990331147
CSR_491,0.945205479452055,0.918367346938776,1,49,FALSE,DDK2,Geruo_ICE5G_VM2,CSR,96,GravIS,0.153511288605787
CSR_492,0.931506849315068,0.897959183673469,1,49,FALSE,DDK2,Geruo_ICE5G_VM2,CSR,96,none,0.195588990331147
CSR_493,0.945205479452055,0.918367346938776,1,49,FALSE,DDK2,Geruo_ICE5G_VM2,CSR,96,GravIS,0.153511288605787
CSR_494,0.945205479452055,0.918367346938776,1,49,FALSE,DDK2,Geruo_ICE5G_VM2,CSR,96,none,0.153511288605787
CSR_495,0.945205479452055,0.918367346938776,1,49,FALSE,DDK2,Geruo_ICE5G_VM2,CSR,96,GravIS,0.153511288605787
CSR_496,0.904109589041096,0.897959183673469,0.916666666666667,49,FALSE,DDK2,Caron_2018,CSR,96,none,0.329533261055722
CSR_497,0.904109589041096,0.897959183673469,0.916666666666667,49,TRUE,DDK2,Caron_2018,CSR,96,GravIS,0.329533261055722
CSR_498,0.904109589041096,0.897959183673469,0.916666666666667,49,FALSE,DDK2,Caron_2018,CSR,96,none,0.329533261055722
CSR_499,0.904109589041096,0.897959183673469,0.916666666666667,49,FALSE,DDK2,Caron_2018,CSR,96,GravIS,0.329533261055722
CSR_5,0.89041095890411,0.836734693877551,1,49,FALSE,G300,none,CSR,60,GravIS,0.3494104232943
CSR_50,0.904109589041096,0.877551020408163,0.958333333333333,49,FALSE,G400,Caron_2018,CSR,60,none,0.311251132633945
CSR_500,0.904109589041096,0.897959183673469,0.916666666666667,49,FALSE,DDK2,Caron_2018,CSR,96,none,0.329533261055722
CSR_501,0.904109589041096,0.897959183673469,0.916666666666667,49,FALSE,DDK2,Caron_2018,CSR,96,GravIS,0.329533261055722
CSR_502,0.904109589041096,0.897959183673469,0.916666666666667,49,FALSE,DDK2,Caron_2018,CSR,96,none,0.329533261055722
CSR_503,0.904109589041096,0.897959183673469,0.916666666666667,49,FALSE,DDK2,Caron_2018,CSR,96,GravIS,0.329533261055722
CSR_504,0.89041095890411,0.857142857142857,0.958333333333333,49,FALSE,DDK2,Peltier_ICE6G_D,CSR,96,none,0.377267403058739
CSR_505,0.917808219178082,0.877551020408163,1,49,TRUE,DDK2,Peltier_ICE6G_D,CSR,96,GravIS,0.24300390715726
CSR_506,0.904109589041096,0.857142857142857,1,49,FALSE,DDK2,Peltier_ICE6G_D,CSR,96,none,0.293905009080238
CSR_507,0.917808219178082,0.877551020408163,1,49,FALSE,DDK2,Peltier_ICE6G_D,CSR,96,GravIS,0.24300390715726
CSR_508,0.863013698630137,0.816326530612245,0.958333333333333,49,FALSE,DDK2,Peltier_ICE6G_D,CSR,96,none,0.577078283189187
CSR_509,0.917808219178082,0.877551020408163,1,49,FALSE,DDK2,Peltier_ICE6G_D,CSR,96,GravIS,0.24300390715726
CSR_51,0.904109589041096,0.877551020408163,0.958333333333333,49,FALSE,G400,Caron_2018,CSR,60,GravIS,0.311251132633945
CSR_510,0.904109589041096,0.857142857142857,1,49,FALSE,DDK2,Peltier_ICE6G_D,CSR,96,none,0.293905009080238
CSR_511,0.917808219178082,0.877551020408163,1,49,FALSE,DDK2,Peltier_ICE6G_D,CSR,96,GravIS,0.24300390715726
CSR_512,0.89041095890411,0.857142857142857,0.958333333333333,49,FALSE,DDK3,none,CSR,96,none,0.313728190279692
CSR_513,0.863013698630137,0.816326530612245,0.958333333333333,49,FALSE,DDK3,none,CSR,96,GravIS,0.367730934432632
CSR_514,0.89041095890411,0.857142857142857,0.958333333333333,49,FALSE,DDK3,none,CSR,96,none,0.313728190279692
CSR_515,0.876712328767123,0.836734693877551,0.958333333333333,49,FALSE,DDK3,none,CSR,96,GravIS,0.340073931613678
CSR_516,0.89041095890411,0.857142857142857,0.958333333333333,49,FALSE,DDK3,none,CSR,96,none,0.313728190279692
CSR_517,0.876712328767123,0.836734693877551,0.958333333333333,49,FALSE,DDK3,none,CSR,96,GravIS,0.340073931613678
CSR_518,0.89041095890411,0.857142857142857,0.958333333333333,49,FALSE,DDK3,none,CSR,96,none,0.313728190279692
CSR_519,0.89041095890411,0.836734693877551,1,49,FALSE,DDK3,none,CSR,96,GravIS,0.276267659406767
CSR_52,0.89041095890411,0.877551020408163,0.916666666666667,49,FALSE,G400,Caron_2018,CSR,60,none,0.426838894814761
CSR_520,0.931506849315068,0.897959183673469,1,49,FALSE,DDK3,Geruo_ICE5G_VM2,CSR,96,none,0.19529877552942
CSR_521,0.917808219178082,0.877551020408163,1,49,TRUE,DDK3,Geruo_ICE5G_VM2,CSR,96,GravIS,0.220169704306954
CSR_522,0.945205479452055,0.918367346938776,1,49,FALSE,DDK3,Geruo_ICE5G_VM2,CSR,96,none,0.153511288605787
CSR_523,0.931506849315068,0.897959183673469,1,49,FALSE,DDK3,Geruo_ICE5G_VM2,CSR,96,GravIS,0.192527647698793
CSR_524,0.931506849315068,0.897959183673469,1,49,FALSE,DDK3,Geruo_ICE5G_VM2,CSR,96,none,0.19529877552942
CSR_525,0.945205479452055,0.918367346938776,1,49,FALSE,DDK3,Geruo_ICE5G_VM2,CSR,96,GravIS,0.153511288605787
CSR_526,0.945205479452055,0.918367346938776,1,49,FALSE,DDK3,Geruo_ICE5G_VM2,CSR,96,none,0.153511288605787
CSR_527,0.931506849315068,0.897959183673469,1,49,FALSE,DDK3,Geruo_ICE5G_VM2,CSR,96,GravIS,0.192527647698793
CSR_528,0.835616438356164,0.795918367346939,0.916666666666667,49,FALSE,DDK3,Caron_2018,CSR,96,none,0.941408049631336
CSR_529,0.863013698630137,0.836734693877551,0.916666666666667,49,TRUE,DDK3,Caron_2018,CSR,96,GravIS,0.5864379850224
CSR_53,0.904109589041096,0.877551020408163,0.958333333333333,49,FALSE,G400,Caron_2018,CSR,60,GravIS,0.311251132633945
CSR_530,0.849315068493151,0.816326530612245,0.916666666666667,49,FALSE,DDK3,Caron_2018,CSR,96,none,0.758392005299675
CSR_531,0.849315068493151,0.816326530612245,0.916666666666667,49,FALSE,DDK3,Caron_2018,CSR,96,GravIS,0.631562402444967
CSR_532,0.849315068493151,0.816326530612245,0.916666666666667,49,FALSE,DDK3,Caron_2018,CSR,96,none,0.758392005299675
CSR_533,0.863013698630137,0.836734693877551,0.916666666666667,49,FALSE,DDK3,Caron_2018,CSR,96,GravIS,0.5864379850224
CSR_534,0.863013698630137,0.836734693877551,0.916666666666667,49,FALSE,DDK3,Caron_2018,CSR,96,none,0.5864379850224
CSR_535,0.863013698630137,0.836734693877551,0.916666666666667,49,FALSE,DDK3,Caron_2018,CSR,96,GravIS,0.5864379850224
CSR_536,0.876712328767123,0.836734693877551,0.958333333333333,49,FALSE,DDK3,Peltier_ICE6G_D,CSR,96,none,0.422309357978692
CSR_537,0.876712328767123,0.836734693877551,0.958333333333333,49,TRUE,DDK3,Peltier_ICE6G_D,CSR,96,GravIS,0.422309357978692
CSR_538,0.876712328767123,0.836734693877551,0.958333333333333,49,FALSE,DDK3,Peltier_ICE6G_D,CSR,96,none,0.422309357978692
CSR_539,0.876712328767123,0.836734693877551,0.958333333333333,49,FALSE,DDK3,Peltier_ICE6G_D,CSR,96,GravIS,0.422309357978692
CSR_54,0.904109589041096,0.877551020408163,0.958333333333333,49,FALSE,G400,Caron_2018,CSR,60,none,0.311251132633945
CSR_540,0.89041095890411,0.857142857142857,0.958333333333333,49,FALSE,DDK3,Peltier_ICE6G_D,CSR,96,none,0.374181302108587
CSR_541,0.876712328767123,0.836734693877551,0.958333333333333,49,FALSE,DDK3,Peltier_ICE6G_D,CSR,96,GravIS,0.422309357978692
CSR_542,0.876712328767123,0.836734693877551,0.958333333333333,49,FALSE,DDK3,Peltier_ICE6G_D,CSR,96,none,0.422309357978692
CSR_543,0.876712328767123,0.836734693877551,0.958333333333333,49,FALSE,DDK3,Peltier_ICE6G_D,CSR,96,GravIS,0.422309357978692
CSR_544,0.835616438356164,0.775510204081633,0.958333333333333,49,FALSE,DDK5,none,CSR,96,none,0.53516989656238
CSR_545,0.835616438356164,0.775510204081633,0.958333333333333,49,FALSE,DDK5,none,CSR,96,GravIS,0.53516989656238
CSR_546,0.835616438356164,0.775510204081633,0.958333333333333,49,FALSE,DDK5,none,CSR,96,none,0.53516989656238
CSR_547,0.849315068493151,0.775510204081633,1,49,FALSE,DDK5,none,CSR,96,GravIS,0.440275811789822
CSR_548,0.849315068493151,0.775510204081633,1,49,FALSE,DDK5,none,CSR,96,none,0.440275811789822
CSR_549,0.863013698630137,0.795918367346939,1,49,FALSE,DDK5,none,CSR,96,GravIS,0.37764740241341
CSR_55,0.904109589041096,0.877551020408163,0.958333333333333,49,FALSE,G400,Caron_2018,CSR,60,GravIS,0.311251132633945
CSR_550,0.849315068493151,0.775510204081633,1,49,FALSE,DDK5,none,CSR,96,none,0.440275811789822
CSR_551,0.849315068493151,0.775510204081633,1,49,FALSE,DDK5,none,CSR,96,GravIS,0.440275811789822
CSR_552,0.794520547945206,0.714285714285714,0.958333333333333,49,FALSE,DDK5,Geruo_ICE5G_VM2,CSR,96,none,0.793457667638717
CSR_553,0.794520547945206,0.714285714285714,0.958333333333333,49,TRUE,DDK5,Geruo_ICE5G_VM2,CSR,96,GravIS,0.793457667638717
CSR_554,0.794520547945206,0.714285714285714,0.958333333333333,49,FALSE,DDK5,Geruo_ICE5G_VM2,CSR,96,none,0.793457667638717
CSR_555,0.794520547945206,0.714285714285714,0.958333333333333,49,FALSE,DDK5,Geruo_ICE5G_VM2,CSR,96,GravIS,0.793457667638717
CSR_556,0.794520547945206,0.714285714285714,0.958333333333333,49,FALSE,DDK5,Geruo_ICE5G_VM2,CSR,96,none,0.793457667638717
CSR_557,0.794520547945206,0.714285714285714,0.958333333333333,49,FALSE,DDK5,Geruo_ICE5G_VM2,CSR,96,GravIS,0.793457667638717
CSR_558,0.808219178082192,0.73469387755102,0.958333333333333,49,FALSE,DDK5,Geruo_ICE5G_VM2,CSR,96,none,0.761781556497061
CSR_559,0.794520547945206,0.714285714285714,0.958333333333333,49,FALSE,DDK5,Geruo_ICE5G_VM2,CSR,96,GravIS,0.793457667638717
CSR_56,0.849315068493151,0.795918367346939,0.958333333333333,49,FALSE,G400,Peltier_ICE6G_D,CSR,60,none,0.735660777167656
CSR_560,0.794520547945206,0.714285714285714,0.958333333333333,49,FALSE,DDK5,Caron_2018,CSR,96,none,0.872869324038852
CSR_561,0.794520547945206,0.714285714285714,0.958333333333333,49,TRUE,DDK5,Caron_2018,CSR,96,GravIS,0.793457667638717
CSR_562,0.808219178082192,0.73469387755102,0.958333333333333,49,FALSE,DDK5,Caron_2018,CSR,96,none,0.761781556497061
CSR_563,0.808219178082192,0.73469387755102,0.958333333333333,49,FALSE,DDK5,Caron_2018,CSR,96,GravIS,0.761781556497061
CSR_564,0.821917808219178,0.755102040816326,0.958333333333333,49,FALSE,DDK5,Caron_2018,CSR,96,none,0.677207963420842
CSR_565,0.808219178082192,0.73469387755102,0.958333333333333,49,FALSE,DDK5,Caron_2018,CSR,96,GravIS,0.761781556497061
CSR_566,0.808219178082192,0.73469387755102,0.958333333333333,49,FALSE,DDK5,Caron_2018,CSR,96,none,0.761781556497061
CSR_567,0.808219178082192,0.73469387755102,0.958333333333333,49,FALSE,DDK5,Caron_2018,CSR,96,GravIS,0.761781556497061
CSR_568,0.780821917808219,0.714285714285714,0.916666666666667,49,FALSE,DDK5,Peltier_ICE6G_D,CSR,96,none,1.00732483204139
CSR_569,0.780821917808219,0.714285714285714,0.916666666666667,49,TRUE,DDK5,Peltier_ICE6G_D,CSR,96,GravIS,1.00732483204139
CSR_57,0.876712328767123,0.836734693877551,0.958333333333333,49,TRUE,G400,Peltier_ICE6G_D,CSR,60,GravIS,0.488092551757786
CSR_570,0.780821917808219,0.714285714285714,0.916666666666667,49,FALSE,DDK5,Peltier_ICE6G_D,CSR,96,none,1.00732483204139
CSR_571,0.780821917808219,0.714285714285714,0.916666666666667,49,FALSE,DDK5,Peltier_ICE6G_D,CSR,96,GravIS,1.00732483204139
CSR_572,0.780821917808219,0.714285714285714,0.916666666666667,49,FALSE,DDK5,Peltier_ICE6G_D,CSR,96,none,1.00732483204139
CSR_573,0.780821917808219,0.714285714285714,0.916666666666667,49,FALSE,DDK5,Peltier_ICE6G_D,CSR,96,GravIS,1.00732483204139
CSR_574,0.780821917808219,0.714285714285714,0.916666666666667,49,FALSE,DDK5,Peltier_ICE6G_D,CSR,96,none,1.00732483204139
CSR_575,0.780821917808219,0.714285714285714,0.916666666666667,49,FALSE,DDK5,Peltier_ICE6G_D,CSR,96,GravIS,1.00732483204139
CSR_576,0.794520547945206,0.755102040816326,0.875,49,FALSE,DDK7,none,CSR,96,none,2.01175740730632
CSR_577,0.821917808219178,0.755102040816326,0.958333333333333,49,FALSE,DDK7,none,CSR,96,GravIS,1.02846595168062
CSR_578,0.808219178082192,0.73469387755102,0.958333333333333,49,FALSE,DDK7,none,CSR,96,none,1.27985278470501
CSR_579,0.821917808219178,0.755102040816326,0.958333333333333,49,FALSE,DDK7,none,CSR,96,GravIS,1.02846595168062
CSR_58,0.849315068493151,0.795918367346939,0.958333333333333,49,FALSE,G400,Peltier_ICE6G_D,CSR,60,none,0.735660777167656
CSR_580,0.821917808219178,0.775510204081633,0.916666666666667,49,FALSE,DDK7,none,CSR,96,none,1.34139924732778
CSR_581,0.863013698630137,0.816326530612245,0.958333333333333,49,FALSE,DDK7,none,CSR,96,GravIS,0.608611327777118
CSR_582,0.821917808219178,0.775510204081633,0.916666666666667,49,FALSE,DDK7,none,CSR,96,none,1.34139924732778
CSR_583,0.863013698630137,0.816326530612245,0.958333333333333,49,FALSE,DDK7,none,CSR,96,GravIS,0.608611327777118
CSR_584,0.780821917808219,0.714285714285714,0.916666666666667,49,FALSE,DDK7,Geruo_ICE5G_VM2,CSR,96,none,1.09209567161015
CSR_585,0.780821917808219,0.714285714285714,0.916666666666667,49,TRUE,DDK7,Geruo_ICE5G_VM2,CSR,96,GravIS,1.09209567161015
CSR_586,0.780821917808219,0.714285714285714,0.916666666666667,49,FALSE,DDK7,Geruo_ICE5G_VM2,CSR,96,none,1.09209567161015
CSR_587,0.780821917808219,0.714285714285714,0.916666666666667,49,FALSE,DDK7,Geruo_ICE5G_VM2,CSR,96,GravIS,1.09209567161015
CSR_588,0.767123287671233,0.693877551020408,0.916666666666667,49,FALSE,DDK7,Geruo_ICE5G_VM2,CSR,96,none,1.18661931953364
CSR_589,0.794520547945206,0.73469387755102,0.916666666666667,49,FALSE,DDK7,Geruo_ICE5G_VM2,CSR,96,GravIS,0.951323326268314
CSR_59,0.89041095890411,0.857142857142857,0.958333333333333,49,FALSE,G400,Peltier_ICE6G_D,CSR,60,GravIS,0.401974841891719
CSR_590,0.780821917808219,0.714285714285714,0.916666666666667,49,FALSE,DDK7,Geruo_ICE5G_VM2,CSR,96,none,1.09209567161015
CSR_591,0.780821917808219,0.714285714285714,0.916666666666667,49,FALSE,DDK7,Geruo_ICE5G_VM2,CSR,96,GravIS,1.09209567161015
CSR_592,0.753424657534247,0.673469387755102,0.916666666666667,49,FALSE,DDK7,Caron_2018,CSR,96,none,1.34731941024862
CSR_593,0.767123287671233,0.693877551020408,0.916666666666667,49,TRUE,DDK7,Caron_2018,CSR,96,GravIS,1.18661931953364
CSR_594,0.767123287671233,0.693877551020408,0.916666666666667,49,FALSE,DDK7,Caron_2018,CSR,96,none,1.18661931953364
CSR_595,0.767123287671233,0.693877551020408,0.916666666666667,49,FALSE,DDK7,Caron_2018,CSR,96,GravIS,1.18661931953364
CSR_596,0.753424657534247,0.673469387755102,0.916666666666667,49,FALSE,DDK7,Caron_2018,CSR,96,none,1.34731941024862
CSR_597,0.767123287671233,0.693877551020408,0.916666666666667,49,FALSE,DDK7,Caron_2018,CSR,96,GravIS,1.18661931953364
CSR_598,0.767123287671233,0.693877551020408,0.916666666666667,49,FALSE,DDK7,Caron_2018,CSR,96,none,1.18661931953364
CSR_599,0.767123287671233,0.693877551020408,0.916666666666667,49,FALSE,DDK7,Caron_2018,CSR,96,GravIS,1.18661931953364
CSR_6,0.917808219178082,0.877551020408163,1,49,FALSE,G300,none,CSR,60,none,0.246309711081225
CSR_60,0.849315068493151,0.795918367346939,0.958333333333333,49,FALSE,G400,Peltier_ICE6G_D,CSR,60,none,0.735660777167656
CSR_600,0.767123287671233,0.693877551020408,0.916666666666667,49,FALSE,DDK7,Peltier_ICE6G_D,CSR,96,none,1.18661931953364
CSR_601,0.767123287671233,0.693877551020408,0.916666666666667,49,TRUE,DDK7,Peltier_ICE6G_D,CSR,96,GravIS,1.18661931953364
CSR_602,0.767123287671233,0.693877551020408,0.916666666666667,49,FALSE,DDK7,Peltier_ICE6G_D,CSR,96,none,1.18661931953364
CSR_603,0.767123287671233,0.693877551020408,0.916666666666667,49,FALSE,DDK7,Peltier_ICE6G_D,CSR,96,GravIS,1.18661931953364
CSR_604,0.767123287671233,0.693877551020408,0.916666666666667,49,FALSE,DDK7,Peltier_ICE6G_D,CSR,96,none,1.18661931953364
CSR_605,0.780821917808219,0.714285714285714,0.916666666666667,49,FALSE,DDK7,Peltier_ICE6G_D,CSR,96,GravIS,1.04150450908568
CSR_606,0.767123287671233,0.693877551020408,0.916666666666667,49,FALSE,DDK7,Peltier_ICE6G_D,CSR,96,none,1.18661931953364
CSR_607,0.780821917808219,0.714285714285714,0.916666666666667,49,FALSE,DDK7,Peltier_ICE6G_D,CSR,96,GravIS,1.04150450908568
CSR_608,0.767123287671233,0.693877551020408,0.916666666666667,49,FALSE,DDK8,none,CSR,96,none,1.24745264807985
CSR_609,0.780821917808219,0.714285714285714,0.916666666666667,49,FALSE,DDK8,none,CSR,96,GravIS,1.0670007359854
CSR_61,0.863013698630137,0.816326530612245,0.958333333333333,49,FALSE,G400,Peltier_ICE6G_D,CSR,60,GravIS,0.595684526835215
CSR_610,0.767123287671233,0.693877551020408,0.916666666666667,49,FALSE,DDK8,none,CSR,96,none,1.24745264807985
CSR_611,0.794520547945206,0.73469387755102,0.916666666666667,49,FALSE,DDK8,none,CSR,96,GravIS,0.910286611834809
CSR_612,0.794520547945206,0.73469387755102,0.916666666666667,49,FALSE,DDK8,none,CSR,96,none,0.962206523612013
CSR_613,0.780821917808219,0.714285714285714,0.916666666666667,49,FALSE,DDK8,none,CSR,96,GravIS,1.0670007359854
CSR_614,0.808219178082192,0.755102040816326,0.916666666666667,49,FALSE,DDK8,none,CSR,96,none,0.93377459365946
CSR_615,0.794520547945206,0.73469387755102,0.916666666666667,49,FALSE,DDK8,none,CSR,96,GravIS,0.910286611834809
CSR_616,0.767123287671233,0.693877551020408,0.916666666666667,49,FALSE,DDK8,Geruo_ICE5G_VM2,CSR,96,none,1.23993285087413
CSR_617,0.767123287671233,0.693877551020408,0.916666666666667,49,TRUE,DDK8,Geruo_ICE5G_VM2,CSR,96,GravIS,1.27843266377552
CSR_618,0.753424657534247,0.673469387755102,0.916666666666667,49,FALSE,DDK8,Geruo_ICE5G_VM2,CSR,96,none,1.35552964110933
CSR_619,0.767123287671233,0.693877551020408,0.916666666666667,49,FALSE,DDK8,Geruo_ICE5G_VM2,CSR,96,GravIS,1.27843266377552
CSR_62,0.863013698630137,0.816326530612245,0.958333333333333,49,FALSE,G400,Peltier_ICE6G_D,CSR,60,none,0.595684526835215
CSR_620,0.767123287671233,0.693877551020408,0.916666666666667,49,FALSE,DDK8,Geruo_ICE5G_VM2,CSR,96,none,1.23993285087413
CSR_621,0.767123287671233,0.693877551020408,0.916666666666667,49,FALSE,DDK8,Geruo_ICE5G_VM2,CSR,96,GravIS,1.23993285087413
CSR_622,0.767123287671233,0.693877551020408,0.916666666666667,49,FALSE,DDK8,Geruo_ICE5G_VM2,CSR,96,none,1.23993285087413
CSR_623,0.753424657534247,0.673469387755102,0.916666666666667,49,FALSE,DDK8,Geruo_ICE5G_VM2,CSR,96,GravIS,1.35552964110933
CSR_624,0.767123287671233,0.693877551020408,0.916666666666667,49,FALSE,DDK8,Caron_2018,CSR,96,none,1.23993285087413
CSR_625,0.767123287671233,0.693877551020408,0.916666666666667,49,TRUE,DDK8,Caron_2018,CSR,96,GravIS,1.27843266377552
CSR_626,0.767123287671233,0.693877551020408,0.916666666666667,49,FALSE,DDK8,Caron_2018,CSR,96,none,1.23993285087413
CSR_627,0.753424657534247,0.673469387755102,0.916666666666667,49,FALSE,DDK8,Caron_2018,CSR,96,GravIS,1.50681616425575
CSR_628,0.767123287671233,0.693877551020408,0.916666666666667,49,FALSE,DDK8,Caron_2018,CSR,96,none,1.23993285087413
CSR_629,0.767123287671233,0.693877551020408,0.916666666666667,49,FALSE,DDK8,Caron_2018,CSR,96,GravIS,1.23993285087413
CSR_63,0.849315068493151,0.795918367346939,0.958333333333333,49,FALSE,G400,Peltier_ICE6G_D,CSR,60,GravIS,0.672127547441443
CSR_630,0.767123287671233,0.693877551020408,0.916666666666667,49,FALSE,DDK8,Caron_2018,CSR,96,none,1.23993285087413
CSR_631,0.767123287671233,0.693877551020408,0.916666666666667,49,FALSE,DDK8,Caron_2018,CSR,96,GravIS,1.37279145718719
CSR_632,0.753424657534247,0.673469387755102,0.916666666666667,49,FALSE,DDK8,Peltier_ICE6G_D,CSR,96,none,1.35552964110933
CSR_633,0.73972602739726,0.653061224489796,0.916666666666667,49,TRUE,DDK8,Peltier_ICE6G_D,CSR,96,GravIS,1.58378108496803
CSR_634,0.753424657534247,0.673469387755102,0.916666666666667,49,FALSE,DDK8,Peltier_ICE6G_D,CSR,96,none,1.35552964110933
CSR_635,0.73972602739726,0.653061224489796,0.916666666666667,49,FALSE,DDK8,Peltier_ICE6G_D,CSR,96,GravIS,1.58378108496803
CSR_636,0.753424657534247,0.673469387755102,0.916666666666667,49,FALSE,DDK8,Peltier_ICE6G_D,CSR,96,none,1.35552964110933
CSR_637,0.73972602739726,0.653061224489796,0.916666666666667,49,FALSE,DDK8,Peltier_ICE6G_D,CSR,96,GravIS,1.58378108496803
CSR_638,0.753424657534247,0.673469387755102,0.916666666666667,49,FALSE,DDK8,Peltier_ICE6G_D,CSR,96,none,1.35552964110933
CSR_639,0.73972602739726,0.653061224489796,0.916666666666667,49,FALSE,DDK8,Peltier_ICE6G_D,CSR,96,GravIS,1.58378108496803
CSR_64,0.917808219178082,0.897959183673469,0.958333333333333,49,FALSE,G500,none,CSR,60,none,0.220887118824068
CSR_65,0.89041095890411,0.857142857142857,0.958333333333333,49,FALSE,G500,none,CSR,60,GravIS,0.40352167703791
CSR_66,0.904109589041096,0.877551020408163,0.958333333333333,49,FALSE,G500,none,CSR,60,none,0.352378468761893
CSR_67,0.89041095890411,0.857142857142857,0.958333333333333,49,FALSE,G500,none,CSR,60,GravIS,0.40352167703791
CSR_68,0.931506849315068,0.918367346938776,0.958333333333333,49,FALSE,G500,none,CSR,60,none,0.0118254334896456
CSR_69,0.89041095890411,0.857142857142857,0.958333333333333,49,FALSE,G500,none,CSR,60,GravIS,0.40352167703791
CSR_7,0.904109589041096,0.857142857142857,1,49,FALSE,G300,none,CSR,60,GravIS,0.298252473527834
CSR_70,0.931506849315068,0.918367346938776,0.958333333333333,49,FALSE,G500,none,CSR,60,none,0.0118254334896456
CSR_71,0.917808219178082,0.897959183673469,0.958333333333333,49,FALSE,G500,none,CSR,60,GravIS,0.249279493751063
CSR_72,0.931506849315068,0.897959183673469,1,49,FALSE,G500,Geruo_ICE5G_VM2,CSR,60,none,0.193560454026913
CSR_73,0.917808219178082,0.877551020408163,1,49,TRUE,G500,Geruo_ICE5G_VM2,CSR,60,GravIS,0.241496413704374
CSR_74,0.945205479452055,0.918367346938776,1,49,FALSE,G500,Geruo_ICE5G_VM2,CSR,60,none,0.14113648569343
CSR_75,0.917808219178082,0.877551020408163,1,49,FALSE,G500,Geruo_ICE5G_VM2,CSR,60,GravIS,0.241496413704374
CSR_76,0.945205479452055,0.918367346938776,1,49,FALSE,G500,Geruo_ICE5G_VM2,CSR,60,none,0.14113648569343
CSR_77,0.917808219178082,0.877551020408163,1,49,FALSE,G500,Geruo_ICE5G_VM2,CSR,60,GravIS,0.241496413704374
CSR_78,0.945205479452055,0.918367346938776,1,49,FALSE,G500,Geruo_ICE5G_VM2,CSR,60,none,0.14113648569343
CSR_79,0.917808219178082,0.877551020408163,1,49,FALSE,G500,Geruo_ICE5G_VM2,CSR,60,GravIS,0.241496413704374
CSR_8,0.917808219178082,0.877551020408163,1,49,FALSE,G300,Geruo_ICE5G_VM2,CSR,60,none,0.247529993721524
CSR_80,0.876712328767123,0.857142857142857,0.916666666666667,49,FALSE,G500,Caron_2018,CSR,60,none,0.704302290963035
CSR_81,0.89041095890411,0.857142857142857,0.958333333333333,49,TRUE,G500,Caron_2018,CSR,60,GravIS,0.365746033918205
CSR_82,0.876712328767123,0.836734693877551,0.958333333333333,49,FALSE,G500,Caron_2018,CSR,60,none,0.43695355919102
CSR_83,0.904109589041096,0.877551020408163,0.958333333333333,49,FALSE,G500,Caron_2018,CSR,60,GravIS,0.299308528594651
CSR_84,0.863013698630137,0.836734693877551,0.916666666666667,49,FALSE,G500,Caron_2018,CSR,60,none,0.948156189051549
CSR_85,0.89041095890411,0.857142857142857,0.958333333333333,49,FALSE,G500,Caron_2018,CSR,60,GravIS,0.360828227019923
CSR_86,0.863013698630137,0.816326530612245,0.958333333333333,49,FALSE,G500,Caron_2018,CSR,60,none,0.516842141964611
CSR_87,0.89041095890411,0.857142857142857,0.958333333333333,49,FALSE,G500,Caron_2018,CSR,60,GravIS,0.360828227019923
CSR_88,0.835616438356164,0.775510204081633,0.958333333333333,49,FALSE,G500,Peltier_ICE6G_D,CSR,60,none,0.782288857849745
CSR_89,0.863013698630137,0.816326530612245,0.958333333333333,49,TRUE,G500,Peltier_ICE6G_D,CSR,60,GravIS,0.53835932181679
CSR_9,0.917808219178082,0.877551020408163,1,49,TRUE,G300,Geruo_ICE5G_VM2,CSR,60,GravIS,0.247529993721524
CSR_90,0.849315068493151,0.795918367346939,0.958333333333333,49,FALSE,G500,Peltier_ICE6G_D,CSR,60,none,0.650218767049559
CSR_91,0.863013698630137,0.816326530612245,0.958333333333333,49,FALSE,G500,Peltier_ICE6G_D,CSR,60,GravIS,0.53835932181679
CSR_92,0.849315068493151,0.795918367346939,0.958333333333333,49,FALSE,G500,Peltier_ICE6G_D,CSR,60,none,0.650218767049559
CSR_93,0.863013698630137,0.816326530612245,0.958333333333333,49,FALSE,G500,Peltier_ICE6G_D,CSR,60,GravIS,0.53835932181679
CSR_94,0.849315068493151,0.795918367346939,0.958333333333333,49,FALSE,G500,Peltier_ICE6G_D,CSR,60,none,0.650218767049559
CSR_95,0.863013698630137,0.816326530612245,0.958333333333333,49,FALSE,G500,Peltier_ICE6G_D,CSR,60,GravIS,0.53835932181679
CSR_96,0.89041095890411,0.836734693877551,1,49,FALSE,Swenson_G300,none,CSR,60,none,0.363944253829054
CSR_97,0.89041095890411,0.836734693877551,1,49,FALSE,Swenson_G300,none,CSR,60,GravIS,0.347684143156928
CSR_98,0.876712328767123,0.816326530612245,1,49,FALSE,Swenson_G300,none,CSR,60,none,0.351855166883778
CSR_99,0.904109589041096,0.857142857142857,1,49,FALSE,Swenson_G300,none,CSR,60,GravIS,0.298252473527834
GFZ_0,0.89041095890411,0.836734693877551,1,49,FALSE,G300,none,GFZ,60,none,0.374619268697192
GFZ_1,0.89041095890411,0.836734693877551,1,49,FALSE,G300,none,GFZ,60,GravIS,0.374619268697192
GFZ_10,0.89041095890411,0.836734693877551,1,49,FALSE,G300,Geruo_ICE5G_VM2,GFZ,60,none,0.385992142157503
GFZ_100,0.89041095890411,0.836734693877551,1,49,FALSE,Swenson_G300,none,GFZ,60,none,0.30874330772331
GFZ_101,0.876712328767123,0.816326530612245,1,49,FALSE,Swenson_G300,none,GFZ,60,GravIS,0.345241690339083
GFZ_102,0.904109589041096,0.857142857142857,1,49,FALSE,Swenson_G300,none,GFZ,60,none,0.302708136362842
GFZ_103,0.89041095890411,0.836734693877551,1,49,FALSE,Swenson_G300,none,GFZ,60,GravIS,0.358561371488399
GFZ_104,0.904109589041096,0.857142857142857,1,49,FALSE,Swenson_G300,Geruo_ICE5G_VM2,GFZ,60,none,0.290290167153078
GFZ_105,0.904109589041096,0.857142857142857,1,49,TRUE,Swenson_G300,Geruo_ICE5G_VM2,GFZ,60,GravIS,0.290290167153078
GFZ_106,0.904109589041096,0.857142857142857,1,49,FALSE,Swenson_G300,Geruo_ICE5G_VM2,GFZ,60,none,0.290290167153078
GFZ_107,0.904109589041096,0.857142857142857,1,49,FALSE,Swenson_G300,Geruo_ICE5G_VM2,GFZ,60,GravIS,0.290290167153078
GFZ_108,0.904109589041096,0.857142857142857,1,49,FALSE,Swenson_G300,Geruo_ICE5G_VM2,GFZ,60,none,0.295085089354064
GFZ_109,0.917808219178082,0.877551020408163,1,49,FALSE,Swenson_G300,Geruo_ICE5G_VM2,GFZ,60,GravIS,0.243584296575117
GFZ_11,0.917808219178082,0.877551020408163,1,49,FALSE,G300,Geruo_ICE5G_VM2,GFZ,60,GravIS,0.249782406231719
GFZ_110,0.904109589041096,0.857142857142857,1,49,FALSE,Swenson_G300,Geruo_ICE5G_VM2,GFZ,60,none,0.295085089354064
GFZ_111,0.904109589041096,0.857142857142857,1,49,FALSE,Swenson_G300,Geruo_ICE5G_VM2,GFZ,60,GravIS,0.290290167153078
GFZ_112,0.863013698630137,0.836734693877551,0.916666666666667,49,FALSE,Swenson_G300,Caron_2018,GFZ,60,none,0.676542129869121
GFZ_113,0.863013698630137,0.836734693877551,0.916666666666667,49,TRUE,Swenson_G300,Caron_2018,GFZ,60,GravIS,0.676542129869121
GFZ_114,0.849315068493151,0.816326530612245,0.916666666666667,49,FALSE,Swenson_G300,Caron_2018,GFZ,60,none,0.846413610156491
GFZ_115,0.849315068493151,0.816326530612245,0.916666666666667,49,FALSE,Swenson_G300,Caron_2018,GFZ,60,GravIS,0.758307273416652
GFZ_116,0.849315068493151,0.816326530612245,0.916666666666667,49,FALSE,Swenson_G300,Caron_2018,GFZ,60,none,0.846413610156491
GFZ_117,0.863013698630137,0.836734693877551,0.916666666666667,49,FALSE,Swenson_G300,Caron_2018,GFZ,60,GravIS,0.676542129869121
GFZ_118,0.835616438356164,0.795918367346939,0.916666666666667,49,FALSE,Swenson_G300,Caron_2018,GFZ,60,none,0.989839127423398
GFZ_119,0.863013698630137,0.836734693877551,0.916666666666667,49,FALSE,Swenson_G300,Caron_2018,GFZ,60,GravIS,0.676542129869121
GFZ_12,0.945205479452055,0.918367346938776,1,49,FALSE,G300,Geruo_ICE5G_VM2,GFZ,60,none,0.131881602196174
GFZ_120,0.835616438356164,0.775510204081633,0.958333333333333,49,FALSE,Swenson_G300,Peltier_ICE6G_D,GFZ,60,none,0.850461584518563
GFZ_121,0.835616438356164,0.775510204081633,0.958333333333333,49,TRUE,Swenson_G300,Peltier_ICE6G_D,GFZ,60,GravIS,0.850461584518563
GFZ_122,0.821917808219178,0.755102040816326,0.958333333333333,49,FALSE,Swenson_G300,Peltier_ICE6G_D,GFZ,60,none,0.992607916158978
GFZ_123,0.835616438356164,0.775510204081633,0.958333333333333,49,FALSE,Swenson_G300,Peltier_ICE6G_D,GFZ,60,GravIS,0.850461584518563
GFZ_124,0.835616438356164,0.775510204081633,0.958333333333333,49,FALSE,Swenson_G300,Peltier_ICE6G_D,GFZ,60,none,0.850461584518563
GFZ_125,0.835616438356164,0.775510204081633,0.958333333333333,49,FALSE,Swenson_G300,Peltier_ICE6G_D,GFZ,60,GravIS,0.850461584518563
GFZ_126,0.821917808219178,0.755102040816326,0.958333333333333,49,FALSE,Swenson_G300,Peltier_ICE6G_D,GFZ,60,none,0.992607916158978
GFZ_127,0.835616438356164,0.775510204081633,0.958333333333333,49,FALSE,Swenson_G300,Peltier_ICE6G_D,GFZ,60,GravIS,0.850461584518563
GFZ_128,0.863013698630137,0.816326530612245,0.958333333333333,49,FALSE,Swenson_G500,none,GFZ,60,none,0.435530997776616
GFZ_129,0.835616438356164,0.775510204081633,0.958333333333333,49,FALSE,Swenson_G500,none,GFZ,60,GravIS,0.473671836775306
GFZ_13,0.931506849315068,0.897959183673469,1,49,FALSE,G300,Geruo_ICE5G_VM2,GFZ,60,GravIS,0.190495683004982
GFZ_130,0.849315068493151,0.795918367346939,0.958333333333333,49,FALSE,Swenson_G500,none,GFZ,60,none,0.537650797581533
GFZ_131,0.835616438356164,0.775510204081633,0.958333333333333,49,FALSE,Swenson_G500,none,GFZ,60,GravIS,0.473671836775306
GFZ_132,0.89041095890411,0.857142857142857,0.958333333333333,49,FALSE,Swenson_G500,none,GFZ,60,none,0.35740391900231
GFZ_133,0.89041095890411,0.857142857142857,0.958333333333333,49,FALSE,Swenson_G500,none,GFZ,60,GravIS,0.35740391900231
GFZ_134,0.89041095890411,0.857142857142857,0.958333333333333,49,FALSE,Swenson_G500,none,GFZ,60,none,0.392567105511915
GFZ_135,0.876712328767123,0.836734693877551,0.958333333333333,49,FALSE,Swenson_G500,none,GFZ,60,GravIS,0.394079981786907
GFZ_136,0.89041095890411,0.857142857142857,0.958333333333333,49,FALSE,Swenson_G500,Geruo_ICE5G_VM2,GFZ,60,none,0.389754128171697
GFZ_137,0.917808219178082,0.877551020408163,1,49,TRUE,Swenson_G500,Geruo_ICE5G_VM2,GFZ,60,GravIS,0.243584296575117
GFZ_138,0.904109589041096,0.877551020408163,0.958333333333333,49,FALSE,Swenson_G500,Geruo_ICE5G_VM2,GFZ,60,none,0.347240563151476
GFZ_139,0.89041095890411,0.857142857142857,0.958333333333333,49,FALSE,Swenson_G500,Geruo_ICE5G_VM2,GFZ,60,GravIS,0.389754128171697
GFZ_14,0.917808219178082,0.877551020408163,1,49,FALSE,G300,Geruo_ICE5G_VM2,GFZ,60,none,0.253358265621595
GFZ_140,0.89041095890411,0.857142857142857,0.958333333333333,49,FALSE,Swenson_G500,Geruo_ICE5G_VM2,GFZ,60,none,0.389754128171697
GFZ_141,0.904109589041096,0.857142857142857,1,49,FALSE,Swenson_G500,Geruo_ICE5G_VM2,GFZ,60,GravIS,0.295085089354064
GFZ_142,0.904109589041096,0.877551020408163,0.958333333333333,49,FALSE,Swenson_G500,Geruo_ICE5G_VM2,GFZ,60,none,0.347240563151476
GFZ_143,0.904109589041096,0.857142857142857,1,49,FALSE,Swenson_G500,Geruo_ICE5G_VM2,GFZ,60,GravIS,0.295085089354064
GFZ_144,0.808219178082192,0.755102040816326,0.916666666666667,49,FALSE,Swenson_G500,Caron_2018,GFZ,60,none,1.57472589839435
GFZ_145,0.835616438356164,0.795918367346939,0.916666666666667,49,TRUE,Swenson_G500,Caron_2018,GFZ,60,GravIS,1.12311699595598
GFZ_146,0.808219178082192,0.755102040816326,0.916666666666667,49,FALSE,Swenson_G500,Caron_2018,GFZ,60,none,1.57472589839435
GFZ_147,0.835616438356164,0.795918367346939,0.916666666666667,49,FALSE,Swenson_G500,Caron_2018,GFZ,60,GravIS,1.12311699595598
GFZ_148,0.808219178082192,0.755102040816326,0.916666666666667,49,FALSE,Swenson_G500,Caron_2018,GFZ,60,none,1.57472589839435
GFZ_149,0.821917808219178,0.775510204081633,0.916666666666667,49,FALSE,Swenson_G500,Caron_2018,GFZ,60,GravIS,1.29485772854445
GFZ_15,0.931506849315068,0.897959183673469,1,49,FALSE,G300,Geruo_ICE5G_VM2,GFZ,60,GravIS,0.190495683004982
GFZ_150,0.808219178082192,0.755102040816326,0.916666666666667,49,FALSE,Swenson_G500,Caron_2018,GFZ,60,none,1.57472589839435
GFZ_151,0.821917808219178,0.775510204081633,0.916666666666667,49,FALSE,Swenson_G500,Caron_2018,GFZ,60,GravIS,1.29485772854445
GFZ_152,0.780821917808219,0.73469387755102,0.875,49,FALSE,Swenson_G500,Peltier_ICE6G_D,GFZ,60,none,2.75369370126085
GFZ_153,0.808219178082192,0.755102040816326,0.916666666666667,49,TRUE,Swenson_G500,Peltier_ICE6G_D,GFZ,60,GravIS,1.32110789737816
GFZ_154,0.780821917808219,0.73469387755102,0.875,49,FALSE,Swenson_G500,Peltier_ICE6G_D,GFZ,60,none,2.75369370126085
GFZ_155,0.780821917808219,0.73469387755102,0.875,49,FALSE,Swenson_G500,Peltier_ICE6G_D,GFZ,60,GravIS,2.75369370126085
GFZ_156,0.780821917808219,0.73469387755102,0.875,49,FALSE,Swenson_G500,Peltier_ICE6G_D,GFZ,60,none,2.75369370126085
GFZ_157,0.808219178082192,0.755102040816326,0.916666666666667,49,FALSE,Swenson_G500,Peltier_ICE6G_D,GFZ,60,GravIS,1.32110789737816
GFZ_158,0.780821917808219,0.73469387755102,0.875,49,FALSE,Swenson_G500,Peltier_ICE6G_D,GFZ,60,none,2.75369370126085
GFZ_159,0.808219178082192,0.755102040816326,0.916666666666667,49,FALSE,Swenson_G500,Peltier_ICE6G_D,GFZ,60,GravIS,1.32110789737816
GFZ_16,0.89041095890411,0.836734693877551,1,49,FALSE,G300,Caron_2018,GFZ,60,none,0.457842397444262
GFZ_160,0.89041095890411,0.836734693877551,1,49,FALSE,DDK2,none,GFZ,60,none,0.352628564911993
GFZ_161,0.876712328767123,0.816326530612245,1,49,FALSE,DDK2,none,GFZ,60,GravIS,0.405652475588574
GFZ_162,0.876712328767123,0.816326530612245,1,49,FALSE,DDK2,none,GFZ,60,none,0.405652475588574
GFZ_163,0.876712328767123,0.816326530612245,1,49,FALSE,DDK2,none,GFZ,60,GravIS,0.405652475588574
GFZ_164,0.89041095890411,0.836734693877551,1,49,FALSE,DDK2,none,GFZ,60,none,0.352628564911993
GFZ_165,0.876712328767123,0.816326530612245,1,49,FALSE,DDK2,none,GFZ,60,GravIS,0.405652475588574
GFZ_166,0.89041095890411,0.836734693877551,1,49,FALSE,DDK2,none,GFZ,60,none,0.352628564911993
GFZ_167,0.876712328767123,0.816326530612245,1,49,FALSE,DDK2,none,GFZ,60,GravIS,0.405652475588574
GFZ_168,0.931506849315068,0.897959183673469,1,49,FALSE,DDK2,Geruo_ICE5G_VM2,GFZ,60,none,0.193007260885025
GFZ_169,0.931506849315068,0.897959183673469,1,49,TRUE,DDK2,Geruo_ICE5G_VM2,GFZ,60,GravIS,0.193007260885025
GFZ_17,0.89041095890411,0.836734693877551,1,49,TRUE,G300,Caron_2018,GFZ,60,GravIS,0.435720475584539
GFZ_170,0.931506849315068,0.897959183673469,1,49,FALSE,DDK2,Geruo_ICE5G_VM2,GFZ,60,none,0.193007260885025
GFZ_171,0.931506849315068,0.897959183673469,1,49,FALSE,DDK2,Geruo_ICE5G_VM2,GFZ,60,GravIS,0.193007260885025
GFZ_172,0.945205479452055,0.918367346938776,1,49,FALSE,DDK2,Geruo_ICE5G_VM2,GFZ,60,none,0.153513866150932
GFZ_173,0.945205479452055,0.918367346938776,1,49,FALSE,DDK2,Geruo_ICE5G_VM2,GFZ,60,GravIS,0.153513866150932
GFZ_174,0.945205479452055,0.918367346938776,1,49,FALSE,DDK2,Geruo_ICE5G_VM2,GFZ,60,none,0.153513866150932
GFZ_175,0.945205479452055,0.918367346938776,1,49,FALSE,DDK2,Geruo_ICE5G_VM2,GFZ,60,GravIS,0.153513866150932
GFZ_176,0.904109589041096,0.877551020408163,0.958333333333333,49,FALSE,DDK2,Caron_2018,GFZ,60,none,0.311869817369421
GFZ_177,0.917808219178082,0.877551020408163,1,49,TRUE,DDK2,Caron_2018,GFZ,60,GravIS,0.243584296575117
GFZ_178,0.904109589041096,0.877551020408163,0.958333333333333,49,FALSE,DDK2,Caron_2018,GFZ,60,none,0.311869817369421
GFZ_179,0.904109589041096,0.877551020408163,0.958333333333333,49,FALSE,DDK2,Caron_2018,GFZ,60,GravIS,0.311869817369421
GFZ_18,0.863013698630137,0.816326530612245,0.958333333333333,49,FALSE,G300,Caron_2018,GFZ,60,none,0.864113446595489
GFZ_180,0.904109589041096,0.877551020408163,0.958333333333333,49,FALSE,DDK2,Caron_2018,GFZ,60,none,0.311869817369421
GFZ_181,0.917808219178082,0.897959183673469,0.958333333333333,49,FALSE,DDK2,Caron_2018,GFZ,60,GravIS,0.248774199388565
GFZ_182,0.904109589041096,0.877551020408163,0.958333333333333,49,FALSE,DDK2,Caron_2018,GFZ,60,none,0.311869817369421
GFZ_183,0.904109589041096,0.877551020408163,0.958333333333333,49,FALSE,DDK2,Caron_2018,GFZ,60,GravIS,0.311869817369421
GFZ_184,0.904109589041096,0.857142857142857,1,49,FALSE,DDK2,Peltier_ICE6G_D,GFZ,60,none,0.298757220306855
GFZ_185,0.945205479452055,0.918367346938776,1,49,TRUE,DDK2,Peltier_ICE6G_D,GFZ,60,GravIS,0.153513866150932
GFZ_186,0.904109589041096,0.857142857142857,1,49,FALSE,DDK2,Peltier_ICE6G_D,GFZ,60,none,0.298757220306855
GFZ_187,0.917808219178082,0.877551020408163,1,49,FALSE,DDK2,Peltier_ICE6G_D,GFZ,60,GravIS,0.24300390715726
GFZ_188,0.904109589041096,0.857142857142857,1,49,FALSE,DDK2,Peltier_ICE6G_D,GFZ,60,none,0.296147515967604
GFZ_189,0.917808219178082,0.877551020408163,1,49,FALSE,DDK2,Peltier_ICE6G_D,GFZ,60,GravIS,0.241663393372488
GFZ_19,0.89041095890411,0.836734693877551,1,49,FALSE,G300,Caron_2018,GFZ,60,GravIS,0.435720475584539
GFZ_190,0.89041095890411,0.836734693877551,1,49,FALSE,DDK2,Peltier_ICE6G_D,GFZ,60,none,0.360257965936935
GFZ_191,0.917808219178082,0.877551020408163,1,49,FALSE,DDK2,Peltier_ICE6G_D,GFZ,60,GravIS,0.241663393372488
GFZ_192,0.931506849315068,0.897959183673469,1,49,FALSE,DDK3,none,GFZ,60,none,0.196705862516358
GFZ_193,0.917808219178082,0.877551020408163,1,49,FALSE,DDK3,none,GFZ,60,GravIS,0.245546253714057
GFZ_194,0.917808219178082,0.877551020408163,1,49,FALSE,DDK3,none,GFZ,60,none,0.245546253714057
GFZ_195,0.904109589041096,0.857142857142857,1,49,FALSE,DDK3,none,GFZ,60,GravIS,0.307601560646315
GFZ_196,0.958904109589041,0.938775510204082,1,49,FALSE,DDK3,none,GFZ,60,none,0.106741882597933
GFZ_197,0.931506849315068,0.897959183673469,1,49,FALSE,DDK3,none,GFZ,60,GravIS,0.196799666240276
GFZ_198,0.931506849315068,0.897959183673469,1,49,FALSE,DDK3,none,GFZ,60,none,0.196705862516358
GFZ_199,0.931506849315068,0.897959183673469,1,49,FALSE,DDK3,none,GFZ,60,GravIS,0.196705862516358
GFZ_2,0.89041095890411,0.836734693877551,1,49,FALSE,G300,none,GFZ,60,none,0.374619268697192
GFZ_20,0.876712328767123,0.836734693877551,0.958333333333333,49,FALSE,G300,Caron_2018,GFZ,60,none,0.733145759797483
GFZ_200,0.958904109589041,0.938775510204082,1,49,FALSE,DDK3,Geruo_ICE5G_VM2,GFZ,60,none,0.103506807565205
GFZ_201,0.958904109589041,0.938775510204082,1,49,TRUE,DDK3,Geruo_ICE5G_VM2,GFZ,60,GravIS,0.103506807565205
GFZ_202,0.945205479452055,0.918367346938776,1,49,FALSE,DDK3,Geruo_ICE5G_VM2,GFZ,60,none,0.139908095102015
GFZ_203,0.958904109589041,0.938775510204082,1,49,FALSE,DDK3,Geruo_ICE5G_VM2,GFZ,60,GravIS,0.103506807565205
GFZ_204,0.958904109589041,0.938775510204082,1,49,FALSE,DDK3,Geruo_ICE5G_VM2,GFZ,60,none,0.103506807565205
GFZ_205,0.958904109589041,0.938775510204082,1,49,FALSE,DDK3,Geruo_ICE5G_VM2,GFZ,60,GravIS,0.103506807565205
GFZ_206,0.945205479452055,0.918367346938776,1,49,FALSE,DDK3,Geruo_ICE5G_VM2,GFZ,60,none,0.139908095102015
GFZ_207,0.958904109589041,0.938775510204082,1,49,FALSE,DDK3,Geruo_ICE5G_VM2,GFZ,60,GravIS,0.103506807565205
GFZ_208,0.931506849315068,0.918367346938776,0.958333333333333,49,FALSE,DDK3,Caron_2018,GFZ,60,none,0.171271893835392
GFZ_209,0.931506849315068,0.918367346938776,0.958333333333333,49,TRUE,DDK3,Caron_2018,GFZ,60,GravIS,0.171271893835392
GFZ_21,0.917808219178082,0.877551020408163,1,49,FALSE,G300,Caron_2018,GFZ,60,GravIS,0.251573540998157
GFZ_210,0.904109589041096,0.877551020408163,0.958333333333333,49,FALSE,DDK3,Caron_2018,GFZ,60,none,0.349637275289816
GFZ_211,0.931506849315068,0.918367346938776,0.958333333333333,49,FALSE,DDK3,Caron_2018,GFZ,60,GravIS,0.171271893835392
GFZ_212,0.931506849315068,0.918367346938776,0.958333333333333,49,FALSE,DDK3,Caron_2018,GFZ,60,none,0.171271893835392
GFZ_213,0.931506849315068,0.918367346938776,0.958333333333333,49,FALSE,DDK3,Caron_2018,GFZ,60,GravIS,0.171271893835392
GFZ_214,0.931506849315068,0.918367346938776,0.958333333333333,49,FALSE,DDK3,Caron_2018,GFZ,60,none,0.171271893835392
GFZ_215,0.931506849315068,0.918367346938776,0.958333333333333,49,FALSE,DDK3,Caron_2018,GFZ,60,GravIS,0.171271893835392
GFZ_216,0.945205479452055,0.918367346938776,1,49,FALSE,DDK3,Peltier_ICE6G_D,GFZ,60,none,0.139908095102015
GFZ_217,0.945205479452055,0.918367346938776,1,49,TRUE,DDK3,Peltier_ICE6G_D,GFZ,60,GravIS,0.139908095102015
GFZ_218,0.945205479452055,0.918367346938776,1,49,FALSE,DDK3,Peltier_ICE6G_D,GFZ,60,none,0.139908095102015
GFZ_219,0.945205479452055,0.918367346938776,1,49,FALSE,DDK3,Peltier_ICE6G_D,GFZ,60,GravIS,0.139908095102015
GFZ_22,0.876712328767123,0.836734693877551,0.958333333333333,49,FALSE,G300,Caron_2018,GFZ,60,none,0.733145759797483
GFZ_220,0.904109589041096,0.857142857142857,1,49,FALSE,DDK3,Peltier_ICE6G_D,GFZ,60,none,0.331193097517838
GFZ_221,0.931506849315068,0.897959183673469,1,49,FALSE,DDK3,Peltier_ICE6G_D,GFZ,60,GravIS,0.189930859403812
GFZ_222,0.904109589041096,0.857142857142857,1,49,FALSE,DDK3,Peltier_ICE6G_D,GFZ,60,none,0.331193097517838
GFZ_223,0.931506849315068,0.897959183673469,1,49,FALSE,DDK3,Peltier_ICE6G_D,GFZ,60,GravIS,0.189930859403812
GFZ_224,0.89041095890411,0.857142857142857,0.958333333333333,49,FALSE,DDK5,none,GFZ,60,none,0.487070626209524
GFZ_225,0.89041095890411,0.857142857142857,0.958333333333333,49,FALSE,DDK5,none,GFZ,60,GravIS,0.526915024488833
GFZ_226,0.89041095890411,0.857142857142857,0.958333333333333,49,FALSE,DDK5,none,GFZ,60,none,0.467886470684448
GFZ_227,0.876712328767123,0.836734693877551,0.958333333333333,49,FALSE,DDK5,none,GFZ,60,GravIS,0.618939125007067
GFZ_228,0.917808219178082,0.897959183673469,0.958333333333333,49,FALSE,DDK5,none,GFZ,60,none,0.209124863316
GFZ_229,0.904109589041096,0.877551020408163,0.958333333333333,49,FALSE,DDK5,none,GFZ,60,GravIS,0.352876327387377
GFZ_23,0.89041095890411,0.836734693877551,1,49,FALSE,G300,Caron_2018,GFZ,60,GravIS,0.457842397444262
GFZ_230,0.904109589041096,0.877551020408163,0.958333333333333,49,FALSE,DDK5,none,GFZ,60,none,0.354617141256131
GFZ_231,0.904109589041096,0.877551020408163,0.958333333333333,49,FALSE,DDK5,none,GFZ,60,GravIS,0.354617141256131
GFZ_232,0.958904109589041,0.938775510204082,1,49,FALSE,DDK5,Geruo_ICE5G_VM2,GFZ,60,none,0.0332616718421549
GFZ_233,0.917808219178082,0.877551020408163,1,49,TRUE,DDK5,Geruo_ICE5G_VM2,GFZ,60,GravIS,0.214114266314161
GFZ_234,0.945205479452055,0.918367346938776,1,49,FALSE,DDK5,Geruo_ICE5G_VM2,GFZ,60,none,0.0815414395241332
GFZ_235,0.917808219178082,0.877551020408163,1,49,FALSE,DDK5,Geruo_ICE5G_VM2,GFZ,60,GravIS,0.214114266314161
GFZ_236,0.958904109589041,0.938775510204082,1,49,FALSE,DDK5,Geruo_ICE5G_VM2,GFZ,60,none,0.0332616718421549
GFZ_237,0.931506849315068,0.897959183673469,1,49,FALSE,DDK5,Geruo_ICE5G_VM2,GFZ,60,GravIS,0.132829314453021
GFZ_238,0.958904109589041,0.938775510204082,1,49,FALSE,DDK5,Geruo_ICE5G_VM2,GFZ,60,none,0.0332616718421549
GFZ_239,0.945205479452055,0.918367346938776,1,49,FALSE,DDK5,Geruo_ICE5G_VM2,GFZ,60,GravIS,0.0422263223356826
GFZ_24,0.89041095890411,0.857142857142857,0.958333333333333,49,FALSE,G300,Peltier_ICE6G_D,GFZ,60,none,0.486309819085238
GFZ_240,0.904109589041096,0.857142857142857,1,49,FALSE,DDK5,Caron_2018,GFZ,60,none,0.353179760887397
GFZ_241,0.876712328767123,0.816326530612245,1,49,TRUE,DDK5,Caron_2018,GFZ,60,GravIS,0.565013310099542
GFZ_242,0.89041095890411,0.836734693877551,1,49,FALSE,DDK5,Caron_2018,GFZ,60,none,0.633456745197019
GFZ_243,0.89041095890411,0.836734693877551,1,49,FALSE,DDK5,Caron_2018,GFZ,60,GravIS,0.614510564545591
GFZ_244,0.89041095890411,0.836734693877551,1,49,FALSE,DDK5,Caron_2018,GFZ,60,none,0.633456745197019
GFZ_245,0.89041095890411,0.836734693877551,1,49,FALSE,DDK5,Caron_2018,GFZ,60,GravIS,0.440433738381251
GFZ_246,0.89041095890411,0.836734693877551,1,49,FALSE,DDK5,Caron_2018,GFZ,60,none,0.633456745197019
GFZ_247,0.904109589041096,0.857142857142857,1,49,FALSE,DDK5,Caron_2018,GFZ,60,GravIS,0.353179760887397
GFZ_248,0.849315068493151,0.795918367346939,0.958333333333333,49,FALSE,DDK5,Peltier_ICE6G_D,GFZ,60,none,2.20268317673309
GFZ_249,0.835616438356164,0.775510204081633,0.958333333333333,49,TRUE,DDK5,Peltier_ICE6G_D,GFZ,60,GravIS,0.906954084265429
GFZ_25,0.89041095890411,0.836734693877551,1,49,TRUE,G300,Peltier_ICE6G_D,GFZ,60,GravIS,0.432389031640309
GFZ_250,0.863013698630137,0.816326530612245,0.958333333333333,49,FALSE,DDK5,Peltier_ICE6G_D,GFZ,60,none,2.17946557712603
GFZ_251,0.835616438356164,0.775510204081633,0.958333333333333,49,FALSE,DDK5,Peltier_ICE6G_D,GFZ,60,GravIS,0.906954084265429
GFZ_252,0.863013698630137,0.816326530612245,0.958333333333333,49,FALSE,DDK5,Peltier_ICE6G_D,GFZ,60,none,1.57282743551971
GFZ_253,0.835616438356164,0.775510204081633,0.958333333333333,49,FALSE,DDK5,Peltier_ICE6G_D,GFZ,60,GravIS,0.906954084265429
GFZ_254,0.863013698630137,0.816326530612245,0.958333333333333,49,FALSE,DDK5,Peltier_ICE6G_D,GFZ,60,none,1.57282743551971
GFZ_255,0.835616438356164,0.775510204081633,0.958333333333333,49,FALSE,DDK5,Peltier_ICE6G_D,GFZ,60,GravIS,0.906954084265429
GFZ_256,0.863013698630137,0.816326530612245,0.958333333333333,49,FALSE,DDK7,none,GFZ,60,none,0.531635340331486
GFZ_257,0.863013698630137,0.816326530612245,0.958333333333333,49,FALSE,DDK7,none,GFZ,60,GravIS,0.531635340331486
GFZ_258,0.876712328767123,0.836734693877551,0.958333333333333,49,FALSE,DDK7,none,GFZ,60,none,0.604532319634668
GFZ_259,0.876712328767123,0.836734693877551,0.958333333333333,49,FALSE,DDK7,none,GFZ,60,GravIS,0.604532319634668
GFZ_26,0.863013698630137,0.816326530612245,0.958333333333333,49,FALSE,G300,Peltier_ICE6G_D,GFZ,60,none,0.80464176876312
GFZ_260,0.863013698630137,0.816326530612245,0.958333333333333,49,FALSE,DDK7,none,GFZ,60,none,0.531635340331486
GFZ_261,0.863013698630137,0.816326530612245,0.958333333333333,49,FALSE,DDK7,none,GFZ,60,GravIS,0.531635340331486
GFZ_262,0.863013698630137,0.816326530612245,0.958333333333333,49,FALSE,DDK7,none,GFZ,60,none,0.531635340331486
GFZ_263,0.863013698630137,0.816326530612245,0.958333333333333,49,FALSE,DDK7,none,GFZ,60,GravIS,0.531635340331486
GFZ_264,0.808219178082192,0.755102040816326,0.916666666666667,49,FALSE,DDK7,Geruo_ICE5G_VM2,GFZ,60,none,1.54538449946644
GFZ_265,0.794520547945206,0.73469387755102,0.916666666666667,49,TRUE,DDK7,Geruo_ICE5G_VM2,GFZ,60,GravIS,2.00643399818071
GFZ_266,0.808219178082192,0.755102040816326,0.916666666666667,49,FALSE,DDK7,Geruo_ICE5G_VM2,GFZ,60,none,1.54538449946644
GFZ_267,0.780821917808219,0.714285714285714,0.916666666666667,49,FALSE,DDK7,Geruo_ICE5G_VM2,GFZ,60,GravIS,1.56795541128799
GFZ_268,0.808219178082192,0.755102040816326,0.916666666666667,49,FALSE,DDK7,Geruo_ICE5G_VM2,GFZ,60,none,1.54538449946644
GFZ_269,0.794520547945206,0.73469387755102,0.916666666666667,49,FALSE,DDK7,Geruo_ICE5G_VM2,GFZ,60,GravIS,2.00643399818071
GFZ_27,0.876712328767123,0.836734693877551,0.958333333333333,49,FALSE,G300,Peltier_ICE6G_D,GFZ,60,GravIS,0.602341649383087
GFZ_270,0.808219178082192,0.755102040816326,0.916666666666667,49,FALSE,DDK7,Geruo_ICE5G_VM2,GFZ,60,none,1.54538449946644
GFZ_271,0.808219178082192,0.755102040816326,0.916666666666667,49,FALSE,DDK7,Geruo_ICE5G_VM2,GFZ,60,GravIS,1.54538449946644
GFZ_272,0.780821917808219,0.714285714285714,0.916666666666667,49,FALSE,DDK7,Caron_2018,GFZ,60,none,2.00410071729645
GFZ_273,0.780821917808219,0.714285714285714,0.916666666666667,49,TRUE,DDK7,Caron_2018,GFZ,60,GravIS,2.00410071729645
GFZ_274,0.780821917808219,0.714285714285714,0.916666666666667,49,FALSE,DDK7,Caron_2018,GFZ,60,none,2.00410071729645
GFZ_275,0.780821917808219,0.714285714285714,0.916666666666667,49,FALSE,DDK7,Caron_2018,GFZ,60,GravIS,2.00410071729645
GFZ_276,0.794520547945206,0.714285714285714,0.958333333333333,49,FALSE,DDK7,Caron_2018,GFZ,60,none,1.35972671298745
GFZ_277,0.780821917808219,0.714285714285714,0.916666666666667,49,FALSE,DDK7,Caron_2018,GFZ,60,GravIS,2.00410071729645
GFZ_278,0.780821917808219,0.714285714285714,0.916666666666667,49,FALSE,DDK7,Caron_2018,GFZ,60,none,2.00410071729645
GFZ_279,0.780821917808219,0.714285714285714,0.916666666666667,49,FALSE,DDK7,Caron_2018,GFZ,60,GravIS,2.00410071729645
GFZ_28,0.863013698630137,0.816326530612245,0.958333333333333,49,FALSE,G300,Peltier_ICE6G_D,GFZ,60,none,0.56172537197832
GFZ_280,0.780821917808219,0.714285714285714,0.916666666666667,49,FALSE,DDK7,Peltier_ICE6G_D,GFZ,60,none,2.02258138555193
GFZ_281,0.808219178082192,0.755102040816326,0.916666666666667,49,TRUE,DDK7,Peltier_ICE6G_D,GFZ,60,GravIS,1.51722723601087
GFZ_282,0.767123287671233,0.714285714285714,0.875,49,FALSE,DDK7,Peltier_ICE6G_D,GFZ,60,none,3.27497697759359
GFZ_283,0.780821917808219,0.73469387755102,0.875,49,FALSE,DDK7,Peltier_ICE6G_D,GFZ,60,GravIS,3.49171688914441
GFZ_284,0.808219178082192,0.73469387755102,0.958333333333333,49,FALSE,DDK7,Peltier_ICE6G_D,GFZ,60,none,1.19020777484898
GFZ_285,0.794520547945206,0.73469387755102,0.916666666666667,49,FALSE,DDK7,Peltier_ICE6G_D,GFZ,60,GravIS,1.76833725736937
GFZ_286,0.794520547945206,0.714285714285714,0.958333333333333,49,FALSE,DDK7,Peltier_ICE6G_D,GFZ,60,none,1.35972671298745
GFZ_287,0.780821917808219,0.714285714285714,0.916666666666667,49,FALSE,DDK7,Peltier_ICE6G_D,GFZ,60,GravIS,2.34527561646312
GFZ_288,0.835616438356164,0.775510204081633,0.958333333333333,49,FALSE,DDK8,none,GFZ,60,none,0.705235719206073
GFZ_289,0.835616438356164,0.775510204081633,0.958333333333333,49,FALSE,DDK8,none,GFZ,60,GravIS,0.705235719206073
GFZ_29,0.849315068493151,0.795918367346939,0.958333333333333,49,FALSE,G300,Peltier_ICE6G_D,GFZ,60,GravIS,0.630515233689598
GFZ_290,0.849315068493151,0.795918367346939,0.958333333333333,49,FALSE,DDK8,none,GFZ,60,none,0.600242358852901
GFZ_291,0.849315068493151,0.795918367346939,0.958333333333333,49,FALSE,DDK8,none,GFZ,60,GravIS,0.600242358852901
GFZ_292,0.849315068493151,0.795918367346939,0.958333333333333,49,FALSE,DDK8,none,GFZ,60,none,0.600242358852901
GFZ_293,0.849315068493151,0.795918367346939,0.958333333333333,49,FALSE,DDK8,none,GFZ,60,GravIS,0.600242358852901
GFZ_294,0.849315068493151,0.795918367346939,0.958333333333333,49,FALSE,DDK8,none,GFZ,60,none,0.600242358852901
GFZ_295,0.849315068493151,0.795918367346939,0.958333333333333,49,FALSE,DDK8,none,GFZ,60,GravIS,0.600242358852901
GFZ_296,0.794520547945206,0.73469387755102,0.916666666666667,49,FALSE,DDK8,Geruo_ICE5G_VM2,GFZ,60,none,1.28050362522226
GFZ_297,0.794520547945206,0.73469387755102,0.916666666666667,49,TRUE,DDK8,Geruo_ICE5G_VM2,GFZ,60,GravIS,1.28050362522226
GFZ_298,0.794520547945206,0.73469387755102,0.916666666666667,49,FALSE,DDK8,Geruo_ICE5G_VM2,GFZ,60,none,1.28050362522226
GFZ_299,0.794520547945206,0.73469387755102,0.916666666666667,49,FALSE,DDK8,Geruo_ICE5G_VM2,GFZ,60,GravIS,1.28050362522226
GFZ_3,0.89041095890411,0.836734693877551,1,49,FALSE,G300,none,GFZ,60,GravIS,0.374619268697192
GFZ_30,0.849315068493151,0.795918367346939,0.958333333333333,49,FALSE,G300,Peltier_ICE6G_D,GFZ,60,none,0.684209482620518
GFZ_300,0.794520547945206,0.73469387755102,0.916666666666667,49,FALSE,DDK8,Geruo_ICE5G_VM2,GFZ,60,none,1.28050362522226
GFZ_301,0.794520547945206,0.73469387755102,0.916666666666667,49,FALSE,DDK8,Geruo_ICE5G_VM2,GFZ,60,GravIS,1.28050362522226
GFZ_302,0.794520547945206,0.73469387755102,0.916666666666667,49,FALSE,DDK8,Geruo_ICE5G_VM2,GFZ,60,none,1.28050362522226
GFZ_303,0.794520547945206,0.73469387755102,0.916666666666667,49,FALSE,DDK8,Geruo_ICE5G_VM2,GFZ,60,GravIS,1.28050362522226
GFZ_304,0.767123287671233,0.693877551020408,0.916666666666667,49,FALSE,DDK8,Caron_2018,GFZ,60,none,1.61221389482285
GFZ_305,0.780821917808219,0.714285714285714,0.916666666666667,49,TRUE,DDK8,Caron_2018,GFZ,60,GravIS,1.44717336716944
GFZ_306,0.767123287671233,0.693877551020408,0.916666666666667,49,FALSE,DDK8,Caron_2018,GFZ,60,none,1.61221389482285
GFZ_307,0.780821917808219,0.714285714285714,0.916666666666667,49,FALSE,DDK8,Caron_2018,GFZ,60,GravIS,1.44717336716944
GFZ_308,0.767123287671233,0.693877551020408,0.916666666666667,49,FALSE,DDK8,Caron_2018,GFZ,60,none,1.61221389482285
GFZ_309,0.780821917808219,0.714285714285714,0.916666666666667,49,FALSE,DDK8,Caron_2018,GFZ,60,GravIS,1.44717336716944
GFZ_31,0.876712328767123,0.836734693877551,0.958333333333333,49,FALSE,G300,Peltier_ICE6G_D,GFZ,60,GravIS,0.658282532686007
GFZ_310,0.767123287671233,0.693877551020408,0.916666666666667,49,FALSE,DDK8,Caron_2018,GFZ,60,none,1.61221389482285
GFZ_311,0.780821917808219,0.714285714285714,0.916666666666667,49,FALSE,DDK8,Caron_2018,GFZ,60,GravIS,1.44717336716944
GFZ_312,0.780821917808219,0.714285714285714,0.916666666666667,49,FALSE,DDK8,Peltier_ICE6G_D,GFZ,60,none,1.44717336716944
GFZ_313,0.780821917808219,0.714285714285714,0.916666666666667,49,TRUE,DDK8,Peltier_ICE6G_D,GFZ,60,GravIS,1.44717336716944
GFZ_314,0.780821917808219,0.714285714285714,0.916666666666667,49,FALSE,DDK8,Peltier_ICE6G_D,GFZ,60,none,1.44717336716944
GFZ_315,0.780821917808219,0.714285714285714,0.916666666666667,49,FALSE,DDK8,Peltier_ICE6G_D,GFZ,60,GravIS,1.44717336716944
GFZ_316,0.794520547945206,0.714285714285714,0.958333333333333,49,FALSE,DDK8,Peltier_ICE6G_D,GFZ,60,none,1.05794772354582
GFZ_317,0.794520547945206,0.714285714285714,0.958333333333333,49,FALSE,DDK8,Peltier_ICE6G_D,GFZ,60,GravIS,1.05794772354582
GFZ_318,0.780821917808219,0.714285714285714,0.916666666666667,49,FALSE,DDK8,Peltier_ICE6G_D,GFZ,60,none,1.44717336716944
GFZ_319,0.780821917808219,0.714285714285714,0.916666666666667,49,FALSE,DDK8,Peltier_ICE6G_D,GFZ,60,GravIS,1.44717336716944
GFZ_32,0.89041095890411,0.836734693877551,1,49,FALSE,G400,none,GFZ,60,none,0.359416268242379
GFZ_320,0.835616438356164,0.775510204081633,0.958333333333333,49,FALSE,G300,none,GFZ,96,none,0.486435570016844
GFZ_321,0.863013698630137,0.795918367346939,1,49,FALSE,G300,none,GFZ,96,GravIS,0.349851362840876
GFZ_322,0.835616438356164,0.775510204081633,0.958333333333333,49,FALSE,G300,none,GFZ,96,none,0.486435570016844
GFZ_323,0.863013698630137,0.795918367346939,1,49,FALSE,G300,none,GFZ,96,GravIS,0.349851362840876
GFZ_324,0.849315068493151,0.775510204081633,1,49,FALSE,G300,none,GFZ,96,none,0.396216808751234
GFZ_325,0.849315068493151,0.775510204081633,1,49,FALSE,G300,none,GFZ,96,GravIS,0.396216808751234
GFZ_326,0.849315068493151,0.775510204081633,1,49,FALSE,G300,none,GFZ,96,none,0.396216808751234
GFZ_327,0.863013698630137,0.795918367346939,1,49,FALSE,G300,none,GFZ,96,GravIS,0.349407455169631
GFZ_328,0.849315068493151,0.775510204081633,1,49,FALSE,G300,Geruo_ICE5G_VM2,GFZ,96,none,0.461633686109582
GFZ_329,0.849315068493151,0.775510204081633,1,49,TRUE,G300,Geruo_ICE5G_VM2,GFZ,96,GravIS,0.461633686109582
GFZ_33,0.89041095890411,0.836734693877551,1,49,FALSE,G400,none,GFZ,60,GravIS,0.359416268242379
GFZ_330,0.835616438356164,0.775510204081633,0.958333333333333,49,FALSE,G300,Geruo_ICE5G_VM2,GFZ,96,none,0.582453596465037
GFZ_331,0.849315068493151,0.775510204081633,1,49,FALSE,G300,Geruo_ICE5G_VM2,GFZ,96,GravIS,0.461633686109582
GFZ_332,0.863013698630137,0.816326530612245,0.958333333333333,49,FALSE,G300,Geruo_ICE5G_VM2,GFZ,96,none,0.486254693588793
GFZ_333,0.863013698630137,0.795918367346939,1,49,FALSE,G300,Geruo_ICE5G_VM2,GFZ,96,GravIS,0.432851867960811
GFZ_334,0.849315068493151,0.795918367346939,0.958333333333333,49,FALSE,G300,Geruo_ICE5G_VM2,GFZ,96,none,0.550507735657322
GFZ_335,0.863013698630137,0.795918367346939,1,49,FALSE,G300,Geruo_ICE5G_VM2,GFZ,96,GravIS,0.432851867960811
GFZ_336,0.89041095890411,0.857142857142857,0.958333333333333,49,FALSE,G300,Caron_2018,GFZ,96,none,0.357141542377147
GFZ_337,0.89041095890411,0.857142857142857,0.958333333333333,49,TRUE,G300,Caron_2018,GFZ,96,GravIS,0.357141542377147
GFZ_338,0.89041095890411,0.857142857142857,0.958333333333333,49,FALSE,G300,Caron_2018,GFZ,96,none,0.357141542377147
GFZ_339,0.863013698630137,0.816326530612245,0.958333333333333,49,FALSE,G300,Caron_2018,GFZ,96,GravIS,0.47206119287643
GFZ_34,0.904109589041096,0.857142857142857,1,49,FALSE,G400,none,GFZ,60,none,0.304040973772566
GFZ_340,0.89041095890411,0.857142857142857,0.958333333333333,49,FALSE,G300,Caron_2018,GFZ,96,none,0.357141542377147
GFZ_341,0.89041095890411,0.857142857142857,0.958333333333333,49,FALSE,G300,Caron_2018,GFZ,96,GravIS,0.357141542377147
GFZ_342,0.876712328767123,0.836734693877551,0.958333333333333,49,FALSE,G300,Caron_2018,GFZ,96,none,0.424513972700592
GFZ_343,0.876712328767123,0.836734693877551,0.958333333333333,49,FALSE,G300,Caron_2018,GFZ,96,GravIS,0.412105754635836
GFZ_344,0.849315068493151,0.816326530612245,0.916666666666667,49,FALSE,G300,Peltier_ICE6G_D,GFZ,96,none,0.644060724479429
GFZ_345,0.863013698630137,0.836734693877551,0.916666666666667,49,TRUE,G300,Peltier_ICE6G_D,GFZ,96,GravIS,0.538713558332616
GFZ_346,0.863013698630137,0.836734693877551,0.916666666666667,49,FALSE,G300,Peltier_ICE6G_D,GFZ,96,none,0.538713558332616
GFZ_347,0.849315068493151,0.816326530612245,0.916666666666667,49,FALSE,G300,Peltier_ICE6G_D,GFZ,96,GravIS,0.606625461432254
GFZ_348,0.863013698630137,0.836734693877551,0.916666666666667,49,FALSE,G300,Peltier_ICE6G_D,GFZ,96,none,0.538713558332616
GFZ_349,0.863013698630137,0.836734693877551,0.916666666666667,49,FALSE,G300,Peltier_ICE6G_D,GFZ,96,GravIS,0.538713558332616
GFZ_35,0.89041095890411,0.836734693877551,1,49,FALSE,G400,none,GFZ,60,GravIS,0.359416268242379
GFZ_350,0.863013698630137,0.836734693877551,0.916666666666667,49,FALSE,G300,Peltier_ICE6G_D,GFZ,96,none,0.538713558332616
GFZ_351,0.849315068493151,0.816326530612245,0.916666666666667,49,FALSE,G300,Peltier_ICE6G_D,GFZ,96,GravIS,0.606625461432254
GFZ_352,0.904109589041096,0.857142857142857,1,49,FALSE,G400,none,GFZ,96,none,0.251636662119019
GFZ_353,0.904109589041096,0.857142857142857,1,49,FALSE,G400,none,GFZ,96,GravIS,0.251636662119019
GFZ_354,0.904109589041096,0.857142857142857,1,49,FALSE,G400,none,GFZ,96,none,0.251636662119019
GFZ_355,0.89041095890411,0.836734693877551,1,49,FALSE,G400,none,GFZ,96,GravIS,0.30296565899
GFZ_356,0.904109589041096,0.857142857142857,1,49,FALSE,G400,none,GFZ,96,none,0.276579782705954
GFZ_357,0.917808219178082,0.877551020408163,1,49,FALSE,G400,none,GFZ,96,GravIS,0.231079595212733
GFZ_358,0.904109589041096,0.857142857142857,1,49,FALSE,G400,none,GFZ,96,none,0.276579782705954
GFZ_359,0.904109589041096,0.857142857142857,1,49,FALSE,G400,none,GFZ,96,GravIS,0.281341143542624
GFZ_36,0.904109589041096,0.857142857142857,1,49,FALSE,G400,none,GFZ,60,none,0.305379495781402
GFZ_360,0.904109589041096,0.877551020408163,0.958333333333333,49,FALSE,G400,Geruo_ICE5G_VM2,GFZ,96,none,0.304674139761251
GFZ_361,0.917808219178082,0.877551020408163,1,49,TRUE,G400,Geruo_ICE5G_VM2,GFZ,96,GravIS,0.236663267165853
GFZ_362,0.876712328767123,0.836734693877551,0.958333333333333,49,FALSE,G400,Geruo_ICE5G_VM2,GFZ,96,none,0.424763548718002
GFZ_363,0.89041095890411,0.857142857142857,0.958333333333333,49,FALSE,G400,Geruo_ICE5G_VM2,GFZ,96,GravIS,0.355021420347677
GFZ_364,0.89041095890411,0.857142857142857,0.958333333333333,49,FALSE,G400,Geruo_ICE5G_VM2,GFZ,96,none,0.37319860763305
GFZ_365,0.917808219178082,0.897959183673469,0.958333333333333,49,FALSE,G400,Geruo_ICE5G_VM2,GFZ,96,GravIS,0.2457640281327
GFZ_366,0.89041095890411,0.857142857142857,0.958333333333333,49,FALSE,G400,Geruo_ICE5G_VM2,GFZ,96,none,0.37319860763305
GFZ_367,0.917808219178082,0.897959183673469,0.958333333333333,49,FALSE,G400,Geruo_ICE5G_VM2,GFZ,96,GravIS,0.2457640281327
GFZ_368,0.849315068493151,0.816326530612245,0.916666666666667,49,FALSE,G400,Caron_2018,GFZ,96,none,0.644928024162174
GFZ_369,0.876712328767123,0.836734693877551,0.958333333333333,49,TRUE,G400,Caron_2018,GFZ,96,GravIS,0.433179842835994
GFZ_37,0.904109589041096,0.857142857142857,1,49,FALSE,G400,none,GFZ,60,GravIS,0.305379495781402
GFZ_370,0.835616438356164,0.795918367346939,0.916666666666667,49,FALSE,G400,Caron_2018,GFZ,96,none,0.753393294391731
GFZ_371,0.863013698630137,0.836734693877551,0.916666666666667,49,FALSE,G400,Caron_2018,GFZ,96,GravIS,0.547288169397994
GFZ_372,0.835616438356164,0.795918367346939,0.916666666666667,49,FALSE,G400,Caron_2018,GFZ,96,none,0.753393294391731
GFZ_373,0.849315068493151,0.816326530612245,0.916666666666667,49,FALSE,G400,Caron_2018,GFZ,96,GravIS,0.644928024162174
GFZ_374,0.835616438356164,0.795918367346939,0.916666666666667,49,FALSE,G400,Caron_2018,GFZ,96,none,0.753393294391731
GFZ_375,0.849315068493151,0.816326530612245,0.916666666666667,49,FALSE,G400,Caron_2018,GFZ,96,GravIS,0.644928024162174
GFZ_376,0.863013698630137,0.836734693877551,0.916666666666667,49,FALSE,G400,Peltier_ICE6G_D,GFZ,96,none,0.604881955722469
GFZ_377,0.863013698630137,0.836734693877551,0.916666666666667,49,TRUE,G400,Peltier_ICE6G_D,GFZ,96,GravIS,0.604881955722469
GFZ_378,0.849315068493151,0.816326530612245,0.916666666666667,49,FALSE,G400,Peltier_ICE6G_D,GFZ,96,none,0.725580887831316
GFZ_379,0.863013698630137,0.836734693877551,0.916666666666667,49,FALSE,G400,Peltier_ICE6G_D,GFZ,96,GravIS,0.604881955722469
GFZ_38,0.904109589041096,0.857142857142857,1,49,FALSE,G400,none,GFZ,60,none,0.305379495781402
GFZ_380,0.849315068493151,0.816326530612245,0.916666666666667,49,FALSE,G400,Peltier_ICE6G_D,GFZ,96,none,0.732559851057182
GFZ_381,0.863013698630137,0.836734693877551,0.916666666666667,49,FALSE,G400,Peltier_ICE6G_D,GFZ,96,GravIS,0.604881955722469
GFZ_382,0.835616438356164,0.795918367346939,0.916666666666667,49,FALSE,G400,Peltier_ICE6G_D,GFZ,96,none,0.868094637749962
GFZ_383,0.863013698630137,0.836734693877551,0.916666666666667,49,FALSE,G400,Peltier_ICE6G_D,GFZ,96,GravIS,0.604881955722469
GFZ_384,0.89041095890411,0.857142857142857,0.958333333333333,49,FALSE,G500,none,GFZ,96,none,0.35740391900231
GFZ_385,0.876712328767123,0.836734693877551,0.958333333333333,49,FALSE,G500,none,GFZ,96,GravIS,0.381580231087114
GFZ_386,0.89041095890411,0.857142857142857,0.958333333333333,49,FALSE,G500,none,GFZ,96,none,0.381230812927479
GFZ_387,0.876712328767123,0.836734693877551,0.958333333333333,49,FALSE,G500,none,GFZ,96,GravIS,0.381580231087114
GFZ_388,0.89041095890411,0.857142857142857,0.958333333333333,49,FALSE,G500,none,GFZ,96,none,0.35740391900231
GFZ_389,0.89041095890411,0.857142857142857,0.958333333333333,49,FALSE,G500,none,GFZ,96,GravIS,0.35740391900231
GFZ_39,0.904109589041096,0.857142857142857,1,49,FALSE,G400,none,GFZ,60,GravIS,0.305379495781402
GFZ_390,0.904109589041096,0.877551020408163,0.958333333333333,49,FALSE,G500,none,GFZ,96,none,0.329739711398173
GFZ_391,0.89041095890411,0.857142857142857,0.958333333333333,49,FALSE,G500,none,GFZ,96,GravIS,0.35740391900231
GFZ_392,0.917808219178082,0.897959183673469,0.958333333333333,49,FALSE,G500,Geruo_ICE5G_VM2,GFZ,96,none,0.246436089622943
GFZ_393,0.917808219178082,0.897959183673469,0.958333333333333,49,TRUE,G500,Geruo_ICE5G_VM2,GFZ,96,GravIS,0.246436089622943
GFZ_394,0.931506849315068,0.918367346938776,0.958333333333333,49,FALSE,G500,Geruo_ICE5G_VM2,GFZ,96,none,0.186271236109785
GFZ_395,0.917808219178082,0.897959183673469,0.958333333333333,49,FALSE,G500,Geruo_ICE5G_VM2,GFZ,96,GravIS,0.246436089622943
GFZ_396,0.917808219178082,0.897959183673469,0.958333333333333,49,FALSE,G500,Geruo_ICE5G_VM2,GFZ,96,none,0.246436089622943
GFZ_397,0.917808219178082,0.897959183673469,0.958333333333333,49,FALSE,G500,Geruo_ICE5G_VM2,GFZ,96,GravIS,0.246436089622943
GFZ_398,0.931506849315068,0.918367346938776,0.958333333333333,49,FALSE,G500,Geruo_ICE5G_VM2,GFZ,96,none,0.186271236109785
GFZ_399,0.917808219178082,0.897959183673469,0.958333333333333,49,FALSE,G500,Geruo_ICE5G_VM2,GFZ,96,GravIS,0.246436089622943
GFZ_4,0.89041095890411,0.836734693877551,1,49,FALSE,G300,none,GFZ,60,none,0.374619268697192
GFZ_40,0.945205479452055,0.918367346938776,1,49,FALSE,G400,Geruo_ICE5G_VM2,GFZ,60,none,0.153513866150932
GFZ_400,0.835616438356164,0.795918367346939,0.916666666666667,49,FALSE,G500,Caron_2018,GFZ,96,none,0.776903565449492
GFZ_401,0.849315068493151,0.816326530612245,0.916666666666667,49,TRUE,G500,Caron_2018,GFZ,96,GravIS,0.662629137523553
GFZ_402,0.835616438356164,0.795918367346939,0.916666666666667,49,FALSE,G500,Caron_2018,GFZ,96,none,0.776903565449492
GFZ_403,0.849315068493151,0.816326530612245,0.916666666666667,49,FALSE,G500,Caron_2018,GFZ,96,GravIS,0.662629137523553
GFZ_404,0.835616438356164,0.795918367346939,0.916666666666667,49,FALSE,G500,Caron_2018,GFZ,96,none,0.776903565449492
GFZ_405,0.849315068493151,0.816326530612245,0.916666666666667,49,FALSE,G500,Caron_2018,GFZ,96,GravIS,0.662629137523553
GFZ_406,0.835616438356164,0.795918367346939,0.916666666666667,49,FALSE,G500,Caron_2018,GFZ,96,none,0.776903565449492
GFZ_407,0.835616438356164,0.795918367346939,0.916666666666667,49,FALSE,G500,Caron_2018,GFZ,96,GravIS,0.776903565449492
GFZ_408,0.780821917808219,0.714285714285714,0.916666666666667,49,FALSE,G500,Peltier_ICE6G_D,GFZ,96,none,1.45052085775784
GFZ_409,0.835616438356164,0.775510204081633,0.958333333333333,49,TRUE,G500,Peltier_ICE6G_D,GFZ,96,GravIS,0.769726292047897
GFZ_41,0.931506849315068,0.897959183673469,1,49,TRUE,G400,Geruo_ICE5G_VM2,GFZ,60,GravIS,0.19609717201137
GFZ_410,0.780821917808219,0.714285714285714,0.916666666666667,49,FALSE,G500,Peltier_ICE6G_D,GFZ,96,none,1.45052085775784
GFZ_411,0.808219178082192,0.755102040816326,0.916666666666667,49,FALSE,G500,Peltier_ICE6G_D,GFZ,96,GravIS,1.32074589318838
GFZ_412,0.780821917808219,0.714285714285714,0.916666666666667,49,FALSE,G500,Peltier_ICE6G_D,GFZ,96,none,1.45052085775784
GFZ_413,0.808219178082192,0.755102040816326,0.916666666666667,49,FALSE,G500,Peltier_ICE6G_D,GFZ,96,GravIS,1.25868803784948
GFZ_414,0.780821917808219,0.714285714285714,0.916666666666667,49,FALSE,G500,Peltier_ICE6G_D,GFZ,96,none,1.45052085775784
GFZ_415,0.808219178082192,0.755102040816326,0.916666666666667,49,FALSE,G500,Peltier_ICE6G_D,GFZ,96,GravIS,1.25868803784948
GFZ_416,0.89041095890411,0.836734693877551,1,49,FALSE,Swenson_G300,none,GFZ,96,none,0.283203274635535
GFZ_417,0.89041095890411,0.836734693877551,1,49,FALSE,Swenson_G300,none,GFZ,96,GravIS,0.283203274635535
GFZ_418,0.89041095890411,0.836734693877551,1,49,FALSE,Swenson_G300,none,GFZ,96,none,0.283203274635535
GFZ_419,0.89041095890411,0.836734693877551,1,49,FALSE,Swenson_G300,none,GFZ,96,GravIS,0.283203274635535
GFZ_42,0.917808219178082,0.877551020408163,1,49,FALSE,G400,Geruo_ICE5G_VM2,GFZ,60,none,0.245179182947843
GFZ_420,0.89041095890411,0.836734693877551,1,49,FALSE,Swenson_G300,none,GFZ,96,none,0.283203274635535
GFZ_421,0.89041095890411,0.836734693877551,1,49,FALSE,Swenson_G300,none,GFZ,96,GravIS,0.283203274635535
GFZ_422,0.89041095890411,0.836734693877551,1,49,FALSE,Swenson_G300,none,GFZ,96,none,0.283203274635535
GFZ_423,0.89041095890411,0.836734693877551,1,49,FALSE,Swenson_G300,none,GFZ,96,GravIS,0.283203274635535
GFZ_424,0.863013698630137,0.836734693877551,0.916666666666667,49,FALSE,Swenson_G300,Geruo_ICE5G_VM2,GFZ,96,none,0.655018703382949
GFZ_425,0.849315068493151,0.816326530612245,0.916666666666667,49,TRUE,Swenson_G300,Geruo_ICE5G_VM2,GFZ,96,GravIS,0.650638208792597
GFZ_426,0.849315068493151,0.816326530612245,0.916666666666667,49,FALSE,Swenson_G300,Geruo_ICE5G_VM2,GFZ,96,none,0.650638208792597
GFZ_427,0.849315068493151,0.816326530612245,0.916666666666667,49,FALSE,Swenson_G300,Geruo_ICE5G_VM2,GFZ,96,GravIS,0.650638208792597
GFZ_428,0.849315068493151,0.816326530612245,0.916666666666667,49,FALSE,Swenson_G300,Geruo_ICE5G_VM2,GFZ,96,none,0.776401660121749
GFZ_429,0.863013698630137,0.836734693877551,0.916666666666667,49,FALSE,Swenson_G300,Geruo_ICE5G_VM2,GFZ,96,GravIS,0.655018703382949
GFZ_43,0.931506849315068,0.897959183673469,1,49,FALSE,G400,Geruo_ICE5G_VM2,GFZ,60,GravIS,0.19609717201137
GFZ_430,0.849315068493151,0.816326530612245,0.916666666666667,49,FALSE,Swenson_G300,Geruo_ICE5G_VM2,GFZ,96,none,0.776401660121749
GFZ_431,0.863013698630137,0.836734693877551,0.916666666666667,49,FALSE,Swenson_G300,Geruo_ICE5G_VM2,GFZ,96,GravIS,0.655018703382949
GFZ_432,0.863013698630137,0.836734693877551,0.916666666666667,49,FALSE,Swenson_G300,Caron_2018,GFZ,96,none,0.676542129869121
GFZ_433,0.849315068493151,0.816326530612245,0.916666666666667,49,TRUE,Swenson_G300,Caron_2018,GFZ,96,GravIS,0.799509238314909
GFZ_434,0.821917808219178,0.775510204081633,0.916666666666667,49,FALSE,Swenson_G300,Caron_2018,GFZ,96,none,1.32119444421591
GFZ_435,0.849315068493151,0.816326530612245,0.916666666666667,49,FALSE,Swenson_G300,Caron_2018,GFZ,96,GravIS,0.799509238314909
GFZ_436,0.849315068493151,0.816326530612245,0.916666666666667,49,FALSE,Swenson_G300,Caron_2018,GFZ,96,none,0.846413610156491
GFZ_437,0.863013698630137,0.836734693877551,0.916666666666667,49,FALSE,Swenson_G300,Caron_2018,GFZ,96,GravIS,0.676542129869121
GFZ_438,0.835616438356164,0.795918367346939,0.916666666666667,49,FALSE,Swenson_G300,Caron_2018,GFZ,96,none,0.989839127423398
GFZ_439,0.863013698630137,0.836734693877551,0.916666666666667,49,FALSE,Swenson_G300,Caron_2018,GFZ,96,GravIS,0.676542129869121
GFZ_44,0.945205479452055,0.918367346938776,1,49,FALSE,G400,Geruo_ICE5G_VM2,GFZ,60,none,0.153513866150932
GFZ_440,0.808219178082192,0.755102040816326,0.916666666666667,49,FALSE,Swenson_G300,Peltier_ICE6G_D,GFZ,96,none,1.63119227570018
GFZ_441,0.808219178082192,0.755102040816326,0.916666666666667,49,TRUE,Swenson_G300,Peltier_ICE6G_D,GFZ,96,GravIS,1.63119227570018
GFZ_442,0.794520547945206,0.73469387755102,0.916666666666667,49,FALSE,Swenson_G300,Peltier_ICE6G_D,GFZ,96,none,1.90955385628986
GFZ_443,0.794520547945206,0.73469387755102,0.916666666666667,49,FALSE,Swenson_G300,Peltier_ICE6G_D,GFZ,96,GravIS,1.79039780410041
GFZ_444,0.794520547945206,0.73469387755102,0.916666666666667,49,FALSE,Swenson_G300,Peltier_ICE6G_D,GFZ,96,none,1.90955385628986
GFZ_445,0.808219178082192,0.755102040816326,0.916666666666667,49,FALSE,Swenson_G300,Peltier_ICE6G_D,GFZ,96,GravIS,1.63119227570018
GFZ_446,0.794520547945206,0.73469387755102,0.916666666666667,49,FALSE,Swenson_G300,Peltier_ICE6G_D,GFZ,96,none,1.90955385628986
GFZ_447,0.808219178082192,0.755102040816326,0.916666666666667,49,FALSE,Swenson_G300,Peltier_ICE6G_D,GFZ,96,GravIS,1.63119227570018
GFZ_448,0.849315068493151,0.795918367346939,0.958333333333333,49,FALSE,Swenson_G500,none,GFZ,96,none,0.472765848837094
GFZ_449,0.863013698630137,0.816326530612245,0.958333333333333,49,FALSE,Swenson_G500,none,GFZ,96,GravIS,0.404001048227248
GFZ_45,0.931506849315068,0.897959183673469,1,49,FALSE,G400,Geruo_ICE5G_VM2,GFZ,60,GravIS,0.19609717201137
GFZ_450,0.849315068493151,0.795918367346939,0.958333333333333,49,FALSE,Swenson_G500,none,GFZ,96,none,0.447335906089463
GFZ_451,0.849315068493151,0.795918367346939,0.958333333333333,49,FALSE,Swenson_G500,none,GFZ,96,GravIS,0.447335906089463
GFZ_452,0.904109589041096,0.877551020408163,0.958333333333333,49,FALSE,Swenson_G500,none,GFZ,96,none,0.306115005488261
GFZ_453,0.89041095890411,0.857142857142857,0.958333333333333,49,FALSE,Swenson_G500,none,GFZ,96,GravIS,0.35740391900231
GFZ_454,0.89041095890411,0.857142857142857,0.958333333333333,49,FALSE,Swenson_G500,none,GFZ,96,none,0.35740391900231
GFZ_455,0.89041095890411,0.857142857142857,0.958333333333333,49,FALSE,Swenson_G500,none,GFZ,96,GravIS,0.35740391900231
GFZ_456,0.863013698630137,0.836734693877551,0.916666666666667,49,FALSE,Swenson_G500,Geruo_ICE5G_VM2,GFZ,96,none,0.659099829096304
GFZ_457,0.89041095890411,0.857142857142857,0.958333333333333,49,TRUE,Swenson_G500,Geruo_ICE5G_VM2,GFZ,96,GravIS,0.389754128171697
GFZ_458,0.863013698630137,0.836734693877551,0.916666666666667,49,FALSE,Swenson_G500,Geruo_ICE5G_VM2,GFZ,96,none,0.659099829096304
GFZ_459,0.863013698630137,0.836734693877551,0.916666666666667,49,FALSE,Swenson_G500,Geruo_ICE5G_VM2,GFZ,96,GravIS,0.659099829096304
GFZ_46,0.931506849315068,0.897959183673469,1,49,FALSE,G400,Geruo_ICE5G_VM2,GFZ,60,none,0.19609717201137
GFZ_460,0.863013698630137,0.836734693877551,0.916666666666667,49,FALSE,Swenson_G500,Geruo_ICE5G_VM2,GFZ,96,none,0.659099829096304
GFZ_461,0.89041095890411,0.857142857142857,0.958333333333333,49,FALSE,Swenson_G500,Geruo_ICE5G_VM2,GFZ,96,GravIS,0.389754128171697
GFZ_462,0.863013698630137,0.836734693877551,0.916666666666667,49,FALSE,Swenson_G500,Geruo_ICE5G_VM2,GFZ,96,none,0.659099829096304
GFZ_463,0.863013698630137,0.836734693877551,0.916666666666667,49,FALSE,Swenson_G500,Geruo_ICE5G_VM2,GFZ,96,GravIS,0.659099829096304
GFZ_464,0.808219178082192,0.755102040816326,0.916666666666667,49,FALSE,Swenson_G500,Caron_2018,GFZ,96,none,1.57472589839435
GFZ_465,0.821917808219178,0.775510204081633,0.916666666666667,49,TRUE,Swenson_G500,Caron_2018,GFZ,96,GravIS,1.29485772854445
GFZ_466,0.780821917808219,0.73469387755102,0.875,49,FALSE,Swenson_G500,Caron_2018,GFZ,96,none,4.17058473489563
GFZ_467,0.821917808219178,0.775510204081633,0.916666666666667,49,FALSE,Swenson_G500,Caron_2018,GFZ,96,GravIS,1.29485772854445
GFZ_468,0.808219178082192,0.755102040816326,0.916666666666667,49,FALSE,Swenson_G500,Caron_2018,GFZ,96,none,1.57472589839435
GFZ_469,0.821917808219178,0.775510204081633,0.916666666666667,49,FALSE,Swenson_G500,Caron_2018,GFZ,96,GravIS,1.29485772854445
GFZ_47,0.931506849315068,0.897959183673469,1,49,FALSE,G400,Geruo_ICE5G_VM2,GFZ,60,GravIS,0.19609717201137
GFZ_470,0.794520547945206,0.755102040816326,0.875,49,FALSE,Swenson_G500,Caron_2018,GFZ,96,none,2.99287577249991
GFZ_471,0.808219178082192,0.755102040816326,0.916666666666667,49,FALSE,Swenson_G500,Caron_2018,GFZ,96,GravIS,1.57472589839435
GFZ_472,0.767123287671233,0.714285714285714,0.875,49,FALSE,Swenson_G500,Peltier_ICE6G_D,GFZ,96,none,3.95802799458877
GFZ_473,0.794520547945206,0.755102040816326,0.875,49,TRUE,Swenson_G500,Peltier_ICE6G_D,GFZ,96,GravIS,2.38333578751918
GFZ_474,0.767123287671233,0.714285714285714,0.875,49,FALSE,Swenson_G500,Peltier_ICE6G_D,GFZ,96,none,3.95802799458877
GFZ_475,0.780821917808219,0.73469387755102,0.875,49,FALSE,Swenson_G500,Peltier_ICE6G_D,GFZ,96,GravIS,3.46656686780444
GFZ_476,0.767123287671233,0.714285714285714,0.875,49,FALSE,Swenson_G500,Peltier_ICE6G_D,GFZ,96,none,3.95802799458877
GFZ_477,0.780821917808219,0.73469387755102,0.875,49,FALSE,Swenson_G500,Peltier_ICE6G_D,GFZ,96,GravIS,2.75369370126085
GFZ_478,0.767123287671233,0.714285714285714,0.875,49,FALSE,Swenson_G500,Peltier_ICE6G_D,GFZ,96,none,3.95802799458877
GFZ_479,0.780821917808219,0.73469387755102,0.875,49,FALSE,Swenson_G500,Peltier_ICE6G_D,GFZ,96,GravIS,2.75369370126085
GFZ_48,0.876712328767123,0.836734693877551,0.958333333333333,49,FALSE,G400,Caron_2018,GFZ,60,none,0.469500084695463
GFZ_480,0.904109589041096,0.857142857142857,1,49,FALSE,DDK2,none,GFZ,96,none,0.254894871118149
GFZ_481,0.904109589041096,0.857142857142857,1,49,FALSE,DDK2,none,GFZ,96,GravIS,0.254894871118149
GFZ_482,0.917808219178082,0.877551020408163,1,49,FALSE,DDK2,none,GFZ,96,none,0.22212187196157
GFZ_483,0.89041095890411,0.836734693877551,1,49,FALSE,DDK2,none,GFZ,96,GravIS,0.283203274635535
GFZ_484,0.917808219178082,0.877551020408163,1,49,FALSE,DDK2,none,GFZ,96,none,0.218753355251079
GFZ_485,0.917808219178082,0.877551020408163,1,49,FALSE,DDK2,none,GFZ,96,GravIS,0.218753355251079
GFZ_486,0.917808219178082,0.877551020408163,1,49,FALSE,DDK2,none,GFZ,96,none,0.218753355251079
GFZ_487,0.904109589041096,0.857142857142857,1,49,FALSE,DDK2,none,GFZ,96,GravIS,0.254894871118149
GFZ_488,0.917808219178082,0.877551020408163,1,49,FALSE,DDK2,Geruo_ICE5G_VM2,GFZ,96,none,0.237517855880086
GFZ_489,0.917808219178082,0.877551020408163,1,49,TRUE,DDK2,Geruo_ICE5G_VM2,GFZ,96,GravIS,0.237517855880086
GFZ_49,0.904109589041096,0.877551020408163,0.958333333333333,49,TRUE,G400,Caron_2018,GFZ,60,GravIS,0.311869817369421
GFZ_490,0.917808219178082,0.877551020408163,1,49,FALSE,DDK2,Geruo_ICE5G_VM2,GFZ,96,none,0.237517855880086
GFZ_491,0.917808219178082,0.877551020408163,1,49,FALSE,DDK2,Geruo_ICE5G_VM2,GFZ,96,GravIS,0.237517855880086
GFZ_492,0.931506849315068,0.897959183673469,1,49,FALSE,DDK2,Geruo_ICE5G_VM2,GFZ,96,none,0.195588990331147
GFZ_493,0.931506849315068,0.897959183673469,1,49,FALSE,DDK2,Geruo_ICE5G_VM2,GFZ,96,GravIS,0.195588990331147
GFZ_494,0.931506849315068,0.897959183673469,1,49,FALSE,DDK2,Geruo_ICE5G_VM2,GFZ,96,none,0.195588990331147
GFZ_495,0.931506849315068,0.897959183673469,1,49,FALSE,DDK2,Geruo_ICE5G_VM2,GFZ,96,GravIS,0.195588990331147
GFZ_496,0.904109589041096,0.877551020408163,0.958333333333333,49,FALSE,DDK2,Caron_2018,GFZ,96,none,0.311869817369421
GFZ_497,0.904109589041096,0.877551020408163,0.958333333333333,49,TRUE,DDK2,Caron_2018,GFZ,96,GravIS,0.311869817369421
GFZ_498,0.89041095890411,0.857142857142857,0.958333333333333,49,FALSE,DDK2,Caron_2018,GFZ,96,none,0.38618678404565
GFZ_499,0.904109589041096,0.877551020408163,0.958333333333333,49,FALSE,DDK2,Caron_2018,GFZ,96,GravIS,0.311869817369421
GFZ_5,0.89041095890411,0.836734693877551,1,49,FALSE,G300,none,GFZ,60,GravIS,0.374619268697192
GFZ_50,0.876712328767123,0.836734693877551,0.958333333333333,49,FALSE,G400,Caron_2018,GFZ,60,none,0.469500084695463
GFZ_500,0.904109589041096,0.877551020408163,0.958333333333333,49,FALSE,DDK2,Caron_2018,GFZ,96,none,0.311869817369421
GFZ_501,0.904109589041096,0.877551020408163,0.958333333333333,49,FALSE,DDK2,Caron_2018,GFZ,96,GravIS,0.311869817369421
GFZ_502,0.904109589041096,0.877551020408163,0.958333333333333,49,FALSE,DDK2,Caron_2018,GFZ,96,none,0.311869817369421
GFZ_503,0.904109589041096,0.877551020408163,0.958333333333333,49,FALSE,DDK2,Caron_2018,GFZ,96,GravIS,0.311869817369421
GFZ_504,0.849315068493151,0.795918367346939,0.958333333333333,49,FALSE,DDK2,Peltier_ICE6G_D,GFZ,96,none,0.707100914696614
GFZ_505,0.876712328767123,0.836734693877551,0.958333333333333,49,TRUE,DDK2,Peltier_ICE6G_D,GFZ,96,GravIS,0.476810404064235
GFZ_506,0.849315068493151,0.795918367346939,0.958333333333333,49,FALSE,DDK2,Peltier_ICE6G_D,GFZ,96,none,0.707100914696614
GFZ_507,0.863013698630137,0.816326530612245,0.958333333333333,49,FALSE,DDK2,Peltier_ICE6G_D,GFZ,96,GravIS,0.603359713802734
GFZ_508,0.835616438356164,0.775510204081633,0.958333333333333,49,FALSE,DDK2,Peltier_ICE6G_D,GFZ,96,none,0.835766648720431
GFZ_509,0.863013698630137,0.816326530612245,0.958333333333333,49,FALSE,DDK2,Peltier_ICE6G_D,GFZ,96,GravIS,0.577078283189187
GFZ_51,0.89041095890411,0.857142857142857,0.958333333333333,49,FALSE,G400,Caron_2018,GFZ,60,GravIS,0.383532143433899
GFZ_510,0.835616438356164,0.775510204081633,0.958333333333333,49,FALSE,DDK2,Peltier_ICE6G_D,GFZ,96,none,0.835766648720431
GFZ_511,0.863013698630137,0.816326530612245,0.958333333333333,49,FALSE,DDK2,Peltier_ICE6G_D,GFZ,96,GravIS,0.577078283189187
GFZ_512,0.904109589041096,0.857142857142857,1,49,FALSE,DDK3,none,GFZ,96,none,0.247258646841124
GFZ_513,0.904109589041096,0.857142857142857,1,49,FALSE,DDK3,none,GFZ,96,GravIS,0.247258646841124
GFZ_514,0.904109589041096,0.857142857142857,1,49,FALSE,DDK3,none,GFZ,96,none,0.247258646841124
GFZ_515,0.904109589041096,0.857142857142857,1,49,FALSE,DDK3,none,GFZ,96,GravIS,0.247258646841124
GFZ_516,0.917808219178082,0.877551020408163,1,49,FALSE,DDK3,none,GFZ,96,none,0.211860605505679
GFZ_517,0.917808219178082,0.877551020408163,1,49,FALSE,DDK3,none,GFZ,96,GravIS,0.211860605505679
GFZ_518,0.904109589041096,0.857142857142857,1,49,FALSE,DDK3,none,GFZ,96,none,0.247258646841124
GFZ_519,0.904109589041096,0.857142857142857,1,49,FALSE,DDK3,none,GFZ,96,GravIS,0.247258646841124
GFZ_52,0.876712328767123,0.836734693877551,0.958333333333333,49,FALSE,G400,Caron_2018,GFZ,60,none,0.469500084695463
GFZ_520,0.89041095890411,0.857142857142857,0.958333333333333,49,FALSE,DDK3,Geruo_ICE5G_VM2,GFZ,96,none,0.356486299518153
GFZ_521,0.904109589041096,0.877551020408163,0.958333333333333,49,TRUE,DDK3,Geruo_ICE5G_VM2,GFZ,96,GravIS,0.286832020835626
GFZ_522,0.89041095890411,0.857142857142857,0.958333333333333,49,FALSE,DDK3,Geruo_ICE5G_VM2,GFZ,96,none,0.356486299518153
GFZ_523,0.89041095890411,0.857142857142857,0.958333333333333,49,FALSE,DDK3,Geruo_ICE5G_VM2,GFZ,96,GravIS,0.356486299518153
GFZ_524,0.89041095890411,0.857142857142857,0.958333333333333,49,FALSE,DDK3,Geruo_ICE5G_VM2,GFZ,96,none,0.342523905418312
GFZ_525,0.904109589041096,0.877551020408163,0.958333333333333,49,FALSE,DDK3,Geruo_ICE5G_VM2,GFZ,96,GravIS,0.286832020835626
GFZ_526,0.876712328767123,0.836734693877551,0.958333333333333,49,FALSE,DDK3,Geruo_ICE5G_VM2,GFZ,96,none,0.417705608550502
GFZ_527,0.89041095890411,0.857142857142857,0.958333333333333,49,FALSE,DDK3,Geruo_ICE5G_VM2,GFZ,96,GravIS,0.342523905418312
GFZ_528,0.863013698630137,0.816326530612245,0.958333333333333,49,FALSE,DDK3,Caron_2018,GFZ,96,none,0.464541033505723
GFZ_529,0.876712328767123,0.836734693877551,0.958333333333333,49,TRUE,DDK3,Caron_2018,GFZ,96,GravIS,0.399799292816621
GFZ_53,0.917808219178082,0.897959183673469,0.958333333333333,49,FALSE,G400,Caron_2018,GFZ,60,GravIS,0.24875161218115
GFZ_530,0.863013698630137,0.816326530612245,0.958333333333333,49,FALSE,DDK3,Caron_2018,GFZ,96,none,0.464541033505723
GFZ_531,0.876712328767123,0.836734693877551,0.958333333333333,49,FALSE,DDK3,Caron_2018,GFZ,96,GravIS,0.399799292816621
GFZ_532,0.876712328767123,0.836734693877551,0.958333333333333,49,FALSE,DDK3,Caron_2018,GFZ,96,none,0.421528636900267
GFZ_533,0.849315068493151,0.795918367346939,0.958333333333333,49,FALSE,DDK3,Caron_2018,GFZ,96,GravIS,0.511292772286815
GFZ_534,0.863013698630137,0.816326530612245,0.958333333333333,49,FALSE,DDK3,Caron_2018,GFZ,96,none,0.464541033505723
GFZ_535,0.863013698630137,0.816326530612245,0.958333333333333,49,FALSE,DDK3,Caron_2018,GFZ,96,GravIS,0.464541033505723
GFZ_536,0.821917808219178,0.755102040816326,0.958333333333333,49,FALSE,DDK3,Peltier_ICE6G_D,GFZ,96,none,0.714086690288774
GFZ_537,0.835616438356164,0.775510204081633,0.958333333333333,49,TRUE,DDK3,Peltier_ICE6G_D,GFZ,96,GravIS,0.629897961013215
GFZ_538,0.821917808219178,0.755102040816326,0.958333333333333,49,FALSE,DDK3,Peltier_ICE6G_D,GFZ,96,none,0.714086690288774
GFZ_539,0.835616438356164,0.775510204081633,0.958333333333333,49,FALSE,DDK3,Peltier_ICE6G_D,GFZ,96,GravIS,0.629897961013215
GFZ_54,0.863013698630137,0.816326530612245,0.958333333333333,49,FALSE,G400,Caron_2018,GFZ,60,none,0.564441384880312
GFZ_540,0.835616438356164,0.775510204081633,0.958333333333333,49,FALSE,DDK3,Peltier_ICE6G_D,GFZ,96,none,0.684980942163589
GFZ_541,0.821917808219178,0.755102040816326,0.958333333333333,49,FALSE,DDK3,Peltier_ICE6G_D,GFZ,96,GravIS,0.714086690288774
GFZ_542,0.808219178082192,0.73469387755102,0.958333333333333,49,FALSE,DDK3,Peltier_ICE6G_D,GFZ,96,none,0.860830915349469
GFZ_543,0.821917808219178,0.755102040816326,0.958333333333333,49,FALSE,DDK3,Peltier_ICE6G_D,GFZ,96,GravIS,0.714086690288774
GFZ_544,0.876712328767123,0.816326530612245,1,49,FALSE,DDK5,none,GFZ,96,none,0.322780097649454
GFZ_545,0.876712328767123,0.816326530612245,1,49,FALSE,DDK5,none,GFZ,96,GravIS,0.322780097649454
GFZ_546,0.89041095890411,0.836734693877551,1,49,FALSE,DDK5,none,GFZ,96,none,0.34165264348958
GFZ_547,0.89041095890411,0.836734693877551,1,49,FALSE,DDK5,none,GFZ,96,GravIS,0.34165264348958
GFZ_548,0.89041095890411,0.836734693877551,1,49,FALSE,DDK5,none,GFZ,96,none,0.313868973562053
GFZ_549,0.876712328767123,0.816326530612245,1,49,FALSE,DDK5,none,GFZ,96,GravIS,0.322780097649454
GFZ_55,0.904109589041096,0.877551020408163,0.958333333333333,49,FALSE,G400,Caron_2018,GFZ,60,GravIS,0.311869817369421
GFZ_550,0.876712328767123,0.816326530612245,1,49,FALSE,DDK5,none,GFZ,96,none,0.322780097649454
GFZ_551,0.876712328767123,0.816326530612245,1,49,FALSE,DDK5,none,GFZ,96,GravIS,0.322780097649454
GFZ_552,0.821917808219178,0.755102040816326,0.958333333333333,49,FALSE,DDK5,Geruo_ICE5G_VM2,GFZ,96,none,0.697182269404405
GFZ_553,0.835616438356164,0.775510204081633,0.958333333333333,49,TRUE,DDK5,Geruo_ICE5G_VM2,GFZ,96,GravIS,0.628761291625416
GFZ_554,0.821917808219178,0.755102040816326,0.958333333333333,49,FALSE,DDK5,Geruo_ICE5G_VM2,GFZ,96,none,0.697182269404405
GFZ_555,0.835616438356164,0.775510204081633,0.958333333333333,49,FALSE,DDK5,Geruo_ICE5G_VM2,GFZ,96,GravIS,0.628761291625416
GFZ_556,0.821917808219178,0.755102040816326,0.958333333333333,49,FALSE,DDK5,Geruo_ICE5G_VM2,GFZ,96,none,0.697182269404405
GFZ_557,0.821917808219178,0.755102040816326,0.958333333333333,49,FALSE,DDK5,Geruo_ICE5G_VM2,GFZ,96,GravIS,0.697182269404405
GFZ_558,0.821917808219178,0.755102040816326,0.958333333333333,49,FALSE,DDK5,Geruo_ICE5G_VM2,GFZ,96,none,0.697182269404405
GFZ_559,0.821917808219178,0.755102040816326,0.958333333333333,49,FALSE,DDK5,Geruo_ICE5G_VM2,GFZ,96,GravIS,0.697182269404405
GFZ_56,0.876712328767123,0.836734693877551,0.958333333333333,49,FALSE,G400,Peltier_ICE6G_D,GFZ,60,none,0.464776517797142
GFZ_560,0.794520547945206,0.714285714285714,0.958333333333333,49,FALSE,DDK5,Caron_2018,GFZ,96,none,0.783890477532148
GFZ_561,0.808219178082192,0.73469387755102,0.958333333333333,49,TRUE,DDK5,Caron_2018,GFZ,96,GravIS,0.724996813079707
GFZ_562,0.794520547945206,0.714285714285714,0.958333333333333,49,FALSE,DDK5,Caron_2018,GFZ,96,none,0.783890477532148
GFZ_563,0.808219178082192,0.73469387755102,0.958333333333333,49,FALSE,DDK5,Caron_2018,GFZ,96,GravIS,0.724996813079707
GFZ_564,0.794520547945206,0.714285714285714,0.958333333333333,49,FALSE,DDK5,Caron_2018,GFZ,96,none,0.783890477532148
GFZ_565,0.794520547945206,0.714285714285714,0.958333333333333,49,FALSE,DDK5,Caron_2018,GFZ,96,GravIS,0.783890477532148
GFZ_566,0.794520547945206,0.714285714285714,0.958333333333333,49,FALSE,DDK5,Caron_2018,GFZ,96,none,0.783890477532148
GFZ_567,0.794520547945206,0.714285714285714,0.958333333333333,49,FALSE,DDK5,Caron_2018,GFZ,96,GravIS,0.783890477532148
GFZ_568,0.794520547945206,0.714285714285714,0.958333333333333,49,FALSE,DDK5,Peltier_ICE6G_D,GFZ,96,none,0.870652670662803
GFZ_569,0.808219178082192,0.73469387755102,0.958333333333333,49,TRUE,DDK5,Peltier_ICE6G_D,GFZ,96,GravIS,0.782535891781298
GFZ_57,0.876712328767123,0.836734693877551,0.958333333333333,49,TRUE,G400,Peltier_ICE6G_D,GFZ,60,GravIS,0.464776517797142
GFZ_570,0.780821917808219,0.693877551020408,0.958333333333333,49,FALSE,DDK5,Peltier_ICE6G_D,GFZ,96,none,0.860245410488045
GFZ_571,0.808219178082192,0.73469387755102,0.958333333333333,49,FALSE,DDK5,Peltier_ICE6G_D,GFZ,96,GravIS,0.782535891781298
GFZ_572,0.794520547945206,0.714285714285714,0.958333333333333,49,FALSE,DDK5,Peltier_ICE6G_D,GFZ,96,none,0.870652670662803
GFZ_573,0.794520547945206,0.714285714285714,0.958333333333333,49,FALSE,DDK5,Peltier_ICE6G_D,GFZ,96,GravIS,0.870652670662803
GFZ_574,0.780821917808219,0.693877551020408,0.958333333333333,49,FALSE,DDK5,Peltier_ICE6G_D,GFZ,96,none,0.860245410488045
GFZ_575,0.794520547945206,0.714285714285714,0.958333333333333,49,FALSE,DDK5,Peltier_ICE6G_D,GFZ,96,GravIS,0.870652670662803
GFZ_576,0.794520547945206,0.73469387755102,0.916666666666667,49,FALSE,DDK7,none,GFZ,96,none,0.806818051832601
GFZ_577,0.780821917808219,0.714285714285714,0.916666666666667,49,FALSE,DDK7,none,GFZ,96,GravIS,0.947787073016182
GFZ_578,0.794520547945206,0.73469387755102,0.916666666666667,49,FALSE,DDK7,none,GFZ,96,none,0.806818051832601
GFZ_579,0.780821917808219,0.714285714285714,0.916666666666667,49,FALSE,DDK7,none,GFZ,96,GravIS,0.947787073016182
GFZ_58,0.863013698630137,0.816326530612245,0.958333333333333,49,FALSE,G400,Peltier_ICE6G_D,GFZ,60,none,0.569964292380983
GFZ_580,0.794520547945206,0.73469387755102,0.916666666666667,49,FALSE,DDK7,none,GFZ,96,none,0.806818051832601
GFZ_581,0.780821917808219,0.714285714285714,0.916666666666667,49,FALSE,DDK7,none,GFZ,96,GravIS,0.947787073016182
GFZ_582,0.794520547945206,0.73469387755102,0.916666666666667,49,FALSE,DDK7,none,GFZ,96,none,0.806818051832601
GFZ_583,0.794520547945206,0.73469387755102,0.916666666666667,49,FALSE,DDK7,none,GFZ,96,GravIS,0.806818051832601
GFZ_584,0.780821917808219,0.714285714285714,0.916666666666667,49,FALSE,DDK7,Geruo_ICE5G_VM2,GFZ,96,none,0.798384666551013
GFZ_585,0.767123287671233,0.693877551020408,0.916666666666667,49,TRUE,DDK7,Geruo_ICE5G_VM2,GFZ,96,GravIS,0.924942280228882
GFZ_586,0.780821917808219,0.714285714285714,0.916666666666667,49,FALSE,DDK7,Geruo_ICE5G_VM2,GFZ,96,none,0.798384666551013
GFZ_587,0.780821917808219,0.714285714285714,0.916666666666667,49,FALSE,DDK7,Geruo_ICE5G_VM2,GFZ,96,GravIS,0.798384666551013
GFZ_588,0.780821917808219,0.714285714285714,0.916666666666667,49,FALSE,DDK7,Geruo_ICE5G_VM2,GFZ,96,none,0.798384666551013
GFZ_589,0.780821917808219,0.714285714285714,0.916666666666667,49,FALSE,DDK7,Geruo_ICE5G_VM2,GFZ,96,GravIS,0.798384666551013
GFZ_59,0.876712328767123,0.836734693877551,0.958333333333333,49,FALSE,G400,Peltier_ICE6G_D,GFZ,60,GravIS,0.464776517797142
GFZ_590,0.780821917808219,0.714285714285714,0.916666666666667,49,FALSE,DDK7,Geruo_ICE5G_VM2,GFZ,96,none,0.798384666551013
GFZ_591,0.780821917808219,0.714285714285714,0.916666666666667,49,FALSE,DDK7,Geruo_ICE5G_VM2,GFZ,96,GravIS,0.798384666551013
GFZ_592,0.73972602739726,0.653061224489796,0.916666666666667,49,FALSE,DDK7,Caron_2018,GFZ,96,none,1.03584555157592
GFZ_593,0.73972602739726,0.653061224489796,0.916666666666667,49,TRUE,DDK7,Caron_2018,GFZ,96,GravIS,1.07375991854868
GFZ_594,0.73972602739726,0.653061224489796,0.916666666666667,49,FALSE,DDK7,Caron_2018,GFZ,96,none,1.03584555157592
GFZ_595,0.753424657534247,0.673469387755102,0.916666666666667,49,FALSE,DDK7,Caron_2018,GFZ,96,GravIS,0.934303600014479
GFZ_596,0.767123287671233,0.693877551020408,0.916666666666667,49,FALSE,DDK7,Caron_2018,GFZ,96,none,0.925219178722693
GFZ_597,0.753424657534247,0.673469387755102,0.916666666666667,49,FALSE,DDK7,Caron_2018,GFZ,96,GravIS,0.934303600014479
GFZ_598,0.753424657534247,0.673469387755102,0.916666666666667,49,FALSE,DDK7,Caron_2018,GFZ,96,none,0.934303600014479
GFZ_599,0.753424657534247,0.673469387755102,0.916666666666667,49,FALSE,DDK7,Caron_2018,GFZ,96,GravIS,0.934303600014479
GFZ_6,0.89041095890411,0.836734693877551,1,49,FALSE,G300,none,GFZ,60,none,0.374619268697192
GFZ_60,0.876712328767123,0.836734693877551,0.958333333333333,49,FALSE,G400,Peltier_ICE6G_D,GFZ,60,none,0.464776517797142
GFZ_600,0.712328767123288,0.612244897959184,0.916666666666667,49,FALSE,DDK7,Peltier_ICE6G_D,GFZ,96,none,1.20545142954503
GFZ_601,0.726027397260274,0.63265306122449,0.916666666666667,49,TRUE,DDK7,Peltier_ICE6G_D,GFZ,96,GravIS,1.13451854081722
GFZ_602,0.712328767123288,0.612244897959184,0.916666666666667,49,FALSE,DDK7,Peltier_ICE6G_D,GFZ,96,none,1.20545142954503
GFZ_603,0.712328767123288,0.612244897959184,0.916666666666667,49,FALSE,DDK7,Peltier_ICE6G_D,GFZ,96,GravIS,1.20545142954503
GFZ_604,0.73972602739726,0.653061224489796,0.916666666666667,49,FALSE,DDK7,Peltier_ICE6G_D,GFZ,96,none,1.06543434457253
GFZ_605,0.726027397260274,0.63265306122449,0.916666666666667,49,FALSE,DDK7,Peltier_ICE6G_D,GFZ,96,GravIS,1.22520383854692
GFZ_606,0.726027397260274,0.63265306122449,0.916666666666667,49,FALSE,DDK7,Peltier_ICE6G_D,GFZ,96,none,1.05824687237866
GFZ_607,0.712328767123288,0.612244897959184,0.916666666666667,49,FALSE,DDK7,Peltier_ICE6G_D,GFZ,96,GravIS,1.20545142954503
GFZ_608,0.794520547945206,0.73469387755102,0.916666666666667,49,FALSE,DDK8,none,GFZ,96,none,1.30438817723397
GFZ_609,0.808219178082192,0.755102040816326,0.916666666666667,49,FALSE,DDK8,none,GFZ,96,GravIS,1.09832292543261
GFZ_61,0.89041095890411,0.857142857142857,0.958333333333333,49,FALSE,G400,Peltier_ICE6G_D,GFZ,60,GravIS,0.377915314383454
GFZ_610,0.780821917808219,0.714285714285714,0.916666666666667,49,FALSE,DDK8,none,GFZ,96,none,1.24210063477646
GFZ_611,0.808219178082192,0.755102040816326,0.916666666666667,49,FALSE,DDK8,none,GFZ,96,GravIS,1.09832292543261
GFZ_612,0.808219178082192,0.755102040816326,0.916666666666667,49,FALSE,DDK8,none,GFZ,96,none,1.09832292543261
GFZ_613,0.808219178082192,0.755102040816326,0.916666666666667,49,FALSE,DDK8,none,GFZ,96,GravIS,1.09832292543261
GFZ_614,0.808219178082192,0.755102040816326,0.916666666666667,49,FALSE,DDK8,none,GFZ,96,none,1.09832292543261
GFZ_615,0.808219178082192,0.755102040816326,0.916666666666667,49,FALSE,DDK8,none,GFZ,96,GravIS,1.09832292543261
GFZ_616,0.780821917808219,0.714285714285714,0.916666666666667,49,FALSE,DDK8,Geruo_ICE5G_VM2,GFZ,96,none,1.46871473435889
GFZ_617,0.794520547945206,0.73469387755102,0.916666666666667,49,TRUE,DDK8,Geruo_ICE5G_VM2,GFZ,96,GravIS,1.24728117697387
GFZ_618,0.780821917808219,0.714285714285714,0.916666666666667,49,FALSE,DDK8,Geruo_ICE5G_VM2,GFZ,96,none,1.46871473435889
GFZ_619,0.794520547945206,0.73469387755102,0.916666666666667,49,FALSE,DDK8,Geruo_ICE5G_VM2,GFZ,96,GravIS,1.24728117697387
GFZ_62,0.849315068493151,0.795918367346939,0.958333333333333,49,FALSE,G400,Peltier_ICE6G_D,GFZ,60,none,0.682498654201426
GFZ_620,0.794520547945206,0.73469387755102,0.916666666666667,49,FALSE,DDK8,Geruo_ICE5G_VM2,GFZ,96,none,1.24728117697387
GFZ_621,0.794520547945206,0.73469387755102,0.916666666666667,49,FALSE,DDK8,Geruo_ICE5G_VM2,GFZ,96,GravIS,1.24728117697387
GFZ_622,0.780821917808219,0.714285714285714,0.916666666666667,49,FALSE,DDK8,Geruo_ICE5G_VM2,GFZ,96,none,1.21213333013721
GFZ_623,0.794520547945206,0.73469387755102,0.916666666666667,49,FALSE,DDK8,Geruo_ICE5G_VM2,GFZ,96,GravIS,1.24728117697387
GFZ_624,0.753424657534247,0.673469387755102,0.916666666666667,49,FALSE,DDK8,Caron_2018,GFZ,96,none,1.53963565478027
GFZ_625,0.767123287671233,0.693877551020408,0.916666666666667,49,TRUE,DDK8,Caron_2018,GFZ,96,GravIS,1.34436520084991
GFZ_626,0.753424657534247,0.673469387755102,0.916666666666667,49,FALSE,DDK8,Caron_2018,GFZ,96,none,1.53963565478027
GFZ_627,0.767123287671233,0.693877551020408,0.916666666666667,49,FALSE,DDK8,Caron_2018,GFZ,96,GravIS,1.34436520084991
GFZ_628,0.767123287671233,0.693877551020408,0.916666666666667,49,FALSE,DDK8,Caron_2018,GFZ,96,none,1.34436520084991
GFZ_629,0.767123287671233,0.693877551020408,0.916666666666667,49,FALSE,DDK8,Caron_2018,GFZ,96,GravIS,1.34436520084991
GFZ_63,0.876712328767123,0.836734693877551,0.958333333333333,49,FALSE,G400,Peltier_ICE6G_D,GFZ,60,GravIS,0.464776517797142
GFZ_630,0.767123287671233,0.693877551020408,0.916666666666667,49,FALSE,DDK8,Caron_2018,GFZ,96,none,1.34436520084991
GFZ_631,0.767123287671233,0.693877551020408,0.916666666666667,49,FALSE,DDK8,Caron_2018,GFZ,96,GravIS,1.34436520084991
GFZ_632,0.73972602739726,0.653061224489796,0.916666666666667,49,FALSE,DDK8,Peltier_ICE6G_D,GFZ,96,none,1.65482881172459
GFZ_633,0.753424657534247,0.673469387755102,0.916666666666667,49,TRUE,DDK8,Peltier_ICE6G_D,GFZ,96,GravIS,1.45648766327796
GFZ_634,0.753424657534247,0.673469387755102,0.916666666666667,49,FALSE,DDK8,Peltier_ICE6G_D,GFZ,96,none,1.45648766327796
GFZ_635,0.753424657534247,0.673469387755102,0.916666666666667,49,FALSE,DDK8,Peltier_ICE6G_D,GFZ,96,GravIS,1.45648766327796
GFZ_636,0.753424657534247,0.673469387755102,0.916666666666667,49,FALSE,DDK8,Peltier_ICE6G_D,GFZ,96,none,1.45648766327796
GFZ_637,0.753424657534247,0.673469387755102,0.916666666666667,49,FALSE,DDK8,Peltier_ICE6G_D,GFZ,96,GravIS,1.45648766327796
GFZ_638,0.753424657534247,0.673469387755102,0.916666666666667,49,FALSE,DDK8,Peltier_ICE6G_D,GFZ,96,none,1.45648766327796
GFZ_639,0.753424657534247,0.673469387755102,0.916666666666667,49,FALSE,DDK8,Peltier_ICE6G_D,GFZ,96,GravIS,1.45648766327796
GFZ_64,0.904109589041096,0.877551020408163,0.958333333333333,49,FALSE,G500,none,GFZ,60,none,0.352378468761893
GFZ_65,0.89041095890411,0.857142857142857,0.958333333333333,49,FALSE,G500,none,GFZ,60,GravIS,0.40352167703791
GFZ_66,0.904109589041096,0.877551020408163,0.958333333333333,49,FALSE,G500,none,GFZ,60,none,0.352378468761893
GFZ_67,0.904109589041096,0.877551020408163,0.958333333333333,49,FALSE,G500,none,GFZ,60,GravIS,0.352378468761893
GFZ_68,0.931506849315068,0.918367346938776,0.958333333333333,49,FALSE,G500,none,GFZ,60,none,0.0118254334896456
GFZ_69,0.917808219178082,0.897959183673469,0.958333333333333,49,FALSE,G500,none,GFZ,60,GravIS,0.249279493751063
GFZ_7,0.89041095890411,0.836734693877551,1,49,FALSE,G300,none,GFZ,60,GravIS,0.374619268697192
GFZ_70,0.931506849315068,0.918367346938776,0.958333333333333,49,FALSE,G500,none,GFZ,60,none,0.0118254334896456
GFZ_71,0.931506849315068,0.918367346938776,0.958333333333333,49,FALSE,G500,none,GFZ,60,GravIS,0.0118254334896456
GFZ_72,0.958904109589041,0.938775510204082,1,49,FALSE,G500,Geruo_ICE5G_VM2,GFZ,60,none,0.107027899228662
GFZ_73,0.958904109589041,0.938775510204082,1,49,TRUE,G500,Geruo_ICE5G_VM2,GFZ,60,GravIS,0.107027899228662
GFZ_74,0.958904109589041,0.938775510204082,1,49,FALSE,G500,Geruo_ICE5G_VM2,GFZ,60,none,0.107027899228662
GFZ_75,0.958904109589041,0.938775510204082,1,49,FALSE,G500,Geruo_ICE5G_VM2,GFZ,60,GravIS,0.107027899228662
GFZ_76,0.958904109589041,0.938775510204082,1,49,FALSE,G500,Geruo_ICE5G_VM2,GFZ,60,none,0.107027899228662
GFZ_77,0.945205479452055,0.918367346938776,1,49,FALSE,G500,Geruo_ICE5G_VM2,GFZ,60,GravIS,0.153513866150932
GFZ_78,0.958904109589041,0.938775510204082,1,49,FALSE,G500,Geruo_ICE5G_VM2,GFZ,60,none,0.107027899228662
GFZ_79,0.958904109589041,0.938775510204082,1,49,FALSE,G500,Geruo_ICE5G_VM2,GFZ,60,GravIS,0.107027899228662
GFZ_8,0.904109589041096,0.857142857142857,1,49,FALSE,G300,Geruo_ICE5G_VM2,GFZ,60,none,0.311769291824717
GFZ_80,0.89041095890411,0.857142857142857,0.958333333333333,49,FALSE,G500,Caron_2018,GFZ,60,none,0.434543297283421
GFZ_81,0.89041095890411,0.857142857142857,0.958333333333333,49,TRUE,G500,Caron_2018,GFZ,60,GravIS,0.365746033918205
GFZ_82,0.89041095890411,0.857142857142857,0.958333333333333,49,FALSE,G500,Caron_2018,GFZ,60,none,0.434543297283421
GFZ_83,0.876712328767123,0.836734693877551,0.958333333333333,49,FALSE,G500,Caron_2018,GFZ,60,GravIS,0.43695355919102
GFZ_84,0.876712328767123,0.836734693877551,0.958333333333333,49,FALSE,G500,Caron_2018,GFZ,60,none,0.554819973719292
GFZ_85,0.876712328767123,0.836734693877551,0.958333333333333,49,FALSE,G500,Caron_2018,GFZ,60,GravIS,0.43695355919102
GFZ_86,0.876712328767123,0.836734693877551,0.958333333333333,49,FALSE,G500,Caron_2018,GFZ,60,none,0.554819973719292
GFZ_87,0.876712328767123,0.836734693877551,0.958333333333333,49,FALSE,G500,Caron_2018,GFZ,60,GravIS,0.43695355919102
GFZ_88,0.849315068493151,0.795918367346939,0.958333333333333,49,FALSE,G500,Peltier_ICE6G_D,GFZ,60,none,1.01995082439183
GFZ_89,0.863013698630137,0.816326530612245,0.958333333333333,49,TRUE,G500,Peltier_ICE6G_D,GFZ,60,GravIS,0.53835932181679
GFZ_9,0.917808219178082,0.877551020408163,1,49,TRUE,G300,Geruo_ICE5G_VM2,GFZ,60,GravIS,0.249782406231719
GFZ_90,0.849315068493151,0.795918367346939,0.958333333333333,49,FALSE,G500,Peltier_ICE6G_D,GFZ,60,none,1.01995082439183
GFZ_91,0.849315068493151,0.795918367346939,0.958333333333333,49,FALSE,G500,Peltier_ICE6G_D,GFZ,60,GravIS,0.649855857827361
GFZ_92,0.835616438356164,0.775510204081633,0.958333333333333,49,FALSE,G500,Peltier_ICE6G_D,GFZ,60,none,0.782288857849745
GFZ_93,0.863013698630137,0.816326530612245,0.958333333333333,49,FALSE,G500,Peltier_ICE6G_D,GFZ,60,GravIS,0.53835932181679
GFZ_94,0.835616438356164,0.775510204081633,0.958333333333333,49,FALSE,G500,Peltier_ICE6G_D,GFZ,60,none,1.26087937602447
GFZ_95,0.849315068493151,0.795918367346939,0.958333333333333,49,FALSE,G500,Peltier_ICE6G_D,GFZ,60,GravIS,0.649855857827361
GFZ_96,0.89041095890411,0.836734693877551,1,49,FALSE,Swenson_G300,none,GFZ,60,none,0.362176991349308
GFZ_97,0.876712328767123,0.816326530612245,1,49,FALSE,Swenson_G300,none,GFZ,60,GravIS,0.419355449860947
GFZ_98,0.876712328767123,0.816326530612245,1,49,FALSE,Swenson_G300,none,GFZ,60,none,0.419355449860947
GFZ_99,0.876712328767123,0.816326530612245,1,49,FALSE,Swenson_G300,none,GFZ,60,GravIS,0.419355449860947
JPL_0,0.849315068493151,0.816326530612245,0.916666666666667,49,FALSE,G300,none,JPL,60,none,0.618898949673742
JPL_1,0.849315068493151,0.816326530612245,0.916666666666667,49,FALSE,G300,none,JPL,60,GravIS,0.618898949673742
JPL_10,0.863013698630137,0.836734693877551,0.916666666666667,49,FALSE,G300,Geruo_ICE5G_VM2,JPL,60,none,0.503288254234208
JPL_100,0.849315068493151,0.775510204081633,1,49,FALSE,Swenson_G300,none,JPL,60,none,0.379844977668732
JPL_101,0.835616438356164,0.755102040816326,1,49,FALSE,Swenson_G300,none,JPL,60,GravIS,0.408663123110157
JPL_102,0.876712328767123,0.816326530612245,1,49,FALSE,Swenson_G300,none,JPL,60,none,0.314016463019634
JPL_103,0.849315068493151,0.775510204081633,1,49,FALSE,Swenson_G300,none,JPL,60,GravIS,0.389445495538083
JPL_104,0.835616438356164,0.775510204081633,0.958333333333333,49,FALSE,Swenson_G300,Geruo_ICE5G_VM2,JPL,60,none,0.62595295395496
JPL_105,0.876712328767123,0.836734693877551,0.958333333333333,49,TRUE,Swenson_G300,Geruo_ICE5G_VM2,JPL,60,GravIS,0.402909200454854
JPL_106,0.849315068493151,0.795918367346939,0.958333333333333,49,FALSE,Swenson_G300,Geruo_ICE5G_VM2,JPL,60,none,0.541523362475104
JPL_107,0.876712328767123,0.836734693877551,0.958333333333333,49,FALSE,Swenson_G300,Geruo_ICE5G_VM2,JPL,60,GravIS,0.402909200454854
JPL_108,0.849315068493151,0.795918367346939,0.958333333333333,49,FALSE,Swenson_G300,Geruo_ICE5G_VM2,JPL,60,none,0.560121326522018
JPL_109,0.876712328767123,0.836734693877551,0.958333333333333,49,FALSE,Swenson_G300,Geruo_ICE5G_VM2,JPL,60,GravIS,0.402909200454854
JPL_11,0.863013698630137,0.836734693877551,0.916666666666667,49,FALSE,G300,Geruo_ICE5G_VM2,JPL,60,GravIS,0.503288254234208
JPL_110,0.849315068493151,0.795918367346939,0.958333333333333,49,FALSE,Swenson_G300,Geruo_ICE5G_VM2,JPL,60,none,0.560121326522018
JPL_111,0.876712328767123,0.836734693877551,0.958333333333333,49,FALSE,Swenson_G300,Geruo_ICE5G_VM2,JPL,60,GravIS,0.402909200454854
JPL_112,0.808219178082192,0.755102040816326,0.916666666666667,49,FALSE,Swenson_G300,Caron_2018,JPL,60,none,1.16411460672108
JPL_113,0.821917808219178,0.775510204081633,0.916666666666667,49,TRUE,Swenson_G300,Caron_2018,JPL,60,GravIS,0.904108890728657
JPL_114,0.794520547945206,0.73469387755102,0.916666666666667,49,FALSE,Swenson_G300,Caron_2018,JPL,60,none,1.13647798326482
JPL_115,0.821917808219178,0.775510204081633,0.916666666666667,49,FALSE,Swenson_G300,Caron_2018,JPL,60,GravIS,0.904108890728657
JPL_116,0.808219178082192,0.755102040816326,0.916666666666667,49,FALSE,Swenson_G300,Caron_2018,JPL,60,none,1.16411460672108
JPL_117,0.835616438356164,0.795918367346939,0.916666666666667,49,FALSE,Swenson_G300,Caron_2018,JPL,60,GravIS,0.91496508262683
JPL_118,0.821917808219178,0.775510204081633,0.916666666666667,49,FALSE,Swenson_G300,Caron_2018,JPL,60,none,1.2319536980093
JPL_119,0.835616438356164,0.795918367346939,0.916666666666667,49,FALSE,Swenson_G300,Caron_2018,JPL,60,GravIS,0.91496508262683
JPL_12,0.89041095890411,0.857142857142857,0.958333333333333,49,FALSE,G300,Geruo_ICE5G_VM2,JPL,60,none,0.370877209400975
JPL_120,0.767123287671233,0.693877551020408,0.916666666666667,49,FALSE,Swenson_G300,Peltier_ICE6G_D,JPL,60,none,1.63089095680914
JPL_121,0.808219178082192,0.73469387755102,0.958333333333333,49,TRUE,Swenson_G300,Peltier_ICE6G_D,JPL,60,GravIS,0.903989819828594
JPL_122,0.767123287671233,0.693877551020408,0.916666666666667,49,FALSE,Swenson_G300,Peltier_ICE6G_D,JPL,60,none,1.63089095680914
JPL_123,0.808219178082192,0.73469387755102,0.958333333333333,49,FALSE,Swenson_G300,Peltier_ICE6G_D,JPL,60,GravIS,0.903989819828594
JPL_124,0.780821917808219,0.714285714285714,0.916666666666667,49,FALSE,Swenson_G300,Peltier_ICE6G_D,JPL,60,none,1.85183816627457
JPL_125,0.808219178082192,0.73469387755102,0.958333333333333,49,FALSE,Swenson_G300,Peltier_ICE6G_D,JPL,60,GravIS,1.0658650829288
JPL_126,0.794520547945206,0.73469387755102,0.916666666666667,49,FALSE,Swenson_G300,Peltier_ICE6G_D,JPL,60,none,1.5403366755984
JPL_127,0.808219178082192,0.73469387755102,0.958333333333333,49,FALSE,Swenson_G300,Peltier_ICE6G_D,JPL,60,GravIS,1.0658650829288
JPL_128,0.863013698630137,0.816326530612245,0.958333333333333,49,FALSE,Swenson_G500,none,JPL,60,none,0.404001048227248
JPL_129,0.863013698630137,0.816326530612245,0.958333333333333,49,FALSE,Swenson_G500,none,JPL,60,GravIS,0.404001048227248
JPL_13,0.876712328767123,0.836734693877551,0.958333333333333,49,FALSE,G300,Geruo_ICE5G_VM2,JPL,60,GravIS,0.398744060339108
JPL_130,0.863013698630137,0.816326530612245,0.958333333333333,49,FALSE,Swenson_G500,none,JPL,60,none,0.404001048227248
JPL_131,0.863013698630137,0.816326530612245,0.958333333333333,49,FALSE,Swenson_G500,none,JPL,60,GravIS,0.404001048227248
JPL_132,0.89041095890411,0.857142857142857,0.958333333333333,49,FALSE,Swenson_G500,none,JPL,60,none,0.35740391900231
JPL_133,0.89041095890411,0.857142857142857,0.958333333333333,49,FALSE,Swenson_G500,none,JPL,60,GravIS,0.35740391900231
JPL_134,0.89041095890411,0.857142857142857,0.958333333333333,49,FALSE,Swenson_G500,none,JPL,60,none,0.35740391900231
JPL_135,0.89041095890411,0.857142857142857,0.958333333333333,49,FALSE,Swenson_G500,none,JPL,60,GravIS,0.35740391900231
JPL_136,0.89041095890411,0.857142857142857,0.958333333333333,49,FALSE,Swenson_G500,Geruo_ICE5G_VM2,JPL,60,none,0.389754128171697
JPL_137,0.89041095890411,0.857142857142857,0.958333333333333,49,TRUE,Swenson_G500,Geruo_ICE5G_VM2,JPL,60,GravIS,0.389754128171697
JPL_138,0.89041095890411,0.857142857142857,0.958333333333333,49,FALSE,Swenson_G500,Geruo_ICE5G_VM2,JPL,60,none,0.389754128171697
JPL_139,0.89041095890411,0.857142857142857,0.958333333333333,49,FALSE,Swenson_G500,Geruo_ICE5G_VM2,JPL,60,GravIS,0.389754128171697
JPL_14,0.89041095890411,0.857142857142857,0.958333333333333,49,FALSE,G300,Geruo_ICE5G_VM2,JPL,60,none,0.370877209400975
JPL_140,0.89041095890411,0.857142857142857,0.958333333333333,49,FALSE,Swenson_G500,Geruo_ICE5G_VM2,JPL,60,none,0.389754128171697
JPL_141,0.89041095890411,0.857142857142857,0.958333333333333,49,FALSE,Swenson_G500,Geruo_ICE5G_VM2,JPL,60,GravIS,0.389754128171697
JPL_142,0.89041095890411,0.857142857142857,0.958333333333333,49,FALSE,Swenson_G500,Geruo_ICE5G_VM2,JPL,60,none,0.389754128171697
JPL_143,0.89041095890411,0.857142857142857,0.958333333333333,49,FALSE,Swenson_G500,Geruo_ICE5G_VM2,JPL,60,GravIS,0.389754128171697
JPL_144,0.780821917808219,0.755102040816326,0.833333333333333,49,FALSE,Swenson_G500,Caron_2018,JPL,60,none,5.05985728382429
JPL_145,0.808219178082192,0.755102040816326,0.916666666666667,49,TRUE,Swenson_G500,Caron_2018,JPL,60,GravIS,1.57472589839435
JPL_146,0.794520547945206,0.755102040816326,0.875,49,FALSE,Swenson_G500,Caron_2018,JPL,60,none,2.99287577249991
JPL_147,0.808219178082192,0.755102040816326,0.916666666666667,49,FALSE,Swenson_G500,Caron_2018,JPL,60,GravIS,1.57472589839435
JPL_148,0.794520547945206,0.755102040816326,0.875,49,FALSE,Swenson_G500,Caron_2018,JPL,60,none,2.99287577249991
JPL_149,0.808219178082192,0.755102040816326,0.916666666666667,49,FALSE,Swenson_G500,Caron_2018,JPL,60,GravIS,1.57472589839435
JPL_15,0.89041095890411,0.857142857142857,0.958333333333333,49,FALSE,G300,Geruo_ICE5G_VM2,JPL,60,GravIS,0.370877209400975
JPL_150,0.794520547945206,0.755102040816326,0.875,49,FALSE,Swenson_G500,Caron_2018,JPL,60,none,2.99287577249991
JPL_151,0.808219178082192,0.755102040816326,0.916666666666667,49,FALSE,Swenson_G500,Caron_2018,JPL,60,GravIS,1.57472589839435
JPL_152,0.780821917808219,0.73469387755102,0.875,49,FALSE,Swenson_G500,Peltier_ICE6G_D,JPL,60,none,2.75369370126085
JPL_153,0.794520547945206,0.755102040816326,0.875,49,TRUE,Swenson_G500,Peltier_ICE6G_D,JPL,60,GravIS,2.3804175267401
JPL_154,0.780821917808219,0.73469387755102,0.875,49,FALSE,Swenson_G500,Peltier_ICE6G_D,JPL,60,none,2.75369370126085
JPL_155,0.808219178082192,0.755102040816326,0.916666666666667,49,FALSE,Swenson_G500,Peltier_ICE6G_D,JPL,60,GravIS,1.45298089832987
JPL_156,0.767123287671233,0.714285714285714,0.875,49,FALSE,Swenson_G500,Peltier_ICE6G_D,JPL,60,none,3.15233577139601
JPL_157,0.780821917808219,0.73469387755102,0.875,49,FALSE,Swenson_G500,Peltier_ICE6G_D,JPL,60,GravIS,2.76776225871781
JPL_158,0.767123287671233,0.714285714285714,0.875,49,FALSE,Swenson_G500,Peltier_ICE6G_D,JPL,60,none,3.15233577139601
JPL_159,0.780821917808219,0.73469387755102,0.875,49,FALSE,Swenson_G500,Peltier_ICE6G_D,JPL,60,GravIS,2.76776225871781
JPL_16,0.863013698630137,0.816326530612245,0.958333333333333,49,FALSE,G300,Caron_2018,JPL,60,none,0.513855504888102
JPL_160,0.876712328767123,0.816326530612245,1,49,FALSE,DDK2,none,JPL,60,none,0.405652475588574
JPL_161,0.876712328767123,0.816326530612245,1,49,FALSE,DDK2,none,JPL,60,GravIS,0.405652475588574
JPL_162,0.876712328767123,0.816326530612245,1,49,FALSE,DDK2,none,JPL,60,none,0.405652475588574
JPL_163,0.876712328767123,0.816326530612245,1,49,FALSE,DDK2,none,JPL,60,GravIS,0.405652475588574
JPL_164,0.89041095890411,0.836734693877551,1,49,FALSE,DDK2,none,JPL,60,none,0.35618532695336
JPL_165,0.876712328767123,0.816326530612245,1,49,FALSE,DDK2,none,JPL,60,GravIS,0.405652475588574
JPL_166,0.89041095890411,0.836734693877551,1,49,FALSE,DDK2,none,JPL,60,none,0.35618532695336
JPL_167,0.876712328767123,0.816326530612245,1,49,FALSE,DDK2,none,JPL,60,GravIS,0.405652475588574
JPL_168,0.917808219178082,0.877551020408163,1,49,FALSE,DDK2,Geruo_ICE5G_VM2,JPL,60,none,0.2220083459838
JPL_169,0.917808219178082,0.877551020408163,1,49,TRUE,DDK2,Geruo_ICE5G_VM2,JPL,60,GravIS,0.2220083459838
JPL_17,0.849315068493151,0.816326530612245,0.916666666666667,49,TRUE,G300,Caron_2018,JPL,60,GravIS,0.681124681212088
JPL_170,0.904109589041096,0.857142857142857,1,49,FALSE,DDK2,Geruo_ICE5G_VM2,JPL,60,none,0.265933550016632
JPL_171,0.917808219178082,0.877551020408163,1,49,FALSE,DDK2,Geruo_ICE5G_VM2,JPL,60,GravIS,0.2220083459838
JPL_172,0.917808219178082,0.877551020408163,1,49,FALSE,DDK2,Geruo_ICE5G_VM2,JPL,60,none,0.2220083459838
JPL_173,0.917808219178082,0.877551020408163,1,49,FALSE,DDK2,Geruo_ICE5G_VM2,JPL,60,GravIS,0.2220083459838
JPL_174,0.917808219178082,0.877551020408163,1,49,FALSE,DDK2,Geruo_ICE5G_VM2,JPL,60,none,0.2220083459838
JPL_175,0.917808219178082,0.877551020408163,1,49,FALSE,DDK2,Geruo_ICE5G_VM2,JPL,60,GravIS,0.2220083459838
JPL_176,0.89041095890411,0.877551020408163,0.916666666666667,49,FALSE,DDK2,Caron_2018,JPL,60,none,0.428366073317671
JPL_177,0.904109589041096,0.897959183673469,0.916666666666667,49,TRUE,DDK2,Caron_2018,JPL,60,GravIS,0.317335747050288
JPL_178,0.89041095890411,0.877551020408163,0.916666666666667,49,FALSE,DDK2,Caron_2018,JPL,60,none,0.428366073317671
JPL_179,0.917808219178082,0.897959183673469,0.958333333333333,49,FALSE,DDK2,Caron_2018,JPL,60,GravIS,0.246055122816403
JPL_18,0.863013698630137,0.816326530612245,0.958333333333333,49,FALSE,G300,Caron_2018,JPL,60,none,0.513855504888102
JPL_180,0.904109589041096,0.897959183673469,0.916666666666667,49,FALSE,DDK2,Caron_2018,JPL,60,none,0.329472628161173
JPL_181,0.917808219178082,0.918367346938776,0.916666666666667,49,FALSE,DDK2,Caron_2018,JPL,60,GravIS,0.25323837935192
JPL_182,0.904109589041096,0.897959183673469,0.916666666666667,49,FALSE,DDK2,Caron_2018,JPL,60,none,0.329472628161173
JPL_183,0.931506849315068,0.918367346938776,0.958333333333333,49,FALSE,DDK2,Caron_2018,JPL,60,GravIS,0.196795221831264
JPL_184,0.917808219178082,0.877551020408163,1,49,FALSE,DDK2,Peltier_ICE6G_D,JPL,60,none,0.241663393372488
JPL_185,0.904109589041096,0.857142857142857,1,49,TRUE,DDK2,Peltier_ICE6G_D,JPL,60,GravIS,0.284527577502842
JPL_186,0.917808219178082,0.877551020408163,1,49,FALSE,DDK2,Peltier_ICE6G_D,JPL,60,none,0.241663393372488
JPL_187,0.917808219178082,0.877551020408163,1,49,FALSE,DDK2,Peltier_ICE6G_D,JPL,60,GravIS,0.235984277962106
JPL_188,0.917808219178082,0.877551020408163,1,49,FALSE,DDK2,Peltier_ICE6G_D,JPL,60,none,0.241663393372488
JPL_189,0.917808219178082,0.877551020408163,1,49,FALSE,DDK2,Peltier_ICE6G_D,JPL,60,GravIS,0.241663393372488
JPL_19,0.863013698630137,0.816326530612245,0.958333333333333,49,FALSE,G300,Caron_2018,JPL,60,GravIS,0.513855504888102
JPL_190,0.917808219178082,0.877551020408163,1,49,FALSE,DDK2,Peltier_ICE6G_D,JPL,60,none,0.241663393372488
JPL_191,0.917808219178082,0.877551020408163,1,49,FALSE,DDK2,Peltier_ICE6G_D,JPL,60,GravIS,0.241663393372488
JPL_192,0.835616438356164,0.775510204081633,0.958333333333333,49,FALSE,DDK3,none,JPL,60,none,0.87133452321037
JPL_193,0.821917808219178,0.755102040816326,0.958333333333333,49,FALSE,DDK3,none,JPL,60,GravIS,0.705950848781523
JPL_194,0.835616438356164,0.775510204081633,0.958333333333333,49,FALSE,DDK3,none,JPL,60,none,0.87133452321037
JPL_195,0.821917808219178,0.755102040816326,0.958333333333333,49,FALSE,DDK3,none,JPL,60,GravIS,0.705950848781523
JPL_196,0.849315068493151,0.775510204081633,1,49,FALSE,DDK3,none,JPL,60,none,0.638944540456891
JPL_197,0.863013698630137,0.816326530612245,0.958333333333333,49,FALSE,DDK3,none,JPL,60,GravIS,0.498289776959441
JPL_198,0.863013698630137,0.795918367346939,1,49,FALSE,DDK3,none,JPL,60,none,0.606379041267668
JPL_199,0.863013698630137,0.795918367346939,1,49,FALSE,DDK3,none,JPL,60,GravIS,0.462296612083823
JPL_2,0.849315068493151,0.816326530612245,0.916666666666667,49,FALSE,G300,none,JPL,60,none,0.618898949673742
JPL_20,0.849315068493151,0.795918367346939,0.958333333333333,49,FALSE,G300,Caron_2018,JPL,60,none,0.607876136767363
JPL_200,0.917808219178082,0.897959183673469,0.958333333333333,49,FALSE,DDK3,Geruo_ICE5G_VM2,JPL,60,none,0.0944367570580667
JPL_201,0.904109589041096,0.877551020408163,0.958333333333333,49,TRUE,DDK3,Geruo_ICE5G_VM2,JPL,60,GravIS,0.325220360514301
JPL_202,0.917808219178082,0.897959183673469,0.958333333333333,49,FALSE,DDK3,Geruo_ICE5G_VM2,JPL,60,none,0.0944367570580667
JPL_203,0.917808219178082,0.897959183673469,0.958333333333333,49,FALSE,DDK3,Geruo_ICE5G_VM2,JPL,60,GravIS,0.248815056397163
JPL_204,0.917808219178082,0.897959183673469,0.958333333333333,49,FALSE,DDK3,Geruo_ICE5G_VM2,JPL,60,none,0.0944367570580667
JPL_205,0.904109589041096,0.877551020408163,0.958333333333333,49,FALSE,DDK3,Geruo_ICE5G_VM2,JPL,60,GravIS,0.344132612157475
JPL_206,0.917808219178082,0.897959183673469,0.958333333333333,49,FALSE,DDK3,Geruo_ICE5G_VM2,JPL,60,none,0.0944367570580667
JPL_207,0.904109589041096,0.877551020408163,0.958333333333333,49,FALSE,DDK3,Geruo_ICE5G_VM2,JPL,60,GravIS,0.344132612157475
JPL_208,0.876712328767123,0.836734693877551,0.958333333333333,49,FALSE,DDK3,Caron_2018,JPL,60,none,0.63305430704697
JPL_209,0.89041095890411,0.857142857142857,0.958333333333333,49,TRUE,DDK3,Caron_2018,JPL,60,GravIS,0.464436678719012
JPL_21,0.863013698630137,0.816326530612245,0.958333333333333,49,FALSE,G300,Caron_2018,JPL,60,GravIS,0.513855504888102
JPL_210,0.904109589041096,0.877551020408163,0.958333333333333,49,FALSE,DDK3,Caron_2018,JPL,60,none,0.34664733014898
JPL_211,0.89041095890411,0.857142857142857,0.958333333333333,49,FALSE,DDK3,Caron_2018,JPL,60,GravIS,0.464436678719012
JPL_212,0.904109589041096,0.877551020408163,0.958333333333333,49,FALSE,DDK3,Caron_2018,JPL,60,none,0.34664733014898
JPL_213,0.904109589041096,0.877551020408163,0.958333333333333,49,FALSE,DDK3,Caron_2018,JPL,60,GravIS,0.34664733014898
JPL_214,0.904109589041096,0.877551020408163,0.958333333333333,49,FALSE,DDK3,Caron_2018,JPL,60,none,0.34664733014898
JPL_215,0.904109589041096,0.877551020408163,0.958333333333333,49,FALSE,DDK3,Caron_2018,JPL,60,GravIS,0.34664733014898
JPL_216,0.904109589041096,0.877551020408163,0.958333333333333,49,FALSE,DDK3,Peltier_ICE6G_D,JPL,60,none,0.346588974702387
JPL_217,0.917808219178082,0.897959183673469,0.958333333333333,49,TRUE,DDK3,Peltier_ICE6G_D,JPL,60,GravIS,0.246289566416837
JPL_218,0.904109589041096,0.877551020408163,0.958333333333333,49,FALSE,DDK3,Peltier_ICE6G_D,JPL,60,none,0.346588974702387
JPL_219,0.917808219178082,0.897959183673469,0.958333333333333,49,FALSE,DDK3,Peltier_ICE6G_D,JPL,60,GravIS,0.246289566416837
JPL_22,0.849315068493151,0.795918367346939,0.958333333333333,49,FALSE,G300,Caron_2018,JPL,60,none,0.607876136767363
JPL_220,0.904109589041096,0.877551020408163,0.958333333333333,49,FALSE,DDK3,Peltier_ICE6G_D,JPL,60,none,0.346588974702387
JPL_221,0.931506849315068,0.918367346938776,0.958333333333333,49,FALSE,DDK3,Peltier_ICE6G_D,JPL,60,GravIS,0.175465880239072
JPL_222,0.917808219178082,0.897959183673469,0.958333333333333,49,FALSE,DDK3,Peltier_ICE6G_D,JPL,60,none,0.246289566416837
JPL_223,0.931506849315068,0.918367346938776,0.958333333333333,49,FALSE,DDK3,Peltier_ICE6G_D,JPL,60,GravIS,0.175465880239072
JPL_224,0.863013698630137,0.877551020408163,0.833333333333333,49,FALSE,DDK5,none,JPL,60,none,21.3144894189361
JPL_225,0.849315068493151,0.857142857142857,0.833333333333333,49,FALSE,DDK5,none,JPL,60,GravIS,258.827096771819
JPL_226,0.849315068493151,0.857142857142857,0.833333333333333,49,FALSE,DDK5,none,JPL,60,none,258.827096771819
JPL_227,0.849315068493151,0.857142857142857,0.833333333333333,49,FALSE,DDK5,none,JPL,60,GravIS,258.827096771819
JPL_228,0.849315068493151,0.857142857142857,0.833333333333333,49,FALSE,DDK5,none,JPL,60,none,1.20613835644855
JPL_229,0.835616438356164,0.836734693877551,0.833333333333333,49,FALSE,DDK5,none,JPL,60,GravIS,1.75400506846539
JPL_23,0.863013698630137,0.816326530612245,0.958333333333333,49,FALSE,G300,Caron_2018,JPL,60,GravIS,0.513855504888102
JPL_230,0.849315068493151,0.857142857142857,0.833333333333333,49,FALSE,DDK5,none,JPL,60,none,1.20613835644855
JPL_231,0.835616438356164,0.836734693877551,0.833333333333333,49,FALSE,DDK5,none,JPL,60,GravIS,1.75400506846539
JPL_232,0.794520547945206,0.795918367346939,0.791666666666667,49,FALSE,DDK5,Geruo_ICE5G_VM2,JPL,60,none,19.6702231926568
JPL_233,0.794520547945206,0.795918367346939,0.791666666666667,49,TRUE,DDK5,Geruo_ICE5G_VM2,JPL,60,GravIS,19.6702231926568
JPL_234,0.794520547945206,0.795918367346939,0.791666666666667,49,FALSE,DDK5,Geruo_ICE5G_VM2,JPL,60,none,19.6702231926568
JPL_235,0.794520547945206,0.795918367346939,0.791666666666667,49,FALSE,DDK5,Geruo_ICE5G_VM2,JPL,60,GravIS,19.6702231926568
JPL_236,0.794520547945206,0.795918367346939,0.791666666666667,49,FALSE,DDK5,Geruo_ICE5G_VM2,JPL,60,none,19.6702231926568
JPL_237,0.794520547945206,0.795918367346939,0.791666666666667,49,FALSE,DDK5,Geruo_ICE5G_VM2,JPL,60,GravIS,19.6702231926568
JPL_238,0.794520547945206,0.795918367346939,0.791666666666667,49,FALSE,DDK5,Geruo_ICE5G_VM2,JPL,60,none,19.6702231926568
JPL_239,0.794520547945206,0.795918367346939,0.791666666666667,49,FALSE,DDK5,Geruo_ICE5G_VM2,JPL,60,GravIS,19.6702231926568
JPL_24,0.821917808219178,0.795918367346939,0.875,49,FALSE,G300,Peltier_ICE6G_D,JPL,60,none,1.33328410790334
JPL_240,0.780821917808219,0.755102040816326,0.833333333333333,49,FALSE,DDK5,Caron_2018,JPL,60,none,4.05657340905715
JPL_241,0.780821917808219,0.755102040816326,0.833333333333333,49,TRUE,DDK5,Caron_2018,JPL,60,GravIS,4.05657340905715
JPL_242,0.780821917808219,0.755102040816326,0.833333333333333,49,FALSE,DDK5,Caron_2018,JPL,60,none,4.05657340905715
JPL_243,0.794520547945206,0.775510204081633,0.833333333333333,49,FALSE,DDK5,Caron_2018,JPL,60,GravIS,3.78233877550813
JPL_244,0.780821917808219,0.755102040816326,0.833333333333333,49,FALSE,DDK5,Caron_2018,JPL,60,none,4.05657340905715
JPL_245,0.780821917808219,0.755102040816326,0.833333333333333,49,FALSE,DDK5,Caron_2018,JPL,60,GravIS,4.05657340905715
JPL_246,0.780821917808219,0.755102040816326,0.833333333333333,49,FALSE,DDK5,Caron_2018,JPL,60,none,4.05657340905715
JPL_247,0.780821917808219,0.755102040816326,0.833333333333333,49,FALSE,DDK5,Caron_2018,JPL,60,GravIS,4.05657340905715
JPL_248,0.780821917808219,0.755102040816326,0.833333333333333,49,FALSE,DDK5,Peltier_ICE6G_D,JPL,60,none,6.64233297131721
JPL_249,0.794520547945206,0.775510204081633,0.833333333333333,49,TRUE,DDK5,Peltier_ICE6G_D,JPL,60,GravIS,5.41593154006666
JPL_25,0.849315068493151,0.816326530612245,0.916666666666667,49,TRUE,G300,Peltier_ICE6G_D,JPL,60,GravIS,0.722409016972543
JPL_250,0.780821917808219,0.755102040816326,0.833333333333333,49,FALSE,DDK5,Peltier_ICE6G_D,JPL,60,none,6.64233297131721
JPL_251,0.794520547945206,0.775510204081633,0.833333333333333,49,FALSE,DDK5,Peltier_ICE6G_D,JPL,60,GravIS,5.41593154006666
JPL_252,0.794520547945206,0.775510204081633,0.833333333333333,49,FALSE,DDK5,Peltier_ICE6G_D,JPL,60,none,5.41593154006666
JPL_253,0.794520547945206,0.775510204081633,0.833333333333333,49,FALSE,DDK5,Peltier_ICE6G_D,JPL,60,GravIS,5.41593154006666
JPL_254,0.794520547945206,0.775510204081633,0.833333333333333,49,FALSE,DDK5,Peltier_ICE6G_D,JPL,60,none,5.41593154006666
JPL_255,0.794520547945206,0.775510204081633,0.833333333333333,49,FALSE,DDK5,Peltier_ICE6G_D,JPL,60,GravIS,5.41593154006666
JPL_256,0.753424657534247,0.714285714285714,0.833333333333333,49,FALSE,DDK7,none,JPL,60,none,3.52675059958454
JPL_257,0.753424657534247,0.714285714285714,0.833333333333333,49,FALSE,DDK7,none,JPL,60,GravIS,3.52675059958454
JPL_258,0.767123287671233,0.73469387755102,0.833333333333333,49,FALSE,DDK7,none,JPL,60,none,2.64282911854481
JPL_259,0.753424657534247,0.714285714285714,0.833333333333333,49,FALSE,DDK7,none,JPL,60,GravIS,3.52675059958454
JPL_26,0.821917808219178,0.795918367346939,0.875,49,FALSE,G300,Peltier_ICE6G_D,JPL,60,none,1.33328410790334
JPL_260,0.767123287671233,0.73469387755102,0.833333333333333,49,FALSE,DDK7,none,JPL,60,none,2.64282911854481
JPL_261,0.753424657534247,0.714285714285714,0.833333333333333,49,FALSE,DDK7,none,JPL,60,GravIS,3.52675059958454
JPL_262,0.767123287671233,0.73469387755102,0.833333333333333,49,FALSE,DDK7,none,JPL,60,none,2.64282911854481
JPL_263,0.753424657534247,0.714285714285714,0.833333333333333,49,FALSE,DDK7,none,JPL,60,GravIS,3.52675059958454
JPL_264,0.726027397260274,0.714285714285714,0.75,49,FALSE,DDK7,Geruo_ICE5G_VM2,JPL,60,none,16.7377077737619
JPL_265,0.726027397260274,0.693877551020408,0.791666666666667,49,TRUE,DDK7,Geruo_ICE5G_VM2,JPL,60,GravIS,7.4909414541911
JPL_266,0.726027397260274,0.714285714285714,0.75,49,FALSE,DDK7,Geruo_ICE5G_VM2,JPL,60,none,16.7377077737619
JPL_267,0.73972602739726,0.714285714285714,0.791666666666667,49,FALSE,DDK7,Geruo_ICE5G_VM2,JPL,60,GravIS,9.09468774888227
JPL_268,0.726027397260274,0.714285714285714,0.75,49,FALSE,DDK7,Geruo_ICE5G_VM2,JPL,60,none,16.7377077737619
JPL_269,0.726027397260274,0.714285714285714,0.75,49,FALSE,DDK7,Geruo_ICE5G_VM2,JPL,60,GravIS,16.7377077737619
JPL_27,0.849315068493151,0.816326530612245,0.916666666666667,49,FALSE,G300,Peltier_ICE6G_D,JPL,60,GravIS,0.722409016972543
JPL_270,0.726027397260274,0.714285714285714,0.75,49,FALSE,DDK7,Geruo_ICE5G_VM2,JPL,60,none,16.7377077737619
JPL_271,0.726027397260274,0.714285714285714,0.75,49,FALSE,DDK7,Geruo_ICE5G_VM2,JPL,60,GravIS,16.7377077737619
JPL_272,0.726027397260274,0.714285714285714,0.75,49,FALSE,DDK7,Caron_2018,JPL,60,none,16.7377077737619
JPL_273,0.73972602739726,0.714285714285714,0.791666666666667,49,TRUE,DDK7,Caron_2018,JPL,60,GravIS,9.09468774888227
JPL_274,0.726027397260274,0.714285714285714,0.75,49,FALSE,DDK7,Caron_2018,JPL,60,none,16.7377077737619
JPL_275,0.73972602739726,0.714285714285714,0.791666666666667,49,FALSE,DDK7,Caron_2018,JPL,60,GravIS,9.09468774888227
JPL_276,0.726027397260274,0.714285714285714,0.75,49,FALSE,DDK7,Caron_2018,JPL,60,none,16.7377077737619
JPL_277,0.726027397260274,0.714285714285714,0.75,49,FALSE,DDK7,Caron_2018,JPL,60,GravIS,16.7377077737619
JPL_278,0.726027397260274,0.714285714285714,0.75,49,FALSE,DDK7,Caron_2018,JPL,60,none,16.7377077737619
JPL_279,0.726027397260274,0.714285714285714,0.75,49,FALSE,DDK7,Caron_2018,JPL,60,GravIS,16.7377077737619
JPL_28,0.849315068493151,0.795918367346939,0.958333333333333,49,FALSE,G300,Peltier_ICE6G_D,JPL,60,none,0.661802887885401
JPL_280,0.726027397260274,0.714285714285714,0.75,49,FALSE,DDK7,Peltier_ICE6G_D,JPL,60,none,16.7377077737619
JPL_281,0.726027397260274,0.714285714285714,0.75,49,TRUE,DDK7,Peltier_ICE6G_D,JPL,60,GravIS,16.7377077737619
JPL_282,0.726027397260274,0.714285714285714,0.75,49,FALSE,DDK7,Peltier_ICE6G_D,JPL,60,none,16.7377077737619
JPL_283,0.726027397260274,0.714285714285714,0.75,49,FALSE,DDK7,Peltier_ICE6G_D,JPL,60,GravIS,16.7377077737619
JPL_284,0.726027397260274,0.714285714285714,0.75,49,FALSE,DDK7,Peltier_ICE6G_D,JPL,60,none,16.7377077737619
JPL_285,0.726027397260274,0.714285714285714,0.75,49,FALSE,DDK7,Peltier_ICE6G_D,JPL,60,GravIS,16.7377077737619
JPL_286,0.726027397260274,0.714285714285714,0.75,49,FALSE,DDK7,Peltier_ICE6G_D,JPL,60,none,16.7377077737619
JPL_287,0.726027397260274,0.714285714285714,0.75,49,FALSE,DDK7,Peltier_ICE6G_D,JPL,60,GravIS,16.7377077737619
JPL_288,0.712328767123288,0.673469387755102,0.791666666666667,49,FALSE,DDK8,none,JPL,60,none,3.29295528896318
JPL_289,0.726027397260274,0.693877551020408,0.791666666666667,49,FALSE,DDK8,none,JPL,60,GravIS,2.71777970991449
JPL_29,0.863013698630137,0.816326530612245,0.958333333333333,49,FALSE,G300,Peltier_ICE6G_D,JPL,60,GravIS,0.542451680647905
JPL_290,0.712328767123288,0.673469387755102,0.791666666666667,49,FALSE,DDK8,none,JPL,60,none,3.29295528896318
JPL_291,0.712328767123288,0.673469387755102,0.791666666666667,49,FALSE,DDK8,none,JPL,60,GravIS,3.29295528896318
JPL_292,0.712328767123288,0.673469387755102,0.791666666666667,49,FALSE,DDK8,none,JPL,60,none,3.29295528896318
JPL_293,0.726027397260274,0.693877551020408,0.791666666666667,49,FALSE,DDK8,none,JPL,60,GravIS,2.71777970991449
JPL_294,0.712328767123288,0.673469387755102,0.791666666666667,49,FALSE,DDK8,none,JPL,60,none,3.29295528896318
JPL_295,0.726027397260274,0.693877551020408,0.791666666666667,49,FALSE,DDK8,none,JPL,60,GravIS,2.71777970991449
JPL_296,0.698630136986301,0.693877551020408,0.708333333333333,49,FALSE,DDK8,Geruo_ICE5G_VM2,JPL,60,none,7.77189102183066
JPL_297,0.698630136986301,0.693877551020408,0.708333333333333,49,TRUE,DDK8,Geruo_ICE5G_VM2,JPL,60,GravIS,7.77189102183066
JPL_298,0.698630136986301,0.693877551020408,0.708333333333333,49,FALSE,DDK8,Geruo_ICE5G_VM2,JPL,60,none,7.77189102183066
JPL_299,0.698630136986301,0.693877551020408,0.708333333333333,49,FALSE,DDK8,Geruo_ICE5G_VM2,JPL,60,GravIS,7.77189102183066
JPL_3,0.849315068493151,0.816326530612245,0.916666666666667,49,FALSE,G300,none,JPL,60,GravIS,0.618898949673742
JPL_30,0.835616438356164,0.795918367346939,0.916666666666667,49,FALSE,G300,Peltier_ICE6G_D,JPL,60,none,0.896824896379156
JPL_300,0.698630136986301,0.693877551020408,0.708333333333333,49,FALSE,DDK8,Geruo_ICE5G_VM2,JPL,60,none,7.77189102183066
JPL_301,0.698630136986301,0.693877551020408,0.708333333333333,49,FALSE,DDK8,Geruo_ICE5G_VM2,JPL,60,GravIS,7.77189102183066
JPL_302,0.698630136986301,0.693877551020408,0.708333333333333,49,FALSE,DDK8,Geruo_ICE5G_VM2,JPL,60,none,7.77189102183066
JPL_303,0.698630136986301,0.693877551020408,0.708333333333333,49,FALSE,DDK8,Geruo_ICE5G_VM2,JPL,60,GravIS,7.77189102183066
JPL_304,0.698630136986301,0.693877551020408,0.708333333333333,49,FALSE,DDK8,Caron_2018,JPL,60,none,7.77189102183066
JPL_305,0.698630136986301,0.693877551020408,0.708333333333333,49,TRUE,DDK8,Caron_2018,JPL,60,GravIS,7.77189102183066
JPL_306,0.698630136986301,0.693877551020408,0.708333333333333,49,FALSE,DDK8,Caron_2018,JPL,60,none,7.77189102183066
JPL_307,0.698630136986301,0.693877551020408,0.708333333333333,49,FALSE,DDK8,Caron_2018,JPL,60,GravIS,7.77189102183066
JPL_308,0.698630136986301,0.693877551020408,0.708333333333333,49,FALSE,DDK8,Caron_2018,JPL,60,none,7.77189102183066
JPL_309,0.698630136986301,0.693877551020408,0.708333333333333,49,FALSE,DDK8,Caron_2018,JPL,60,GravIS,7.77189102183066
JPL_31,0.849315068493151,0.816326530612245,0.916666666666667,49,FALSE,G300,Peltier_ICE6G_D,JPL,60,GravIS,0.722409016972543
JPL_310,0.698630136986301,0.693877551020408,0.708333333333333,49,FALSE,DDK8,Caron_2018,JPL,60,none,7.77189102183066
JPL_311,0.698630136986301,0.693877551020408,0.708333333333333,49,FALSE,DDK8,Caron_2018,JPL,60,GravIS,7.77189102183066
JPL_312,0.684931506849315,0.673469387755102,0.708333333333333,49,FALSE,DDK8,Peltier_ICE6G_D,JPL,60,none,10.8156721047713
JPL_313,0.684931506849315,0.673469387755102,0.708333333333333,49,TRUE,DDK8,Peltier_ICE6G_D,JPL,60,GravIS,10.8156721047713
JPL_314,0.684931506849315,0.673469387755102,0.708333333333333,49,FALSE,DDK8,Peltier_ICE6G_D,JPL,60,none,10.8156721047713
JPL_315,0.671232876712329,0.673469387755102,0.666666666666667,49,FALSE,DDK8,Peltier_ICE6G_D,JPL,60,GravIS,30.0386364751473
JPL_316,0.684931506849315,0.673469387755102,0.708333333333333,49,FALSE,DDK8,Peltier_ICE6G_D,JPL,60,none,10.8156721047713
JPL_317,0.684931506849315,0.673469387755102,0.708333333333333,49,FALSE,DDK8,Peltier_ICE6G_D,JPL,60,GravIS,10.8156721047713
JPL_318,0.684931506849315,0.673469387755102,0.708333333333333,49,FALSE,DDK8,Peltier_ICE6G_D,JPL,60,none,10.8156721047713
JPL_319,0.684931506849315,0.673469387755102,0.708333333333333,49,FALSE,DDK8,Peltier_ICE6G_D,JPL,60,GravIS,10.8156721047713
JPL_32,0.876712328767123,0.816326530612245,1,49,FALSE,G400,none,JPL,60,none,0.366221342837873
JPL_320,0.794520547945206,0.73469387755102,0.916666666666667,49,FALSE,G300,none,JPL,96,none,114.24901214717
JPL_321,0.794520547945206,0.73469387755102,0.916666666666667,49,FALSE,G300,none,JPL,96,GravIS,114.24901214717
JPL_322,0.794520547945206,0.73469387755102,0.916666666666667,49,FALSE,G300,none,JPL,96,none,114.24901214717
JPL_323,0.794520547945206,0.73469387755102,0.916666666666667,49,FALSE,G300,none,JPL,96,GravIS,114.24901214717
JPL_324,0.794520547945206,0.73469387755102,0.916666666666667,49,FALSE,G300,none,JPL,96,none,114.24901214717
JPL_325,0.794520547945206,0.73469387755102,0.916666666666667,49,FALSE,G300,none,JPL,96,GravIS,114.24901214717
JPL_326,0.808219178082192,0.73469387755102,0.958333333333333,49,FALSE,G300,none,JPL,96,none,9.56542836941492
JPL_327,0.794520547945206,0.73469387755102,0.916666666666667,49,FALSE,G300,none,JPL,96,GravIS,114.24901214717
JPL_328,0.794520547945206,0.775510204081633,0.833333333333333,49,FALSE,G300,Geruo_ICE5G_VM2,JPL,96,none,
JPL_329,0.808219178082192,0.795918367346939,0.833333333333333,49,TRUE,G300,Geruo_ICE5G_VM2,JPL,96,GravIS,
JPL_33,0.876712328767123,0.816326530612245,1,49,FALSE,G400,none,JPL,60,GravIS,0.366221342837873
JPL_330,0.794520547945206,0.775510204081633,0.833333333333333,49,FALSE,G300,Geruo_ICE5G_VM2,JPL,96,none,
JPL_331,0.808219178082192,0.795918367346939,0.833333333333333,49,FALSE,G300,Geruo_ICE5G_VM2,JPL,96,GravIS,
JPL_332,0.808219178082192,0.795918367346939,0.833333333333333,49,FALSE,G300,Geruo_ICE5G_VM2,JPL,96,none,
JPL_333,0.808219178082192,0.795918367346939,0.833333333333333,49,FALSE,G300,Geruo_ICE5G_VM2,JPL,96,GravIS,
JPL_334,0.794520547945206,0.775510204081633,0.833333333333333,49,FALSE,G300,Geruo_ICE5G_VM2,JPL,96,none,
JPL_335,0.808219178082192,0.795918367346939,0.833333333333333,49,FALSE,G300,Geruo_ICE5G_VM2,JPL,96,GravIS,
JPL_336,0.821917808219178,0.816326530612245,0.833333333333333,49,FALSE,G300,Caron_2018,JPL,96,none,
JPL_337,0.821917808219178,0.816326530612245,0.833333333333333,49,TRUE,G300,Caron_2018,JPL,96,GravIS,
JPL_338,0.821917808219178,0.816326530612245,0.833333333333333,49,FALSE,G300,Caron_2018,JPL,96,none,
JPL_339,0.821917808219178,0.816326530612245,0.833333333333333,49,FALSE,G300,Caron_2018,JPL,96,GravIS,
JPL_34,0.876712328767123,0.816326530612245,1,49,FALSE,G400,none,JPL,60,none,0.366221342837873
JPL_340,0.821917808219178,0.816326530612245,0.833333333333333,49,FALSE,G300,Caron_2018,JPL,96,none,
JPL_341,0.821917808219178,0.816326530612245,0.833333333333333,49,FALSE,G300,Caron_2018,JPL,96,GravIS,
JPL_342,0.821917808219178,0.816326530612245,0.833333333333333,49,FALSE,G300,Caron_2018,JPL,96,none,
JPL_343,0.821917808219178,0.816326530612245,0.833333333333333,49,FALSE,G300,Caron_2018,JPL,96,GravIS,
JPL_344,0.794520547945206,0.775510204081633,0.833333333333333,49,FALSE,G300,Peltier_ICE6G_D,JPL,96,none,15.4041805075939
JPL_345,0.794520547945206,0.775510204081633,0.833333333333333,49,TRUE,G300,Peltier_ICE6G_D,JPL,96,GravIS,15.4041805075939
JPL_346,0.794520547945206,0.775510204081633,0.833333333333333,49,FALSE,G300,Peltier_ICE6G_D,JPL,96,none,15.4041805075939
JPL_347,0.794520547945206,0.775510204081633,0.833333333333333,49,FALSE,G300,Peltier_ICE6G_D,JPL,96,GravIS,15.4041805075939
JPL_348,0.794520547945206,0.775510204081633,0.833333333333333,49,FALSE,G300,Peltier_ICE6G_D,JPL,96,none,15.4041805075939
JPL_349,0.794520547945206,0.775510204081633,0.833333333333333,49,FALSE,G300,Peltier_ICE6G_D,JPL,96,GravIS,15.4041805075939
JPL_35,0.876712328767123,0.816326530612245,1,49,FALSE,G400,none,JPL,60,GravIS,0.366221342837873
JPL_350,0.794520547945206,0.775510204081633,0.833333333333333,49,FALSE,G300,Peltier_ICE6G_D,JPL,96,none,15.4041805075939
JPL_351,0.780821917808219,0.755102040816326,0.833333333333333,49,FALSE,G300,Peltier_ICE6G_D,JPL,96,GravIS,3.01140965187813
JPL_352,0.849315068493151,0.775510204081633,1,49,FALSE,G400,none,JPL,96,none,0.502949559862512
JPL_353,0.835616438356164,0.775510204081633,0.958333333333333,49,FALSE,G400,none,JPL,96,GravIS,0.631648017728393
JPL_354,0.849315068493151,0.775510204081633,1,49,FALSE,G400,none,JPL,96,none,0.502949559862512
JPL_355,0.835616438356164,0.775510204081633,0.958333333333333,49,FALSE,G400,none,JPL,96,GravIS,0.631648017728393
JPL_356,0.849315068493151,0.775510204081633,1,49,FALSE,G400,none,JPL,96,none,0.502949559862512
JPL_357,0.849315068493151,0.775510204081633,1,49,FALSE,G400,none,JPL,96,GravIS,0.502949559862512
JPL_358,0.849315068493151,0.775510204081633,1,49,FALSE,G400,none,JPL,96,none,0.502949559862512
JPL_359,0.849315068493151,0.775510204081633,1,49,FALSE,G400,none,JPL,96,GravIS,0.502949559862512
JPL_36,0.89041095890411,0.836734693877551,1,49,FALSE,G400,none,JPL,60,none,0.345600816969
JPL_360,0.849315068493151,0.816326530612245,0.916666666666667,49,FALSE,G400,Geruo_ICE5G_VM2,JPL,96,none,0.662084275242589
JPL_361,0.849315068493151,0.816326530612245,0.916666666666667,49,TRUE,G400,Geruo_ICE5G_VM2,JPL,96,GravIS,0.684504853512656
JPL_362,0.849315068493151,0.816326530612245,0.916666666666667,49,FALSE,G400,Geruo_ICE5G_VM2,JPL,96,none,0.662084275242589
JPL_363,0.849315068493151,0.816326530612245,0.916666666666667,49,FALSE,G400,Geruo_ICE5G_VM2,JPL,96,GravIS,0.684504853512656
JPL_364,0.849315068493151,0.816326530612245,0.916666666666667,49,FALSE,G400,Geruo_ICE5G_VM2,JPL,96,none,0.662084275242589
JPL_365,0.863013698630137,0.836734693877551,0.916666666666667,49,FALSE,G400,Geruo_ICE5G_VM2,JPL,96,GravIS,0.551305195414523
JPL_366,0.849315068493151,0.816326530612245,0.916666666666667,49,FALSE,G400,Geruo_ICE5G_VM2,JPL,96,none,0.662084275242589
JPL_367,0.863013698630137,0.816326530612245,0.958333333333333,49,FALSE,G400,Geruo_ICE5G_VM2,JPL,96,GravIS,0.520872945071389
JPL_368,0.849315068493151,0.836734693877551,0.875,49,FALSE,G400,Caron_2018,JPL,96,none,0.825003128205007
JPL_369,0.876712328767123,0.857142857142857,0.916666666666667,49,TRUE,G400,Caron_2018,JPL,96,GravIS,0.49243641502556
JPL_37,0.876712328767123,0.816326530612245,1,49,FALSE,G400,none,JPL,60,GravIS,0.366221342837873
JPL_370,0.835616438356164,0.816326530612245,0.875,49,FALSE,G400,Caron_2018,JPL,96,none,1.02116759616737
JPL_371,0.876712328767123,0.857142857142857,0.916666666666667,49,FALSE,G400,Caron_2018,JPL,96,GravIS,0.49243641502556
JPL_372,0.849315068493151,0.836734693877551,0.875,49,FALSE,G400,Caron_2018,JPL,96,none,0.825003128205007
JPL_373,0.876712328767123,0.857142857142857,0.916666666666667,49,FALSE,G400,Caron_2018,JPL,96,GravIS,0.49243641502556
JPL_374,0.849315068493151,0.836734693877551,0.875,49,FALSE,G400,Caron_2018,JPL,96,none,0.825003128205007
JPL_375,0.876712328767123,0.857142857142857,0.916666666666667,49,FALSE,G400,Caron_2018,JPL,96,GravIS,0.49243641502556
JPL_376,0.835616438356164,0.795918367346939,0.916666666666667,49,FALSE,G400,Peltier_ICE6G_D,JPL,96,none,0.775616742584361
JPL_377,0.821917808219178,0.795918367346939,0.875,49,TRUE,G400,Peltier_ICE6G_D,JPL,96,GravIS,1.05824926430195
JPL_378,0.835616438356164,0.795918367346939,0.916666666666667,49,FALSE,G400,Peltier_ICE6G_D,JPL,96,none,0.775616742584361
JPL_379,0.821917808219178,0.795918367346939,0.875,49,FALSE,G400,Peltier_ICE6G_D,JPL,96,GravIS,1.05824926430195
JPL_38,0.89041095890411,0.836734693877551,1,49,FALSE,G400,none,JPL,60,none,0.345600816969
JPL_380,0.835616438356164,0.795918367346939,0.916666666666667,49,FALSE,G400,Peltier_ICE6G_D,JPL,96,none,0.775616742584361
JPL_381,0.821917808219178,0.795918367346939,0.875,49,FALSE,G400,Peltier_ICE6G_D,JPL,96,GravIS,1.05824926430195
JPL_382,0.835616438356164,0.795918367346939,0.916666666666667,49,FALSE,G400,Peltier_ICE6G_D,JPL,96,none,0.775616742584361
JPL_383,0.821917808219178,0.795918367346939,0.875,49,FALSE,G400,Peltier_ICE6G_D,JPL,96,GravIS,1.05824926430195
JPL_384,0.89041095890411,0.836734693877551,1,49,FALSE,G500,none,JPL,96,none,0.339977812254715
JPL_385,0.89041095890411,0.836734693877551,1,49,FALSE,G500,none,JPL,96,GravIS,0.339977812254715
JPL_386,0.904109589041096,0.857142857142857,1,49,FALSE,G500,none,JPL,96,none,0.295338051867813
JPL_387,0.89041095890411,0.836734693877551,1,49,FALSE,G500,none,JPL,96,GravIS,0.339977812254715
JPL_388,0.904109589041096,0.857142857142857,1,49,FALSE,G500,none,JPL,96,none,0.295338051867813
JPL_389,0.904109589041096,0.857142857142857,1,49,FALSE,G500,none,JPL,96,GravIS,0.295338051867813
JPL_39,0.876712328767123,0.816326530612245,1,49,FALSE,G400,none,JPL,60,GravIS,0.366221342837873
JPL_390,0.904109589041096,0.857142857142857,1,49,FALSE,G500,none,JPL,96,none,0.295338051867813
JPL_391,0.904109589041096,0.857142857142857,1,49,FALSE,G500,none,JPL,96,GravIS,0.295338051867813
JPL_392,0.917808219178082,0.897959183673469,0.958333333333333,49,FALSE,G500,Geruo_ICE5G_VM2,JPL,96,none,0.246436089622943
JPL_393,0.917808219178082,0.897959183673469,0.958333333333333,49,TRUE,G500,Geruo_ICE5G_VM2,JPL,96,GravIS,0.246436089622943
JPL_394,0.917808219178082,0.897959183673469,0.958333333333333,49,FALSE,G500,Geruo_ICE5G_VM2,JPL,96,none,0.246436089622943
JPL_395,0.917808219178082,0.897959183673469,0.958333333333333,49,FALSE,G500,Geruo_ICE5G_VM2,JPL,96,GravIS,0.246436089622943
JPL_396,0.904109589041096,0.877551020408163,0.958333333333333,49,FALSE,G500,Geruo_ICE5G_VM2,JPL,96,none,0.304935734022994
JPL_397,0.917808219178082,0.897959183673469,0.958333333333333,49,FALSE,G500,Geruo_ICE5G_VM2,JPL,96,GravIS,0.246436089622943
JPL_398,0.904109589041096,0.877551020408163,0.958333333333333,49,FALSE,G500,Geruo_ICE5G_VM2,JPL,96,none,0.304935734022994
JPL_399,0.917808219178082,0.897959183673469,0.958333333333333,49,FALSE,G500,Geruo_ICE5G_VM2,JPL,96,GravIS,0.246436089622943
JPL_4,0.849315068493151,0.816326530612245,0.916666666666667,49,FALSE,G300,none,JPL,60,none,0.618898949673742
JPL_40,0.945205479452055,0.918367346938776,1,49,FALSE,G400,Geruo_ICE5G_VM2,JPL,60,none,0.153319348491761
JPL_400,0.849315068493151,0.816326530612245,0.916666666666667,49,FALSE,G500,Caron_2018,JPL,96,none,0.662629137523553
JPL_401,0.863013698630137,0.836734693877551,0.916666666666667,49,TRUE,G500,Caron_2018,JPL,96,GravIS,0.610529010657087
JPL_402,0.849315068493151,0.816326530612245,0.916666666666667,49,FALSE,G500,Caron_2018,JPL,96,none,0.662629137523553
JPL_403,0.863013698630137,0.836734693877551,0.916666666666667,49,FALSE,G500,Caron_2018,JPL,96,GravIS,0.610529010657087
JPL_404,0.849315068493151,0.816326530612245,0.916666666666667,49,FALSE,G500,Caron_2018,JPL,96,none,0.662629137523553
JPL_405,0.863013698630137,0.836734693877551,0.916666666666667,49,FALSE,G500,Caron_2018,JPL,96,GravIS,0.610529010657087
JPL_406,0.849315068493151,0.816326530612245,0.916666666666667,49,FALSE,G500,Caron_2018,JPL,96,none,0.662629137523553
JPL_407,0.876712328767123,0.857142857142857,0.916666666666667,49,FALSE,G500,Caron_2018,JPL,96,GravIS,0.490470652446694
JPL_408,0.821917808219178,0.775510204081633,0.916666666666667,49,FALSE,G500,Peltier_ICE6G_D,JPL,96,none,1.10931619934856
JPL_409,0.849315068493151,0.795918367346939,0.958333333333333,49,TRUE,G500,Peltier_ICE6G_D,JPL,96,GravIS,0.650218767049559
JPL_41,0.931506849315068,0.897959183673469,1,49,TRUE,G400,Geruo_ICE5G_VM2,JPL,60,GravIS,0.195540195551052
JPL_410,0.821917808219178,0.775510204081633,0.916666666666667,49,FALSE,G500,Peltier_ICE6G_D,JPL,96,none,1.10931619934856
JPL_411,0.835616438356164,0.775510204081633,0.958333333333333,49,FALSE,G500,Peltier_ICE6G_D,JPL,96,GravIS,0.682281635432776
JPL_412,0.821917808219178,0.775510204081633,0.916666666666667,49,FALSE,G500,Peltier_ICE6G_D,JPL,96,none,1.06208033363134
JPL_413,0.849315068493151,0.795918367346939,0.958333333333333,49,FALSE,G500,Peltier_ICE6G_D,JPL,96,GravIS,0.650218767049559
JPL_414,0.821917808219178,0.775510204081633,0.916666666666667,49,FALSE,G500,Peltier_ICE6G_D,JPL,96,none,1.06208033363134
JPL_415,0.849315068493151,0.795918367346939,0.958333333333333,49,FALSE,G500,Peltier_ICE6G_D,JPL,96,GravIS,0.650218767049559
JPL_416,0.863013698630137,0.795918367346939,1,49,FALSE,Swenson_G300,none,JPL,96,none,0.408677306304942
JPL_417,0.863013698630137,0.795918367346939,1,49,FALSE,Swenson_G300,none,JPL,96,GravIS,0.382377315728601
JPL_418,0.863013698630137,0.795918367346939,1,49,FALSE,Swenson_G300,none,JPL,96,none,0.408677306304942
JPL_419,0.863013698630137,0.795918367346939,1,49,FALSE,Swenson_G300,none,JPL,96,GravIS,0.382377315728601
JPL_42,0.945205479452055,0.918367346938776,1,49,FALSE,G400,Geruo_ICE5G_VM2,JPL,60,none,0.153319348491761
JPL_420,0.863013698630137,0.795918367346939,1,49,FALSE,Swenson_G300,none,JPL,96,none,0.408677306304942
JPL_421,0.863013698630137,0.795918367346939,1,49,FALSE,Swenson_G300,none,JPL,96,GravIS,0.382377315728601
JPL_422,0.863013698630137,0.795918367346939,1,49,FALSE,Swenson_G300,none,JPL,96,none,0.408677306304942
JPL_423,0.863013698630137,0.795918367346939,1,49,FALSE,Swenson_G300,none,JPL,96,GravIS,0.382377315728601
JPL_424,0.89041095890411,0.877551020408163,0.916666666666667,49,FALSE,Swenson_G300,Geruo_ICE5G_VM2,JPL,96,none,0.428521972577032
JPL_425,0.876712328767123,0.857142857142857,0.916666666666667,49,TRUE,Swenson_G300,Geruo_ICE5G_VM2,JPL,96,GravIS,0.469791984355064
JPL_426,0.89041095890411,0.877551020408163,0.916666666666667,49,FALSE,Swenson_G300,Geruo_ICE5G_VM2,JPL,96,none,0.428521972577032
JPL_427,0.89041095890411,0.877551020408163,0.916666666666667,49,FALSE,Swenson_G300,Geruo_ICE5G_VM2,JPL,96,GravIS,0.428521972577032
JPL_428,0.89041095890411,0.877551020408163,0.916666666666667,49,FALSE,Swenson_G300,Geruo_ICE5G_VM2,JPL,96,none,0.428521972577032
JPL_429,0.89041095890411,0.877551020408163,0.916666666666667,49,FALSE,Swenson_G300,Geruo_ICE5G_VM2,JPL,96,GravIS,0.428521972577032
JPL_43,0.931506849315068,0.897959183673469,1,49,FALSE,G400,Geruo_ICE5G_VM2,JPL,60,GravIS,0.195540195551052
JPL_430,0.89041095890411,0.877551020408163,0.916666666666667,49,FALSE,Swenson_G300,Geruo_ICE5G_VM2,JPL,96,none,0.428521972577032
JPL_431,0.89041095890411,0.877551020408163,0.916666666666667,49,FALSE,Swenson_G300,Geruo_ICE5G_VM2,JPL,96,GravIS,0.428521972577032
JPL_432,0.835616438356164,0.795918367346939,0.916666666666667,49,FALSE,Swenson_G300,Caron_2018,JPL,96,none,1.1847799142922
JPL_433,0.849315068493151,0.816326530612245,0.916666666666667,49,TRUE,Swenson_G300,Caron_2018,JPL,96,GravIS,0.920702238632165
JPL_434,0.835616438356164,0.795918367346939,0.916666666666667,49,FALSE,Swenson_G300,Caron_2018,JPL,96,none,1.1847799142922
JPL_435,0.863013698630137,0.836734693877551,0.916666666666667,49,FALSE,Swenson_G300,Caron_2018,JPL,96,GravIS,0.676751922759066
JPL_436,0.821917808219178,0.775510204081633,0.916666666666667,49,FALSE,Swenson_G300,Caron_2018,JPL,96,none,1.47851690468804
JPL_437,0.863013698630137,0.836734693877551,0.916666666666667,49,FALSE,Swenson_G300,Caron_2018,JPL,96,GravIS,0.676751922759066
JPL_438,0.835616438356164,0.795918367346939,0.916666666666667,49,FALSE,Swenson_G300,Caron_2018,JPL,96,none,1.15773059366282
JPL_439,0.876712328767123,0.857142857142857,0.916666666666667,49,FALSE,Swenson_G300,Caron_2018,JPL,96,GravIS,0.543657713529025
JPL_44,0.945205479452055,0.918367346938776,1,49,FALSE,G400,Geruo_ICE5G_VM2,JPL,60,none,0.153319348491761
JPL_440,0.808219178082192,0.775510204081633,0.875,49,FALSE,Swenson_G300,Peltier_ICE6G_D,JPL,96,none,2.02702248807094
JPL_441,0.808219178082192,0.755102040816326,0.916666666666667,49,TRUE,Swenson_G300,Peltier_ICE6G_D,JPL,96,GravIS,1.82702855673444
JPL_442,0.808219178082192,0.775510204081633,0.875,49,FALSE,Swenson_G300,Peltier_ICE6G_D,JPL,96,none,2.02702248807094
JPL_443,0.808219178082192,0.755102040816326,0.916666666666667,49,FALSE,Swenson_G300,Peltier_ICE6G_D,JPL,96,GravIS,1.82702855673444
JPL_444,0.808219178082192,0.775510204081633,0.875,49,FALSE,Swenson_G300,Peltier_ICE6G_D,JPL,96,none,2.02702248807094
JPL_445,0.821917808219178,0.775510204081633,0.916666666666667,49,FALSE,Swenson_G300,Peltier_ICE6G_D,JPL,96,GravIS,1.38006946477548
JPL_446,0.808219178082192,0.775510204081633,0.875,49,FALSE,Swenson_G300,Peltier_ICE6G_D,JPL,96,none,2.02702248807094
JPL_447,0.808219178082192,0.755102040816326,0.916666666666667,49,FALSE,Swenson_G300,Peltier_ICE6G_D,JPL,96,GravIS,1.82702855673444
JPL_448,0.863013698630137,0.816326530612245,0.958333333333333,49,FALSE,Swenson_G500,none,JPL,96,none,0.471541669602812
JPL_449,0.863013698630137,0.816326530612245,0.958333333333333,49,FALSE,Swenson_G500,none,JPL,96,GravIS,0.471541669602812
JPL_45,0.945205479452055,0.918367346938776,1,49,FALSE,G400,Geruo_ICE5G_VM2,JPL,60,GravIS,0.153319348491761
JPL_450,0.876712328767123,0.836734693877551,0.958333333333333,49,FALSE,Swenson_G500,none,JPL,96,none,0.427112969228986
JPL_451,0.876712328767123,0.836734693877551,0.958333333333333,49,FALSE,Swenson_G500,none,JPL,96,GravIS,0.437331679575151
JPL_452,0.89041095890411,0.857142857142857,0.958333333333333,49,FALSE,Swenson_G500,none,JPL,96,none,0.382185390999343
JPL_453,0.89041095890411,0.857142857142857,0.958333333333333,49,FALSE,Swenson_G500,none,JPL,96,GravIS,0.382185390999343
JPL_454,0.89041095890411,0.857142857142857,0.958333333333333,49,FALSE,Swenson_G500,none,JPL,96,none,0.382185390999343
JPL_455,0.89041095890411,0.857142857142857,0.958333333333333,49,FALSE,Swenson_G500,none,JPL,96,GravIS,0.382185390999343
JPL_456,0.876712328767123,0.857142857142857,0.916666666666667,49,FALSE,Swenson_G500,Geruo_ICE5G_VM2,JPL,96,none,0.532422430206195
JPL_457,0.904109589041096,0.877551020408163,0.958333333333333,49,TRUE,Swenson_G500,Geruo_ICE5G_VM2,JPL,96,GravIS,0.31723855735161
JPL_458,0.876712328767123,0.857142857142857,0.916666666666667,49,FALSE,Swenson_G500,Geruo_ICE5G_VM2,JPL,96,none,0.532422430206195
JPL_459,0.904109589041096,0.877551020408163,0.958333333333333,49,FALSE,Swenson_G500,Geruo_ICE5G_VM2,JPL,96,GravIS,0.31723855735161
JPL_46,0.945205479452055,0.918367346938776,1,49,FALSE,G400,Geruo_ICE5G_VM2,JPL,60,none,0.153319348491761
JPL_460,0.876712328767123,0.857142857142857,0.916666666666667,49,FALSE,Swenson_G500,Geruo_ICE5G_VM2,JPL,96,none,0.532422430206195
JPL_461,0.89041095890411,0.857142857142857,0.958333333333333,49,FALSE,Swenson_G500,Geruo_ICE5G_VM2,JPL,96,GravIS,0.389754128171697
JPL_462,0.876712328767123,0.857142857142857,0.916666666666667,49,FALSE,Swenson_G500,Geruo_ICE5G_VM2,JPL,96,none,0.532422430206195
JPL_463,0.89041095890411,0.857142857142857,0.958333333333333,49,FALSE,Swenson_G500,Geruo_ICE5G_VM2,JPL,96,GravIS,0.389754128171697
JPL_464,0.821917808219178,0.775510204081633,0.916666666666667,49,FALSE,Swenson_G500,Caron_2018,JPL,96,none,1.29485772854445
JPL_465,0.835616438356164,0.795918367346939,0.916666666666667,49,TRUE,Swenson_G500,Caron_2018,JPL,96,GravIS,1.12311699595598
JPL_466,0.821917808219178,0.775510204081633,0.916666666666667,49,FALSE,Swenson_G500,Caron_2018,JPL,96,none,1.29485772854445
JPL_467,0.835616438356164,0.795918367346939,0.916666666666667,49,FALSE,Swenson_G500,Caron_2018,JPL,96,GravIS,1.12311699595598
JPL_468,0.808219178082192,0.755102040816326,0.916666666666667,49,FALSE,Swenson_G500,Caron_2018,JPL,96,none,1.57472589839435
JPL_469,0.821917808219178,0.775510204081633,0.916666666666667,49,FALSE,Swenson_G500,Caron_2018,JPL,96,GravIS,1.29485772854445
JPL_47,0.945205479452055,0.918367346938776,1,49,FALSE,G400,Geruo_ICE5G_VM2,JPL,60,GravIS,0.153319348491761
JPL_470,0.821917808219178,0.775510204081633,0.916666666666667,49,FALSE,Swenson_G500,Caron_2018,JPL,96,none,1.29485772854445
JPL_471,0.821917808219178,0.775510204081633,0.916666666666667,49,FALSE,Swenson_G500,Caron_2018,JPL,96,GravIS,1.29485772854445
JPL_472,0.767123287671233,0.714285714285714,0.875,49,FALSE,Swenson_G500,Peltier_ICE6G_D,JPL,96,none,3.95802799458877
JPL_473,0.794520547945206,0.755102040816326,0.875,49,TRUE,Swenson_G500,Peltier_ICE6G_D,JPL,96,GravIS,2.38333578751918
JPL_474,0.780821917808219,0.73469387755102,0.875,49,FALSE,Swenson_G500,Peltier_ICE6G_D,JPL,96,none,2.75369370126085
JPL_475,0.808219178082192,0.775510204081633,0.875,49,FALSE,Swenson_G500,Peltier_ICE6G_D,JPL,96,GravIS,2.02554652824619
JPL_476,0.780821917808219,0.73469387755102,0.875,49,FALSE,Swenson_G500,Peltier_ICE6G_D,JPL,96,none,2.75369370126085
JPL_477,0.808219178082192,0.775510204081633,0.875,49,FALSE,Swenson_G500,Peltier_ICE6G_D,JPL,96,GravIS,2.02554652824619
JPL_478,0.780821917808219,0.73469387755102,0.875,49,FALSE,Swenson_G500,Peltier_ICE6G_D,JPL,96,none,2.75369370126085
JPL_479,0.808219178082192,0.775510204081633,0.875,49,FALSE,Swenson_G500,Peltier_ICE6G_D,JPL,96,GravIS,2.02554652824619
JPL_48,0.876712328767123,0.836734693877551,0.958333333333333,49,FALSE,G400,Caron_2018,JPL,60,none,0.46869408144314
JPL_480,0.904109589041096,0.857142857142857,1,49,FALSE,DDK2,none,JPL,96,none,0.265086439441914
JPL_481,0.89041095890411,0.836734693877551,1,49,FALSE,DDK2,none,JPL,96,GravIS,0.291100983802543
JPL_482,0.904109589041096,0.857142857142857,1,49,FALSE,DDK2,none,JPL,96,none,0.265086439441914
JPL_483,0.89041095890411,0.836734693877551,1,49,FALSE,DDK2,none,JPL,96,GravIS,0.291100983802543
JPL_484,0.917808219178082,0.877551020408163,1,49,FALSE,DDK2,none,JPL,96,none,0.231208871305625
JPL_485,0.904109589041096,0.857142857142857,1,49,FALSE,DDK2,none,JPL,96,GravIS,0.263224659278606
JPL_486,0.931506849315068,0.897959183673469,1,49,FALSE,DDK2,none,JPL,96,none,0.195464308800075
JPL_487,0.904109589041096,0.857142857142857,1,49,FALSE,DDK2,none,JPL,96,GravIS,0.263224659278606
JPL_488,0.917808219178082,0.897959183673469,0.958333333333333,49,FALSE,DDK2,Geruo_ICE5G_VM2,JPL,96,none,0.25064035383211
JPL_489,0.904109589041096,0.857142857142857,1,49,TRUE,DDK2,Geruo_ICE5G_VM2,JPL,96,GravIS,0.287991389755809
JPL_49,0.89041095890411,0.857142857142857,0.958333333333333,49,TRUE,G400,Caron_2018,JPL,60,GravIS,0.380250884688242
JPL_490,0.917808219178082,0.897959183673469,0.958333333333333,49,FALSE,DDK2,Geruo_ICE5G_VM2,JPL,96,none,0.25064035383211
JPL_491,0.904109589041096,0.857142857142857,1,49,FALSE,DDK2,Geruo_ICE5G_VM2,JPL,96,GravIS,0.287991389755809
JPL_492,0.931506849315068,0.897959183673469,1,49,FALSE,DDK2,Geruo_ICE5G_VM2,JPL,96,none,0.195588990331147
JPL_493,0.931506849315068,0.897959183673469,1,49,FALSE,DDK2,Geruo_ICE5G_VM2,JPL,96,GravIS,0.192527647698793
JPL_494,0.931506849315068,0.897959183673469,1,49,FALSE,DDK2,Geruo_ICE5G_VM2,JPL,96,none,0.195588990331147
JPL_495,0.931506849315068,0.897959183673469,1,49,FALSE,DDK2,Geruo_ICE5G_VM2,JPL,96,GravIS,0.192527647698793
JPL_496,0.904109589041096,0.897959183673469,0.916666666666667,49,FALSE,DDK2,Caron_2018,JPL,96,none,0.329533261055722
JPL_497,0.89041095890411,0.877551020408163,0.916666666666667,49,TRUE,DDK2,Caron_2018,JPL,96,GravIS,0.397111397574646
JPL_498,0.904109589041096,0.897959183673469,0.916666666666667,49,FALSE,DDK2,Caron_2018,JPL,96,none,0.329533261055722
JPL_499,0.89041095890411,0.877551020408163,0.916666666666667,49,FALSE,DDK2,Caron_2018,JPL,96,GravIS,0.397111397574646
JPL_5,0.849315068493151,0.816326530612245,0.916666666666667,49,FALSE,G300,none,JPL,60,GravIS,0.618898949673742
JPL_50,0.876712328767123,0.836734693877551,0.958333333333333,49,FALSE,G400,Caron_2018,JPL,60,none,0.46869408144314
JPL_500,0.904109589041096,0.897959183673469,0.916666666666667,49,FALSE,DDK2,Caron_2018,JPL,96,none,0.329533261055722
JPL_501,0.904109589041096,0.897959183673469,0.916666666666667,49,FALSE,DDK2,Caron_2018,JPL,96,GravIS,0.329533261055722
JPL_502,0.904109589041096,0.897959183673469,0.916666666666667,49,FALSE,DDK2,Caron_2018,JPL,96,none,0.329533261055722
JPL_503,0.904109589041096,0.897959183673469,0.916666666666667,49,FALSE,DDK2,Caron_2018,JPL,96,GravIS,0.329533261055722
JPL_504,0.808219178082192,0.775510204081633,0.875,49,FALSE,DDK2,Peltier_ICE6G_D,JPL,96,none,1.38436098403164
JPL_505,0.863013698630137,0.816326530612245,0.958333333333333,49,TRUE,DDK2,Peltier_ICE6G_D,JPL,96,GravIS,0.503033928102592
JPL_506,0.808219178082192,0.775510204081633,0.875,49,FALSE,DDK2,Peltier_ICE6G_D,JPL,96,none,1.38436098403164
JPL_507,0.863013698630137,0.816326530612245,0.958333333333333,49,FALSE,DDK2,Peltier_ICE6G_D,JPL,96,GravIS,0.503033928102592
JPL_508,0.835616438356164,0.795918367346939,0.916666666666667,49,FALSE,DDK2,Peltier_ICE6G_D,JPL,96,none,0.739766109683524
JPL_509,0.835616438356164,0.775510204081633,0.958333333333333,49,FALSE,DDK2,Peltier_ICE6G_D,JPL,96,GravIS,0.665162887685752
JPL_51,0.89041095890411,0.857142857142857,0.958333333333333,49,FALSE,G400,Caron_2018,JPL,60,GravIS,0.380250884688242
JPL_510,0.835616438356164,0.795918367346939,0.916666666666667,49,FALSE,DDK2,Peltier_ICE6G_D,JPL,96,none,0.739766109683524
JPL_511,0.835616438356164,0.775510204081633,0.958333333333333,49,FALSE,DDK2,Peltier_ICE6G_D,JPL,96,GravIS,0.665162887685752
JPL_512,0.904109589041096,0.877551020408163,0.958333333333333,49,FALSE,DDK3,none,JPL,96,none,0.295803285082702
JPL_513,0.89041095890411,0.857142857142857,0.958333333333333,49,FALSE,DDK3,none,JPL,96,GravIS,0.36155649395618
JPL_514,0.904109589041096,0.877551020408163,0.958333333333333,49,FALSE,DDK3,none,JPL,96,none,0.295803285082702
JPL_515,0.89041095890411,0.857142857142857,0.958333333333333,49,FALSE,DDK3,none,JPL,96,GravIS,0.36155649395618
JPL_516,0.904109589041096,0.877551020408163,0.958333333333333,49,FALSE,DDK3,none,JPL,96,none,0.295803285082702
JPL_517,0.904109589041096,0.877551020408163,0.958333333333333,49,FALSE,DDK3,none,JPL,96,GravIS,0.295803285082702
JPL_518,0.904109589041096,0.877551020408163,0.958333333333333,49,FALSE,DDK3,none,JPL,96,none,0.295803285082702
JPL_519,0.904109589041096,0.877551020408163,0.958333333333333,49,FALSE,DDK3,none,JPL,96,GravIS,0.295803285082702
JPL_52,0.876712328767123,0.836734693877551,0.958333333333333,49,FALSE,G400,Caron_2018,JPL,60,none,0.46869408144314
JPL_520,0.835616438356164,0.836734693877551,0.833333333333333,49,FALSE,DDK3,Geruo_ICE5G_VM2,JPL,96,none,1.30122706595691
JPL_521,0.863013698630137,0.857142857142857,0.875,49,TRUE,DDK3,Geruo_ICE5G_VM2,JPL,96,GravIS,0.699261675662309
JPL_522,0.835616438356164,0.836734693877551,0.833333333333333,49,FALSE,DDK3,Geruo_ICE5G_VM2,JPL,96,none,1.30122706595691
JPL_523,0.876712328767123,0.877551020408163,0.875,49,FALSE,DDK3,Geruo_ICE5G_VM2,JPL,96,GravIS,0.542449374481861
JPL_524,0.849315068493151,0.857142857142857,0.833333333333333,49,FALSE,DDK3,Geruo_ICE5G_VM2,JPL,96,none,0.900105059499323
JPL_525,0.863013698630137,0.877551020408163,0.833333333333333,49,FALSE,DDK3,Geruo_ICE5G_VM2,JPL,96,GravIS,0.755787299663899
JPL_526,0.849315068493151,0.857142857142857,0.833333333333333,49,FALSE,DDK3,Geruo_ICE5G_VM2,JPL,96,none,0.900105059499323
JPL_527,0.863013698630137,0.877551020408163,0.833333333333333,49,FALSE,DDK3,Geruo_ICE5G_VM2,JPL,96,GravIS,0.755787299663899
JPL_528,0.821917808219178,0.816326530612245,0.833333333333333,49,FALSE,DDK3,Caron_2018,JPL,96,none,1.49135133394329
JPL_529,0.835616438356164,0.816326530612245,0.875,49,TRUE,DDK3,Caron_2018,JPL,96,GravIS,1.06535946506646
JPL_53,0.89041095890411,0.857142857142857,0.958333333333333,49,FALSE,G400,Caron_2018,JPL,60,GravIS,0.380250884688242
JPL_530,0.821917808219178,0.816326530612245,0.833333333333333,49,FALSE,DDK3,Caron_2018,JPL,96,none,1.49135133394329
JPL_531,0.835616438356164,0.816326530612245,0.875,49,FALSE,DDK3,Caron_2018,JPL,96,GravIS,1.06535946506646
JPL_532,0.835616438356164,0.816326530612245,0.875,49,FALSE,DDK3,Caron_2018,JPL,96,none,0.924325928420105
JPL_533,0.835616438356164,0.836734693877551,0.833333333333333,49,FALSE,DDK3,Caron_2018,JPL,96,GravIS,1.16571558744089
JPL_534,0.835616438356164,0.816326530612245,0.875,49,FALSE,DDK3,Caron_2018,JPL,96,none,0.924325928420105
JPL_535,0.821917808219178,0.816326530612245,0.833333333333333,49,FALSE,DDK3,Caron_2018,JPL,96,GravIS,1.52792087526623
JPL_536,0.767123287671233,0.73469387755102,0.833333333333333,49,FALSE,DDK3,Peltier_ICE6G_D,JPL,96,none,2.82989952080992
JPL_537,0.767123287671233,0.73469387755102,0.833333333333333,49,TRUE,DDK3,Peltier_ICE6G_D,JPL,96,GravIS,2.82989952080992
JPL_538,0.767123287671233,0.73469387755102,0.833333333333333,49,FALSE,DDK3,Peltier_ICE6G_D,JPL,96,none,2.82989952080992
JPL_539,0.767123287671233,0.73469387755102,0.833333333333333,49,FALSE,DDK3,Peltier_ICE6G_D,JPL,96,GravIS,2.82989952080992
JPL_54,0.89041095890411,0.857142857142857,0.958333333333333,49,FALSE,G400,Caron_2018,JPL,60,none,0.380250884688242
JPL_540,0.767123287671233,0.73469387755102,0.833333333333333,49,FALSE,DDK3,Peltier_ICE6G_D,JPL,96,none,2.82989952080992
JPL_541,0.767123287671233,0.73469387755102,0.833333333333333,49,FALSE,DDK3,Peltier_ICE6G_D,JPL,96,GravIS,2.82989952080992
JPL_542,0.767123287671233,0.73469387755102,0.833333333333333,49,FALSE,DDK3,Peltier_ICE6G_D,JPL,96,none,2.82989952080992
JPL_543,0.767123287671233,0.73469387755102,0.833333333333333,49,FALSE,DDK3,Peltier_ICE6G_D,JPL,96,GravIS,2.82989952080992
JPL_544,0.808219178082192,0.795918367346939,0.833333333333333,49,FALSE,DDK5,none,JPL,96,none,2.6686405342612
JPL_545,0.808219178082192,0.795918367346939,0.833333333333333,49,FALSE,DDK5,none,JPL,96,GravIS,2.6686405342612
JPL_546,0.808219178082192,0.795918367346939,0.833333333333333,49,FALSE,DDK5,none,JPL,96,none,2.6686405342612
JPL_547,0.808219178082192,0.795918367346939,0.833333333333333,49,FALSE,DDK5,none,JPL,96,GravIS,2.6686405342612
JPL_548,0.808219178082192,0.795918367346939,0.833333333333333,49,FALSE,DDK5,none,JPL,96,none,2.6686405342612
JPL_549,0.808219178082192,0.795918367346939,0.833333333333333,49,FALSE,DDK5,none,JPL,96,GravIS,2.6686405342612
JPL_55,0.89041095890411,0.857142857142857,0.958333333333333,49,FALSE,G400,Caron_2018,JPL,60,GravIS,0.380250884688242
JPL_550,0.808219178082192,0.795918367346939,0.833333333333333,49,FALSE,DDK5,none,JPL,96,none,2.6686405342612
JPL_551,0.808219178082192,0.795918367346939,0.833333333333333,49,FALSE,DDK5,none,JPL,96,GravIS,2.6686405342612
JPL_552,0.780821917808219,0.775510204081633,0.791666666666667,49,FALSE,DDK5,Geruo_ICE5G_VM2,JPL,96,none,4.89747213441114
JPL_553,0.780821917808219,0.775510204081633,0.791666666666667,49,TRUE,DDK5,Geruo_ICE5G_VM2,JPL,96,GravIS,4.89747213441114
JPL_554,0.780821917808219,0.775510204081633,0.791666666666667,49,FALSE,DDK5,Geruo_ICE5G_VM2,JPL,96,none,4.89747213441114
JPL_555,0.780821917808219,0.775510204081633,0.791666666666667,49,FALSE,DDK5,Geruo_ICE5G_VM2,JPL,96,GravIS,4.89747213441114
JPL_556,0.780821917808219,0.775510204081633,0.791666666666667,49,FALSE,DDK5,Geruo_ICE5G_VM2,JPL,96,none,4.89747213441114
JPL_557,0.767123287671233,0.755102040816326,0.791666666666667,49,FALSE,DDK5,Geruo_ICE5G_VM2,JPL,96,GravIS,4.43932033814649
JPL_558,0.780821917808219,0.775510204081633,0.791666666666667,49,FALSE,DDK5,Geruo_ICE5G_VM2,JPL,96,none,4.89747213441114
JPL_559,0.767123287671233,0.755102040816326,0.791666666666667,49,FALSE,DDK5,Geruo_ICE5G_VM2,JPL,96,GravIS,4.43932033814649
JPL_56,0.863013698630137,0.816326530612245,0.958333333333333,49,FALSE,G400,Peltier_ICE6G_D,JPL,60,none,0.583786943120125
JPL_560,0.780821917808219,0.775510204081633,0.791666666666667,49,FALSE,DDK5,Caron_2018,JPL,96,none,4.89747213441114
JPL_561,0.794520547945206,0.795918367346939,0.791666666666667,49,TRUE,DDK5,Caron_2018,JPL,96,GravIS,3.37499268941223
JPL_562,0.780821917808219,0.775510204081633,0.791666666666667,49,FALSE,DDK5,Caron_2018,JPL,96,none,4.89747213441114
JPL_563,0.794520547945206,0.795918367346939,0.791666666666667,49,FALSE,DDK5,Caron_2018,JPL,96,GravIS,3.37499268941223
JPL_564,0.808219178082192,0.795918367346939,0.833333333333333,49,FALSE,DDK5,Caron_2018,JPL,96,none,1.93959394892458
JPL_565,0.794520547945206,0.795918367346939,0.791666666666667,49,FALSE,DDK5,Caron_2018,JPL,96,GravIS,3.37499268941223
JPL_566,0.808219178082192,0.795918367346939,0.833333333333333,49,FALSE,DDK5,Caron_2018,JPL,96,none,1.93959394892458
JPL_567,0.794520547945206,0.795918367346939,0.791666666666667,49,FALSE,DDK5,Caron_2018,JPL,96,GravIS,3.37499268941223
JPL_568,0.767123287671233,0.755102040816326,0.791666666666667,49,FALSE,DDK5,Peltier_ICE6G_D,JPL,96,none,6.04809053003718
JPL_569,0.753424657534247,0.73469387755102,0.791666666666667,49,TRUE,DDK5,Peltier_ICE6G_D,JPL,96,GravIS,5.50775769069184
JPL_57,0.89041095890411,0.857142857142857,0.958333333333333,49,TRUE,G400,Peltier_ICE6G_D,JPL,60,GravIS,0.394273299604204
JPL_570,0.753424657534247,0.73469387755102,0.791666666666667,49,FALSE,DDK5,Peltier_ICE6G_D,JPL,96,none,5.32630387477773
JPL_571,0.753424657534247,0.73469387755102,0.791666666666667,49,FALSE,DDK5,Peltier_ICE6G_D,JPL,96,GravIS,5.50775769069184
JPL_572,0.767123287671233,0.755102040816326,0.791666666666667,49,FALSE,DDK5,Peltier_ICE6G_D,JPL,96,none,3.89008088715742
JPL_573,0.767123287671233,0.755102040816326,0.791666666666667,49,FALSE,DDK5,Peltier_ICE6G_D,JPL,96,GravIS,3.89008088715742
JPL_574,0.753424657534247,0.73469387755102,0.791666666666667,49,FALSE,DDK5,Peltier_ICE6G_D,JPL,96,none,5.32630387477773
JPL_575,0.753424657534247,0.73469387755102,0.791666666666667,49,FALSE,DDK5,Peltier_ICE6G_D,JPL,96,GravIS,5.50775769069184
JPL_576,0.698630136986301,0.714285714285714,0.666666666666667,49,FALSE,DDK7,none,JPL,96,none,
JPL_577,0.712328767123288,0.714285714285714,0.708333333333333,49,FALSE,DDK7,none,JPL,96,GravIS,
JPL_578,0.698630136986301,0.714285714285714,0.666666666666667,49,FALSE,DDK7,none,JPL,96,none,
JPL_579,0.712328767123288,0.714285714285714,0.708333333333333,49,FALSE,DDK7,none,JPL,96,GravIS,
JPL_58,0.863013698630137,0.816326530612245,0.958333333333333,49,FALSE,G400,Peltier_ICE6G_D,JPL,60,none,0.583786943120125
JPL_580,0.712328767123288,0.714285714285714,0.708333333333333,49,FALSE,DDK7,none,JPL,96,none,
JPL_581,0.712328767123288,0.714285714285714,0.708333333333333,49,FALSE,DDK7,none,JPL,96,GravIS,
JPL_582,0.712328767123288,0.714285714285714,0.708333333333333,49,FALSE,DDK7,none,JPL,96,none,
JPL_583,0.712328767123288,0.714285714285714,0.708333333333333,49,FALSE,DDK7,none,JPL,96,GravIS,
JPL_584,0.726027397260274,0.73469387755102,0.708333333333333,49,FALSE,DDK7,Geruo_ICE5G_VM2,JPL,96,none,
JPL_585,0.726027397260274,0.73469387755102,0.708333333333333,49,TRUE,DDK7,Geruo_ICE5G_VM2,JPL,96,GravIS,
JPL_586,0.73972602739726,0.755102040816326,0.708333333333333,49,FALSE,DDK7,Geruo_ICE5G_VM2,JPL,96,none,
JPL_587,0.726027397260274,0.73469387755102,0.708333333333333,49,FALSE,DDK7,Geruo_ICE5G_VM2,JPL,96,GravIS,
JPL_588,0.73972602739726,0.755102040816326,0.708333333333333,49,FALSE,DDK7,Geruo_ICE5G_VM2,JPL,96,none,
JPL_589,0.726027397260274,0.73469387755102,0.708333333333333,49,FALSE,DDK7,Geruo_ICE5G_VM2,JPL,96,GravIS,
JPL_59,0.89041095890411,0.857142857142857,0.958333333333333,49,FALSE,G400,Peltier_ICE6G_D,JPL,60,GravIS,0.394273299604204
JPL_590,0.73972602739726,0.755102040816326,0.708333333333333,49,FALSE,DDK7,Geruo_ICE5G_VM2,JPL,96,none,
JPL_591,0.726027397260274,0.73469387755102,0.708333333333333,49,FALSE,DDK7,Geruo_ICE5G_VM2,JPL,96,GravIS,
JPL_592,0.73972602739726,0.755102040816326,0.708333333333333,49,FALSE,DDK7,Caron_2018,JPL,96,none,
JPL_593,0.73972602739726,0.755102040816326,0.708333333333333,49,TRUE,DDK7,Caron_2018,JPL,96,GravIS,
JPL_594,0.73972602739726,0.755102040816326,0.708333333333333,49,FALSE,DDK7,Caron_2018,JPL,96,none,
JPL_595,0.73972602739726,0.755102040816326,0.708333333333333,49,FALSE,DDK7,Caron_2018,JPL,96,GravIS,
JPL_596,0.73972602739726,0.755102040816326,0.708333333333333,49,FALSE,DDK7,Caron_2018,JPL,96,none,
JPL_597,0.73972602739726,0.755102040816326,0.708333333333333,49,FALSE,DDK7,Caron_2018,JPL,96,GravIS,
JPL_598,0.73972602739726,0.755102040816326,0.708333333333333,49,FALSE,DDK7,Caron_2018,JPL,96,none,
JPL_599,0.73972602739726,0.755102040816326,0.708333333333333,49,FALSE,DDK7,Caron_2018,JPL,96,GravIS,
JPL_6,0.849315068493151,0.816326530612245,0.916666666666667,49,FALSE,G300,none,JPL,60,none,0.618898949673742
JPL_60,0.863013698630137,0.816326530612245,0.958333333333333,49,FALSE,G400,Peltier_ICE6G_D,JPL,60,none,0.583786943120125
JPL_600,0.73972602739726,0.755102040816326,0.708333333333333,49,FALSE,DDK7,Peltier_ICE6G_D,JPL,96,none,
JPL_601,0.73972602739726,0.755102040816326,0.708333333333333,49,TRUE,DDK7,Peltier_ICE6G_D,JPL,96,GravIS,
JPL_602,0.73972602739726,0.755102040816326,0.708333333333333,49,FALSE,DDK7,Peltier_ICE6G_D,JPL,96,none,
JPL_603,0.73972602739726,0.755102040816326,0.708333333333333,49,FALSE,DDK7,Peltier_ICE6G_D,JPL,96,GravIS,
JPL_604,0.73972602739726,0.755102040816326,0.708333333333333,49,FALSE,DDK7,Peltier_ICE6G_D,JPL,96,none,
JPL_605,0.73972602739726,0.755102040816326,0.708333333333333,49,FALSE,DDK7,Peltier_ICE6G_D,JPL,96,GravIS,
JPL_606,0.73972602739726,0.755102040816326,0.708333333333333,49,FALSE,DDK7,Peltier_ICE6G_D,JPL,96,none,
JPL_607,0.73972602739726,0.755102040816326,0.708333333333333,49,FALSE,DDK7,Peltier_ICE6G_D,JPL,96,GravIS,
JPL_608,0.671232876712329,0.693877551020408,0.625,49,FALSE,DDK8,none,JPL,96,none,
JPL_609,0.671232876712329,0.693877551020408,0.625,49,FALSE,DDK8,none,JPL,96,GravIS,
JPL_61,0.863013698630137,0.816326530612245,0.958333333333333,49,FALSE,G400,Peltier_ICE6G_D,JPL,60,GravIS,0.583786943120125
JPL_610,0.671232876712329,0.693877551020408,0.625,49,FALSE,DDK8,none,JPL,96,none,
JPL_611,0.671232876712329,0.693877551020408,0.625,49,FALSE,DDK8,none,JPL,96,GravIS,
JPL_612,0.698630136986301,0.714285714285714,0.666666666666667,49,FALSE,DDK8,none,JPL,96,none,
JPL_613,0.684931506849315,0.714285714285714,0.625,49,FALSE,DDK8,none,JPL,96,GravIS,
JPL_614,0.698630136986301,0.714285714285714,0.666666666666667,49,FALSE,DDK8,none,JPL,96,none,
JPL_615,0.684931506849315,0.714285714285714,0.625,49,FALSE,DDK8,none,JPL,96,GravIS,
JPL_616,0.698630136986301,0.73469387755102,0.625,49,FALSE,DDK8,Geruo_ICE5G_VM2,JPL,96,none,
JPL_617,0.698630136986301,0.73469387755102,0.625,49,TRUE,DDK8,Geruo_ICE5G_VM2,JPL,96,GravIS,
JPL_618,0.698630136986301,0.73469387755102,0.625,49,FALSE,DDK8,Geruo_ICE5G_VM2,JPL,96,none,
JPL_619,0.698630136986301,0.73469387755102,0.625,49,FALSE,DDK8,Geruo_ICE5G_VM2,JPL,96,GravIS,
JPL_62,0.863013698630137,0.816326530612245,0.958333333333333,49,FALSE,G400,Peltier_ICE6G_D,JPL,60,none,0.583786943120125
JPL_620,0.712328767123288,0.73469387755102,0.666666666666667,49,FALSE,DDK8,Geruo_ICE5G_VM2,JPL,96,none,
JPL_621,0.698630136986301,0.73469387755102,0.625,49,FALSE,DDK8,Geruo_ICE5G_VM2,JPL,96,GravIS,
JPL_622,0.712328767123288,0.73469387755102,0.666666666666667,49,FALSE,DDK8,Geruo_ICE5G_VM2,JPL,96,none,
JPL_623,0.698630136986301,0.73469387755102,0.625,49,FALSE,DDK8,Geruo_ICE5G_VM2,JPL,96,GravIS,
JPL_624,0.712328767123288,0.73469387755102,0.666666666666667,49,FALSE,DDK8,Caron_2018,JPL,96,none,
JPL_625,0.698630136986301,0.73469387755102,0.625,49,TRUE,DDK8,Caron_2018,JPL,96,GravIS,
JPL_626,0.712328767123288,0.73469387755102,0.666666666666667,49,FALSE,DDK8,Caron_2018,JPL,96,none,
JPL_627,0.698630136986301,0.73469387755102,0.625,49,FALSE,DDK8,Caron_2018,JPL,96,GravIS,
JPL_628,0.712328767123288,0.73469387755102,0.666666666666667,49,FALSE,DDK8,Caron_2018,JPL,96,none,
JPL_629,0.698630136986301,0.73469387755102,0.625,49,FALSE,DDK8,Caron_2018,JPL,96,GravIS,
JPL_63,0.876712328767123,0.836734693877551,0.958333333333333,49,FALSE,G400,Peltier_ICE6G_D,JPL,60,GravIS,0.483263413854171
JPL_630,0.712328767123288,0.73469387755102,0.666666666666667,49,FALSE,DDK8,Caron_2018,JPL,96,none,
JPL_631,0.698630136986301,0.73469387755102,0.625,49,FALSE,DDK8,Caron_2018,JPL,96,GravIS,
JPL_632,0.698630136986301,0.73469387755102,0.625,49,FALSE,DDK8,Peltier_ICE6G_D,JPL,96,none,
JPL_633,0.698630136986301,0.73469387755102,0.625,49,TRUE,DDK8,Peltier_ICE6G_D,JPL,96,GravIS,
JPL_634,0.698630136986301,0.73469387755102,0.625,49,FALSE,DDK8,Peltier_ICE6G_D,JPL,96,none,
JPL_635,0.698630136986301,0.73469387755102,0.625,49,FALSE,DDK8,Peltier_ICE6G_D,JPL,96,GravIS,
JPL_636,0.698630136986301,0.73469387755102,0.625,49,FALSE,DDK8,Peltier_ICE6G_D,JPL,96,none,
JPL_637,0.698630136986301,0.73469387755102,0.625,49,FALSE,DDK8,Peltier_ICE6G_D,JPL,96,GravIS,
JPL_638,0.698630136986301,0.73469387755102,0.625,49,FALSE,DDK8,Peltier_ICE6G_D,JPL,96,none,
JPL_639,0.698630136986301,0.73469387755102,0.625,49,FALSE,DDK8,Peltier_ICE6G_D,JPL,96,GravIS,
JPL_64,0.904109589041096,0.877551020408163,0.958333333333333,49,FALSE,G500,none,JPL,60,none,0.347303521457448
JPL_65,0.89041095890411,0.857142857142857,0.958333333333333,49,FALSE,G500,none,JPL,60,GravIS,0.451283118781969
JPL_66,0.904109589041096,0.877551020408163,0.958333333333333,49,FALSE,G500,none,JPL,60,none,0.347303521457448
JPL_67,0.89041095890411,0.857142857142857,0.958333333333333,49,FALSE,G500,none,JPL,60,GravIS,0.451283118781969
JPL_68,0.89041095890411,0.857142857142857,0.958333333333333,49,FALSE,G500,none,JPL,60,none,0.437367584317787
JPL_69,0.89041095890411,0.857142857142857,0.958333333333333,49,FALSE,G500,none,JPL,60,GravIS,0.362487623660436
JPL_7,0.849315068493151,0.816326530612245,0.916666666666667,49,FALSE,G300,none,JPL,60,GravIS,0.618898949673742
JPL_70,0.89041095890411,0.857142857142857,0.958333333333333,49,FALSE,G500,none,JPL,60,none,0.437367584317787
JPL_71,0.89041095890411,0.857142857142857,0.958333333333333,49,FALSE,G500,none,JPL,60,GravIS,0.362487623660436
JPL_72,0.945205479452055,0.918367346938776,1,49,FALSE,G500,Geruo_ICE5G_VM2,JPL,60,none,0.144126757838889
JPL_73,0.931506849315068,0.897959183673469,1,49,TRUE,G500,Geruo_ICE5G_VM2,JPL,60,GravIS,0.19558378029715
JPL_74,0.945205479452055,0.918367346938776,1,49,FALSE,G500,Geruo_ICE5G_VM2,JPL,60,none,0.144126757838889
JPL_75,0.931506849315068,0.897959183673469,1,49,FALSE,G500,Geruo_ICE5G_VM2,JPL,60,GravIS,0.19558378029715
JPL_76,0.945205479452055,0.918367346938776,1,49,FALSE,G500,Geruo_ICE5G_VM2,JPL,60,none,0.144126757838889
JPL_77,0.945205479452055,0.918367346938776,1,49,FALSE,G500,Geruo_ICE5G_VM2,JPL,60,GravIS,0.153513866150932
JPL_78,0.945205479452055,0.918367346938776,1,49,FALSE,G500,Geruo_ICE5G_VM2,JPL,60,none,0.144126757838889
JPL_79,0.945205479452055,0.918367346938776,1,49,FALSE,G500,Geruo_ICE5G_VM2,JPL,60,GravIS,0.153513866150932
JPL_8,0.863013698630137,0.836734693877551,0.916666666666667,49,FALSE,G300,Geruo_ICE5G_VM2,JPL,60,none,0.533400744213438
JPL_80,0.835616438356164,0.795918367346939,0.916666666666667,49,FALSE,G500,Caron_2018,JPL,60,none,1.69164489077275
JPL_81,0.835616438356164,0.795918367346939,0.916666666666667,49,TRUE,G500,Caron_2018,JPL,60,GravIS,0.900726898849102
JPL_82,0.835616438356164,0.795918367346939,0.916666666666667,49,FALSE,G500,Caron_2018,JPL,60,none,1.69164489077275
JPL_83,0.835616438356164,0.795918367346939,0.916666666666667,49,FALSE,G500,Caron_2018,JPL,60,GravIS,0.900726898849102
JPL_84,0.835616438356164,0.795918367346939,0.916666666666667,49,FALSE,G500,Caron_2018,JPL,60,none,1.69164489077275
JPL_85,0.835616438356164,0.795918367346939,0.916666666666667,49,FALSE,G500,Caron_2018,JPL,60,GravIS,0.870554359337118
JPL_86,0.835616438356164,0.795918367346939,0.916666666666667,49,FALSE,G500,Caron_2018,JPL,60,none,1.69164489077275
JPL_87,0.835616438356164,0.795918367346939,0.916666666666667,49,FALSE,G500,Caron_2018,JPL,60,GravIS,0.870554359337118
JPL_88,0.808219178082192,0.73469387755102,0.958333333333333,49,FALSE,G500,Peltier_ICE6G_D,JPL,60,none,1.07600128834526
JPL_89,0.835616438356164,0.775510204081633,0.958333333333333,49,TRUE,G500,Peltier_ICE6G_D,JPL,60,GravIS,0.757589275323141
JPL_9,0.876712328767123,0.836734693877551,0.958333333333333,49,TRUE,G300,Geruo_ICE5G_VM2,JPL,60,GravIS,0.398744060339108
JPL_90,0.808219178082192,0.73469387755102,0.958333333333333,49,FALSE,G500,Peltier_ICE6G_D,JPL,60,none,1.07600128834526
JPL_91,0.835616438356164,0.775510204081633,0.958333333333333,49,FALSE,G500,Peltier_ICE6G_D,JPL,60,GravIS,0.757589275323141
JPL_92,0.821917808219178,0.755102040816326,0.958333333333333,49,FALSE,G500,Peltier_ICE6G_D,JPL,60,none,0.904646775873202
JPL_93,0.835616438356164,0.775510204081633,0.958333333333333,49,FALSE,G500,Peltier_ICE6G_D,JPL,60,GravIS,0.757589275323141
JPL_94,0.821917808219178,0.755102040816326,0.958333333333333,49,FALSE,G500,Peltier_ICE6G_D,JPL,60,none,0.904646775873202
JPL_95,0.835616438356164,0.775510204081633,0.958333333333333,49,FALSE,G500,Peltier_ICE6G_D,JPL,60,GravIS,0.757589275323141
JPL_96,0.821917808219178,0.73469387755102,1,49,FALSE,Swenson_G300,none,JPL,60,none,0.455572623051431
JPL_97,0.835616438356164,0.755102040816326,1,49,FALSE,Swenson_G300,none,JPL,60,GravIS,0.408663123110157
JPL_98,0.821917808219178,0.73469387755102,1,49,FALSE,Swenson_G300,none,JPL,60,none,0.455572623051431
JPL_99,0.835616438356164,0.755102040816326,1,49,FALSE,Swenson_G300,none,JPL,60,GravIS,0.408663123110157
